scenario,fold,target,baseline,n_test,spearman,mae_log,r2_log,seed
random,0,log_translation_proxy,B4_sequence_only,2335,0.7745216482477492,0.6243351109514849,0.5981182167718968,42
random,0,log_translation_proxy,Ridge_B4_sequence_only,2335,0.5028650417829391,0.8707928557006396,0.2513364171187797,42
random,0,log_translation_proxy,B3_historical_MFE,2335,0.7788797282846226,0.6204830826072104,0.6101627401004064,42
random,0,log_translation_proxy,Ridge_B3_historical_MFE,2335,0.5156254551508891,0.8672774266636714,0.2647419842822275,42
random,0,log_translation_proxy,B6_TSS_accessibility,2335,0.8241881223506172,0.5516517695023264,0.6888166762964965,42
random,0,log_translation_proxy,Ridge_B6_TSS_accessibility,2335,0.5205042092467017,0.8518936286426068,0.2909499201909005,42
random,0,log_translation_proxy,B7_OSTIR,2335,0.4609218137722319,0.8817244083128523,0.1854493418522483,42
random,0,log_prot,B4_sequence_only,2335,0.8568485565085368,0.7381451645635113,0.7353961965356123,42
random,0,log_prot,Ridge_B4_sequence_only,2335,0.6164745065641263,1.2101004102758384,0.3800577559025891,42
random,0,log_prot,B3_historical_MFE,2335,0.8610585029941702,0.7288610878693523,0.7437042754364647,42
random,0,log_prot,Ridge_B3_historical_MFE,2335,0.6167158608091909,1.2086079388372062,0.3805018366148357,42
random,0,log_prot,B6_TSS_accessibility,2335,0.8895125471116762,0.6509958486393663,0.7954256877546185,42
random,0,log_prot,Ridge_B6_TSS_accessibility,2335,0.6285964314330061,1.1903073284965358,0.3984685402685823,42
random,1,log_translation_proxy,B4_sequence_only,2335,0.7666283468261871,0.6245142587133615,0.5925016793676472,42
random,1,log_translation_proxy,Ridge_B4_sequence_only,2335,0.5253866394391288,0.8439294957350749,0.26193893543441,42
random,1,log_translation_proxy,B3_historical_MFE,2335,0.7663380076942686,0.6209965221223236,0.6051165213114547,42
random,1,log_translation_proxy,Ridge_B3_historical_MFE,2335,0.528911362803183,0.8408005942624114,0.272326213748869,42
random,1,log_translation_proxy,B6_TSS_accessibility,2335,0.8371358120938864,0.5294797170566705,0.706034848734282,42
random,1,log_translation_proxy,Ridge_B6_TSS_accessibility,2335,0.5552959910187456,0.8146216461927379,0.3150830193173835,42
random,1,log_translation_proxy,B7_OSTIR,2335,0.4489337908777355,0.8844165784642702,0.1828080567993902,42
random,1,log_prot,B4_sequence_only,2335,0.8495141966563227,0.7322463863810106,0.7355999723182216,42
random,1,log_prot,Ridge_B4_sequence_only,2335,0.6458852349007704,1.1692072208086406,0.4116736749502253,42
random,1,log_prot,B3_historical_MFE,2335,0.8527848332729294,0.7313816904378031,0.7423117550636376,42
random,1,log_prot,Ridge_B3_historical_MFE,2335,0.6466548865523287,1.1681141366032932,0.4122798563087739,42
random,1,log_prot,B6_TSS_accessibility,2335,0.9017067054577136,0.6268525581486437,0.8145116987857088,42
random,1,log_prot,Ridge_B6_TSS_accessibility,2335,0.6599555980611674,1.1416745561872417,0.4356015612349309,42
random,2,log_translation_proxy,B4_sequence_only,2334,0.7566704381740134,0.6335908807103815,0.5893604003392494,42
random,2,log_translation_proxy,Ridge_B4_sequence_only,2334,0.5312385564612659,0.85890770841121,0.2697597806760433,42
random,2,log_translation_proxy,B3_historical_MFE,2334,0.7599668496071792,0.6299278848531464,0.5984110321127323,42
random,2,log_translation_proxy,Ridge_B3_historical_MFE,2334,0.5313485944511795,0.8578825667135743,0.2745722893647554,42
random,2,log_translation_proxy,B6_TSS_accessibility,2334,0.8281410294511387,0.5463443528027339,0.7034119175969227,42
random,2,log_translation_proxy,Ridge_B6_TSS_accessibility,2334,0.5509283062506622,0.8381158148944942,0.3167097874937375,42
random,2,log_translation_proxy,B7_OSTIR,2334,0.4609362223871004,0.8803110702882286,0.1988053610647461,42
random,2,log_prot,B4_sequence_only,2334,0.8598556506726068,0.7152319826113633,0.7467901401845869,42
random,2,log_prot,Ridge_B4_sequence_only,2334,0.6428103677139719,1.172574289598794,0.4026477806340814,42
random,2,log_prot,B3_historical_MFE,2334,0.8635887688305156,0.7096007658845276,0.7545539964780509,42
random,2,log_prot,Ridge_B3_historical_MFE,2334,0.6438857342114017,1.1716929930210551,0.404073863230774,42
random,2,log_prot,B6_TSS_accessibility,2334,0.9014521573515764,0.6288646646056198,0.8136924020592609,42
random,2,log_prot,Ridge_B6_TSS_accessibility,2334,0.6560959902349226,1.1451235148676246,0.423198894546235,42
random,3,log_translation_proxy,B4_sequence_only,2334,0.7484592201719844,0.632856501347085,0.5837129423512786,42
random,3,log_translation_proxy,Ridge_B4_sequence_only,2334,0.5226261846026751,0.844649263562173,0.2751651850490817,42
random,3,log_translation_proxy,B3_historical_MFE,2334,0.7548181843400086,0.6253471000667966,0.5991076602395158,42
random,3,log_translation_proxy,Ridge_B3_historical_MFE,2334,0.5335419040634173,0.8398086924244523,0.2903385509147026,42
random,3,log_translation_proxy,B6_TSS_accessibility,2334,0.8190486713502458,0.5469808626229292,0.6876714199160625,42
random,3,log_translation_proxy,Ridge_B6_TSS_accessibility,2334,0.527372585412065,0.8379727090747384,0.3011954260062798,42
random,3,log_translation_proxy,B7_OSTIR,2334,0.4659308649408577,0.8703573541806193,0.2014741321863177,42
random,3,log_prot,B4_sequence_only,2334,0.8450465356900997,0.7429229768065722,0.7180921306291714,42
random,3,log_prot,Ridge_B4_sequence_only,2334,0.6237314559140904,1.1738527410826525,0.3840542207396544,42
random,3,log_prot,B3_historical_MFE,2334,0.8503953259751945,0.7334922932187707,0.7276074966857071,42
random,3,log_prot,Ridge_B3_historical_MFE,2334,0.6242937364405139,1.1720567256709478,0.3850075457742288,42
random,3,log_prot,B6_TSS_accessibility,2334,0.8880165334445643,0.6572849872047298,0.7844480287375828,42
random,3,log_prot,Ridge_B6_TSS_accessibility,2334,0.6345049297946694,1.1545807249279518,0.3990395394758115,42
random,4,log_translation_proxy,B4_sequence_only,2334,0.7568803657924688,0.6270451100523753,0.5818259132288195,42
random,4,log_translation_proxy,Ridge_B4_sequence_only,2334,0.5217051654969771,0.8458170234458308,0.2654657617596475,42
random,4,log_translation_proxy,B3_historical_MFE,2334,0.7638501145621748,0.6197070442730859,0.5977334564005394,42
random,4,log_translation_proxy,Ridge_B3_historical_MFE,2334,0.5308711434223695,0.8379507402892924,0.2817450554087544,42
random,4,log_translation_proxy,B6_TSS_accessibility,2334,0.8243212756770187,0.537398262936316,0.6941970573020009,42
random,4,log_translation_proxy,Ridge_B6_TSS_accessibility,2334,0.5367050842617705,0.8231813058920379,0.3078687541517297,42
random,4,log_translation_proxy,B7_OSTIR,2334,0.4674043599231129,0.8555512334815577,0.2082220306693137,42
random,4,log_prot,B4_sequence_only,2334,0.8556660630791102,0.7235459384512939,0.7361217203875516,42
random,4,log_prot,Ridge_B4_sequence_only,2334,0.6378906461688816,1.166416627944375,0.3984486868686908,42
random,4,log_prot,B3_historical_MFE,2334,0.8616124216670722,0.7198264044314244,0.745585672634862,42
random,4,log_prot,Ridge_B3_historical_MFE,2334,0.6384178115141692,1.1647650447597322,0.3986784349390662,42
random,4,log_prot,B6_TSS_accessibility,2334,0.8996309405877005,0.634301355289922,0.8071951664437323,42
random,4,log_prot,Ridge_B6_TSS_accessibility,2334,0.6551541164592172,1.1413956629033777,0.4218931702860008,42
promoter_holdout,0,log_translation_proxy,B4_sequence_only,2332,0.484265991485038,0.8726676845716047,0.180345700085994,42
promoter_holdout,0,log_translation_proxy,Ridge_B4_sequence_only,2332,0.4906624829176015,0.8548577345502975,0.2292405382644339,42
promoter_holdout,0,log_translation_proxy,B3_historical_MFE,2332,0.4821238058977322,0.8646442389198893,0.1864312716683455,42
promoter_holdout,0,log_translation_proxy,Ridge_B3_historical_MFE,2332,0.4793673609088107,0.8638267186130071,0.2256240830532061,42
promoter_holdout,0,log_translation_proxy,B6_TSS_accessibility,2332,0.5923482848892678,0.7512171188330662,0.384134361525581,42
promoter_holdout,0,log_translation_proxy,Ridge_B6_TSS_accessibility,2332,0.4811544655862038,0.8586347381048388,0.2385022740557415,42
promoter_holdout,0,log_translation_proxy,B7_OSTIR,2332,0.4017613150900219,0.8708829220230676,0.1578216958626952,42
promoter_holdout,0,log_prot,B4_sequence_only,2332,0.5941665606092421,1.301963490898863,0.1953246815597134,42
promoter_holdout,0,log_prot,Ridge_B4_sequence_only,2332,0.5968366371447268,1.2577772783725312,0.323445311832656,42
promoter_holdout,0,log_prot,B3_historical_MFE,2332,0.6027383578385804,1.2732932481178332,0.2187030736087462,42
promoter_holdout,0,log_prot,Ridge_B3_historical_MFE,2332,0.5923796951951207,1.2651970576735532,0.3176286215121907,42
promoter_holdout,0,log_prot,B6_TSS_accessibility,2332,0.6346563472869821,1.229891196773322,0.2703830830606873,42
promoter_holdout,0,log_prot,Ridge_B6_TSS_accessibility,2332,0.6099260172392874,1.2363749793202876,0.3432504410061073,42
promoter_holdout,1,log_translation_proxy,B4_sequence_only,2425,0.6262977177726314,0.8290716142678651,0.3340960430550631,42
promoter_holdout,1,log_translation_proxy,Ridge_B4_sequence_only,2425,0.5230420882079143,0.902902470774141,0.2285648661682712,42
promoter_holdout,1,log_translation_proxy,B3_historical_MFE,2425,0.6234747694783063,0.8274792088519802,0.3483396535598513,42
promoter_holdout,1,log_translation_proxy,Ridge_B3_historical_MFE,2425,0.5429938712418451,0.8856855103809032,0.2582576572687932,42
promoter_holdout,1,log_translation_proxy,B6_TSS_accessibility,2425,0.6952938517087703,0.7313354481025724,0.4752439006324149,42
promoter_holdout,1,log_translation_proxy,Ridge_B6_TSS_accessibility,2425,0.4955805262323938,0.9085039116950244,0.2242559439877444,42
promoter_holdout,1,log_translation_proxy,B7_OSTIR,2425,0.3831375847115358,0.9484435827040848,0.100555961809829,42
promoter_holdout,1,log_prot,B4_sequence_only,2425,0.8147001317467363,0.8380446390550542,0.6786769107728015,42
promoter_holdout,1,log_prot,Ridge_B4_sequence_only,2425,0.7114155181201256,1.1256286824575648,0.4892848020783362,42
promoter_holdout,1,log_prot,B3_historical_MFE,2425,0.8122314065922612,0.8485882383662425,0.6760811254466252,42
promoter_holdout,1,log_prot,Ridge_B3_historical_MFE,2425,0.7125950327246829,1.1240409847821218,0.4909896351286382,42
promoter_holdout,1,log_prot,B6_TSS_accessibility,2425,0.8607886799713748,0.7675040034014415,0.7398675254153888,42
promoter_holdout,1,log_prot,Ridge_B6_TSS_accessibility,2425,0.7084582083172964,1.116047709183824,0.4936029385753168,42
promoter_holdout,2,log_translation_proxy,B4_sequence_only,2289,0.571346919264895,0.8498769457349314,0.2272416967161382,42
promoter_holdout,2,log_translation_proxy,Ridge_B4_sequence_only,2289,0.5106042072733072,0.8370359290541587,0.2416192483815102,42
promoter_holdout,2,log_translation_proxy,B3_historical_MFE,2289,0.5925545994026934,0.8490031033166109,0.2492213721650905,42
promoter_holdout,2,log_translation_proxy,Ridge_B3_historical_MFE,2289,0.5134401798753021,0.8358513706546551,0.2464200820948813,42
promoter_holdout,2,log_translation_proxy,B6_TSS_accessibility,2289,0.6593768910166078,0.74515442831685,0.431314953803867,42
promoter_holdout,2,log_translation_proxy,Ridge_B6_TSS_accessibility,2289,0.529489696233817,0.8167249633332113,0.276216228880691,42
promoter_holdout,2,log_translation_proxy,B7_OSTIR,2289,0.5233021221558046,0.8440556575869169,0.2408315927990421,42
promoter_holdout,2,log_prot,B4_sequence_only,2289,0.5762384960423423,1.1704249744609718,0.2856537398852991,42
promoter_holdout,2,log_prot,Ridge_B4_sequence_only,2289,0.6154733844420706,1.1937546307574682,0.3700550801196312,42
promoter_holdout,2,log_prot,B3_historical_MFE,2289,0.5619409265854239,1.1866546416470516,0.2861847095390605,42
promoter_holdout,2,log_prot,Ridge_B3_historical_MFE,2289,0.6160708934881022,1.192158691440167,0.3711725849761571,42
promoter_holdout,2,log_prot,B6_TSS_accessibility,2289,0.6151076404181535,1.1323929434312074,0.3465148137475292,42
promoter_holdout,2,log_prot,Ridge_B6_TSS_accessibility,2289,0.595016764836254,1.2113843298425413,0.3471965017136371,42
promoter_holdout,3,log_translation_proxy,B4_sequence_only,2296,0.5309907118695733,0.8482417825464474,0.2396810030696444,42
promoter_holdout,3,log_translation_proxy,Ridge_B4_sequence_only,2296,0.5258466075969853,0.8848159915820141,0.2260931304400989,42
promoter_holdout,3,log_translation_proxy,B3_historical_MFE,2296,0.5413674396461851,0.8409582931294417,0.2738330967909635,42
promoter_holdout,3,log_translation_proxy,Ridge_B3_historical_MFE,2296,0.5384363946517002,0.8777073184205851,0.2431248078127845,42
promoter_holdout,3,log_translation_proxy,B6_TSS_accessibility,2296,0.7259547876999914,0.6978973609613369,0.5271799957923907,42
promoter_holdout,3,log_translation_proxy,Ridge_B6_TSS_accessibility,2296,0.5880864980712015,0.8393231557157997,0.3130378095757533,42
promoter_holdout,3,log_translation_proxy,B7_OSTIR,2296,0.5615664247273998,0.8752085612203253,0.1976343026911117,42
promoter_holdout,3,log_prot,B4_sequence_only,2296,0.5396894735617204,1.1432172889214862,0.2243601229891101,42
promoter_holdout,3,log_prot,Ridge_B4_sequence_only,2296,0.4785720655689189,1.2085131985362505,0.2141374862157964,42
promoter_holdout,3,log_prot,B3_historical_MFE,2296,0.5822879471282689,1.10199134108706,0.2970073674748531,42
promoter_holdout,3,log_prot,Ridge_B3_historical_MFE,2296,0.4621821872433034,1.2225374069189363,0.1912241415591467,42
promoter_holdout,3,log_prot,B6_TSS_accessibility,2296,0.6735724274008135,0.9800100087659632,0.4549584244202681,42
promoter_holdout,3,log_prot,Ridge_B6_TSS_accessibility,2296,0.5258517336400166,1.1585435389794576,0.2740189665890786,42
promoter_holdout,4,log_translation_proxy,B4_sequence_only,2330,0.4382419168932475,0.9271104042410148,0.0673728818564751,42
promoter_holdout,4,log_translation_proxy,Ridge_B4_sequence_only,2330,0.4718944496556216,0.8593887384133087,0.1791165856558825,42
promoter_holdout,4,log_translation_proxy,B3_historical_MFE,2330,0.4300807521353216,0.929088205895523,0.0827991600843299,42
promoter_holdout,4,log_translation_proxy,Ridge_B3_historical_MFE,2330,0.4762815056011531,0.8644275604235261,0.1776733014817465,42
promoter_holdout,4,log_translation_proxy,B6_TSS_accessibility,2330,0.5395854577385454,0.8363347500721366,0.2584950232709776,42
promoter_holdout,4,log_translation_proxy,Ridge_B6_TSS_accessibility,2330,0.50244069904113,0.8316766266704453,0.2463871527924617,42
promoter_holdout,4,log_translation_proxy,B7_OSTIR,2330,0.4367959636367902,0.8566099057702685,0.1619197557922326,42
promoter_holdout,4,log_prot,B4_sequence_only,2330,0.6670179898910958,1.1052959109750993,0.4179249077321632,42
promoter_holdout,4,log_prot,Ridge_B4_sequence_only,2330,0.6536563455024466,1.2212433873654154,0.4040085591337983,42
promoter_holdout,4,log_prot,B3_historical_MFE,2330,0.6743182984444154,1.0982188561285555,0.4323886227172185,42
promoter_holdout,4,log_prot,Ridge_B3_historical_MFE,2330,0.6548044418187815,1.220377432917981,0.4052943296640802,42
promoter_holdout,4,log_prot,B6_TSS_accessibility,2330,0.7143004520389551,1.0415439099111494,0.4889965814162431,42
promoter_holdout,4,log_prot,Ridge_B6_TSS_accessibility,2330,0.6551177540454374,1.2049673176074371,0.4127939471847959,42
rbs_holdout,0,log_translation_proxy,B4_sequence_only,2428,0.6692884588071789,0.7005757213307069,0.4532122882466542,42
rbs_holdout,0,log_translation_proxy,Ridge_B4_sequence_only,2428,0.4700442149755463,0.8433852296337186,0.2098523238320787,42
rbs_holdout,0,log_translation_proxy,B3_historical_MFE,2428,0.6690497036644312,0.6940020405486041,0.474398954947385,42
rbs_holdout,0,log_translation_proxy,Ridge_B3_historical_MFE,2428,0.4849668270907996,0.8306636476040463,0.2323846924498103,42
rbs_holdout,0,log_translation_proxy,B6_TSS_accessibility,2428,0.7485169397513961,0.6032850761826033,0.6012765503287707,42
rbs_holdout,0,log_translation_proxy,Ridge_B6_TSS_accessibility,2428,0.5337634462575092,0.7898354291416119,0.3098373922817193,42
rbs_holdout,0,log_translation_proxy,B7_OSTIR,2428,0.3744433797158931,0.8518787491766951,0.1603685791514441,42
rbs_holdout,0,log_prot,B4_sequence_only,2428,0.7920803860193043,0.8448403431746652,0.6462854305762704,42
rbs_holdout,0,log_prot,Ridge_B4_sequence_only,2428,0.6443791689850574,1.1543522860152289,0.3985207149406261,42
rbs_holdout,0,log_prot,B3_historical_MFE,2428,0.7933780419877283,0.8488349459014493,0.6497446588366473,42
rbs_holdout,0,log_prot,Ridge_B3_historical_MFE,2428,0.6404543123142707,1.1601297893308804,0.3934014925894006,42
rbs_holdout,0,log_prot,B6_TSS_accessibility,2428,0.8241686365223834,0.7890811624509044,0.6961632325169362,42
rbs_holdout,0,log_prot,Ridge_B6_TSS_accessibility,2428,0.6773958257279974,1.1000699525452111,0.4462821935597307,42
rbs_holdout,1,log_translation_proxy,B4_sequence_only,2371,0.6323426908200055,0.744563848953565,0.4688998498232165,42
rbs_holdout,1,log_translation_proxy,Ridge_B4_sequence_only,2371,0.5284003780385721,0.8658581048452225,0.2341208019775932,42
rbs_holdout,1,log_translation_proxy,B3_historical_MFE,2371,0.6374981733837768,0.7367381667582429,0.4883329875408877,42
rbs_holdout,1,log_translation_proxy,Ridge_B3_historical_MFE,2371,0.5325579772879557,0.8647005045529682,0.2469067108882618,42
rbs_holdout,1,log_translation_proxy,B6_TSS_accessibility,2371,0.6919700287232156,0.6807090686965009,0.562936248524053,42
rbs_holdout,1,log_translation_proxy,Ridge_B6_TSS_accessibility,2371,0.5030647799993441,0.8733758327346988,0.252788734601664,42
rbs_holdout,1,log_translation_proxy,B7_OSTIR,2371,0.4025651672107851,0.933094394328998,0.1179553021915629,42
rbs_holdout,1,log_prot,B4_sequence_only,2371,0.7725476329601227,0.8641675098384793,0.6247366862679503,42
rbs_holdout,1,log_prot,Ridge_B4_sequence_only,2371,0.6533745691151256,1.1377015348696906,0.4076997626230118,42
rbs_holdout,1,log_prot,B3_historical_MFE,2371,0.7929387592208372,0.8390076716016479,0.6520254649699024,42
rbs_holdout,1,log_prot,Ridge_B3_historical_MFE,2371,0.6544326009502079,1.1357112177289452,0.4090321510345146,42
rbs_holdout,1,log_prot,B6_TSS_accessibility,2371,0.8105487140054605,0.8191638961499919,0.6754125567019706,42
rbs_holdout,1,log_prot,Ridge_B6_TSS_accessibility,2371,0.6532175919553475,1.146984881453886,0.4044191588764426,42
rbs_holdout,2,log_translation_proxy,B4_sequence_only,2371,0.4626324946912052,0.8296493314740334,0.2712184659717147,42
rbs_holdout,2,log_translation_proxy,Ridge_B4_sequence_only,2371,0.3682486784431181,0.885205559015246,0.1123763141997611,42
rbs_holdout,2,log_translation_proxy,B3_historical_MFE,2371,0.4820774562277864,0.813876087038074,0.2958134175165701,42
rbs_holdout,2,log_translation_proxy,Ridge_B3_historical_MFE,2371,0.3655360692858636,0.8821313866217877,0.1254657289695553,42
rbs_holdout,2,log_translation_proxy,B6_TSS_accessibility,2371,0.5998452267554498,0.7114016014684184,0.4397313522655174,42
rbs_holdout,2,log_translation_proxy,Ridge_B6_TSS_accessibility,2371,0.3844716412501667,0.8685332099300576,0.1514955927663569,42
rbs_holdout,2,log_translation_proxy,B7_OSTIR,2371,0.3637995868924806,0.8642148362710413,0.0972285744107106,42
rbs_holdout,2,log_prot,B4_sequence_only,2371,0.6541454942290402,1.0534711265245915,0.4443628791906279,42
rbs_holdout,2,log_prot,Ridge_B4_sequence_only,2371,0.5663745038207035,1.2114231780804336,0.3079403295400686,42
rbs_holdout,2,log_prot,B3_historical_MFE,2371,0.6631611165453493,1.0458990559145347,0.4630017521037469,42
rbs_holdout,2,log_prot,Ridge_B3_historical_MFE,2371,0.5674961550039515,1.2088230973507783,0.3093536748277923,42
rbs_holdout,2,log_prot,B6_TSS_accessibility,2371,0.7559520078187805,0.8981232275369814,0.5951795445135448,42
rbs_holdout,2,log_prot,Ridge_B6_TSS_accessibility,2371,0.5768605561589308,1.19989430337078,0.322707463212728,42
rbs_holdout,3,log_translation_proxy,B4_sequence_only,2245,0.5038132955211554,0.7962740526900313,0.2154909672059962,42
rbs_holdout,3,log_translation_proxy,Ridge_B4_sequence_only,2245,0.4460608293417565,0.8402995011492532,0.1323862391305327,42
rbs_holdout,3,log_translation_proxy,B3_historical_MFE,2245,0.5093446966794761,0.7940097506856121,0.2291792773596386,42
rbs_holdout,3,log_translation_proxy,Ridge_B3_historical_MFE,2245,0.446161880983528,0.843532998575581,0.130020343063594,42
rbs_holdout,3,log_translation_proxy,B6_TSS_accessibility,2245,0.5802056488617997,0.7283601790270053,0.3324211080160284,42
rbs_holdout,3,log_translation_proxy,Ridge_B6_TSS_accessibility,2245,0.4453754006410554,0.8454300531003848,0.1359922781937778,42
rbs_holdout,3,log_translation_proxy,B7_OSTIR,2245,0.5060402985008805,0.8072210943587825,0.1787967173914185,42
rbs_holdout,3,log_prot,B4_sequence_only,2245,0.6590085964594438,1.0450234137602272,0.4878318921237013,42
rbs_holdout,3,log_prot,Ridge_B4_sequence_only,2245,0.5608468164275334,1.2856952736499607,0.2874313552365467,42
rbs_holdout,3,log_prot,B3_historical_MFE,2245,0.6633498899347838,1.0303627361529926,0.5003227679861451,42
rbs_holdout,3,log_prot,Ridge_B3_historical_MFE,2245,0.5615202510084845,1.2844402503118209,0.2886838005040603,42
rbs_holdout,3,log_prot,B6_TSS_accessibility,2245,0.6902854014215978,0.9858711409608084,0.5424012832142624,42
rbs_holdout,3,log_prot,Ridge_B6_TSS_accessibility,2245,0.5606060941564919,1.2775751286018573,0.2949229009548756,42
rbs_holdout,4,log_translation_proxy,B4_sequence_only,2257,0.7353133873343842,0.7258337560151489,0.5876437810250301,42
rbs_holdout,4,log_translation_proxy,Ridge_B4_sequence_only,2257,0.6429567975191706,0.9116631236276816,0.3335289692798883,42
rbs_holdout,4,log_translation_proxy,B3_historical_MFE,2257,0.741535824346168,0.726458455966938,0.5953875963557168,42
rbs_holdout,4,log_translation_proxy,Ridge_B3_historical_MFE,2257,0.6449412055476389,0.907916717688672,0.3320037520629684,42
rbs_holdout,4,log_translation_proxy,B6_TSS_accessibility,2257,0.8178880353030841,0.6723271797590853,0.6342084498739713,42
rbs_holdout,4,log_translation_proxy,Ridge_B6_TSS_accessibility,2257,0.6388042393175712,0.8998782908607857,0.3383512394661044,42
rbs_holdout,4,log_translation_proxy,B7_OSTIR,2257,0.5597602374842003,0.9336705266377108,0.2676888908052737,42
rbs_holdout,4,log_prot,B4_sequence_only,2257,0.7962831821905129,0.8699409941648906,0.6326582404414561,42
rbs_holdout,4,log_prot,Ridge_B4_sequence_only,2257,0.6465168476606102,1.218530613252763,0.3965241517028309,42
rbs_holdout,4,log_prot,B3_historical_MFE,2257,0.8056978298194374,0.8633861159018696,0.6500507097687882,42
rbs_holdout,4,log_prot,Ridge_B3_historical_MFE,2257,0.649063326105531,1.2159917502775384,0.3995548683651724,42
rbs_holdout,4,log_prot,B6_TSS_accessibility,2257,0.8391663373898518,0.8212644316463351,0.6810853453393206,42
rbs_holdout,4,log_prot,Ridge_B6_TSS_accessibility,2257,0.6369552948544577,1.210581766771868,0.3841972452925993,42
double_unseen,0,log_translation_proxy,B4_sequence_only,490,0.4003599243123227,0.9350582704205288,0.0111619642950421,42
double_unseen,0,log_translation_proxy,Ridge_B4_sequence_only,490,0.438224447188863,0.8356419025121221,0.1637476267494707,42
double_unseen,0,log_translation_proxy,B3_historical_MFE,490,0.4011420901414416,0.9207102917221156,0.0388553662291499,42
double_unseen,0,log_translation_proxy,Ridge_B3_historical_MFE,490,0.4441625482549673,0.8310923728447652,0.1760113159230181,42
double_unseen,0,log_translation_proxy,B6_TSS_accessibility,490,0.4919568127127152,0.8547346388239843,0.1755221197518258,42
double_unseen,0,log_translation_proxy,Ridge_B6_TSS_accessibility,490,0.4636954093171261,0.8048071905890998,0.2322736359374428,42
double_unseen,0,log_translation_proxy,B7_OSTIR,490,0.3043247125819364,0.8434662419443152,0.1148578465678991,42
double_unseen,0,log_prot,B4_sequence_only,490,0.530666392506207,1.365667581537002,0.1087350028175877,42
double_unseen,0,log_prot,Ridge_B4_sequence_only,490,0.5893459964857024,1.2596736888737978,0.3015484073691427,42
double_unseen,0,log_prot,B3_historical_MFE,490,0.5467880415145634,1.3345052792835426,0.1304344273535643,42
double_unseen,0,log_prot,Ridge_B3_historical_MFE,490,0.5724071587502844,1.2795141282465827,0.2838876997759064,42
double_unseen,0,log_prot,B6_TSS_accessibility,490,0.5583346370574592,1.3440928505825152,0.1505070197298728,42
double_unseen,0,log_prot,Ridge_B6_TSS_accessibility,490,0.6243599536983588,1.212079736503151,0.3506299899579298,42
double_unseen,1,log_translation_proxy,B4_sequence_only,492,0.4315354451063292,0.941286910304109,0.1728532274575376,42
double_unseen,1,log_translation_proxy,Ridge_B4_sequence_only,492,0.5427954493938995,0.8799608760648778,0.2563286003434719,42
double_unseen,1,log_translation_proxy,B3_historical_MFE,492,0.4628231314811477,0.91531738183701,0.2424531085671765,42
double_unseen,1,log_translation_proxy,Ridge_B3_historical_MFE,492,0.5606703962120821,0.8673569863791941,0.2845629296871661,42
double_unseen,1,log_translation_proxy,B6_TSS_accessibility,492,0.5392490177987584,0.8302508593685611,0.3640187616791355,42
double_unseen,1,log_translation_proxy,Ridge_B6_TSS_accessibility,492,0.4668816815779564,0.9137321017904754,0.2455289874190677,42
double_unseen,1,log_translation_proxy,B7_OSTIR,492,0.349975637465154,0.9794538059451604,0.0811687605464308,42
double_unseen,1,log_prot,B4_sequence_only,492,0.7076648922669959,0.9776615032894644,0.533465047157666,42
double_unseen,1,log_prot,Ridge_B4_sequence_only,492,0.7224637133772616,1.1023097888298956,0.4728862528999731,42
double_unseen,1,log_prot,B3_historical_MFE,492,0.7283216131631489,0.9515820026163528,0.5665182302658962,42
double_unseen,1,log_prot,Ridge_B3_historical_MFE,492,0.7231513162397813,1.1003807405338044,0.4747115590597344,42
double_unseen,1,log_prot,B6_TSS_accessibility,492,0.7617326588333998,0.9232387300154898,0.6016583483661597,42
double_unseen,1,log_prot,Ridge_B6_TSS_accessibility,492,0.698512035091878,1.1296839852302285,0.4483741001792599,42
double_unseen,2,log_translation_proxy,B4_sequence_only,465,0.2851980684287246,1.01678083042929,-0.2504959426176809,42
double_unseen,2,log_translation_proxy,Ridge_B4_sequence_only,465,0.3321382152539701,0.8618225508877658,0.0666213928091086,42
double_unseen,2,log_translation_proxy,B3_historical_MFE,465,0.3497556402009519,1.0010649705098325,-0.1966233957413665,42
double_unseen,2,log_translation_proxy,Ridge_B3_historical_MFE,465,0.347346668787526,0.8615764101617224,0.079829587630773,42
double_unseen,2,log_translation_proxy,B6_TSS_accessibility,465,0.4153018136508377,0.8681317216002599,0.1054495321300993,42
double_unseen,2,log_translation_proxy,Ridge_B6_TSS_accessibility,465,0.3560590689702913,0.8492574857628573,0.0962953225947396,42
double_unseen,2,log_translation_proxy,B7_OSTIR,465,0.4136862141927142,0.8478675434418061,0.1325104608458825,42
double_unseen,2,log_prot,B4_sequence_only,465,0.37412518159973,1.3642239098918914,-0.0334169472202845,42
double_unseen,2,log_prot,Ridge_B4_sequence_only,465,0.5416881025535167,1.2032650173868225,0.2900683713700662,42
double_unseen,2,log_prot,B3_historical_MFE,465,0.3394164633803149,1.3946867424283218,-0.0497930064030893,42
double_unseen,2,log_prot,Ridge_B3_historical_MFE,465,0.5424338310680441,1.2013699852890964,0.2916419150767722,42
double_unseen,2,log_prot,B6_TSS_accessibility,465,0.4485814736275704,1.2819240523461235,0.0715970206122303,42
double_unseen,2,log_prot,Ridge_B6_TSS_accessibility,465,0.5147657849344592,1.2412753613549097,0.2507828148750836,42
double_unseen,3,log_translation_proxy,B4_sequence_only,440,0.144231995434064,0.970008886018606,-0.1223266484152187,42
double_unseen,3,log_translation_proxy,Ridge_B4_sequence_only,440,0.4355404887486583,0.8433081907690079,0.1588125660849842,42
double_unseen,3,log_translation_proxy,B3_historical_MFE,440,0.156537258353884,0.9547311954425368,-0.0981627068253079,42
double_unseen,3,log_translation_proxy,Ridge_B3_historical_MFE,440,0.441780628218448,0.8427103371533902,0.167090828496296,42
double_unseen,3,log_translation_proxy,B6_TSS_accessibility,440,0.3637301845567384,0.8519895016636133,0.1445268355615867,42
double_unseen,3,log_translation_proxy,Ridge_B6_TSS_accessibility,440,0.4721203950621457,0.8420899346849643,0.2013983118871325,42
double_unseen,3,log_translation_proxy,B7_OSTIR,440,0.5766391693264352,0.7722383196240031,0.2666630508607996,42
double_unseen,3,log_prot,B4_sequence_only,440,0.1120920227738226,1.3674253067682185,-0.3077345790940504,42
double_unseen,3,log_prot,Ridge_B4_sequence_only,440,0.3771715805815213,1.2797634270222795,-0.0484716599028707,42
double_unseen,3,log_prot,B3_historical_MFE,440,0.1808433771373738,1.313998878960309,-0.2073584256050056,42
double_unseen,3,log_prot,Ridge_B3_historical_MFE,440,0.3640223144827993,1.2852423923576597,-0.0562853384349903,42
double_unseen,3,log_prot,B6_TSS_accessibility,440,0.2599045055555943,1.258175854832616,-0.0817186613542659,42
double_unseen,3,log_prot,Ridge_B6_TSS_accessibility,440,0.3881482148392219,1.2705057950978698,-0.0232066769469529,42
double_unseen,4,log_translation_proxy,B4_sequence_only,450,0.3939154047605293,1.0449352123475826,0.0609792612679044,42
double_unseen,4,log_translation_proxy,Ridge_B4_sequence_only,450,0.5803358217339231,0.906572238083088,0.249360991907179,42
double_unseen,4,log_translation_proxy,B3_historical_MFE,450,0.3737171702819192,1.054361630261988,0.0750977247287985,42
double_unseen,4,log_translation_proxy,Ridge_B3_historical_MFE,450,0.5715223614489287,0.9273445898176826,0.2123967551951414,42
double_unseen,4,log_translation_proxy,B6_TSS_accessibility,450,0.4968616470534012,0.9882614038876406,0.1918473944599976,42
double_unseen,4,log_translation_proxy,Ridge_B6_TSS_accessibility,450,0.5742417164199989,0.905712186887662,0.2558457338742806,42
double_unseen,4,log_translation_proxy,B7_OSTIR,450,0.5226279797692189,0.8980445196681527,0.2047745071163932,42
double_unseen,4,log_prot,B4_sequence_only,450,0.6286191732174538,1.2286675088321743,0.3401939791093039,42
double_unseen,4,log_prot,Ridge_B4_sequence_only,450,0.6777217713481692,1.250513345322419,0.4091017711880169,42
double_unseen,4,log_prot,B3_historical_MFE,450,0.6370997119653943,1.2153631139648922,0.3549189468188405,42
double_unseen,4,log_prot,Ridge_B3_historical_MFE,450,0.6777741479368374,1.250585055055021,0.4089890874492857,42
double_unseen,4,log_prot,B6_TSS_accessibility,450,0.6818889912819516,1.1594554610190948,0.4257252763149252,42
double_unseen,4,log_prot,Ridge_B6_TSS_accessibility,450,0.6551238480195639,1.2560085566863342,0.3844766833748214,42
random,0,log_translation_proxy,B4_sequence_only,2335,0.7548471554216598,0.637714607254383,0.5790674805015991,7
random,0,log_translation_proxy,Ridge_B4_sequence_only,2335,0.5262985589109946,0.8455944777994585,0.2703884730689091,7
random,0,log_translation_proxy,B3_historical_MFE,2335,0.7616579620278353,0.6311641713825071,0.5949259076981719,7
random,0,log_translation_proxy,Ridge_B3_historical_MFE,2335,0.5333930017180253,0.8405123423568364,0.2823216898183722,7
random,0,log_translation_proxy,B6_TSS_accessibility,2335,0.8279383308342739,0.5484376616306563,0.6969646521305279,7
random,0,log_translation_proxy,Ridge_B6_TSS_accessibility,2335,0.5511255241622699,0.8222409100853693,0.3171186978616219,7
random,0,log_translation_proxy,B7_OSTIR,2335,0.4538649052681939,0.8825798991384457,0.1971688258469808,7
random,0,log_prot,B4_sequence_only,2335,0.8445573879392703,0.7374075368739906,0.7226155272111415,7
random,0,log_prot,Ridge_B4_sequence_only,2335,0.6247300487710605,1.163370562868157,0.3958241639811436,7
random,0,log_prot,B3_historical_MFE,2335,0.8494543626818609,0.7304477045253377,0.7340293394879502,7
random,0,log_prot,Ridge_B3_historical_MFE,2335,0.6252896436063038,1.161393830582963,0.3965378748640005,7
random,0,log_prot,B6_TSS_accessibility,2335,0.8947421705320131,0.6392232324524644,0.8040521581410823,7
random,0,log_prot,Ridge_B6_TSS_accessibility,2335,0.6432476935215391,1.139282939746098,0.4200764096736242,7
random,1,log_translation_proxy,B4_sequence_only,2335,0.7662209350860739,0.6212204496882918,0.6006295656876655,7
random,1,log_translation_proxy,Ridge_B4_sequence_only,2335,0.5464242133674878,0.8456202674739587,0.2843769539631064,7
random,1,log_translation_proxy,B3_historical_MFE,2335,0.7666129867071305,0.6179475924045077,0.6088101032493449,7
random,1,log_translation_proxy,Ridge_B3_historical_MFE,2335,0.5530777098166426,0.8434940619192358,0.2981643826881036,7
random,1,log_translation_proxy,B6_TSS_accessibility,2335,0.8241703448859355,0.5422902132091553,0.6940540689032688,7
random,1,log_translation_proxy,Ridge_B6_TSS_accessibility,2335,0.5612940949895256,0.8303447027688142,0.3290502799213749,7
random,1,log_translation_proxy,B7_OSTIR,2335,0.4725490519733114,0.8707334747630839,0.2066337934502704,7
random,1,log_prot,B4_sequence_only,2335,0.8510828244209001,0.7391399365607139,0.7337441681206034,7
random,1,log_prot,Ridge_B4_sequence_only,2335,0.6180952045402498,1.2077067050473516,0.3724925302648487,7
random,1,log_prot,B3_historical_MFE,2335,0.857264076003248,0.730813894251055,0.7442741924010234,7
random,1,log_prot,Ridge_B3_historical_MFE,2335,0.6182909354718481,1.206008757584376,0.3727812043657044,7
random,1,log_prot,B6_TSS_accessibility,2335,0.8988420933767435,0.6400469736676302,0.8076971211900664,7
random,1,log_prot,Ridge_B6_TSS_accessibility,2335,0.6336271765508513,1.188719207720832,0.3938099860877232,7
random,2,log_translation_proxy,B4_sequence_only,2334,0.7521414500466556,0.6467300864693698,0.561484263737942,7
random,2,log_translation_proxy,Ridge_B4_sequence_only,2334,0.5128036679208556,0.852880975899541,0.2552512551989415,7
random,2,log_translation_proxy,B3_historical_MFE,2334,0.7535187364125427,0.6447353682528228,0.5698874064223813,7
random,2,log_translation_proxy,Ridge_B3_historical_MFE,2334,0.5221396355774209,0.8503250028403163,0.2683190602884742,7
random,2,log_translation_proxy,B6_TSS_accessibility,2334,0.8178112919076388,0.557099726504666,0.6762166349628128,7
random,2,log_translation_proxy,Ridge_B6_TSS_accessibility,2334,0.530018697876769,0.8325574014118762,0.2965834916065607,7
random,2,log_translation_proxy,B7_OSTIR,2334,0.457999076270314,0.8699556388314221,0.1952860990668773,7
random,2,log_prot,B4_sequence_only,2334,0.8477919127646364,0.7291580914256032,0.725464929866579,7
random,2,log_prot,Ridge_B4_sequence_only,2334,0.6342804513446332,1.1563135630233878,0.3959360614293302,7
random,2,log_prot,B3_historical_MFE,2334,0.8518164309099667,0.7269068297757434,0.7340567441166155,7
random,2,log_prot,Ridge_B3_historical_MFE,2334,0.6359897823330429,1.1543718912375949,0.3971299231707217,7
random,2,log_prot,B6_TSS_accessibility,2334,0.8919222350717113,0.6348870754734414,0.7972405107552873,7
random,2,log_prot,Ridge_B6_TSS_accessibility,2334,0.6466727041316359,1.1323778428962212,0.4147228092617946,7
random,3,log_translation_proxy,B4_sequence_only,2334,0.7588672227034206,0.6139824084266562,0.5948813043991854,7
random,3,log_translation_proxy,Ridge_B4_sequence_only,2334,0.5020438591752641,0.8499853452826126,0.2541112254934626,7
random,3,log_translation_proxy,B3_historical_MFE,2334,0.7621333391634845,0.6137353756408799,0.6052752100835563,7
random,3,log_translation_proxy,Ridge_B3_historical_MFE,2334,0.5068540304839232,0.8456646861445529,0.2625014951571854,7
random,3,log_translation_proxy,B6_TSS_accessibility,2334,0.8257056114531669,0.52761073036241,0.7066805660478492,7
random,3,log_translation_proxy,Ridge_B6_TSS_accessibility,2334,0.5203999424481791,0.832525554809839,0.2956043884093695,7
random,3,log_translation_proxy,B7_OSTIR,2334,0.4693009973941445,0.8552930189733922,0.2073539035175184,7
random,3,log_prot,B4_sequence_only,2334,0.8561507372640774,0.7261260511048233,0.737112002243618,7
random,3,log_prot,Ridge_B4_sequence_only,2334,0.6429289872533673,1.1753866413422522,0.407630923704967,7
random,3,log_prot,B3_historical_MFE,2334,0.8574660980570189,0.7291703957374484,0.7402965828380521,7
random,3,log_prot,Ridge_B3_historical_MFE,2334,0.6438910999641396,1.1743708600136118,0.4087357525941356,7
random,3,log_prot,B6_TSS_accessibility,2334,0.8923358703290915,0.6531893639122014,0.7966147364125903,7
random,3,log_prot,Ridge_B6_TSS_accessibility,2334,0.6499188055220637,1.1554597919830376,0.4204151806593474,7
random,4,log_translation_proxy,B4_sequence_only,2334,0.7731764981847911,0.6268763046607314,0.6015263454148163,7
random,4,log_translation_proxy,Ridge_B4_sequence_only,2334,0.5160138202334252,0.8696175389868755,0.2613274142074642,7
random,4,log_translation_proxy,B3_historical_MFE,2334,0.7726559371949416,0.621960415795002,0.6115264707189135,7
random,4,log_translation_proxy,Ridge_B3_historical_MFE,2334,0.5245891585039636,0.8624565066505873,0.2740840102580837,7
random,4,log_translation_proxy,B6_TSS_accessibility,2334,0.8253365373200313,0.5484603260697974,0.6914153850537821,7
random,4,log_translation_proxy,Ridge_B6_TSS_accessibility,2334,0.5302944481031405,0.8459444858345834,0.297400176689148,7
random,4,log_translation_proxy,B7_OSTIR,2334,0.4489472334269333,0.893223491842737,0.1730541696952917,7
random,4,log_prot,B4_sequence_only,2334,0.8662418501368842,0.7222094798467144,0.7493634983809183,7
random,4,log_prot,Ridge_B4_sequence_only,2334,0.6433038988964289,1.1909063846750356,0.4036908827460014,7
random,4,log_prot,B3_historical_MFE,2334,0.8696387819055138,0.7183399179612466,0.7555520835865814,7
random,4,log_prot,Ridge_B3_historical_MFE,2334,0.6434037120674411,1.190808556138072,0.4042415517668473,7
random,4,log_prot,B6_TSS_accessibility,2334,0.9078084423813114,0.6309394796022116,0.8147128251887257,7
random,4,log_prot,Ridge_B6_TSS_accessibility,2334,0.6586706518330541,1.1589584663263857,0.4274781900906967,7
promoter_holdout,0,log_translation_proxy,B4_sequence_only,2432,0.4670194210745116,0.910263540932206,0.0993927436557885,7
promoter_holdout,0,log_translation_proxy,Ridge_B4_sequence_only,2432,0.3592862820427576,0.9284299738886826,0.1157921996115081,7
promoter_holdout,0,log_translation_proxy,B3_historical_MFE,2432,0.470454767632377,0.8924634704465829,0.1587026953717311,7
promoter_holdout,0,log_translation_proxy,Ridge_B3_historical_MFE,2432,0.3790018735629391,0.9298393821353016,0.1175565290390462,7
promoter_holdout,0,log_translation_proxy,B6_TSS_accessibility,2432,0.619567097630509,0.7605728173572777,0.415383565953227,7
promoter_holdout,0,log_translation_proxy,Ridge_B6_TSS_accessibility,2432,0.4139506470813279,0.9022039888987808,0.1827471928054924,7
promoter_holdout,0,log_translation_proxy,B7_OSTIR,2432,0.4935047431591551,0.8665742604792082,0.1833016774578794,7
promoter_holdout,0,log_prot,B4_sequence_only,2432,0.5940962614389184,1.1333822406127976,0.2680366223509574,7
promoter_holdout,0,log_prot,Ridge_B4_sequence_only,2432,0.5195970162376711,1.2320419467209178,0.233826425353175,7
promoter_holdout,0,log_prot,B3_historical_MFE,2432,0.6096756673005921,1.101200860811696,0.3026549896935934,7
promoter_holdout,0,log_prot,Ridge_B3_historical_MFE,2432,0.5206218835949795,1.2296182795361403,0.2365670968190688,7
promoter_holdout,0,log_prot,B6_TSS_accessibility,2432,0.704605392897674,0.9626917394461696,0.4861856889847649,7
promoter_holdout,0,log_prot,Ridge_B6_TSS_accessibility,2432,0.5453863764757028,1.2074821580076205,0.2731057332771748,7
promoter_holdout,1,log_translation_proxy,B4_sequence_only,2356,0.4226621899745433,0.99656905361752,0.0406995960110794,7
promoter_holdout,1,log_translation_proxy,Ridge_B4_sequence_only,2356,0.5740567924084131,0.8298492270550125,0.3130106327816833,7
promoter_holdout,1,log_translation_proxy,B3_historical_MFE,2356,0.4593502747015845,0.9665937166411348,0.1099528990874183,7
promoter_holdout,1,log_translation_proxy,Ridge_B3_historical_MFE,2356,0.5417708611638461,0.8433810563336934,0.3081802044907781,7
promoter_holdout,1,log_translation_proxy,B6_TSS_accessibility,2356,0.6027461714437936,0.8230114169262919,0.3359434509059121,7
promoter_holdout,1,log_translation_proxy,Ridge_B6_TSS_accessibility,2356,0.5913552291870345,0.8116560127568845,0.34261833150255,7
promoter_holdout,1,log_translation_proxy,B7_OSTIR,2356,0.4143389400666107,0.907700643367814,0.1345820805512565,7
promoter_holdout,1,log_prot,B4_sequence_only,2356,0.6581011209348935,1.1518240498946282,0.4339502067003042,7
promoter_holdout,1,log_prot,Ridge_B4_sequence_only,2356,0.6410020006216163,1.2362939446662318,0.4114372750093255,7
promoter_holdout,1,log_prot,B3_historical_MFE,2356,0.6893570475717926,1.1134676062590914,0.4754303271838476,7
promoter_holdout,1,log_prot,Ridge_B3_historical_MFE,2356,0.6312382083361063,1.2503646953520795,0.397823148445027,7
promoter_holdout,1,log_prot,B6_TSS_accessibility,2356,0.7207729589544223,1.082911174144806,0.5132227021511827,7
promoter_holdout,1,log_prot,Ridge_B6_TSS_accessibility,2356,0.6381008840332547,1.2283553692043998,0.4118916137319462,7
promoter_holdout,2,log_translation_proxy,B4_sequence_only,2311,0.498084021943097,0.8799687984969062,0.2082919297426868,7
promoter_holdout,2,log_translation_proxy,Ridge_B4_sequence_only,2311,0.482380607977839,0.9206728723568374,0.1979962265240906,7
promoter_holdout,2,log_translation_proxy,B3_historical_MFE,2311,0.5091532603766842,0.8793264826994246,0.2263129876342428,7
promoter_holdout,2,log_translation_proxy,Ridge_B3_historical_MFE,2311,0.5154339449265819,0.9003879319057377,0.2309242188777398,7
promoter_holdout,2,log_translation_proxy,B6_TSS_accessibility,2311,0.5620438655751052,0.8086310460374462,0.3256343030820499,7
promoter_holdout,2,log_translation_proxy,Ridge_B6_TSS_accessibility,2311,0.4614774036661084,0.9119308667436102,0.2082167916815097,7
promoter_holdout,2,log_translation_proxy,B7_OSTIR,2311,0.3489726545046333,0.973408767617841,0.0826862923383925,7
promoter_holdout,2,log_prot,B4_sequence_only,2311,0.7042646414590014,1.14449426079216,0.4136219710342104,7
promoter_holdout,2,log_prot,Ridge_B4_sequence_only,2311,0.6793335091671696,1.2862223907194197,0.3882412356425541,7
promoter_holdout,2,log_prot,B3_historical_MFE,2311,0.7244058723913342,1.0974645862722556,0.4682835373104719,7
promoter_holdout,2,log_prot,Ridge_B3_historical_MFE,2311,0.6802082992917465,1.2840484729078705,0.3905888669927007,7
promoter_holdout,2,log_prot,B6_TSS_accessibility,2311,0.7623636630866168,1.0229565976722854,0.5146041831112964,7
promoter_holdout,2,log_prot,Ridge_B6_TSS_accessibility,2311,0.6924030388228012,1.247799611423779,0.4153356604969047,7
promoter_holdout,3,log_translation_proxy,B4_sequence_only,2286,0.6117064188334523,0.8466962420208249,0.3486839357842797,7
promoter_holdout,3,log_translation_proxy,Ridge_B4_sequence_only,2286,0.5352861956752105,0.8977188195952885,0.2585653921412283,7
promoter_holdout,3,log_translation_proxy,B3_historical_MFE,2286,0.6138062524862781,0.8425982980439007,0.3631434002509499,7
promoter_holdout,3,log_translation_proxy,Ridge_B3_historical_MFE,2286,0.543443331127773,0.8940709898729935,0.2681396133392251,7
promoter_holdout,3,log_translation_proxy,B6_TSS_accessibility,2286,0.6925880572319093,0.7724607878846917,0.4555602245593415,7
promoter_holdout,3,log_translation_proxy,Ridge_B6_TSS_accessibility,2286,0.5428030745897711,0.8808950631282334,0.2844080477237992,7
promoter_holdout,3,log_translation_proxy,B7_OSTIR,2286,0.5035110097977097,0.9039510461419245,0.2165391505666692,7
promoter_holdout,3,log_prot,B4_sequence_only,2286,0.745128798258986,0.9490881024140966,0.5294556362106141,7
promoter_holdout,3,log_prot,Ridge_B4_sequence_only,2286,0.6727282172930196,1.0804665066882022,0.449113184860596,7
promoter_holdout,3,log_prot,B3_historical_MFE,2286,0.7495402032834131,0.93148574815144,0.55161914311854,7
promoter_holdout,3,log_prot,Ridge_B3_historical_MFE,2286,0.6710168264933887,1.082108836260175,0.4464837872125465,7
promoter_holdout,3,log_prot,B6_TSS_accessibility,2286,0.7858920415328885,0.8832923820617079,0.6061990802318218,7
promoter_holdout,3,log_prot,Ridge_B6_TSS_accessibility,2286,0.6790060290566174,1.0653076431540525,0.4536992457458679,7
promoter_holdout,4,log_translation_proxy,B4_sequence_only,2287,0.5404670885965737,0.7887727317868766,0.1791342751458392,7
promoter_holdout,4,log_translation_proxy,Ridge_B4_sequence_only,2287,0.5371901510114867,0.7529980012433878,0.2448965433477918,7
promoter_holdout,4,log_translation_proxy,B3_historical_MFE,2287,0.5602356879700284,0.7816422028407574,0.2346301741029197,7
promoter_holdout,4,log_translation_proxy,Ridge_B3_historical_MFE,2287,0.526896956625141,0.7614147621150705,0.2453864760040777,7
promoter_holdout,4,log_translation_proxy,B6_TSS_accessibility,2287,0.6510919270711006,0.6847348598374766,0.3907785512142235,7
promoter_holdout,4,log_translation_proxy,Ridge_B6_TSS_accessibility,2287,0.5624511792974242,0.7315212142105527,0.3085257902606187,7
promoter_holdout,4,log_translation_proxy,B7_OSTIR,2287,0.5671778982886637,0.7444525933387518,0.2763242963792914,7
promoter_holdout,4,log_prot,B4_sequence_only,2287,0.5158257235317311,1.225179887702913,0.2097705999461796,7
promoter_holdout,4,log_prot,Ridge_B4_sequence_only,2287,0.5238307143290335,1.2459653528386494,0.2263038243401346,7
promoter_holdout,4,log_prot,B3_historical_MFE,2287,0.505640259776826,1.2571518543533324,0.1969057590678363,7
promoter_holdout,4,log_prot,Ridge_B3_historical_MFE,2287,0.5241197930906851,1.2425023019535395,0.2290278432050999,7
promoter_holdout,4,log_prot,B6_TSS_accessibility,2287,0.5837134838699901,1.157387996805294,0.3079625584057577,7
promoter_holdout,4,log_prot,Ridge_B6_TSS_accessibility,2287,0.5430483103062389,1.216622381651523,0.2573249681529896,7
rbs_holdout,0,log_translation_proxy,B4_sequence_only,2348,0.7252695982855909,0.7253971745678508,0.5185760418597348,7
rbs_holdout,0,log_translation_proxy,Ridge_B4_sequence_only,2348,0.606349583318093,0.8697223580904446,0.325829681070223,7
rbs_holdout,0,log_translation_proxy,B3_historical_MFE,2348,0.7311248372069021,0.7160334671007496,0.5376664901947549,7
rbs_holdout,0,log_translation_proxy,Ridge_B3_historical_MFE,2348,0.6170973926550096,0.8627248731878024,0.3430607419867914,7
rbs_holdout,0,log_translation_proxy,B6_TSS_accessibility,2348,0.8176494618961058,0.6208382054237017,0.6549364760354502,7
rbs_holdout,0,log_translation_proxy,Ridge_B6_TSS_accessibility,2348,0.6299532350196755,0.8430364175541222,0.3738744442044445,7
rbs_holdout,0,log_translation_proxy,B7_OSTIR,2348,0.5189667166237754,0.917767661406784,0.2598955946167842,7
rbs_holdout,0,log_prot,B4_sequence_only,2348,0.7767073617550292,0.871808975061263,0.6128519616123469,7
rbs_holdout,0,log_prot,Ridge_B4_sequence_only,2348,0.6518303518377749,1.156421957795043,0.4136626644779778,7
rbs_holdout,0,log_prot,B3_historical_MFE,2348,0.7782102119559177,0.866042072702345,0.6179884658782875,7
rbs_holdout,0,log_prot,Ridge_B3_historical_MFE,2348,0.6527919500464475,1.1555679564195402,0.414205623833498,7
rbs_holdout,0,log_prot,B6_TSS_accessibility,2348,0.8557632137624283,0.7471486919361192,0.7305634525717961,7
rbs_holdout,0,log_prot,Ridge_B6_TSS_accessibility,2348,0.6703472087668291,1.126223621339946,0.4399774995484304,7
rbs_holdout,1,log_translation_proxy,B4_sequence_only,2362,0.6590574370486313,0.7623804074703028,0.5039214483963312,7
rbs_holdout,1,log_translation_proxy,Ridge_B4_sequence_only,2362,0.4290457831446081,0.9597872707173024,0.1812485361562569,7
rbs_holdout,1,log_translation_proxy,B3_historical_MFE,2362,0.6600996150438436,0.7598873825672133,0.5100203191361126,7
rbs_holdout,1,log_translation_proxy,Ridge_B3_historical_MFE,2362,0.3970468638590474,0.969002993193428,0.1606849819140268,7
rbs_holdout,1,log_translation_proxy,B6_TSS_accessibility,2362,0.7307719258993816,0.7271717852088413,0.5314275630598624,7
rbs_holdout,1,log_translation_proxy,Ridge_B6_TSS_accessibility,2362,0.4080376583992915,0.9634673761868564,0.1561117607112622,7
rbs_holdout,1,log_translation_proxy,B7_OSTIR,2362,0.5423494889535292,0.8861935138348173,0.2186509899098396,7
rbs_holdout,1,log_prot,B4_sequence_only,2362,0.796972177894337,0.8984080012586948,0.6414549505619198,7
rbs_holdout,1,log_prot,Ridge_B4_sequence_only,2362,0.5701763713520002,1.3037882141867077,0.3141169792448999,7
rbs_holdout,1,log_prot,B3_historical_MFE,2362,0.7996251804769976,0.8961393885149785,0.6487901015543198,7
rbs_holdout,1,log_prot,Ridge_B3_historical_MFE,2362,0.5717893831996926,1.3025360810114508,0.3156733821278247,7
rbs_holdout,1,log_prot,B6_TSS_accessibility,2362,0.7933139819069286,0.9122418126453928,0.63490546490178,7
rbs_holdout,1,log_prot,Ridge_B6_TSS_accessibility,2362,0.5518671216409476,1.3068149503496298,0.2929096122169327,7
rbs_holdout,2,log_translation_proxy,B4_sequence_only,2215,0.6883910832056935,0.7657631784654156,0.4872759889559178,7
rbs_holdout,2,log_translation_proxy,Ridge_B4_sequence_only,2215,0.6044145595749851,0.8834308059017537,0.306700464389017,7
rbs_holdout,2,log_translation_proxy,B3_historical_MFE,2215,0.6994017452467898,0.7639695351497217,0.505523820465651,7
rbs_holdout,2,log_translation_proxy,Ridge_B3_historical_MFE,2215,0.6109671871321404,0.8761155266666787,0.320472853465246,7
rbs_holdout,2,log_translation_proxy,B6_TSS_accessibility,2215,0.7346010114653146,0.714926906415725,0.577829257396313,7
rbs_holdout,2,log_translation_proxy,Ridge_B6_TSS_accessibility,2215,0.5631182319027109,0.907538398382574,0.3018412014632721,7
rbs_holdout,2,log_translation_proxy,B7_OSTIR,2215,0.5405489354320023,0.8978883557420126,0.2562983527387924,7
rbs_holdout,2,log_prot,B4_sequence_only,2215,0.7657619793421732,0.9334488161249228,0.598044095903228,7
rbs_holdout,2,log_prot,Ridge_B4_sequence_only,2215,0.6680074173861107,1.164677417732381,0.4263031099338203,7
rbs_holdout,2,log_prot,B3_historical_MFE,2215,0.7884584313139192,0.9092736114595844,0.6290014779508779,7
rbs_holdout,2,log_prot,Ridge_B3_historical_MFE,2215,0.6669564683182433,1.1641662239311503,0.4253979121257817,7
rbs_holdout,2,log_prot,B6_TSS_accessibility,2215,0.7968453710591665,0.8929380495507694,0.6478141121817429,7
rbs_holdout,2,log_prot,Ridge_B6_TSS_accessibility,2215,0.6782099895913181,1.166881347813508,0.433562604002747,7
rbs_holdout,3,log_translation_proxy,B4_sequence_only,2380,0.5159482608056464,0.737943579924479,0.223000813213988,7
rbs_holdout,3,log_translation_proxy,Ridge_B4_sequence_only,2380,0.3625162370414029,0.8078349586807442,0.0777270393537563,7
rbs_holdout,3,log_translation_proxy,B3_historical_MFE,2380,0.5375219026859286,0.7164550079016494,0.2659591543571369,7
rbs_holdout,3,log_translation_proxy,Ridge_B3_historical_MFE,2380,0.369546437451198,0.8061342325739155,0.0873741336676174,7
rbs_holdout,3,log_translation_proxy,B6_TSS_accessibility,2380,0.6214252504002199,0.5897125296117716,0.4899060021047705,7
rbs_holdout,3,log_translation_proxy,Ridge_B6_TSS_accessibility,2380,0.3775117198494246,0.79432485324239,0.1136900686295989,7
rbs_holdout,3,log_translation_proxy,B7_OSTIR,2380,0.2431126218353205,0.817248136350223,-0.0080665018185284,7
rbs_holdout,3,log_prot,B4_sequence_only,2380,0.716419653835351,0.9187132071602824,0.554073443095673,7
rbs_holdout,3,log_prot,Ridge_B4_sequence_only,2380,0.5729940411781375,1.2148054802608024,0.3143192351719603,7
rbs_holdout,3,log_prot,B3_historical_MFE,2380,0.7271905634187894,0.9070130416320156,0.5732642960782413,7
rbs_holdout,3,log_prot,Ridge_B3_historical_MFE,2380,0.5743012797134788,1.2126221086873694,0.3164306167969111,7
rbs_holdout,3,log_prot,B6_TSS_accessibility,2380,0.7954039131859397,0.7527344082358848,0.7065810990519523,7
rbs_holdout,3,log_prot,Ridge_B6_TSS_accessibility,2380,0.5869990099560725,1.1899466419754492,0.3363014723599214,7
rbs_holdout,4,log_translation_proxy,B4_sequence_only,2367,0.5383831804413994,0.7590748041937662,0.3548366574892351,7
rbs_holdout,4,log_translation_proxy,Ridge_B4_sequence_only,2367,0.4742926620457831,0.8451101491106482,0.1844138937123352,7
rbs_holdout,4,log_translation_proxy,B3_historical_MFE,2367,0.539497918872925,0.7491159764047675,0.3732944488241246,7
rbs_holdout,4,log_translation_proxy,Ridge_B3_historical_MFE,2367,0.4890532089542601,0.8381393658238399,0.2066106454840037,7
rbs_holdout,4,log_translation_proxy,B6_TSS_accessibility,2367,0.5893070709401517,0.6855997011294526,0.4585670342560468,7
rbs_holdout,4,log_translation_proxy,Ridge_B6_TSS_accessibility,2367,0.5177207001113845,0.8024613678796259,0.2735959784907698,7
rbs_holdout,4,log_translation_proxy,B7_OSTIR,2367,0.4188696321395212,0.8815044661401799,0.1006013044449728,7
rbs_holdout,4,log_prot,B4_sequence_only,2367,0.7159553859898415,0.9586960503180034,0.5491485562088079,7
rbs_holdout,4,log_prot,Ridge_B4_sequence_only,2367,0.614090844423765,1.1840303426510876,0.3623971720208891,7
rbs_holdout,4,log_prot,B3_historical_MFE,2367,0.7241140309775612,0.9450823181257196,0.564987740116422,7
rbs_holdout,4,log_prot,Ridge_B3_historical_MFE,2367,0.6111373961978414,1.1856784309643895,0.358114867955576,7
rbs_holdout,4,log_prot,B6_TSS_accessibility,2367,0.7658609982370286,0.8604245181304787,0.6339649587903347,7
rbs_holdout,4,log_prot,Ridge_B6_TSS_accessibility,2367,0.631887843368835,1.1489120644647002,0.3936439203170696,7
double_unseen,0,log_translation_proxy,B4_sequence_only,489,0.4279338857925718,1.045659362015483,-0.0047492085249711,7
double_unseen,0,log_translation_proxy,Ridge_B4_sequence_only,489,0.4584334451161757,0.9693150118392684,0.1772395412949422,7
double_unseen,0,log_translation_proxy,B3_historical_MFE,489,0.4141497794404752,1.0450472474385677,0.0290449742424105,7
double_unseen,0,log_translation_proxy,Ridge_B3_historical_MFE,489,0.4731989633151848,0.9631910386318198,0.187436654432898,7
double_unseen,0,log_translation_proxy,B6_TSS_accessibility,489,0.6127077402418275,0.8583188251013764,0.3595036584923448,7
double_unseen,0,log_translation_proxy,Ridge_B6_TSS_accessibility,489,0.5240508654432307,0.9221001665993624,0.2720622650377849,7
double_unseen,0,log_translation_proxy,B7_OSTIR,489,0.5443931061558468,0.9325481176800432,0.2186498479425815,7
double_unseen,0,log_prot,B4_sequence_only,489,0.4886565973712548,1.3113307708544024,0.0952876512669456,7
double_unseen,0,log_prot,Ridge_B4_sequence_only,489,0.5385687594044415,1.2359164842807009,0.2493972604747512,7
double_unseen,0,log_prot,B3_historical_MFE,489,0.5003804478680742,1.285825243811069,0.1243267303497803,7
double_unseen,0,log_prot,Ridge_B3_historical_MFE,489,0.5401589350222442,1.2339787071674817,0.2522885856982646,7
double_unseen,0,log_prot,B6_TSS_accessibility,489,0.6388129854886184,1.1037487089290012,0.3700022247536266,7
double_unseen,0,log_prot,Ridge_B6_TSS_accessibility,489,0.5706468830941311,1.2015241894731734,0.2966377201477629,7
double_unseen,1,log_translation_proxy,B4_sequence_only,483,0.3307614537118213,1.079014090675018,0.0434979269135971,7
double_unseen,1,log_translation_proxy,Ridge_B4_sequence_only,483,0.4951337717293015,0.9301405834623668,0.2239987409002185,7
double_unseen,1,log_translation_proxy,B3_historical_MFE,483,0.3486620645293289,1.0748599835392652,0.0595805864671749,7
double_unseen,1,log_translation_proxy,Ridge_B3_historical_MFE,483,0.3855590088446992,0.9813194762891746,0.1607313383625394,7
double_unseen,1,log_translation_proxy,B6_TSS_accessibility,483,0.4627995870431046,0.9683092518297616,0.1998003680431187,7
double_unseen,1,log_translation_proxy,Ridge_B6_TSS_accessibility,483,0.4664073154798556,0.932663977485423,0.1874883341381479,7
double_unseen,1,log_translation_proxy,B7_OSTIR,483,0.4626855086084572,0.9093347910135496,0.1434717191402511,7
double_unseen,1,log_prot,B4_sequence_only,483,0.6145903958561285,1.2732944095921743,0.3838436121423388,7
double_unseen,1,log_prot,Ridge_B4_sequence_only,483,0.5863298657577781,1.3662404677983675,0.3365935733948512,7
double_unseen,1,log_prot,B3_historical_MFE,483,0.6419976947951224,1.253792433673285,0.416179293930619,7
double_unseen,1,log_prot,Ridge_B3_historical_MFE,483,0.5869065465698552,1.3707928249522403,0.3364094731095036,7
double_unseen,1,log_prot,B6_TSS_accessibility,483,0.6153648803415926,1.2798178445085924,0.3838657132244349,7
double_unseen,1,log_prot,Ridge_B6_TSS_accessibility,483,0.552994559361226,1.3814071926906937,0.303784879794214,7
double_unseen,2,log_translation_proxy,B4_sequence_only,434,0.4524887864415727,0.967750571754024,0.163942901076309,7
double_unseen,2,log_translation_proxy,Ridge_B4_sequence_only,434,0.5790985987293304,0.9056769812763762,0.2864732698898895,7
double_unseen,2,log_translation_proxy,B3_historical_MFE,434,0.4731920722992737,0.9514974333164382,0.2055525565464803,7
double_unseen,2,log_translation_proxy,Ridge_B3_historical_MFE,434,0.6114503918491183,0.8914950061701199,0.3052013618201761,7
double_unseen,2,log_translation_proxy,B6_TSS_accessibility,434,0.4676467749458781,0.9479164818139232,0.2318835221661994,7
double_unseen,2,log_translation_proxy,Ridge_B6_TSS_accessibility,434,0.497316604945045,0.9394175487880144,0.2531842774968332,7
double_unseen,2,log_translation_proxy,B7_OSTIR,434,0.4038712915687888,0.9937604503827464,0.1474791150385258,7
double_unseen,2,log_prot,B4_sequence_only,434,0.6357504050727757,1.2752533937243915,0.2803699182771301,7
double_unseen,2,log_prot,Ridge_B4_sequence_only,434,0.7442474421621753,1.254056952688606,0.3998098934515142,7
double_unseen,2,log_prot,B3_historical_MFE,434,0.6782441047475173,1.1907141260349787,0.3808674520700937,7
double_unseen,2,log_prot,Ridge_B3_historical_MFE,434,0.7439941166840374,1.2484781461220236,0.4060686510760579,7
double_unseen,2,log_prot,B6_TSS_accessibility,434,0.6898579692513195,1.1894230729823785,0.3851560179304365,7
double_unseen,2,log_prot,Ridge_B6_TSS_accessibility,434,0.7535412270300199,1.2662436812583504,0.3959851850947038,7
double_unseen,3,log_translation_proxy,B4_sequence_only,468,0.3500714318309098,0.9587250262124548,-0.1227279977725515,7
double_unseen,3,log_translation_proxy,Ridge_B4_sequence_only,468,0.3814202491192541,0.8731986792847329,0.0386011602996081,7
double_unseen,3,log_translation_proxy,B3_historical_MFE,468,0.3652551173719116,0.9567169930595736,-0.1171357074453436,7
double_unseen,3,log_translation_proxy,Ridge_B3_historical_MFE,468,0.3828783694909448,0.8757498940778389,0.0425181306798114,7
double_unseen,3,log_translation_proxy,B6_TSS_accessibility,468,0.4321348056526553,0.7869131349338,0.2030341793112559,7
double_unseen,3,log_translation_proxy,Ridge_B6_TSS_accessibility,468,0.3818637710101163,0.8690404422104308,0.048589419169458,7
double_unseen,3,log_translation_proxy,B7_OSTIR,468,0.2561972136265343,0.9010419686651128,-0.0290542830469267,7
double_unseen,3,log_prot,B4_sequence_only,468,0.6369628957328457,1.0696113109556131,0.3507871222074332,7
double_unseen,3,log_prot,Ridge_B4_sequence_only,468,0.6318284943742685,1.108912245991981,0.3802665204721729,7
double_unseen,3,log_prot,B3_historical_MFE,468,0.6312281988044126,1.07416130554387,0.363653537748166,7
double_unseen,3,log_prot,Ridge_B3_historical_MFE,468,0.6330900817201557,1.1080943456725243,0.3794718284764617,7
double_unseen,3,log_prot,B6_TSS_accessibility,468,0.6972731528131161,0.9840489748692702,0.4700212395987647,7
double_unseen,3,log_prot,Ridge_B6_TSS_accessibility,468,0.6387662047475242,1.0939130505755512,0.386039825119873,7
double_unseen,4,log_translation_proxy,B4_sequence_only,463,0.2604421104278164,0.9496870048727856,-0.3217385600556592,7
double_unseen,4,log_translation_proxy,Ridge_B4_sequence_only,463,0.481216643808933,0.7631066903360145,0.0706554780853183,7
double_unseen,4,log_translation_proxy,B3_historical_MFE,463,0.2790710214685184,0.9148862466902936,-0.2206022565111607,7
double_unseen,4,log_translation_proxy,Ridge_B3_historical_MFE,463,0.4846482862898263,0.7636124639846535,0.1083950152721496,7
double_unseen,4,log_translation_proxy,B6_TSS_accessibility,463,0.3407406216280093,0.8298938473071644,-0.0512909643817847,7
double_unseen,4,log_translation_proxy,Ridge_B6_TSS_accessibility,463,0.5410095136858374,0.7212398791141466,0.2064466583153874,7
double_unseen,4,log_translation_proxy,B7_OSTIR,463,0.4993021178206511,0.7761576493856966,0.115948672276625,7
double_unseen,4,log_prot,B4_sequence_only,463,0.3213655525759119,1.3912458172627844,-0.0671066584568322,7
double_unseen,4,log_prot,Ridge_B4_sequence_only,463,0.4954805296143422,1.2275620710417634,0.2164930148206147,7
double_unseen,4,log_prot,B3_historical_MFE,463,0.3256507218733609,1.392784699572053,-0.0577858097179666,7
double_unseen,4,log_prot,Ridge_B3_historical_MFE,463,0.4950888895630275,1.2265600035597932,0.2149021631534129,7
double_unseen,4,log_prot,B6_TSS_accessibility,463,0.3997938807866616,1.3349034776574678,0.0351810365534549,7
double_unseen,4,log_prot,Ridge_B6_TSS_accessibility,463,0.5219956230205627,1.1893349595111675,0.2492904058796291,7
random,0,log_translation_proxy,B4_sequence_only,2335,0.756195032563786,0.6466679296955167,0.574954725783823,123
random,0,log_translation_proxy,Ridge_B4_sequence_only,2335,0.5286793200210886,0.8596500118278564,0.2720209817681054,123
random,0,log_translation_proxy,B3_historical_MFE,2335,0.7627448652298799,0.6373273195299712,0.5899959327315512,123
random,0,log_translation_proxy,Ridge_B3_historical_MFE,2335,0.5328122211379713,0.8581738949424562,0.2826510191703553,123
random,0,log_translation_proxy,B6_TSS_accessibility,2335,0.8273109948656249,0.5498151162640587,0.6940929248394274,123
random,0,log_translation_proxy,Ridge_B6_TSS_accessibility,2335,0.5375855499860913,0.8418676070908975,0.3098911880683256,123
random,0,log_translation_proxy,B7_OSTIR,2335,0.4616506147566566,0.8846985108895397,0.191566727677827,123
random,0,log_prot,B4_sequence_only,2335,0.8542002319329968,0.7456692697769326,0.7278587421681464,123
random,0,log_prot,Ridge_B4_sequence_only,2335,0.6472468618972549,1.190924074674866,0.404344663379636,123
random,0,log_prot,B3_historical_MFE,2335,0.8582181370025013,0.747428425027837,0.7334025866323021,123
random,0,log_prot,Ridge_B3_historical_MFE,2335,0.6485967951164899,1.189413817429745,0.4055460740401869,123
random,0,log_prot,B6_TSS_accessibility,2335,0.9040906052042889,0.6492056776345811,0.8061918818978363,123
random,0,log_prot,Ridge_B6_TSS_accessibility,2335,0.6563832515135873,1.1690732837561162,0.4212817867031176,123
random,1,log_translation_proxy,B4_sequence_only,2335,0.7679962107873006,0.6247376477714787,0.5967437786518806,123
random,1,log_translation_proxy,Ridge_B4_sequence_only,2335,0.529548975399695,0.8473735244771775,0.2737549448948096,123
random,1,log_translation_proxy,B3_historical_MFE,2335,0.7679696624575779,0.6228539472087715,0.6037380622965685,123
random,1,log_translation_proxy,Ridge_B3_historical_MFE,2335,0.5401025428821649,0.8410067330978197,0.2881751320088846,123
random,1,log_translation_proxy,B6_TSS_accessibility,2335,0.8425336921466583,0.5219491440694801,0.7174839623462489,123
random,1,log_translation_proxy,Ridge_B6_TSS_accessibility,2335,0.5496115181739122,0.8245644683731698,0.3180150025511937,123
random,1,log_translation_proxy,B7_OSTIR,2335,0.4777703616702439,0.8679615388736099,0.201093430795981,123
random,1,log_prot,B4_sequence_only,2335,0.8491407069301447,0.7486988133016641,0.726948120543887,123
random,1,log_prot,Ridge_B4_sequence_only,2335,0.6257920080973982,1.193341596564833,0.3833243668318887,123
random,1,log_prot,B3_historical_MFE,2335,0.8493994194976621,0.7483274338442097,0.7300446689668503,123
random,1,log_prot,Ridge_B3_historical_MFE,2335,0.6265681391944712,1.192215468041717,0.3839301988455773,123
random,1,log_prot,B6_TSS_accessibility,2335,0.8953184101677478,0.6374050233191872,0.8033666572261737,123
random,1,log_prot,Ridge_B6_TSS_accessibility,2335,0.6396800418656386,1.164821321422675,0.4057615723977628,123
random,2,log_translation_proxy,B4_sequence_only,2334,0.7651852476506255,0.6187609271256195,0.6069722741394177,123
random,2,log_translation_proxy,Ridge_B4_sequence_only,2334,0.5245492488692504,0.8569013673121902,0.2716288452115969,123
random,2,log_translation_proxy,B3_historical_MFE,2334,0.7631730790958076,0.6168491859139595,0.6129098155335132,123
random,2,log_translation_proxy,Ridge_B3_historical_MFE,2334,0.524236218241865,0.8572801376513063,0.2781194547532879,123
random,2,log_translation_proxy,B6_TSS_accessibility,2334,0.8185248642722086,0.5470713207891467,0.6916589348676933,123
random,2,log_translation_proxy,Ridge_B6_TSS_accessibility,2334,0.5341537998395303,0.8411438655861656,0.3071961609824847,123
random,2,log_translation_proxy,B7_OSTIR,2334,0.4487216339948692,0.8782077773802494,0.1928595926244388,123
random,2,log_prot,B4_sequence_only,2334,0.8610521335956358,0.7043911136154349,0.7509988589739494,123
random,2,log_prot,Ridge_B4_sequence_only,2334,0.6379665165840239,1.170295290421712,0.4023817860841675,123
random,2,log_prot,B3_historical_MFE,2334,0.8646292389263971,0.7008342001479475,0.7575705789972152,123
random,2,log_prot,Ridge_B3_historical_MFE,2334,0.6386805863579662,1.168045026944504,0.403780642107583,123
random,2,log_prot,B6_TSS_accessibility,2334,0.9013826291028388,0.6262754268101178,0.8116556400878217,123
random,2,log_prot,Ridge_B6_TSS_accessibility,2334,0.6532815608778224,1.1484404324514554,0.4229443650462789,123
random,3,log_translation_proxy,B4_sequence_only,2334,0.7572610331029205,0.624153252496735,0.5754468475053562,123
random,3,log_translation_proxy,Ridge_B4_sequence_only,2334,0.5119925134009352,0.8421326784366806,0.2506220221711619,123
random,3,log_translation_proxy,B3_historical_MFE,2334,0.7655189477650022,0.6165255897456751,0.5936542230060602,123
random,3,log_translation_proxy,Ridge_B3_historical_MFE,2334,0.5235628145074901,0.8344428528286909,0.2681680654390765,123
random,3,log_translation_proxy,B6_TSS_accessibility,2334,0.818856048244978,0.5471248385360931,0.6825635027759569,123
random,3,log_translation_proxy,Ridge_B6_TSS_accessibility,2334,0.540452529941978,0.8186468852564772,0.3000702775814335,123
random,3,log_translation_proxy,B7_OSTIR,2334,0.4502225765128992,0.8715595708099997,0.1763480028857178,123
random,3,log_prot,B4_sequence_only,2334,0.8549489559113833,0.7191980065271992,0.7351878919241914,123
random,3,log_prot,Ridge_B4_sequence_only,2334,0.6349333567624816,1.1607039732444304,0.3971522326444886,123
random,3,log_prot,B3_historical_MFE,2334,0.8566374053167677,0.7186242007223504,0.7413775034626894,123
random,3,log_prot,Ridge_B3_historical_MFE,2334,0.6353125893200942,1.160651982222978,0.3972289153950724,123
random,3,log_prot,B6_TSS_accessibility,2334,0.8954207857016327,0.6343401784483412,0.8041592240986687,123
random,3,log_prot,Ridge_B6_TSS_accessibility,2334,0.6515798425262166,1.1357610176971342,0.4218114938484151,123
random,4,log_translation_proxy,B4_sequence_only,2334,0.7538545125500196,0.6351663536770769,0.5823832490077414,123
random,4,log_translation_proxy,Ridge_B4_sequence_only,2334,0.5070205695511186,0.8587818500572432,0.2554913117474335,123
random,4,log_translation_proxy,B3_historical_MFE,2334,0.755672765093529,0.626683161951937,0.5970405748318653,123
random,4,log_translation_proxy,Ridge_B3_historical_MFE,2334,0.5159228268516515,0.8541190383972113,0.2663215817451342,123
random,4,log_translation_proxy,B6_TSS_accessibility,2334,0.8164713749276131,0.5585659915731046,0.6836982494416158,123
random,4,log_translation_proxy,Ridge_B6_TSS_accessibility,2334,0.527279317466682,0.8404956934631249,0.2973331650719591,123
random,4,log_translation_proxy,B7_OSTIR,2334,0.4665683620652884,0.8694416660419846,0.2164929346028491,123
random,4,log_prot,B4_sequence_only,2334,0.8512880585775862,0.7208041637769859,0.7351551512374102,123
random,4,log_prot,Ridge_B4_sequence_only,2334,0.6181288147624402,1.1798942882743968,0.385144638055436,123
random,4,log_prot,B3_historical_MFE,2334,0.8544642422550898,0.721063620603292,0.7412527641083648,123
random,4,log_prot,Ridge_B3_historical_MFE,2334,0.6183754433127637,1.1788794409223182,0.3855529916017586,123
random,4,log_prot,B6_TSS_accessibility,2334,0.8911746689445796,0.6458419754720756,0.7955252191091085,123
random,4,log_prot,Ridge_B6_TSS_accessibility,2334,0.631435310795901,1.1581654012189158,0.4019561516708593,123
promoter_holdout,0,log_translation_proxy,B4_sequence_only,2414,0.5148868436796346,0.8892144249998569,0.0849707307630619,123
promoter_holdout,0,log_translation_proxy,Ridge_B4_sequence_only,2414,0.3935345467435511,0.8970155987350962,0.1002821234730355,123
promoter_holdout,0,log_translation_proxy,B3_historical_MFE,2414,0.5313740621416445,0.857560826740863,0.1684242841274192,123
promoter_holdout,0,log_translation_proxy,Ridge_B3_historical_MFE,2414,0.4105452254949098,0.8885310878111434,0.1182525228366602,123
promoter_holdout,0,log_translation_proxy,B6_TSS_accessibility,2414,0.6094854800084463,0.7579495076080218,0.3565827029417813,123
promoter_holdout,0,log_translation_proxy,Ridge_B6_TSS_accessibility,2414,0.4120904845128079,0.8782463122563982,0.1363440219244696,123
promoter_holdout,0,log_translation_proxy,B7_OSTIR,2414,0.4785763601303917,0.8163092113175152,0.2024363342840535,123
promoter_holdout,0,log_prot,B4_sequence_only,2414,0.6396989690657909,1.175999586292645,0.3543410963305815,123
promoter_holdout,0,log_prot,Ridge_B4_sequence_only,2414,0.5917948922929597,1.2543091967233782,0.3357855444639195,123
promoter_holdout,0,log_prot,B3_historical_MFE,2414,0.6600002449305714,1.130962110859291,0.3931949892313287,123
promoter_holdout,0,log_prot,Ridge_B3_historical_MFE,2414,0.5917509991561222,1.2541846392661808,0.3359282839129948,123
promoter_holdout,0,log_prot,B6_TSS_accessibility,2414,0.7072451167410599,1.0808091739078212,0.4637573223073242,123
promoter_holdout,0,log_prot,Ridge_B6_TSS_accessibility,2414,0.6044304248417917,1.2300168642258469,0.3527698399863347,123
promoter_holdout,1,log_translation_proxy,B4_sequence_only,2426,0.6073444682718054,0.8457221946582375,0.3357422737257659,123
promoter_holdout,1,log_translation_proxy,Ridge_B4_sequence_only,2426,0.5603332154448314,0.9170051501483212,0.2418265286611953,123
promoter_holdout,1,log_translation_proxy,B3_historical_MFE,2426,0.6236480341486926,0.8350720820119252,0.365920304959317,123
promoter_holdout,1,log_translation_proxy,Ridge_B3_historical_MFE,2426,0.5666160240202202,0.9108930669242348,0.2540474670112468,123
promoter_holdout,1,log_translation_proxy,B6_TSS_accessibility,2426,0.660571494199562,0.7709870305395453,0.4437830007083915,123
promoter_holdout,1,log_translation_proxy,Ridge_B6_TSS_accessibility,2426,0.5702233891464331,0.8960958917024682,0.285966721582536,123
promoter_holdout,1,log_translation_proxy,B7_OSTIR,2426,0.4018188732437056,0.979375005685054,0.1255085292403962,123
promoter_holdout,1,log_prot,B4_sequence_only,2426,0.6365046902044582,1.2172295181074282,0.3697569053235515,123
promoter_holdout,1,log_prot,Ridge_B4_sequence_only,2426,0.671827810541157,1.2443407237046245,0.3968219300803137,123
promoter_holdout,1,log_prot,B3_historical_MFE,2426,0.6635604733548596,1.181618765415272,0.4128188145582719,123
promoter_holdout,1,log_prot,Ridge_B3_historical_MFE,2426,0.67196285857519,1.2435874803239888,0.3980050454365466,123
promoter_holdout,1,log_prot,B6_TSS_accessibility,2426,0.7113723120746848,1.125604590499765,0.4782799260462171,123
promoter_holdout,1,log_prot,Ridge_B6_TSS_accessibility,2426,0.6858201145001893,1.2193458719570378,0.4169285269920444,123
promoter_holdout,2,log_translation_proxy,B4_sequence_only,2293,0.4259716325675828,0.9825507763649526,0.1627909291928626,123
promoter_holdout,2,log_translation_proxy,Ridge_B4_sequence_only,2293,0.5269495452131844,0.8924382765680549,0.278953104793356,123
promoter_holdout,2,log_translation_proxy,B3_historical_MFE,2293,0.4701951645304221,0.9350732936481768,0.255560361056195,123
promoter_holdout,2,log_translation_proxy,Ridge_B3_historical_MFE,2293,0.5269146927514883,0.890758228009131,0.2906115662712819,123
promoter_holdout,2,log_translation_proxy,B6_TSS_accessibility,2293,0.578753865170662,0.8368473416037148,0.3852181563768926,123
promoter_holdout,2,log_translation_proxy,Ridge_B6_TSS_accessibility,2293,0.512760237211441,0.894578690045204,0.2772703217459639,123
promoter_holdout,2,log_translation_proxy,B7_OSTIR,2293,0.4633944548500475,0.92121416796549,0.1801081502891571,123
promoter_holdout,2,log_prot,B4_sequence_only,2293,0.7384493857760677,0.9968984521863884,0.5181011241049347,123
promoter_holdout,2,log_prot,Ridge_B4_sequence_only,2293,0.641815849939423,1.1841793317259723,0.3705000290067646,123
promoter_holdout,2,log_prot,B3_historical_MFE,2293,0.7643631513767718,0.9642843830440192,0.5561014159621807,123
promoter_holdout,2,log_prot,Ridge_B3_historical_MFE,2293,0.6421247324308507,1.1895042225565449,0.3650719401971628,123
promoter_holdout,2,log_prot,B6_TSS_accessibility,2293,0.7968602774523074,0.9051274968615438,0.6090825044300439,123
promoter_holdout,2,log_prot,Ridge_B6_TSS_accessibility,2293,0.6416629542265863,1.179732554866697,0.3729649593092927,123
promoter_holdout,3,log_translation_proxy,B4_sequence_only,2263,0.5148116574148397,0.8456983679454756,0.2583180216562039,123
promoter_holdout,3,log_translation_proxy,Ridge_B4_sequence_only,2263,0.5699578237579471,0.8045767956037406,0.3081066369443689,123
promoter_holdout,3,log_translation_proxy,B3_historical_MFE,2263,0.5142889439175546,0.8511028543058242,0.2576312513003808,123
promoter_holdout,3,log_translation_proxy,Ridge_B3_historical_MFE,2263,0.5764913883164324,0.7997354144287093,0.3166922100122596,123
promoter_holdout,3,log_translation_proxy,B6_TSS_accessibility,2263,0.6472961392210353,0.7433490967053096,0.4567858278458148,123
promoter_holdout,3,log_translation_proxy,Ridge_B6_TSS_accessibility,2263,0.5801634436164357,0.7803532778508462,0.3540495816118608,123
promoter_holdout,3,log_translation_proxy,B7_OSTIR,2263,0.4521054810742458,0.8675860270573302,0.1981769148452691,123
promoter_holdout,3,log_prot,B4_sequence_only,2263,0.6532128867846106,1.1337990372918108,0.4148803721120478,123
promoter_holdout,3,log_prot,Ridge_B4_sequence_only,2263,0.6476147545498079,1.186787894077348,0.4062092083263907,123
promoter_holdout,3,log_prot,B3_historical_MFE,2263,0.6491138084430914,1.151959951672462,0.4069665916986378,123
promoter_holdout,3,log_prot,Ridge_B3_historical_MFE,2263,0.6497020634506459,1.1846702116648902,0.4080447252626255,123
promoter_holdout,3,log_prot,B6_TSS_accessibility,2263,0.6826237295017644,1.1155810598297458,0.4514104579507717,123
promoter_holdout,3,log_prot,Ridge_B6_TSS_accessibility,2263,0.6506247732303446,1.1716145385145915,0.4163269986608863,123
promoter_holdout,4,log_translation_proxy,B4_sequence_only,2276,0.5089541607762111,0.7779810550580413,0.2129978531413957,123
promoter_holdout,4,log_translation_proxy,Ridge_B4_sequence_only,2276,0.4232020839626997,0.8303237014940298,0.1573168060195267,123
promoter_holdout,4,log_translation_proxy,B3_historical_MFE,2276,0.5238801358254488,0.7688211096167453,0.2508244762203321,123
promoter_holdout,4,log_translation_proxy,Ridge_B3_historical_MFE,2276,0.4319316889587513,0.8276696162987384,0.1762647110202032,123
promoter_holdout,4,log_translation_proxy,B6_TSS_accessibility,2276,0.6410336399547066,0.6900324174518465,0.3973372121431558,123
promoter_holdout,4,log_translation_proxy,Ridge_B6_TSS_accessibility,2276,0.4835908463814019,0.8022447489511983,0.2365183675000052,123
promoter_holdout,4,log_translation_proxy,B7_OSTIR,2276,0.543228759071472,0.8153182955684689,0.1407117700222153,123
promoter_holdout,4,log_prot,B4_sequence_only,2276,0.6072398280604212,0.997102856371337,0.3274432028573943,123
promoter_holdout,4,log_prot,Ridge_B4_sequence_only,2276,0.5058294255189143,1.1323620450568042,0.1965900729577951,123
promoter_holdout,4,log_prot,B3_historical_MFE,2276,0.5933894139057256,1.0258152848647792,0.2997259312251857,123
promoter_holdout,4,log_prot,Ridge_B3_historical_MFE,2276,0.5056760065455129,1.1280885557979743,0.1982648991546951,123
promoter_holdout,4,log_prot,B6_TSS_accessibility,2276,0.7417662716022618,0.8232506354140984,0.554123953321496,123
promoter_holdout,4,log_prot,Ridge_B6_TSS_accessibility,2276,0.5318087114727613,1.0992724465735897,0.2431893606971346,123
rbs_holdout,0,log_translation_proxy,B4_sequence_only,2302,0.6885315877918378,0.7530009351847414,0.4787796770793879,123
rbs_holdout,0,log_translation_proxy,Ridge_B4_sequence_only,2302,0.5192763941257139,0.894316585562452,0.2518958320152551,123
rbs_holdout,0,log_translation_proxy,B3_historical_MFE,2302,0.6999492612740539,0.7479597423488599,0.4921423923830187,123
rbs_holdout,0,log_translation_proxy,Ridge_B3_historical_MFE,2302,0.5264769299340812,0.8909299167337128,0.261250743534965,123
rbs_holdout,0,log_translation_proxy,B6_TSS_accessibility,2302,0.769347135534781,0.6638871251386103,0.5870106673550772,123
rbs_holdout,0,log_translation_proxy,Ridge_B6_TSS_accessibility,2302,0.5525907474164172,0.8743424432798726,0.2966195384945491,123
rbs_holdout,0,log_translation_proxy,B7_OSTIR,2302,0.5090899420206231,0.9078726208552058,0.2388088103756956,123
rbs_holdout,0,log_prot,B4_sequence_only,2302,0.7692729252960623,0.9024677856722666,0.6251383649574664,123
rbs_holdout,0,log_prot,Ridge_B4_sequence_only,2302,0.5963216747320133,1.2345187547750422,0.3561390213295073,123
rbs_holdout,0,log_prot,B3_historical_MFE,2302,0.7785072952697525,0.8958750302271615,0.6388204184397865,123
rbs_holdout,0,log_prot,Ridge_B3_historical_MFE,2302,0.5978365735020911,1.232540421717285,0.357432570809195,123
rbs_holdout,0,log_prot,B6_TSS_accessibility,2302,0.8059198819231099,0.8690298230127106,0.6681885631949298,123
rbs_holdout,0,log_prot,Ridge_B6_TSS_accessibility,2302,0.6037674601349464,1.2280847025963924,0.3655390916540215,123
rbs_holdout,1,log_translation_proxy,B4_sequence_only,2345,0.5662036878438156,0.8600296361588017,0.3498474530253241,123
rbs_holdout,1,log_translation_proxy,Ridge_B4_sequence_only,2345,0.3964931486194098,0.9986522309102368,0.1583325284532001,123
rbs_holdout,1,log_translation_proxy,B3_historical_MFE,2345,0.5646537355692522,0.8628770807671918,0.3556251843586155,123
rbs_holdout,1,log_translation_proxy,Ridge_B3_historical_MFE,2345,0.40327441861239,0.9937676817353466,0.1701634484002838,123
rbs_holdout,1,log_translation_proxy,B6_TSS_accessibility,2345,0.6457573481105597,0.7952654472307024,0.4507470037968247,123
rbs_holdout,1,log_translation_proxy,Ridge_B6_TSS_accessibility,2345,0.4165489637483473,0.9819170609773432,0.1967036317890189,123
rbs_holdout,1,log_translation_proxy,B7_OSTIR,2345,0.4830387312115309,0.9532755943639848,0.1914514178529384,123
rbs_holdout,1,log_prot,B4_sequence_only,2345,0.6794498172816102,1.0870739432550502,0.415903608293814,123
rbs_holdout,1,log_prot,Ridge_B4_sequence_only,2345,0.5597084837540471,1.3069863012401672,0.2594591830729753,123
rbs_holdout,1,log_prot,B3_historical_MFE,2345,0.6802113472824594,1.0899019434476271,0.4184024789598819,123
rbs_holdout,1,log_prot,Ridge_B3_historical_MFE,2345,0.5611314193750762,1.3033831516628462,0.2604908204177695,123
rbs_holdout,1,log_prot,B6_TSS_accessibility,2345,0.7330348911396085,1.00610064366881,0.5020282005412069,123
rbs_holdout,1,log_prot,Ridge_B6_TSS_accessibility,2345,0.5702474297973511,1.2837604215141856,0.2742220867913298,123
rbs_holdout,2,log_translation_proxy,B4_sequence_only,2416,0.6372976609893375,0.7996728094667113,0.4393694639806025,123
rbs_holdout,2,log_translation_proxy,Ridge_B4_sequence_only,2416,0.5154544139299923,0.9028162773695826,0.2278633217084112,123
rbs_holdout,2,log_translation_proxy,B3_historical_MFE,2416,0.6446341966877037,0.785223695982911,0.4626201699428616,123
rbs_holdout,2,log_translation_proxy,Ridge_B3_historical_MFE,2416,0.5135330663738147,0.9024693221652244,0.2281740700854099,123
rbs_holdout,2,log_translation_proxy,B6_TSS_accessibility,2416,0.7733479794744686,0.6607218059544453,0.6052426152805983,123
rbs_holdout,2,log_translation_proxy,Ridge_B6_TSS_accessibility,2416,0.5297288487939018,0.8783994410020073,0.2456848862164364,123
rbs_holdout,2,log_translation_proxy,B7_OSTIR,2416,0.2996748720558453,0.9405933179842602,0.1142434281464395,123
rbs_holdout,2,log_prot,B4_sequence_only,2416,0.7802549401392325,0.9297497748241436,0.5929306492389266,123
rbs_holdout,2,log_prot,Ridge_B4_sequence_only,2416,0.6289615349285722,1.1985881790729855,0.3852739739538494,123
rbs_holdout,2,log_prot,B3_historical_MFE,2416,0.7897653134284208,0.9063377947366462,0.6151192141270371,123
rbs_holdout,2,log_prot,Ridge_B3_historical_MFE,2416,0.6313703287776742,1.1962311712385838,0.3877825966659251,123
rbs_holdout,2,log_prot,B6_TSS_accessibility,2416,0.8560116090860242,0.7626868184183907,0.72220018788473,123
rbs_holdout,2,log_prot,Ridge_B6_TSS_accessibility,2416,0.6247442575533881,1.1882687071069953,0.3803333005277669,123
rbs_holdout,3,log_translation_proxy,B4_sequence_only,2320,0.7259447375384601,0.6245575450160651,0.5400561916379458,123
rbs_holdout,3,log_translation_proxy,Ridge_B4_sequence_only,2320,0.4913759614646131,0.8063690183891169,0.2410904442461575,123
rbs_holdout,3,log_translation_proxy,B3_historical_MFE,2320,0.7206737715898709,0.6294771416369107,0.5374017361189632,123
rbs_holdout,3,log_translation_proxy,Ridge_B3_historical_MFE,2320,0.4927298778547517,0.8034273426870332,0.2510642983274379,123
rbs_holdout,3,log_translation_proxy,B6_TSS_accessibility,2320,0.759694638176398,0.580523506994693,0.6136943317878352,123
rbs_holdout,3,log_translation_proxy,Ridge_B6_TSS_accessibility,2320,0.4901767517831156,0.7988534608537221,0.2719703468060168,123
rbs_holdout,3,log_translation_proxy,B7_OSTIR,2320,0.4712283369717993,0.8171134295267897,0.1674722668648879,123
rbs_holdout,3,log_prot,B4_sequence_only,2320,0.8276669526559712,0.7314199377777515,0.7116923787252996,123
rbs_holdout,3,log_prot,Ridge_B4_sequence_only,2320,0.6513389544219742,1.1190787286633703,0.4203934062133573,123
rbs_holdout,3,log_prot,B3_historical_MFE,2320,0.8210441902654139,0.7484578117650846,0.7051460462861656,123
rbs_holdout,3,log_prot,Ridge_B3_historical_MFE,2320,0.6525739859411531,1.1184673412971629,0.4211254238108882,123
rbs_holdout,3,log_prot,B6_TSS_accessibility,2320,0.848752687040763,0.7094175765203006,0.746059792603256,123
rbs_holdout,3,log_prot,Ridge_B6_TSS_accessibility,2320,0.6495933048291619,1.1103178759701016,0.4229486349467416,123
rbs_holdout,4,log_translation_proxy,B4_sequence_only,2289,0.7259866806752023,0.6733272732717303,0.4432182504409384,123
rbs_holdout,4,log_translation_proxy,Ridge_B4_sequence_only,2289,0.5481229541265065,0.7727087259310265,0.2260485013716504,123
rbs_holdout,4,log_translation_proxy,B3_historical_MFE,2289,0.7086732900138097,0.6782539404860275,0.4395214343556147,123
rbs_holdout,4,log_translation_proxy,Ridge_B3_historical_MFE,2289,0.5576404394445283,0.7600090800027635,0.251264923900071,123
rbs_holdout,4,log_translation_proxy,B6_TSS_accessibility,2289,0.6907459217979042,0.6362945568147013,0.4845463997510438,123
rbs_holdout,4,log_translation_proxy,Ridge_B6_TSS_accessibility,2289,0.5182816452407014,0.7699105828162998,0.2410301342387478,123
rbs_holdout,4,log_translation_proxy,B7_OSTIR,2289,0.4681435232630503,0.7570604077667402,0.2077590412241818,123
rbs_holdout,4,log_prot,B4_sequence_only,2289,0.809349662964877,0.846413594362967,0.6622579080341523,123
rbs_holdout,4,log_prot,Ridge_B4_sequence_only,2289,0.6479262649474351,1.1528944819799651,0.4009840713864609,123
rbs_holdout,4,log_prot,B3_historical_MFE,2289,0.807707257129817,0.8422930711826023,0.6678216705496736,123
rbs_holdout,4,log_prot,Ridge_B3_historical_MFE,2289,0.6477184286192684,1.1532651784492058,0.4004328095492133,123
rbs_holdout,4,log_prot,B6_TSS_accessibility,2289,0.8061271103709468,0.8144841039852669,0.6859268651819395,123
rbs_holdout,4,log_prot,Ridge_B6_TSS_accessibility,2289,0.6628795370424438,1.1294839874099765,0.4255981823185749,123
double_unseen,0,log_translation_proxy,B4_sequence_only,479,0.4381186835045665,0.9637440511454072,0.0280424905782683,123
double_unseen,0,log_translation_proxy,Ridge_B4_sequence_only,479,0.4177914647005636,0.9074027056600116,0.135267891523821,123
double_unseen,0,log_translation_proxy,B3_historical_MFE,479,0.4599046834112786,0.928709979426494,0.1149299142670395,123
double_unseen,0,log_translation_proxy,Ridge_B3_historical_MFE,479,0.4336471581785823,0.9034742819493058,0.1474405985322119,123
double_unseen,0,log_translation_proxy,B6_TSS_accessibility,479,0.533411439452835,0.8770987945424852,0.2341865455412651,123
double_unseen,0,log_translation_proxy,Ridge_B6_TSS_accessibility,479,0.4428520889929334,0.8994430741329315,0.1659377290300814,123
double_unseen,0,log_translation_proxy,B7_OSTIR,479,0.5344437873488643,0.8449993977258282,0.2470392736887329,123
double_unseen,0,log_prot,B4_sequence_only,479,0.5625285734051646,1.2874033267525795,0.2335651839773685,123
double_unseen,0,log_prot,Ridge_B4_sequence_only,479,0.5613803415413805,1.2954008069528695,0.3079017702672445,123
double_unseen,0,log_prot,B3_historical_MFE,479,0.591695727950293,1.219808562506257,0.2900057988642852,123
double_unseen,0,log_prot,Ridge_B3_historical_MFE,479,0.5619672457131594,1.2947782929285891,0.3085567406945672,123
double_unseen,0,log_prot,B6_TSS_accessibility,479,0.632391725677497,1.1897757020231654,0.354997702504792,123
double_unseen,0,log_prot,Ridge_B6_TSS_accessibility,479,0.577398904839615,1.2811409699827996,0.3225467372708112,123
double_unseen,1,log_translation_proxy,B4_sequence_only,486,0.4003218211842875,1.032177895437566,0.1837434282832422,123
double_unseen,1,log_translation_proxy,Ridge_B4_sequence_only,486,0.4384230030292107,1.0394000491131814,0.1965835302021957,123
double_unseen,1,log_translation_proxy,B3_historical_MFE,486,0.4057718373345407,1.0291521742919798,0.180264057352533,123
double_unseen,1,log_translation_proxy,Ridge_B3_historical_MFE,486,0.4418090117424434,1.0377775268231475,0.2025897564893867,123
double_unseen,1,log_translation_proxy,B6_TSS_accessibility,486,0.5126475064153676,0.9503756653799564,0.3082334729865872,123
double_unseen,1,log_translation_proxy,Ridge_B6_TSS_accessibility,486,0.4705541220779336,1.0160907985736387,0.2440156490759503,123
double_unseen,1,log_translation_proxy,B7_OSTIR,486,0.4128562270738265,1.0601382713790477,0.1494957939065733,123
double_unseen,1,log_prot,B4_sequence_only,486,0.5185132218930363,1.463918531901616,0.0591594533691126,123
double_unseen,1,log_prot,Ridge_B4_sequence_only,486,0.6080705656703687,1.4067543326270768,0.2088315493244447,123
double_unseen,1,log_prot,B3_historical_MFE,486,0.5252350029327338,1.4463470596082386,0.078857958661288,123
double_unseen,1,log_prot,Ridge_B3_historical_MFE,486,0.60630986193176,1.4076578579562449,0.2083804194903959,123
double_unseen,1,log_prot,B6_TSS_accessibility,486,0.6113321981193975,1.3323672468850951,0.2218591401143551,123
double_unseen,1,log_prot,Ridge_B6_TSS_accessibility,486,0.6149045551831996,1.380349804641258,0.2275051560562819,123
double_unseen,2,log_translation_proxy,B4_sequence_only,474,0.2262994562520799,1.1350246121384515,0.0108258262444401,123
double_unseen,2,log_translation_proxy,Ridge_B4_sequence_only,474,0.4990121137755842,0.921396357808828,0.2623025518646598,123
double_unseen,2,log_translation_proxy,B3_historical_MFE,474,0.2679412210539642,1.0911876902800657,0.1126995146378374,123
double_unseen,2,log_translation_proxy,Ridge_B3_historical_MFE,474,0.4841392043620335,0.9277870484590448,0.2710970568945822,123
double_unseen,2,log_translation_proxy,B6_TSS_accessibility,474,0.4700417058113479,0.9388382929756862,0.3067096105046076,123
double_unseen,2,log_translation_proxy,Ridge_B6_TSS_accessibility,474,0.5079892897335534,0.898847042832798,0.2724747993892004,123
double_unseen,2,log_translation_proxy,B7_OSTIR,474,0.3085070104782131,0.9831980971364708,0.1105927530821745,123
double_unseen,2,log_prot,B4_sequence_only,474,0.6824144086244638,1.1564513923783188,0.3767714148642765,123
double_unseen,2,log_prot,Ridge_B4_sequence_only,474,0.6393397573683253,1.2010694100529604,0.3451368063155283,123
double_unseen,2,log_prot,B3_historical_MFE,474,0.6987163905116699,1.1331304411422851,0.4021455189391678,123
double_unseen,2,log_prot,Ridge_B3_historical_MFE,474,0.6455385685506608,1.201885892692392,0.3450726308918934,123
double_unseen,2,log_prot,B6_TSS_accessibility,474,0.768681091990121,0.9856304355364433,0.5285297369766213,123
double_unseen,2,log_prot,Ridge_B6_TSS_accessibility,474,0.6276338155823221,1.2001635575927896,0.3313966056382967,123
double_unseen,3,log_translation_proxy,B4_sequence_only,449,0.4604214682134732,0.8952043118328991,0.1577828635615944,123
double_unseen,3,log_translation_proxy,Ridge_B4_sequence_only,449,0.5397565203489343,0.7952111362819898,0.2757032003057738,123
double_unseen,3,log_translation_proxy,B3_historical_MFE,449,0.4768319938540727,0.8778299004205493,0.1677316583380079,123
double_unseen,3,log_translation_proxy,Ridge_B3_historical_MFE,449,0.5433283677124302,0.7892591383291857,0.2843821511663545,123
double_unseen,3,log_translation_proxy,B6_TSS_accessibility,449,0.5691129947871263,0.7983191993601587,0.3571500482019696,123
double_unseen,3,log_translation_proxy,Ridge_B6_TSS_accessibility,449,0.5549716300774206,0.7844192155627867,0.3273239230932105,123
double_unseen,3,log_translation_proxy,B7_OSTIR,449,0.4728159106921651,0.8529595825713141,0.1741195303922564,123
double_unseen,3,log_prot,B4_sequence_only,449,0.6065276448022192,1.2111841246759942,0.3073390904205676,123
double_unseen,3,log_prot,Ridge_B4_sequence_only,449,0.6521126293350586,1.1561250334911573,0.4183236754553674,123
double_unseen,3,log_prot,B3_historical_MFE,449,0.5957641235110467,1.2426460457962012,0.2949019643507168,123
double_unseen,3,log_prot,Ridge_B3_historical_MFE,449,0.6536705648883494,1.1516342235139874,0.4222046069885146,123
double_unseen,3,log_prot,B6_TSS_accessibility,449,0.651721676473139,1.1487079494493686,0.3737710323679918,123
double_unseen,3,log_prot,Ridge_B6_TSS_accessibility,449,0.6379928852355343,1.1550172721525676,0.4094505437928786,123
double_unseen,4,log_translation_proxy,B4_sequence_only,445,0.4311446895773235,0.7991234749713697,0.0125671896090795,123
double_unseen,4,log_translation_proxy,Ridge_B4_sequence_only,445,0.4868891666407507,0.7513984974405223,0.1161817386237418,123
double_unseen,4,log_translation_proxy,B3_historical_MFE,445,0.4659812542268104,0.8096509617704094,0.043030481947444,123
double_unseen,4,log_translation_proxy,Ridge_B3_historical_MFE,445,0.5005195148997328,0.7459026016730544,0.147180544133148,123
double_unseen,4,log_translation_proxy,B6_TSS_accessibility,445,0.4447282522104913,0.7315988587343363,0.1407435336894186,123
double_unseen,4,log_translation_proxy,Ridge_B6_TSS_accessibility,445,0.4711927325118235,0.740001292450134,0.1897187622566057,123
double_unseen,4,log_translation_proxy,B7_OSTIR,445,0.5307318345679705,0.6840504532665057,0.1893636952507362,123
double_unseen,4,log_prot,B4_sequence_only,445,0.5093014956463904,1.1115771948370703,0.1206465668229578,123
double_unseen,4,log_prot,Ridge_B4_sequence_only,445,0.5537236589897333,1.0921003362226824,0.1493556981485783,123
double_unseen,4,log_prot,B3_historical_MFE,445,0.5029559975970161,1.1292591783784802,0.083173526084835,123
double_unseen,4,log_prot,Ridge_B3_historical_MFE,445,0.5527390533437123,1.0902697549155471,0.1476792993154101,123
double_unseen,4,log_prot,B6_TSS_accessibility,445,0.5170514266123626,1.0630468025328887,0.2019676089761881,123
double_unseen,4,log_prot,Ridge_B6_TSS_accessibility,445,0.5770415008027912,1.060539790850043,0.2043752714550549,123
random,0,log_translation_proxy,B4_sequence_only,2335,0.7660544960080341,0.6356853151260697,0.5979434408145821,2026
random,0,log_translation_proxy,Ridge_B4_sequence_only,2335,0.5336912856302475,0.8615145251111533,0.2750394541575818,2026
random,0,log_translation_proxy,B3_historical_MFE,2335,0.7702624384465772,0.6321876317972321,0.6115368719517124,2026
random,0,log_translation_proxy,Ridge_B3_historical_MFE,2335,0.5424309559232728,0.8548294895329558,0.2888629625914199,2026
random,0,log_translation_proxy,B6_TSS_accessibility,2335,0.8158921547492332,0.5644174251668043,0.6862951759518567,2026
random,0,log_translation_proxy,Ridge_B6_TSS_accessibility,2335,0.5561023444811518,0.8359169198743174,0.3215587787373571,2026
random,0,log_translation_proxy,B7_OSTIR,2335,0.4588000807960771,0.8832288118120865,0.1938644825851584,2026
random,0,log_prot,B4_sequence_only,2335,0.8576930553913152,0.735762133619405,0.7364939249221646,2026
random,0,log_prot,Ridge_B4_sequence_only,2335,0.634639923779187,1.190282216156428,0.3925025503894722,2026
random,0,log_prot,B3_historical_MFE,2335,0.8623270751310425,0.7280782303376928,0.7446403584754993,2026
random,0,log_prot,Ridge_B3_historical_MFE,2335,0.6356655195243984,1.188959636948531,0.3930992242344073,2026
random,0,log_prot,B6_TSS_accessibility,2335,0.9036324759174496,0.636137944739098,0.809117057003317,2026
random,0,log_prot,Ridge_B6_TSS_accessibility,2335,0.6527877051134733,1.162462254845566,0.4176706697393055,2026
random,1,log_translation_proxy,B4_sequence_only,2335,0.7579141102244714,0.6158858656867469,0.583366006264313,2026
random,1,log_translation_proxy,Ridge_B4_sequence_only,2335,0.4962845566028379,0.8519227517001134,0.2448776256844609,2026
random,1,log_translation_proxy,B3_historical_MFE,2335,0.759755424057608,0.6159156098584331,0.5938316534303516,2026
random,1,log_translation_proxy,Ridge_B3_historical_MFE,2335,0.5078446807503867,0.8460851700047135,0.2609651231942523,2026
random,1,log_translation_proxy,B6_TSS_accessibility,2335,0.8169003837874451,0.5343798266963927,0.6889802644517491,2026
random,1,log_translation_proxy,Ridge_B6_TSS_accessibility,2335,0.5119542591245465,0.8361783520183035,0.2850021948771026,2026
random,1,log_translation_proxy,B7_OSTIR,2335,0.4159092285960208,0.8740872413641362,0.1660371574789394,2026
random,1,log_prot,B4_sequence_only,2335,0.8507274014247719,0.7252533190525672,0.7292183063284507,2026
random,1,log_prot,Ridge_B4_sequence_only,2335,0.6418042389893311,1.1561162827932536,0.4041907483107976,2026
random,1,log_prot,B3_historical_MFE,2335,0.8578463641401943,0.7146638460044722,0.7412251180458036,2026
random,1,log_prot,Ridge_B3_historical_MFE,2335,0.6429331462023847,1.1542449431593178,0.4061352889249008,2026
random,1,log_prot,B6_TSS_accessibility,2335,0.8940670812263088,0.6432206424777046,0.7985964044720899,2026
random,1,log_prot,Ridge_B6_TSS_accessibility,2335,0.6508777136644266,1.140477968629553,0.41762783755263,2026
random,2,log_translation_proxy,B4_sequence_only,2334,0.7694421422868203,0.6359111963328172,0.5887196973255571,2026
random,2,log_translation_proxy,Ridge_B4_sequence_only,2334,0.5366522185827823,0.8575452732394527,0.2705610665828204,2026
random,2,log_translation_proxy,B3_historical_MFE,2334,0.7717961061784164,0.632145530013005,0.6005734176275457,2026
random,2,log_translation_proxy,Ridge_B3_historical_MFE,2334,0.5456517828516175,0.8492738322858473,0.2871154066486875,2026
random,2,log_translation_proxy,B6_TSS_accessibility,2334,0.8374007832318275,0.53890503848219,0.7110135894731603,2026
random,2,log_translation_proxy,Ridge_B6_TSS_accessibility,2334,0.5562425773432343,0.833153038257188,0.3247379572967021,2026
random,2,log_translation_proxy,B7_OSTIR,2334,0.4813252242166941,0.8810771146989225,0.2142361672194146,2026
random,2,log_prot,B4_sequence_only,2334,0.8536256441869066,0.7236664038951317,0.7346888820214814,2026
random,2,log_prot,Ridge_B4_sequence_only,2334,0.6295330683676816,1.19136910341401,0.3898676823239568,2026
random,2,log_prot,B3_historical_MFE,2334,0.8563230833481361,0.7242478870513703,0.7397944162382805,2026
random,2,log_prot,Ridge_B3_historical_MFE,2334,0.6289902826367351,1.1905404549729932,0.3890215922353238,2026
random,2,log_prot,B6_TSS_accessibility,2334,0.8993790939103223,0.6325884399951205,0.8075097655114545,2026
random,2,log_prot,Ridge_B6_TSS_accessibility,2334,0.6410549126655287,1.1694192410376143,0.4078686520626148,2026
random,3,log_translation_proxy,B4_sequence_only,2334,0.7364137138637512,0.6388700306052084,0.5620358663674915,2026
random,3,log_translation_proxy,Ridge_B4_sequence_only,2334,0.510108161714309,0.8472547439646263,0.25090144455122,2026
random,3,log_translation_proxy,B3_historical_MFE,2334,0.742235830268576,0.6328971847419179,0.5753494541207652,2026
random,3,log_translation_proxy,Ridge_B3_historical_MFE,2334,0.5141925252676371,0.8466620219299643,0.2615875983917156,2026
random,3,log_translation_proxy,B6_TSS_accessibility,2334,0.8158886851874995,0.5412310459115195,0.6892353819101645,2026
random,3,log_translation_proxy,Ridge_B6_TSS_accessibility,2334,0.5324045317856673,0.823552590365114,0.2989817882128851,2026
random,3,log_translation_proxy,B7_OSTIR,2334,0.4971471359039631,0.8533796813082972,0.2173854963403523,2026
random,3,log_prot,B4_sequence_only,2334,0.8526486191974849,0.7403646809147543,0.7320828570755381,2026
random,3,log_prot,Ridge_B4_sequence_only,2334,0.6503717058939874,1.1678578506134998,0.4158369242038345,2026
random,3,log_prot,B3_historical_MFE,2334,0.8581819977540254,0.7397200797866036,0.7403820604841878,2026
random,3,log_prot,Ridge_B3_historical_MFE,2334,0.6502659839825649,1.1683490590508925,0.4153398950553061,2026
random,3,log_prot,B6_TSS_accessibility,2334,0.9018372436339854,0.6327706498465567,0.8105017281460547,2026
random,3,log_prot,Ridge_B6_TSS_accessibility,2334,0.6638297102163783,1.141118821058032,0.4368966071151474,2026
random,4,log_translation_proxy,B4_sequence_only,2334,0.7718660643027803,0.6174507731861709,0.6084359650056543,2026
random,4,log_translation_proxy,Ridge_B4_sequence_only,2334,0.525762197515844,0.8477603730573533,0.2801667521939019,2026
random,4,log_translation_proxy,B3_historical_MFE,2334,0.7707579327005363,0.6157921061027807,0.6119602086722634,2026
random,4,log_translation_proxy,Ridge_B3_historical_MFE,2334,0.5265483414500892,0.8486976408408653,0.2824958677867459,2026
random,4,log_translation_proxy,B6_TSS_accessibility,2334,0.8296555375390611,0.546046878404653,0.6904286847927604,2026
random,4,log_translation_proxy,Ridge_B6_TSS_accessibility,2334,0.5295127384793431,0.8387294646893098,0.2977414701970864,2026
random,4,log_translation_proxy,B7_OSTIR,2334,0.4510870917494127,0.8814817774628618,0.1842134257515173,2026
random,4,log_prot,B4_sequence_only,2334,0.8521749648239733,0.7183112011434766,0.7429226086230625,2026
random,4,log_prot,Ridge_B4_sequence_only,2334,0.6077895916409859,1.1869781642516062,0.3719833759302093,2026
random,4,log_prot,B3_historical_MFE,2334,0.8535767576511734,0.7215192182648724,0.7460801391988023,2026
random,4,log_prot,Ridge_B3_historical_MFE,2334,0.6093252315159201,1.1850659757296689,0.3735121000756553,2026
random,4,log_prot,B6_TSS_accessibility,2334,0.8913223027316979,0.6326575625947923,0.8044419433503078,2026
random,4,log_prot,Ridge_B6_TSS_accessibility,2334,0.6229465366441752,1.1624667122824723,0.393718513263115,2026
promoter_holdout,0,log_translation_proxy,B4_sequence_only,2366,0.5322054378865764,0.8330514666333615,0.2025267999569677,2026
promoter_holdout,0,log_translation_proxy,Ridge_B4_sequence_only,2366,0.4234758321756051,0.8427777342971438,0.1553181525671138,2026
promoter_holdout,0,log_translation_proxy,B3_historical_MFE,2366,0.51915015477684,0.8488431847156067,0.1836181013761734,2026
promoter_holdout,0,log_translation_proxy,Ridge_B3_historical_MFE,2366,0.4199560199169609,0.8488443290497635,0.1476606134620703,2026
promoter_holdout,0,log_translation_proxy,B6_TSS_accessibility,2366,0.7017314080701307,0.656170914021136,0.5146997665967475,2026
promoter_holdout,0,log_translation_proxy,Ridge_B6_TSS_accessibility,2366,0.479294598669909,0.8171329090077233,0.2303566926666097,2026
promoter_holdout,0,log_translation_proxy,B7_OSTIR,2366,0.51505266889685,0.8032549407355524,0.2021937541298942,2026
promoter_holdout,0,log_prot,B4_sequence_only,2366,0.5781376024489525,1.1657340664638296,0.3313843393783172,2026
promoter_holdout,0,log_prot,Ridge_B4_sequence_only,2366,0.5400815404927941,1.1969988852902207,0.2950970505142343,2026
promoter_holdout,0,log_prot,B3_historical_MFE,2366,0.5446228909937786,1.1978857178999585,0.2904976286723121,2026
promoter_holdout,0,log_prot,Ridge_B3_historical_MFE,2366,0.5388109990025636,1.1977643394736628,0.2941122654973153,2026
promoter_holdout,0,log_prot,B6_TSS_accessibility,2366,0.672467952308712,1.0348975314447588,0.4656224824324125,2026
promoter_holdout,0,log_prot,Ridge_B6_TSS_accessibility,2366,0.5551139855398265,1.1824059379809737,0.3115307022856083,2026
promoter_holdout,1,log_translation_proxy,B4_sequence_only,2418,0.565389854418126,0.8012106574514842,0.3244215459931429,2026
promoter_holdout,1,log_translation_proxy,Ridge_B4_sequence_only,2418,0.5074098991695031,0.8314738599384539,0.2462657040833374,2026
promoter_holdout,1,log_translation_proxy,B3_historical_MFE,2418,0.5706932156172267,0.7905277548416987,0.3487510663214108,2026
promoter_holdout,1,log_translation_proxy,Ridge_B3_historical_MFE,2418,0.5257000698067059,0.8239765921685066,0.2614272859948814,2026
promoter_holdout,1,log_translation_proxy,B6_TSS_accessibility,2418,0.6739622641283618,0.6858289938041687,0.4999965324214633,2026
promoter_holdout,1,log_translation_proxy,Ridge_B6_TSS_accessibility,2418,0.5322920414714516,0.8098116085762246,0.2892878319486076,2026
promoter_holdout,1,log_translation_proxy,B7_OSTIR,2418,0.5398198505633849,0.8201637346958333,0.2612326746763206,2026
promoter_holdout,1,log_prot,B4_sequence_only,2418,0.5166532852357373,1.2110177995231892,0.2098492367623785,2026
promoter_holdout,1,log_prot,Ridge_B4_sequence_only,2418,0.594096609216851,1.1925146927070749,0.3095745005115237,2026
promoter_holdout,1,log_prot,B3_historical_MFE,2418,0.5657772424125881,1.1474978293353264,0.3069795468374687,2026
promoter_holdout,1,log_prot,Ridge_B3_historical_MFE,2418,0.590307814385057,1.1968908562574343,0.3054690901600132,2026
promoter_holdout,1,log_prot,B6_TSS_accessibility,2418,0.6139928815648533,1.0967138709389874,0.3683871748566382,2026
promoter_holdout,1,log_prot,Ridge_B6_TSS_accessibility,2418,0.59707233940906,1.1661684196118998,0.3231491369913104,2026
promoter_holdout,2,log_translation_proxy,B4_sequence_only,2274,0.5070141812389941,0.9309029888743596,0.1634497002117696,2026
promoter_holdout,2,log_translation_proxy,Ridge_B4_sequence_only,2274,0.4804499339554158,0.937253436149844,0.196127592950094,2026
promoter_holdout,2,log_translation_proxy,B3_historical_MFE,2274,0.541374439607011,0.9046764544349724,0.2329127758397635,2026
promoter_holdout,2,log_translation_proxy,Ridge_B3_historical_MFE,2274,0.490452752752833,0.9295347982310952,0.2147484256063988,2026
promoter_holdout,2,log_translation_proxy,B6_TSS_accessibility,2274,0.6402280796326768,0.7875362713202257,0.405577058610481,2026
promoter_holdout,2,log_translation_proxy,Ridge_B6_TSS_accessibility,2274,0.5367505659302327,0.8944694652216847,0.2657869049416499,2026
promoter_holdout,2,log_translation_proxy,B7_OSTIR,2274,0.4245895122450804,0.9321781574473806,0.1547488699998932,2026
promoter_holdout,2,log_prot,B4_sequence_only,2274,0.6657210468599373,1.0675224784331356,0.4638645880924948,2026
promoter_holdout,2,log_prot,Ridge_B4_sequence_only,2274,0.6442859152014911,1.1685958668087235,0.4067477516909731,2026
promoter_holdout,2,log_prot,B3_historical_MFE,2274,0.6739628176775618,1.059742024542672,0.4732537515505834,2026
promoter_holdout,2,log_prot,Ridge_B3_historical_MFE,2274,0.6438349672533408,1.170452924076567,0.4048184863733194,2026
promoter_holdout,2,log_prot,B6_TSS_accessibility,2274,0.7442270801900486,0.9548470435635872,0.5649565536545536,2026
promoter_holdout,2,log_prot,Ridge_B6_TSS_accessibility,2274,0.6578138152719674,1.150761569434693,0.4256720386771316,2026
promoter_holdout,3,log_translation_proxy,B4_sequence_only,2260,0.4317535432628716,0.9578078671649491,0.1406713275922423,2026
promoter_holdout,3,log_translation_proxy,Ridge_B4_sequence_only,2260,0.4991227611726216,0.9139787144982616,0.2405496933336515,2026
promoter_holdout,3,log_translation_proxy,B3_historical_MFE,2260,0.472398079511559,0.9220983005387418,0.2095885189055362,2026
promoter_holdout,3,log_translation_proxy,Ridge_B3_historical_MFE,2260,0.5110689845310609,0.9083349806599345,0.2561648287581094,2026
promoter_holdout,3,log_translation_proxy,B6_TSS_accessibility,2260,0.5825501574751486,0.8128190668849544,0.385887172741046,2026
promoter_holdout,3,log_translation_proxy,Ridge_B6_TSS_accessibility,2260,0.4873419770601149,0.908871716419896,0.2627250646078677,2026
promoter_holdout,3,log_translation_proxy,B7_OSTIR,2260,0.424568243113304,0.935262944863495,0.1755030844189155,2026
promoter_holdout,3,log_prot,B4_sequence_only,2260,0.6733041657173485,1.0846011623214,0.4316614867179587,2026
promoter_holdout,3,log_prot,Ridge_B4_sequence_only,2260,0.6553473865444003,1.1654954720012751,0.4251494919605046,2026
promoter_holdout,3,log_prot,B3_historical_MFE,2260,0.701457939527179,1.0486465806973084,0.4666206426978077,2026
promoter_holdout,3,log_prot,Ridge_B3_historical_MFE,2260,0.6563166808443286,1.1611460306615335,0.4264412630513802,2026
promoter_holdout,3,log_prot,B6_TSS_accessibility,2260,0.7524466601508796,0.9561742555882078,0.5416278317276577,2026
promoter_holdout,3,log_prot,Ridge_B6_TSS_accessibility,2260,0.664203293481527,1.1386134083219173,0.446237678632,2026
promoter_holdout,4,log_translation_proxy,B4_sequence_only,2354,0.4244159079327576,0.9049596312848448,0.0742596342510643,2026
promoter_holdout,4,log_translation_proxy,Ridge_B4_sequence_only,2354,0.5034056991656872,0.8398823067705798,0.2570608014755999,2026
promoter_holdout,4,log_translation_proxy,B3_historical_MFE,2354,0.440967484013186,0.8984163654891989,0.1137192381265799,2026
promoter_holdout,4,log_translation_proxy,Ridge_B3_historical_MFE,2354,0.5059864309519517,0.8392066595000829,0.2687670243861714,2026
promoter_holdout,4,log_translation_proxy,B6_TSS_accessibility,2354,0.5189253995224753,0.8183578871608547,0.2558545617592296,2026
promoter_holdout,4,log_translation_proxy,Ridge_B6_TSS_accessibility,2354,0.4719758352847535,0.8427298798696056,0.2475670871559423,2026
promoter_holdout,4,log_translation_proxy,B7_OSTIR,2354,0.4085523620049622,0.9011563403716124,0.1241902586656468,2026
promoter_holdout,4,log_prot,B4_sequence_only,2354,0.6065999137202348,1.2565572321339518,0.2995857046040031,2026
promoter_holdout,4,log_prot,Ridge_B4_sequence_only,2354,0.5772476038099691,1.335090796384549,0.2814098791028733,2026
promoter_holdout,4,log_prot,B3_historical_MFE,2354,0.6103602427506334,1.2449804902633068,0.3133406746338208,2026
promoter_holdout,4,log_prot,Ridge_B3_historical_MFE,2354,0.5781156592709915,1.333068909105931,0.2829668444141786,2026
promoter_holdout,4,log_prot,B6_TSS_accessibility,2354,0.6840886882604981,1.1623229668331008,0.427563427252511,2026
promoter_holdout,4,log_prot,Ridge_B6_TSS_accessibility,2354,0.594157568382159,1.3151850359727224,0.2988328444007494,2026
rbs_holdout,0,log_translation_proxy,B4_sequence_only,2337,0.7601188766750494,0.6203651936807912,0.5542711622428795,2026
rbs_holdout,0,log_translation_proxy,Ridge_B4_sequence_only,2337,0.525027154209323,0.8182156282875884,0.2693841028532948,2026
rbs_holdout,0,log_translation_proxy,B3_historical_MFE,2337,0.7595493814165102,0.6143147580732651,0.5668583417704325,2026
rbs_holdout,0,log_translation_proxy,Ridge_B3_historical_MFE,2337,0.5258855996699591,0.818320728368119,0.2777175499902217,2026
rbs_holdout,0,log_translation_proxy,B6_TSS_accessibility,2337,0.7969904276865414,0.552626362210164,0.6541288389347237,2026
rbs_holdout,0,log_translation_proxy,Ridge_B6_TSS_accessibility,2337,0.5542069084012049,0.7836403980563077,0.3449987495689107,2026
rbs_holdout,0,log_translation_proxy,B7_OSTIR,2337,0.4464016581026677,0.8799198765935551,0.1416674071483374,2026
rbs_holdout,0,log_prot,B4_sequence_only,2337,0.8362173924038708,0.7353235095320435,0.726155566305167,2026
rbs_holdout,0,log_prot,Ridge_B4_sequence_only,2337,0.6243997377517582,1.1766724479084525,0.380663825701049,2026
rbs_holdout,0,log_prot,B3_historical_MFE,2337,0.8404766928650526,0.7363513158245552,0.7337300682346568,2026
rbs_holdout,0,log_prot,Ridge_B3_historical_MFE,2337,0.6238485414090797,1.1752514528733553,0.3801068795187854,2026
rbs_holdout,0,log_prot,B6_TSS_accessibility,2337,0.8717180136875068,0.6508359650711286,0.7961600673040348,2026
rbs_holdout,0,log_prot,Ridge_B6_TSS_accessibility,2337,0.6471621284598544,1.137975341019377,0.4153582001586293,2026
rbs_holdout,1,log_translation_proxy,B4_sequence_only,2358,0.5698649372703728,0.8052008110426637,0.2415410225900418,2026
rbs_holdout,1,log_translation_proxy,Ridge_B4_sequence_only,2358,0.4412770001050105,0.8340289435340259,0.1360526648350177,2026
rbs_holdout,1,log_translation_proxy,B3_historical_MFE,2358,0.5720414073948851,0.800958202691423,0.2600969346389798,2026
rbs_holdout,1,log_translation_proxy,Ridge_B3_historical_MFE,2358,0.4295363249814062,0.8373258321121926,0.1368369408403776,2026
rbs_holdout,1,log_translation_proxy,B6_TSS_accessibility,2358,0.668403426915393,0.6755830352897415,0.4419117612644727,2026
rbs_holdout,1,log_translation_proxy,Ridge_B6_TSS_accessibility,2358,0.4568386202678273,0.824623203703047,0.1641018006355868,2026
rbs_holdout,1,log_translation_proxy,B7_OSTIR,2358,0.4120799967573289,0.8041914927031212,0.1562278195674797,2026
rbs_holdout,1,log_prot,B4_sequence_only,2358,0.7478869380368892,0.9931038103029838,0.5347695444859124,2026
rbs_holdout,1,log_prot,Ridge_B4_sequence_only,2358,0.6324579475519827,1.2320938275401991,0.3359241451816014,2026
rbs_holdout,1,log_prot,B3_historical_MFE,2358,0.7519905305972346,0.9812662676701018,0.5501287150101415,2026
rbs_holdout,1,log_prot,Ridge_B3_historical_MFE,2358,0.6333213441575032,1.2309394098794273,0.3374324760197381,2026
rbs_holdout,1,log_prot,B6_TSS_accessibility,2358,0.7921862072589669,0.8866489891837591,0.630191708704054,2026
rbs_holdout,1,log_prot,Ridge_B6_TSS_accessibility,2358,0.6488863083913486,1.2059756280358511,0.3612865951178793,2026
rbs_holdout,2,log_translation_proxy,B4_sequence_only,2323,0.6292711179679725,0.7290939400309767,0.4421833741443017,2026
rbs_holdout,2,log_translation_proxy,Ridge_B4_sequence_only,2323,0.4925061255561026,0.8405752489724921,0.2317383093679323,2026
rbs_holdout,2,log_translation_proxy,B3_historical_MFE,2323,0.620839370803891,0.7276412673255542,0.4518195749140068,2026
rbs_holdout,2,log_translation_proxy,Ridge_B3_historical_MFE,2323,0.5138255374345864,0.8272875649414829,0.2542994157412023,2026
rbs_holdout,2,log_translation_proxy,B6_TSS_accessibility,2323,0.7200593608419098,0.6429540691946841,0.5611955938591552,2026
rbs_holdout,2,log_translation_proxy,Ridge_B6_TSS_accessibility,2323,0.4986688341289658,0.833176051941943,0.2568645189329894,2026
rbs_holdout,2,log_translation_proxy,B7_OSTIR,2323,0.4976482524997506,0.8139439451161584,0.2460402286552601,2026
rbs_holdout,2,log_prot,B4_sequence_only,2323,0.721973160233252,0.9619250708501292,0.5482314826618728,2026
rbs_holdout,2,log_prot,Ridge_B4_sequence_only,2323,0.6152816162393057,1.1766355756394415,0.3773474464982133,2026
rbs_holdout,2,log_prot,B3_historical_MFE,2323,0.7253030750512712,0.9577513310383176,0.5571341056582549,2026
rbs_holdout,2,log_prot,Ridge_B3_historical_MFE,2323,0.6155566949039414,1.176746830403715,0.3772531032385211,2026
rbs_holdout,2,log_prot,B6_TSS_accessibility,2323,0.7708075984911696,0.8795292214795588,0.6331601492901453,2026
rbs_holdout,2,log_prot,Ridge_B6_TSS_accessibility,2323,0.6275281339647147,1.1546983598673388,0.3956384682166057,2026
rbs_holdout,3,log_translation_proxy,B4_sequence_only,2350,0.7206431939641608,0.7231243534099303,0.5659924341790725,2026
rbs_holdout,3,log_translation_proxy,Ridge_B4_sequence_only,2350,0.5691597089147095,0.8992844411045545,0.289891554754536,2026
rbs_holdout,3,log_translation_proxy,B3_historical_MFE,2350,0.7311475959586432,0.7168594958507456,0.5731227666873409,2026
rbs_holdout,3,log_translation_proxy,Ridge_B3_historical_MFE,2350,0.5665308486660262,0.8994311588415704,0.2864801926429049,2026
rbs_holdout,3,log_translation_proxy,B6_TSS_accessibility,2350,0.6920245775588052,0.7568322527293262,0.503648295717109,2026
rbs_holdout,3,log_translation_proxy,Ridge_B6_TSS_accessibility,2350,0.5578474874308464,0.8939037801046207,0.2843922878677403,2026
rbs_holdout,3,log_translation_proxy,B7_OSTIR,2350,0.3925028862143142,0.9714822336572052,0.1442202639533805,2026
rbs_holdout,3,log_prot,B4_sequence_only,2350,0.8237847454369088,0.8307603670252444,0.667942931261932,2026
rbs_holdout,3,log_prot,Ridge_B4_sequence_only,2350,0.6371731185906199,1.1834351348137675,0.381852533949901,2026
rbs_holdout,3,log_prot,B3_historical_MFE,2350,0.8318432683989591,0.8234449922024297,0.6778165256838513,2026
rbs_holdout,3,log_prot,Ridge_B3_historical_MFE,2350,0.6398611740488911,1.1805215561203664,0.3848412524982834,2026
rbs_holdout,3,log_prot,B6_TSS_accessibility,2350,0.7562069783022527,0.9616739705093634,0.5408918100001734,2026
rbs_holdout,3,log_prot,Ridge_B6_TSS_accessibility,2350,0.5919658679565479,1.222717053933685,0.3245028660641966,2026
rbs_holdout,4,log_translation_proxy,B4_sequence_only,2304,0.5805085619253859,0.8218933970999129,0.3626740013932861,2026
rbs_holdout,4,log_translation_proxy,Ridge_B4_sequence_only,2304,0.4177519472856881,0.9363726512204747,0.185183240399127,2026
rbs_holdout,4,log_translation_proxy,B3_historical_MFE,2304,0.5709466046690553,0.8231528158030206,0.3656395329927652,2026
rbs_holdout,4,log_translation_proxy,Ridge_B3_historical_MFE,2304,0.4166055622455419,0.9372639015202542,0.1913426582413459,2026
rbs_holdout,4,log_translation_proxy,B6_TSS_accessibility,2304,0.6559839602977812,0.7322878184551056,0.4836359251696903,2026
rbs_holdout,4,log_translation_proxy,Ridge_B6_TSS_accessibility,2304,0.4346448064849237,0.9259599714057108,0.2222648074295715,2026
rbs_holdout,4,log_translation_proxy,B7_OSTIR,2304,0.4421899943925145,0.929943078504196,0.1730914850892768,2026
rbs_holdout,4,log_prot,B4_sequence_only,2304,0.7225626114047201,0.97841084380181,0.5013168963046092,2026
rbs_holdout,4,log_prot,Ridge_B4_sequence_only,2304,0.5871948631864229,1.2336429209794315,0.3226015541823943,2026
rbs_holdout,4,log_prot,B3_historical_MFE,2304,0.7177268531638289,0.985026429625138,0.4961324912200702,2026
rbs_holdout,4,log_prot,Ridge_B3_historical_MFE,2304,0.5879102387011652,1.231506875752448,0.3243446981083966,2026
rbs_holdout,4,log_prot,B6_TSS_accessibility,2304,0.7597024165373043,0.9282350329013378,0.559148743426275,2026
rbs_holdout,4,log_prot,Ridge_B6_TSS_accessibility,2304,0.5925368042734052,1.2282643436547946,0.3276816930609184,2026
double_unseen,0,log_translation_proxy,B4_sequence_only,466,0.5016768080739955,0.8622593709829917,0.1262134744062171,2026
double_unseen,0,log_translation_proxy,Ridge_B4_sequence_only,466,0.446553250908245,0.8159155884799484,0.1692573115569109,2026
double_unseen,0,log_translation_proxy,B3_historical_MFE,466,0.4963355363546651,0.8548310240741513,0.1253495233590942,2026
double_unseen,0,log_translation_proxy,Ridge_B3_historical_MFE,466,0.4219432899400471,0.8500233880798982,0.1235690218412892,2026
double_unseen,0,log_translation_proxy,B6_TSS_accessibility,466,0.6422868774237425,0.7018598716776656,0.4219191088686268,2026
double_unseen,0,log_translation_proxy,Ridge_B6_TSS_accessibility,466,0.493305379170334,0.7879818917224406,0.2702344879331709,2026
double_unseen,0,log_translation_proxy,B7_OSTIR,466,0.4662481834216955,0.8488736613289163,0.1212138021861992,2026
double_unseen,0,log_prot,B4_sequence_only,466,0.5206581866471413,1.1682884520021564,0.2531432560840188,2026
double_unseen,0,log_prot,Ridge_B4_sequence_only,466,0.5524598434499363,1.136555675342089,0.3072920799537925,2026
double_unseen,0,log_prot,B3_historical_MFE,466,0.50168241254216,1.170754005415379,0.2476513152251954,2026
double_unseen,0,log_prot,Ridge_B3_historical_MFE,466,0.5518516869334846,1.1335613777671312,0.3050210388047528,2026
double_unseen,0,log_prot,B6_TSS_accessibility,466,0.6491254593746614,1.0194262885420566,0.4606921491814081,2026
double_unseen,0,log_prot,Ridge_B6_TSS_accessibility,466,0.5873298249546992,1.1064707119957946,0.3512857638032717,2026
double_unseen,1,log_translation_proxy,B4_sequence_only,485,0.3225781512269571,0.9555838784783666,-0.1588942491772857,2026
double_unseen,1,log_translation_proxy,Ridge_B4_sequence_only,485,0.3838874857641581,0.7980485981275642,0.1143566623099318,2026
double_unseen,1,log_translation_proxy,B3_historical_MFE,485,0.2947896355087095,0.946017736147392,-0.1369927090907916,2026
double_unseen,1,log_translation_proxy,Ridge_B3_historical_MFE,485,0.4086164473499283,0.7916923483891909,0.1388430423975802,2026
double_unseen,1,log_translation_proxy,B6_TSS_accessibility,485,0.3887762346993837,0.8295642468118236,0.0916651132749634,2026
double_unseen,1,log_translation_proxy,Ridge_B6_TSS_accessibility,485,0.4105897041854555,0.7955309172250538,0.1398103980079377,2026
double_unseen,1,log_translation_proxy,B7_OSTIR,485,0.5183588126233445,0.7538043523242065,0.2235350308672149,2026
double_unseen,1,log_prot,B4_sequence_only,485,0.3431258369016626,1.332945075442645,-0.0412864624888424,2026
double_unseen,1,log_prot,Ridge_B4_sequence_only,485,0.5982827083323785,1.3155373138613935,0.0970768363457975,2026
double_unseen,1,log_prot,B3_historical_MFE,485,0.370017097900513,1.296824092971154,0.0105463404451646,2026
double_unseen,1,log_prot,Ridge_B3_historical_MFE,485,0.5971526457968269,1.3182319253183366,0.0944991467711594,2026
double_unseen,1,log_prot,B6_TSS_accessibility,485,0.4160566259632845,1.235176812309957,0.0821202648380606,2026
double_unseen,1,log_prot,Ridge_B6_TSS_accessibility,485,0.5934494380604259,1.2908245789214454,0.1141309294877191,2026
double_unseen,2,log_translation_proxy,B4_sequence_only,448,0.3201035728272267,1.036214738466903,0.0049204366451789,2026
double_unseen,2,log_translation_proxy,Ridge_B4_sequence_only,448,0.4339393254315666,0.9477696045617456,0.1512521017940482,2026
double_unseen,2,log_translation_proxy,B3_historical_MFE,448,0.3665953603814557,1.0226484834384348,0.0716598954861196,2026
double_unseen,2,log_translation_proxy,Ridge_B3_historical_MFE,448,0.4540155870657106,0.9276774183598652,0.189533728862137,2026
double_unseen,2,log_translation_proxy,B6_TSS_accessibility,448,0.5087580102368744,0.8848277532826604,0.2724685562544526,2026
double_unseen,2,log_translation_proxy,Ridge_B6_TSS_accessibility,448,0.4872135159201121,0.9054326241543644,0.2298607594654077,2026
double_unseen,2,log_translation_proxy,B7_OSTIR,448,0.4682933718130544,0.8792361649045907,0.2093521008083978,2026
double_unseen,2,log_prot,B4_sequence_only,448,0.4796174447256651,1.2972193023739282,0.2062558613313452,2026
double_unseen,2,log_prot,Ridge_B4_sequence_only,448,0.6178021315710044,1.1692708530467577,0.3858362469964848,2026
double_unseen,2,log_prot,B3_historical_MFE,448,0.5242842654858212,1.2465234072463716,0.2761056798567697,2026
double_unseen,2,log_prot,Ridge_B3_historical_MFE,448,0.6139579052691791,1.1743532804080128,0.3786088974379191,2026
double_unseen,2,log_prot,B6_TSS_accessibility,448,0.6009698784112448,1.1277663618612823,0.3880214622816006,2026
double_unseen,2,log_prot,Ridge_B6_TSS_accessibility,448,0.6347714862805155,1.1426096352766333,0.4145670338877312,2026
double_unseen,3,log_translation_proxy,B4_sequence_only,458,0.3975096677717734,1.0682854868088214,0.1715913024469212,2026
double_unseen,3,log_translation_proxy,Ridge_B4_sequence_only,458,0.5718450574453511,0.9812628200336796,0.2707814206517513,2026
double_unseen,3,log_translation_proxy,B3_historical_MFE,458,0.4420794264617766,1.0506467848040444,0.2116720977708056,2026
double_unseen,3,log_translation_proxy,Ridge_B3_historical_MFE,458,0.5919607202315172,0.9749828390841838,0.2822646666373825,2026
double_unseen,3,log_translation_proxy,B6_TSS_accessibility,458,0.4493929002904309,1.0578289020628768,0.2115938166869175,2026
double_unseen,3,log_translation_proxy,Ridge_B6_TSS_accessibility,458,0.5605503378766392,0.983860940532527,0.2715145841733962,2026
double_unseen,3,log_translation_proxy,B7_OSTIR,458,0.3663768265156603,1.0676753297574837,0.1371380362800095,2026
double_unseen,3,log_prot,B4_sequence_only,458,0.6576519990906352,1.1378704547417653,0.3857618306992821,2026
double_unseen,3,log_prot,Ridge_B4_sequence_only,458,0.6519381300297096,1.174396413577796,0.3956866303398995,2026
double_unseen,3,log_prot,B3_historical_MFE,458,0.6932454008212632,1.119578355479032,0.4213520482870939,2026
double_unseen,3,log_prot,Ridge_B3_historical_MFE,458,0.6529733073287266,1.1723333251236474,0.396744302413604,2026
double_unseen,3,log_prot,B6_TSS_accessibility,458,0.5769639085286508,1.2880894355125314,0.2177088785971422,2026
double_unseen,3,log_prot,Ridge_B6_TSS_accessibility,458,0.6028496499214583,1.2115422384741403,0.3404710078939802,2026
double_unseen,4,log_translation_proxy,B4_sequence_only,463,0.3108754512838885,1.0434439941936826,-0.1446802274879737,2026
double_unseen,4,log_translation_proxy,Ridge_B4_sequence_only,463,0.4564757127278056,0.8802528954821873,0.23194690650482,2026
double_unseen,4,log_translation_proxy,B3_historical_MFE,463,0.2938544961235531,1.0542330832470843,-0.1354434253793457,2026
double_unseen,4,log_translation_proxy,Ridge_B3_historical_MFE,463,0.4620994324709674,0.8803979124835428,0.2413602247211081,2026
double_unseen,4,log_translation_proxy,B6_TSS_accessibility,463,0.3700951707114662,0.9845717357675344,-0.0070207969710078,2026
double_unseen,4,log_translation_proxy,Ridge_B6_TSS_accessibility,463,0.4049638545709893,0.8996360810630124,0.2026759966908544,2026
double_unseen,4,log_translation_proxy,B7_OSTIR,463,0.397200992898742,0.9328078332976296,0.1157184832373983,2026
double_unseen,4,log_prot,B4_sequence_only,463,0.5384058294753641,1.3344595340591805,0.1497524002759453,2026
double_unseen,4,log_prot,Ridge_B4_sequence_only,463,0.5521253255438018,1.3655013108465075,0.2137632949799645,2026
double_unseen,4,log_prot,B3_historical_MFE,463,0.537998764482155,1.3321592094193904,0.1613743361138071,2026
double_unseen,4,log_prot,Ridge_B3_historical_MFE,463,0.5522861101081612,1.3654550681764233,0.2138002700328093,2026
double_unseen,4,log_prot,B6_TSS_accessibility,463,0.5902091723314278,1.2392590838798825,0.2653927361724784,2026
double_unseen,4,log_prot,Ridge_B6_TSS_accessibility,463,0.556826256280005,1.3709325897341302,0.2071797116590515,2026
