scenario,fold,target,feature_group,n_test,permutation,permutation_seed,delta_spearman,delta_mae_log,baseline_spearman,permuted_spearman,baseline_mae_log,permuted_mae_log
random,0,log_translation_proxy,promoter_recognition,2335,0,42,0.3316159787336965,0.31770867863260466,0.8241881223506172,0.4925721436169207,0.5516517695023264,0.8693604481349311
random,0,log_translation_proxy,promoter_recognition,2335,1,43,0.28627699877361623,0.2846398948905744,0.8241881223506172,0.537911123577001,0.5516517695023264,0.8362916643929008
random,0,log_translation_proxy,promoter_recognition,2335,2,44,0.37832741309261847,0.3547891061937306,0.8241881223506172,0.44586070925799876,0.5516517695023264,0.906440875696057
random,0,log_translation_proxy,promoter_recognition,2335,3,45,0.3687354334847373,0.34296151449985157,0.8241881223506172,0.4554526888658799,0.5516517695023264,0.894613284002178
random,0,log_translation_proxy,promoter_recognition,2335,4,46,0.36030603944222545,0.3394193330540598,0.8241881223506172,0.4638820829083918,0.5516517695023264,0.8910711025563862
random,0,log_translation_proxy,promoter_recognition,2335,5,47,0.3405350184049915,0.3007360000755027,0.8241881223506172,0.4836531039456257,0.5516517695023264,0.8523877695778291
random,0,log_translation_proxy,promoter_recognition,2335,6,48,0.3547253199279349,0.30984144214478104,0.8241881223506172,0.46946280242268235,0.5516517695023264,0.8614932116471075
random,0,log_translation_proxy,promoter_recognition,2335,7,49,0.34273030196872867,0.32215460933386186,0.8241881223506172,0.48145782038188856,0.5516517695023264,0.8738063788361883
random,0,log_translation_proxy,promoter_recognition,2335,8,50,0.33325638199891494,0.32497641387917886,0.8241881223506172,0.4909317403517023,0.5516517695023264,0.8766281833815053
random,0,log_translation_proxy,promoter_recognition,2335,9,51,0.33482421396664785,0.3047403223047749,0.8241881223506172,0.48936390838396937,0.5516517695023264,0.8563920918071013
random,0,log_translation_proxy,promoter_recognition,2335,10,52,0.31981692052069255,0.3030537645758007,0.8241881223506172,0.5043712018299247,0.5516517695023264,0.8547055340781271
random,0,log_translation_proxy,promoter_recognition,2335,11,53,0.2627171207987301,0.2632833083480942,0.8241881223506172,0.5614710015518871,0.5516517695023264,0.8149350778504206
random,0,log_translation_proxy,promoter_recognition,2335,12,54,0.29007839069581376,0.28158355897924714,0.8241881223506172,0.5341097316548035,0.5516517695023264,0.8332353284815736
random,0,log_translation_proxy,promoter_recognition,2335,13,55,0.3192006866358784,0.30703039538969035,0.8241881223506172,0.5049874357147388,0.5516517695023264,0.8586821648920168
random,0,log_translation_proxy,promoter_recognition,2335,14,56,0.38770656861499625,0.3521876642238778,0.8241881223506172,0.436481553735621,0.5516517695023264,0.9038394337262042
random,0,log_translation_proxy,promoter_recognition,2335,15,57,0.29477001699804983,0.266102775922619,0.8241881223506172,0.5294181053525674,0.5516517695023264,0.8177545454249454
random,0,log_translation_proxy,promoter_recognition,2335,16,58,0.28320889701092566,0.28072142395640076,0.8241881223506172,0.5409792253396916,0.5516517695023264,0.8323731934587272
random,0,log_translation_proxy,promoter_recognition,2335,17,59,0.3425507191999302,0.31048604517937595,0.8241881223506172,0.48163740315068704,0.5516517695023264,0.8621378146817024
random,0,log_translation_proxy,promoter_recognition,2335,18,60,0.3437918184613187,0.33248713134137475,0.8241881223506172,0.48039630388929855,0.5516517695023264,0.8841389008437012
random,0,log_translation_proxy,promoter_recognition,2335,19,61,0.32044437010980176,0.30638709890130045,0.8241881223506172,0.5037437522408155,0.5516517695023264,0.8580388684036269
random,0,log_translation_proxy,promoter_recognition,2335,20,62,0.3130846452065845,0.3027779595971217,0.8241881223506172,0.5111034771440327,0.5516517695023264,0.8544297290994481
random,0,log_translation_proxy,promoter_recognition,2335,21,63,0.3125874552565949,0.30008312091309297,0.8241881223506172,0.5116006670940223,0.5516517695023264,0.8517348904154194
random,0,log_translation_proxy,promoter_recognition,2335,22,64,0.3211529932649163,0.3147691690883372,0.8241881223506172,0.5030351290857009,0.5516517695023264,0.8664209385906636
random,0,log_translation_proxy,promoter_recognition,2335,23,65,0.2903242828341378,0.27404296065493583,0.8241881223506172,0.5338638395164794,0.5516517695023264,0.8256947301572622
random,0,log_translation_proxy,promoter_recognition,2335,24,66,0.3067038295646797,0.2984618968518101,0.8241881223506172,0.5174842927859375,0.5516517695023264,0.8501136663541365
random,0,log_translation_proxy,promoter_recognition,2335,25,67,0.32891616895414666,0.3080877375865151,0.8241881223506172,0.49527195339647057,0.5516517695023264,0.8597395070888415
random,0,log_translation_proxy,promoter_recognition,2335,26,68,0.30609035969231424,0.3116919649208725,0.8241881223506172,0.518097762658303,0.5516517695023264,0.8633437344231989
random,0,log_translation_proxy,promoter_recognition,2335,27,69,0.2856740649021642,0.270318275412773,0.8241881223506172,0.538514057448453,0.5516517695023264,0.8219700449150994
random,0,log_translation_proxy,promoter_recognition,2335,28,70,0.3062775981390712,0.28871319237506887,0.8241881223506172,0.517910524211546,0.5516517695023264,0.8403649618773953
random,0,log_translation_proxy,promoter_recognition,2335,29,71,0.3451847080049663,0.32800156841172523,0.8241881223506172,0.4790034143456509,0.5516517695023264,0.8796533379140516
random,0,log_translation_proxy,rbs_recognition,2335,0,100042,0.4166586039664264,0.37032138153555594,0.8241881223506172,0.4075295183841908,0.5516517695023264,0.9219731510378824
random,0,log_translation_proxy,rbs_recognition,2335,1,100043,0.3833402371363235,0.3655162237398112,0.8241881223506172,0.44084788521429374,0.5516517695023264,0.9171679932421376
random,0,log_translation_proxy,rbs_recognition,2335,2,100044,0.3364160519379424,0.32463360637466576,0.8241881223506172,0.48777207041267484,0.5516517695023264,0.8762853758769922
random,0,log_translation_proxy,rbs_recognition,2335,3,100045,0.42103259856088865,0.36454325138412536,0.8241881223506172,0.4031555237897286,0.5516517695023264,0.9161950208864518
random,0,log_translation_proxy,rbs_recognition,2335,4,100046,0.3632283614677724,0.3527846652667431,0.8241881223506172,0.46095976088284485,0.5516517695023264,0.9044364347690695
random,0,log_translation_proxy,rbs_recognition,2335,5,100047,0.4375522921270349,0.3924435525397775,0.8241881223506172,0.38663583022358233,0.5516517695023264,0.9440953220421039
random,0,log_translation_proxy,rbs_recognition,2335,6,100048,0.40135953434281835,0.3647500645592455,0.8241881223506172,0.4228285880077989,0.5516517695023264,0.9164018340615719
random,0,log_translation_proxy,rbs_recognition,2335,7,100049,0.32082060633899045,0.3339764605705091,0.8241881223506172,0.5033675160116268,0.5516517695023264,0.8856282300728355
random,0,log_translation_proxy,rbs_recognition,2335,8,100050,0.3242874069830772,0.3231286558860611,0.8241881223506172,0.49990071536754005,0.5516517695023264,0.8747804253883875
random,0,log_translation_proxy,rbs_recognition,2335,9,100051,0.38460352250024643,0.3761401235307196,0.8241881223506172,0.4395845998503708,0.5516517695023264,0.927791893033046
random,0,log_translation_proxy,rbs_recognition,2335,10,100052,0.36107192006745575,0.34598751399698546,0.8241881223506172,0.46311620228316147,0.5516517695023264,0.8976392834993119
random,0,log_translation_proxy,rbs_recognition,2335,11,100053,0.3465395675504822,0.3301420220712371,0.8241881223506172,0.477648554800135,0.5516517695023264,0.8817937915735635
random,0,log_translation_proxy,rbs_recognition,2335,12,100054,0.29703339515745175,0.2833445116665172,0.8241881223506172,0.5271547271931655,0.5516517695023264,0.8349962811688436
random,0,log_translation_proxy,rbs_recognition,2335,13,100055,0.36427336350340195,0.3460727181869463,0.8241881223506172,0.4599147588472153,0.5516517695023264,0.8977244876892727
random,0,log_translation_proxy,rbs_recognition,2335,14,100056,0.3620454566983438,0.34217161836710186,0.8241881223506172,0.4621426656522734,0.5516517695023264,0.8938233878694283
random,0,log_translation_proxy,rbs_recognition,2335,15,100057,0.3929494422273797,0.3569665543342807,0.8241881223506172,0.4312386801232375,0.5516517695023264,0.9086183238366071
random,0,log_translation_proxy,rbs_recognition,2335,16,100058,0.3309034614085077,0.29512036197005886,0.8241881223506172,0.49328466094210954,0.5516517695023264,0.8467721314723853
random,0,log_translation_proxy,rbs_recognition,2335,17,100059,0.37880122355379064,0.3736781293252349,0.8241881223506172,0.4453868987968266,0.5516517695023264,0.9253298988275613
random,0,log_translation_proxy,rbs_recognition,2335,18,100060,0.3626476913163846,0.3431915282218738,0.8241881223506172,0.46154043103423265,0.5516517695023264,0.8948432977242002
random,0,log_translation_proxy,rbs_recognition,2335,19,100061,0.37579053084820596,0.3720706187897642,0.8241881223506172,0.44839759150241126,0.5516517695023264,0.9237223882920906
random,0,log_translation_proxy,rbs_recognition,2335,20,100062,0.31075835947885133,0.30508571527988704,0.8241881223506172,0.5134297628717659,0.5516517695023264,0.8567374847822135
random,0,log_translation_proxy,rbs_recognition,2335,21,100063,0.4433334000373573,0.3957052002004302,0.8241881223506172,0.38085472231325995,0.5516517695023264,0.9473569697027566
random,0,log_translation_proxy,rbs_recognition,2335,22,100064,0.39583478014839485,0.38027528168569114,0.8241881223506172,0.4283533422022224,0.5516517695023264,0.9319270511880176
random,0,log_translation_proxy,rbs_recognition,2335,23,100065,0.3649663372568924,0.36323512693083193,0.8241881223506172,0.4592217850937248,0.5516517695023264,0.9148868964331583
random,0,log_translation_proxy,rbs_recognition,2335,24,100066,0.2834702356050913,0.2951923191835394,0.8241881223506172,0.5407178867455259,0.5516517695023264,0.8468440886858658
random,0,log_translation_proxy,rbs_recognition,2335,25,100067,0.3511763787194843,0.32695563738584543,0.8241881223506172,0.4730117436311329,0.5516517695023264,0.8786074068881718
random,0,log_translation_proxy,rbs_recognition,2335,26,100068,0.3715101989660741,0.35825166955615073,0.8241881223506172,0.4526779233845431,0.5516517695023264,0.9099034390584771
random,0,log_translation_proxy,rbs_recognition,2335,27,100069,0.33292970867529176,0.32947477201994135,0.8241881223506172,0.49125841367532547,0.5516517695023264,0.8811265415222678
random,0,log_translation_proxy,rbs_recognition,2335,28,100070,0.3651288578175826,0.3269478524616849,0.8241881223506172,0.45905926453303464,0.5516517695023264,0.8785996219640113
random,0,log_translation_proxy,rbs_recognition,2335,29,100071,0.3676506216158366,0.3581958470388388,0.8241881223506172,0.4565375007347806,0.5516517695023264,0.9098476165411652
random,0,log_translation_proxy,transcript_accessibility,2335,0,200042,0.17190119922885605,0.20244574847166452,0.8241881223506172,0.6522869231217612,0.5516517695023264,0.7540975179739909
random,0,log_translation_proxy,transcript_accessibility,2335,1,200043,0.18764468338162144,0.21718767798331873,0.8241881223506172,0.6365434389689958,0.5516517695023264,0.7688394474856451
random,0,log_translation_proxy,transcript_accessibility,2335,2,200044,0.1962474814348284,0.22308411888098068,0.8241881223506172,0.6279406409157888,0.5516517695023264,0.7747358883833071
random,0,log_translation_proxy,transcript_accessibility,2335,3,200045,0.17432862867798027,0.2037722367085768,0.8241881223506172,0.649859493672637,0.5516517695023264,0.7554240062109032
random,0,log_translation_proxy,transcript_accessibility,2335,4,200046,0.18675189377337942,0.22209180253460004,0.8241881223506172,0.6374362285772378,0.5516517695023264,0.7737435720369265
random,0,log_translation_proxy,transcript_accessibility,2335,5,200047,0.156137795734424,0.19308201538634084,0.8241881223506172,0.6680503266161932,0.5516517695023264,0.7447337848886673
random,0,log_translation_proxy,transcript_accessibility,2335,6,200048,0.17987519390317352,0.21954395572536467,0.8241881223506172,0.6443129284474437,0.5516517695023264,0.7711957252276911
random,0,log_translation_proxy,transcript_accessibility,2335,7,200049,0.18418229117850493,0.21945883694971213,0.8241881223506172,0.6400058311721123,0.5516517695023264,0.7711106064520385
random,0,log_translation_proxy,transcript_accessibility,2335,8,200050,0.20001454033252963,0.2301215184351607,0.8241881223506172,0.6241735820180876,0.5516517695023264,0.7817732879374871
random,0,log_translation_proxy,transcript_accessibility,2335,9,200051,0.17828460302457194,0.21091083954731438,0.8241881223506172,0.6459035193260453,0.5516517695023264,0.7625626090496408
random,0,log_translation_proxy,transcript_accessibility,2335,10,200052,0.1759492892908472,0.21006585858711002,0.8241881223506172,0.64823883305977,0.5516517695023264,0.7617176280894364
random,0,log_translation_proxy,transcript_accessibility,2335,11,200053,0.19644104400980933,0.21853254030352676,0.8241881223506172,0.6277470783408079,0.5516517695023264,0.7701843098058532
random,0,log_translation_proxy,transcript_accessibility,2335,12,200054,0.20514659847485528,0.22414767079923525,0.8241881223506172,0.619041523875762,0.5516517695023264,0.7757994403015617
random,0,log_translation_proxy,transcript_accessibility,2335,13,200055,0.18788075672385463,0.22046539578495616,0.8241881223506172,0.6363073656267626,0.5516517695023264,0.7721171652872826
random,0,log_translation_proxy,transcript_accessibility,2335,14,200056,0.18530753837150604,0.2077108360444364,0.8241881223506172,0.6388805839791112,0.5516517695023264,0.7593626055467628
random,0,log_translation_proxy,transcript_accessibility,2335,15,200057,0.20781068061719377,0.2295318530639605,0.8241881223506172,0.6163774417334235,0.5516517695023264,0.7811836225662869
random,0,log_translation_proxy,transcript_accessibility,2335,16,200058,0.19046943328316868,0.22265549551371477,0.8241881223506172,0.6337186890674485,0.5516517695023264,0.7743072650160412
random,0,log_translation_proxy,transcript_accessibility,2335,17,200059,0.1977350486999665,0.23763101501764783,0.8241881223506172,0.6264530736506507,0.5516517695023264,0.7892827845199742
random,0,log_translation_proxy,transcript_accessibility,2335,18,200060,0.1778399696579911,0.20742769944974337,0.8241881223506172,0.6463481526926261,0.5516517695023264,0.7590794689520698
random,0,log_translation_proxy,transcript_accessibility,2335,19,200061,0.1810712071202194,0.2167671143445864,0.8241881223506172,0.6431169152303978,0.5516517695023264,0.7684188838469128
random,0,log_translation_proxy,transcript_accessibility,2335,20,200062,0.19700638202895993,0.21809302623759352,0.8241881223506172,0.6271817403216573,0.5516517695023264,0.7697447957399199
random,0,log_translation_proxy,transcript_accessibility,2335,21,200063,0.19548294609321748,0.22520212907838488,0.8241881223506172,0.6287051762573997,0.5516517695023264,0.7768538985807113
random,0,log_translation_proxy,transcript_accessibility,2335,22,200064,0.19137479010301017,0.221696951983971,0.8241881223506172,0.632813332247607,0.5516517695023264,0.7733487214862974
random,0,log_translation_proxy,transcript_accessibility,2335,23,200065,0.19270347736908922,0.22105250923658126,0.8241881223506172,0.631484644981528,0.5516517695023264,0.7727042787389077
random,0,log_translation_proxy,transcript_accessibility,2335,24,200066,0.19931451078821705,0.22619558976243093,0.8241881223506172,0.6248736115624002,0.5516517695023264,0.7778473592647573
random,0,log_translation_proxy,transcript_accessibility,2335,25,200067,0.18817108429151042,0.2206809579391228,0.8241881223506172,0.6360170380591068,0.5516517695023264,0.7723327274414492
random,0,log_translation_proxy,transcript_accessibility,2335,26,200068,0.20226151321232033,0.2255680411631491,0.8241881223506172,0.6219266091382969,0.5516517695023264,0.7772198106654755
random,0,log_translation_proxy,transcript_accessibility,2335,27,200069,0.20205870938295056,0.22395465569929596,0.8241881223506172,0.6221294129676667,0.5516517695023264,0.7756064252016224
random,0,log_translation_proxy,transcript_accessibility,2335,28,200070,0.19108090316240167,0.21576876901667774,0.8241881223506172,0.6331072191882156,0.5516517695023264,0.7674205385190042
random,0,log_translation_proxy,transcript_accessibility,2335,29,200071,0.1801968454875953,0.20274918601484904,0.8241881223506172,0.6439912768630219,0.5516517695023264,0.7544009555171755
random,0,log_prot,promoter_recognition,2335,0,10042,0.6207390975139957,1.0086491053555011,0.8895125471116762,0.2687734495976804,0.6509958486393663,1.6596449539948674
random,0,log_prot,promoter_recognition,2335,1,10043,0.5409178126618273,0.9433486178175647,0.8895125471116762,0.3485947344498489,0.6509958486393663,1.594344466456931
random,0,log_prot,promoter_recognition,2335,2,10044,0.6021351538424621,1.0334857965520967,0.8895125471116762,0.2873773932692141,0.6509958486393663,1.684481645191463
random,0,log_prot,promoter_recognition,2335,3,10045,0.43775699261966927,0.7860758212330741,0.8895125471116762,0.4517555544920069,0.6509958486393663,1.4370716698724404
random,0,log_prot,promoter_recognition,2335,4,10046,0.6017988640496623,0.9772893322983802,0.8895125471116762,0.2877136830620139,0.6509958486393663,1.6282851809377465
random,0,log_prot,promoter_recognition,2335,5,10047,0.4965339874065867,0.8511175613953341,0.8895125471116762,0.39297855970508944,0.6509958486393663,1.5021134100347004
random,0,log_prot,promoter_recognition,2335,6,10048,0.6168477643590217,1.0111064916345465,0.8895125471116762,0.2726647827526545,0.6509958486393663,1.6621023402739128
random,0,log_prot,promoter_recognition,2335,7,10049,0.5662954211036149,0.9543547568484612,0.8895125471116762,0.3232171260080613,0.6509958486393663,1.6053506054878275
random,0,log_prot,promoter_recognition,2335,8,10050,0.5502042295090349,0.9319090505222676,0.8895125471116762,0.33930831760264124,0.6509958486393663,1.582904899161634
random,0,log_prot,promoter_recognition,2335,9,10051,0.5600818207536125,0.9203280008823933,0.8895125471116762,0.32943072635806364,0.6509958486393663,1.5713238495217596
random,0,log_prot,promoter_recognition,2335,10,10052,0.5587329534219899,0.9329221298710961,0.8895125471116762,0.33077959368968624,0.6509958486393663,1.5839179785104625
random,0,log_prot,promoter_recognition,2335,11,10053,0.504891258823071,0.8562879820176625,0.8895125471116762,0.38462128828860526,0.6509958486393663,1.5072838306570289
random,0,log_prot,promoter_recognition,2335,12,10054,0.5791755729695727,0.9301226743593058,0.8895125471116762,0.31033697414210354,0.6509958486393663,1.5811185229986722
random,0,log_prot,promoter_recognition,2335,13,10055,0.48666044246317297,0.8564087760435777,0.8895125471116762,0.4028521046485032,0.6509958486393663,1.507404624682944
random,0,log_prot,promoter_recognition,2335,14,10056,0.5752934943672294,0.967726108991463,0.8895125471116762,0.31421905274444667,0.6509958486393663,1.6187219576308294
random,0,log_prot,promoter_recognition,2335,15,10057,0.6339217403940169,1.0340664466477378,0.8895125471116762,0.25559080671765927,0.6509958486393663,1.6850622952871042
random,0,log_prot,promoter_recognition,2335,16,10058,0.4874549887385069,0.8833751606186964,0.8895125471116762,0.40205755837316925,0.6509958486393663,1.5343710092580627
random,0,log_prot,promoter_recognition,2335,17,10059,0.5413360072806679,0.887755341009349,0.8895125471116762,0.3481765398310082,0.6509958486393663,1.5387511896487154
random,0,log_prot,promoter_recognition,2335,18,10060,0.5369061291907657,0.9252853451851553,0.8895125471116762,0.3526064179209104,0.6509958486393663,1.5762811938245216
random,0,log_prot,promoter_recognition,2335,19,10061,0.5169846838210057,0.9021752660115878,0.8895125471116762,0.3725278632906704,0.6509958486393663,1.5531711146509541
random,0,log_prot,promoter_recognition,2335,20,10062,0.548843056256647,0.9120898204135337,0.8895125471116762,0.3406694908550292,0.6509958486393663,1.5630856690529
random,0,log_prot,promoter_recognition,2335,21,10063,0.5550737504156364,0.9231449404481167,0.8895125471116762,0.3344387966960397,0.6509958486393663,1.574140789087483
random,0,log_prot,promoter_recognition,2335,22,10064,0.5357529113399685,0.8647250260477182,0.8895125471116762,0.35375963577170766,0.6509958486393663,1.5157208746870845
random,0,log_prot,promoter_recognition,2335,23,10065,0.6037944399254394,1.0211355157875524,0.8895125471116762,0.2857181071862368,0.6509958486393663,1.6721313644269187
random,0,log_prot,promoter_recognition,2335,24,10066,0.5631895225551278,0.9455502189750615,0.8895125471116762,0.3263230245565484,0.6509958486393663,1.5965460676144279
random,0,log_prot,promoter_recognition,2335,25,10067,0.5498184844508566,0.9401718354060291,0.8895125471116762,0.3396940626608196,0.6509958486393663,1.5911676840453954
random,0,log_prot,promoter_recognition,2335,26,10068,0.4545121627229426,0.797589250358691,0.8895125471116762,0.43500038438873356,0.6509958486393663,1.4485850989980573
random,0,log_prot,promoter_recognition,2335,27,10069,0.4990442067470395,0.8251861420100486,0.8895125471116762,0.3904683403646367,0.6509958486393663,1.476181990649415
random,0,log_prot,promoter_recognition,2335,28,10070,0.6094136330147537,1.024636888084033,0.8895125471116762,0.28009891409692245,0.6509958486393663,1.6756327367233994
random,0,log_prot,promoter_recognition,2335,29,10071,0.6368582298199265,1.030410967757019,0.8895125471116762,0.2526543172917497,0.6509958486393663,1.6814068163963853
random,0,log_prot,rbs_recognition,2335,0,110042,0.25324792260935813,0.48327990704871104,0.8895125471116762,0.636264624502318,0.6509958486393663,1.1342757556880774
random,0,log_prot,rbs_recognition,2335,1,110043,0.22658194255523023,0.4438308424988948,0.8895125471116762,0.6629306045564459,0.6509958486393663,1.0948266911382611
random,0,log_prot,rbs_recognition,2335,2,110044,0.30078887022804446,0.5322108959015506,0.8895125471116762,0.5887236768836317,0.6509958486393663,1.183206744540917
random,0,log_prot,rbs_recognition,2335,3,110045,0.3294676344049188,0.6012774227839857,0.8895125471116762,0.5600449127067574,0.6509958486393663,1.252273271423352
random,0,log_prot,rbs_recognition,2335,4,110046,0.2794113172905336,0.5038833987621938,0.8895125471116762,0.6101012298211426,0.6509958486393663,1.1548792474015601
random,0,log_prot,rbs_recognition,2335,5,110047,0.2727094348545165,0.5078298006555493,0.8895125471116762,0.6168031122571597,0.6509958486393663,1.1588256492949156
random,0,log_prot,rbs_recognition,2335,6,110048,0.34166657078709317,0.5996309922262615,0.8895125471116762,0.547845976324583,0.6509958486393663,1.2506268408656278
random,0,log_prot,rbs_recognition,2335,7,110049,0.27879114713023,0.5264026009576064,0.8895125471116762,0.6107213999814461,0.6509958486393663,1.1773984495969727
random,0,log_prot,rbs_recognition,2335,8,110050,0.35295008973010944,0.6476964251698636,0.8895125471116762,0.5365624573815667,0.6509958486393663,1.29869227380923
random,0,log_prot,rbs_recognition,2335,9,110051,0.2968895013428222,0.5631228733059248,0.8895125471116762,0.5926230457688539,0.6509958486393663,1.2141187219452911
random,0,log_prot,rbs_recognition,2335,10,110052,0.22851098722875818,0.4322953352219665,0.8895125471116762,0.661001559882918,0.6509958486393663,1.0832911838613328
random,0,log_prot,rbs_recognition,2335,11,110053,0.3037868826985548,0.5374331005939128,0.8895125471116762,0.5857256644131213,0.6509958486393663,1.1884289492332791
random,0,log_prot,rbs_recognition,2335,12,110054,0.2932440596350744,0.5248159303948019,0.8895125471116762,0.5962684874766018,0.6509958486393663,1.1758117790341682
random,0,log_prot,rbs_recognition,2335,13,110055,0.2953214840040771,0.5437586688796059,0.8895125471116762,0.5941910631075991,0.6509958486393663,1.1947545175189722
random,0,log_prot,rbs_recognition,2335,14,110056,0.34390684211772793,0.6109893631558168,0.8895125471116762,0.5456057049939482,0.6509958486393663,1.261985211795183
random,0,log_prot,rbs_recognition,2335,15,110057,0.27278108562986914,0.49794305203351774,0.8895125471116762,0.616731461481807,0.6509958486393663,1.148938900672884
random,0,log_prot,rbs_recognition,2335,16,110058,0.3194874326881396,0.5852552383266181,0.8895125471116762,0.5700251144235365,0.6509958486393663,1.2362510869659844
random,0,log_prot,rbs_recognition,2335,17,110059,0.35855242146457433,0.5946945738392864,0.8895125471116762,0.5309601256471018,0.6509958486393663,1.2456904224786527
random,0,log_prot,rbs_recognition,2335,18,110060,0.2470179322369077,0.47303112109063505,0.8895125471116762,0.6424946148747684,0.6509958486393663,1.1240269697300014
random,0,log_prot,rbs_recognition,2335,19,110061,0.3023096072925182,0.5355433338091311,0.8895125471116762,0.5872029398191579,0.6509958486393663,1.1865391824484974
random,0,log_prot,rbs_recognition,2335,20,110062,0.26140611087338095,0.48059652890461524,0.8895125471116762,0.6281064362382952,0.6509958486393663,1.1315923775439816
random,0,log_prot,rbs_recognition,2335,21,110063,0.2472539559660396,0.4620196379481347,0.8895125471116762,0.6422585911456365,0.6509958486393663,1.113015486587501
random,0,log_prot,rbs_recognition,2335,22,110064,0.3750988752331388,0.6467484594241206,0.8895125471116762,0.5144136718785374,0.6509958486393663,1.297744308063487
random,0,log_prot,rbs_recognition,2335,23,110065,0.33693977983225243,0.5670464237470438,0.8895125471116762,0.5525727672794237,0.6509958486393663,1.2180422723864102
random,0,log_prot,rbs_recognition,2335,24,110066,0.3334267356390379,0.6018124974247212,0.8895125471116762,0.5560858114726382,0.6509958486393663,1.2528083460640875
random,0,log_prot,rbs_recognition,2335,25,110067,0.3293154780429913,0.612682877560413,0.8895125471116762,0.5601970690686848,0.6509958486393663,1.2636787261997793
random,0,log_prot,rbs_recognition,2335,26,110068,0.2867084424525024,0.5661111397053398,0.8895125471116762,0.6028041046591738,0.6509958486393663,1.217106988344706
random,0,log_prot,rbs_recognition,2335,27,110069,0.2835272711387209,0.5280612134598559,0.8895125471116762,0.6059852759729553,0.6509958486393663,1.1790570620992222
random,0,log_prot,rbs_recognition,2335,28,110070,0.2790338057659305,0.5228717057560781,0.8895125471116762,0.6104787413457456,0.6509958486393663,1.1738675543954444
random,0,log_prot,rbs_recognition,2335,29,110071,0.2622617545849024,0.48039995146010894,0.8895125471116762,0.6272507925267737,0.6509958486393663,1.1313958000994753
random,0,log_prot,transcript_accessibility,2335,0,210042,0.12630056395017852,0.26493935669352775,0.8895125471116762,0.7632119831614976,0.6509958486393663,0.9159352053328941
random,0,log_prot,transcript_accessibility,2335,1,210043,0.12243836724303447,0.2645213397770986,0.8895125471116762,0.7670741798686417,0.6509958486393663,0.9155171884164649
random,0,log_prot,transcript_accessibility,2335,2,210044,0.12449244508250823,0.2649104439131593,0.8895125471116762,0.7650201020291679,0.6509958486393663,0.9159062925525256
random,0,log_prot,transcript_accessibility,2335,3,210045,0.12199107116396257,0.26534748816465736,0.8895125471116762,0.7675214759477136,0.6509958486393663,0.9163433368040237
random,0,log_prot,transcript_accessibility,2335,4,210046,0.12259182202423002,0.2672891918635941,0.8895125471116762,0.7669207250874461,0.6509958486393663,0.9182850405029604
random,0,log_prot,transcript_accessibility,2335,5,210047,0.12580349286236248,0.26422556941215714,0.8895125471116762,0.7637090542493137,0.6509958486393663,0.9152214180515235
random,0,log_prot,transcript_accessibility,2335,6,210048,0.12347707128987773,0.2658196032576047,0.8895125471116762,0.7660354758217984,0.6509958486393663,0.916815451896971
random,0,log_prot,transcript_accessibility,2335,7,210049,0.12578606188423003,0.2612900123114956,0.8895125471116762,0.7637264852274461,0.6509958486393663,0.912285860950862
random,0,log_prot,transcript_accessibility,2335,8,210050,0.1395098675463622,0.2882185432864002,0.8895125471116762,0.750002679565314,0.6509958486393663,0.9392143919257665
random,0,log_prot,transcript_accessibility,2335,9,210051,0.12455291730851525,0.2595737305074627,0.8895125471116762,0.7649596298031609,0.6509958486393663,0.910569579146829
random,0,log_prot,transcript_accessibility,2335,10,210052,0.13710080723429097,0.28833481848922105,0.8895125471116762,0.7524117398773852,0.6509958486393663,0.9393306671285874
random,0,log_prot,transcript_accessibility,2335,11,210053,0.12560512662078827,0.25710072323068467,0.8895125471116762,0.7639074204908879,0.6509958486393663,0.908096571870051
random,0,log_prot,transcript_accessibility,2335,12,210054,0.12163947893941507,0.26492265119582525,0.8895125471116762,0.7678730681722611,0.6509958486393663,0.9159184998351916
random,0,log_prot,transcript_accessibility,2335,13,210055,0.13197820639799784,0.26955747714855594,0.8895125471116762,0.7575343407136783,0.6509958486393663,0.9205533257879223
random,0,log_prot,transcript_accessibility,2335,14,210056,0.12445527400066592,0.2560069718618939,0.8895125471116762,0.7650572731110102,0.6509958486393663,0.9070028205012602
random,0,log_prot,transcript_accessibility,2335,15,210057,0.11375829157659745,0.2504357574731465,0.8895125471116762,0.7757542555350787,0.6509958486393663,0.9014316061125128
random,0,log_prot,transcript_accessibility,2335,16,210058,0.12782493937428419,0.2809439479068475,0.8895125471116762,0.761687607737392,0.6509958486393663,0.9319397965462138
random,0,log_prot,transcript_accessibility,2335,17,210059,0.1321331935395753,0.27317505337065806,0.8895125471116762,0.7573793535721008,0.6509958486393663,0.9241709020100244
random,0,log_prot,transcript_accessibility,2335,18,210060,0.12227784085256055,0.25664764889402636,0.8895125471116762,0.7672347062591156,0.6509958486393663,0.9076434975333927
random,0,log_prot,transcript_accessibility,2335,19,210061,0.12990071825279492,0.27290247996507566,0.8895125471116762,0.7596118288588812,0.6509958486393663,0.923898328604442
random,0,log_prot,transcript_accessibility,2335,20,210062,0.13743212030415464,0.2811677854109539,0.8895125471116762,0.7520804268075215,0.6509958486393663,0.9321636340503202
random,0,log_prot,transcript_accessibility,2335,21,210063,0.13296699959183989,0.2801431281201322,0.8895125471116762,0.7565455475198363,0.6509958486393663,0.9311389767594985
random,0,log_prot,transcript_accessibility,2335,22,210064,0.12438371984129126,0.2736219723725871,0.8895125471116762,0.7651288272703849,0.6509958486393663,0.9246178210119534
random,0,log_prot,transcript_accessibility,2335,23,210065,0.13645943287138673,0.2779517473010603,0.8895125471116762,0.7530531142402894,0.6509958486393663,0.9289475959404266
random,0,log_prot,transcript_accessibility,2335,24,210066,0.12031152437512027,0.25650871204838965,0.8895125471116762,0.7692010227365559,0.6509958486393663,0.907504560687756
random,0,log_prot,transcript_accessibility,2335,25,210067,0.11607794429069751,0.25187276469072406,0.8895125471116762,0.7734346028209786,0.6509958486393663,0.9028686133300904
random,0,log_prot,transcript_accessibility,2335,26,210068,0.12608031150486687,0.2723731129672433,0.8895125471116762,0.7634322356068093,0.6509958486393663,0.9233689616066096
random,0,log_prot,transcript_accessibility,2335,27,210069,0.14040487038794214,0.27526767669655505,0.8895125471116762,0.749107676723734,0.6509958486393663,0.9262635253359214
random,0,log_prot,transcript_accessibility,2335,28,210070,0.13225031520242114,0.2834107809774039,0.8895125471116762,0.757262231909255,0.6509958486393663,0.9344066296167702
random,0,log_prot,transcript_accessibility,2335,29,210071,0.1196024495270055,0.2549427054780271,0.8895125471116762,0.7699100975846707,0.6509958486393663,0.9059385541173934
random,1,log_translation_proxy,promoter_recognition,2335,0,1042,0.2592793886836714,0.26977369833070697,0.8371358120938864,0.577856423410215,0.5294797170566705,0.7992534153873775
random,1,log_translation_proxy,promoter_recognition,2335,1,1043,0.2918628982887943,0.2795650412866606,0.8371358120938864,0.5452729138050921,0.5294797170566705,0.8090447583433311
random,1,log_translation_proxy,promoter_recognition,2335,2,1044,0.30701257716972785,0.30451327270040696,0.8371358120938864,0.5301232349241586,0.5294797170566705,0.8339929897570775
random,1,log_translation_proxy,promoter_recognition,2335,3,1045,0.33665333660242425,0.3029925726296181,0.8371358120938864,0.5004824754914622,0.5294797170566705,0.8324722896862886
random,1,log_translation_proxy,promoter_recognition,2335,4,1046,0.32890459130214,0.31855234323863024,0.8371358120938864,0.5082312207917464,0.5294797170566705,0.8480320602953008
random,1,log_translation_proxy,promoter_recognition,2335,5,1047,0.30301258663938224,0.29934518042356295,0.8371358120938864,0.5341232254545042,0.5294797170566705,0.8288248974802335
random,1,log_translation_proxy,promoter_recognition,2335,6,1048,0.2972242254656581,0.29392792733053275,0.8371358120938864,0.5399115866282284,0.5294797170566705,0.8234076443872033
random,1,log_translation_proxy,promoter_recognition,2335,7,1049,0.3296459082630906,0.33706627858084826,0.8371358120938864,0.5074899038307958,0.5294797170566705,0.8665459956375188
random,1,log_translation_proxy,promoter_recognition,2335,8,1050,0.3137800434146949,0.31783440897953474,0.8371358120938864,0.5233557686791915,0.5294797170566705,0.8473141260362053
random,1,log_translation_proxy,promoter_recognition,2335,9,1051,0.26442089562544024,0.2861481067310879,0.8371358120938864,0.5727149164684462,0.5294797170566705,0.8156278237877584
random,1,log_translation_proxy,promoter_recognition,2335,10,1052,0.3084668373876732,0.29910442186879893,0.8371358120938864,0.5286689747062132,0.5294797170566705,0.8285841389254694
random,1,log_translation_proxy,promoter_recognition,2335,11,1053,0.2896970290414921,0.2936547552435632,0.8371358120938864,0.5474387830523944,0.5294797170566705,0.8231344723002337
random,1,log_translation_proxy,promoter_recognition,2335,12,1054,0.2959424055762181,0.2843760928540793,0.8371358120938864,0.5411934065176683,0.5294797170566705,0.8138558099107498
random,1,log_translation_proxy,promoter_recognition,2335,13,1055,0.3442669463889773,0.327944917597917,0.8371358120938864,0.4928688657049091,0.5294797170566705,0.8574246346545875
random,1,log_translation_proxy,promoter_recognition,2335,14,1056,0.3442937549293193,0.3275920118769815,0.8371358120938864,0.49284205716456714,0.5294797170566705,0.857071728933652
random,1,log_translation_proxy,promoter_recognition,2335,15,1057,0.30335144288819393,0.3021608020340739,0.8371358120938864,0.5337843692056925,0.5294797170566705,0.8316405190907444
random,1,log_translation_proxy,promoter_recognition,2335,16,1058,0.3626051623324384,0.3393953326422441,0.8371358120938864,0.47453064976144804,0.5294797170566705,0.8688750496989146
random,1,log_translation_proxy,promoter_recognition,2335,17,1059,0.38142610341232114,0.3558529908030036,0.8371358120938864,0.4557097086815653,0.5294797170566705,0.8853327078596741
random,1,log_translation_proxy,promoter_recognition,2335,18,1060,0.3043680318683687,0.29893379971192624,0.8371358120938864,0.5327677802255177,0.5294797170566705,0.8284135167685968
random,1,log_translation_proxy,promoter_recognition,2335,19,1061,0.3060602728540218,0.31411600741878287,0.8371358120938864,0.5310755392398646,0.5294797170566705,0.8435957244754534
random,1,log_translation_proxy,promoter_recognition,2335,20,1062,0.3090473389245021,0.29707274699807174,0.8371358120938864,0.5280884731693843,0.5294797170566705,0.8265524640547423
random,1,log_translation_proxy,promoter_recognition,2335,21,1063,0.322053260390337,0.3157666372417546,0.8371358120938864,0.5150825517035494,0.5294797170566705,0.8452463542984251
random,1,log_translation_proxy,promoter_recognition,2335,22,1064,0.3437670670020769,0.33410481703850514,0.8371358120938864,0.49336874509180956,0.5294797170566705,0.8635845340951757
random,1,log_translation_proxy,promoter_recognition,2335,23,1065,0.3051980545909031,0.283207924151041,0.8371358120938864,0.5319377575029833,0.5294797170566705,0.8126876412077115
random,1,log_translation_proxy,promoter_recognition,2335,24,1066,0.34068800825714185,0.34070379186450106,0.8371358120938864,0.4964478038367446,0.5294797170566705,0.8701835089211716
random,1,log_translation_proxy,promoter_recognition,2335,25,1067,0.3166688547615566,0.29753315134375224,0.8371358120938864,0.5204669573323298,0.5294797170566705,0.8270128684004228
random,1,log_translation_proxy,promoter_recognition,2335,26,1068,0.35951032834967506,0.3326449015963382,0.8371358120938864,0.4776254837442114,0.5294797170566705,0.8621246186530087
random,1,log_translation_proxy,promoter_recognition,2335,27,1069,0.3504118197351597,0.33128817047849257,0.8371358120938864,0.4867239923587267,0.5294797170566705,0.8607678875351631
random,1,log_translation_proxy,promoter_recognition,2335,28,1070,0.28407566159782527,0.2935536539425726,0.8371358120938864,0.5530601504960612,0.5294797170566705,0.8230333709992431
random,1,log_translation_proxy,promoter_recognition,2335,29,1071,0.3392959385212905,0.31128211505737247,0.8371358120938864,0.49783987357259596,0.5294797170566705,0.840761832114043
random,1,log_translation_proxy,rbs_recognition,2335,0,101042,0.3334127723415745,0.31572216244375295,0.8371358120938864,0.5037230397523119,0.5294797170566705,0.8452018795004235
random,1,log_translation_proxy,rbs_recognition,2335,1,101043,0.365707264704607,0.34593778215248094,0.8371358120938864,0.4714285473892794,0.5294797170566705,0.8754174992091515
random,1,log_translation_proxy,rbs_recognition,2335,2,101044,0.37573146137705105,0.3833389889106046,0.8371358120938864,0.4614043507168354,0.5294797170566705,0.9128187059672751
random,1,log_translation_proxy,rbs_recognition,2335,3,101045,0.3847105583432204,0.3674562213712137,0.8371358120938864,0.45242525375066606,0.5294797170566705,0.8969359384278842
random,1,log_translation_proxy,rbs_recognition,2335,4,101046,0.29757668708209495,0.30127116557870237,0.8371358120938864,0.5395591250117915,0.5294797170566705,0.8307508826353729
random,1,log_translation_proxy,rbs_recognition,2335,5,101047,0.33035659025859054,0.3232093653274477,0.8371358120938864,0.5067792218352959,0.5294797170566705,0.8526890823841182
random,1,log_translation_proxy,rbs_recognition,2335,6,101048,0.3728937564328843,0.35252259408314746,0.8371358120938864,0.46424205566100213,0.5294797170566705,0.882002311139818
random,1,log_translation_proxy,rbs_recognition,2335,7,101049,0.3533707783841298,0.32813352220572223,0.8371358120938864,0.48376503370975665,0.5294797170566705,0.8576132392623927
random,1,log_translation_proxy,rbs_recognition,2335,8,101050,0.3743225442255196,0.36554899904519167,0.8371358120938864,0.46281326786836685,0.5294797170566705,0.8950287161018622
random,1,log_translation_proxy,rbs_recognition,2335,9,101051,0.3439498899079084,0.3117462006753654,0.8371358120938864,0.493185922185978,0.5294797170566705,0.8412259177320359
random,1,log_translation_proxy,rbs_recognition,2335,10,101052,0.285997930378344,0.2931485140545277,0.8371358120938864,0.5511378817155425,0.5294797170566705,0.8226282311111982
random,1,log_translation_proxy,rbs_recognition,2335,11,101053,0.3500557426930543,0.34877915254468517,0.8371358120938864,0.48708006940083215,0.5294797170566705,0.8782588696013557
random,1,log_translation_proxy,rbs_recognition,2335,12,101054,0.38202319187980077,0.3589122235240869,0.8371358120938864,0.45511262021408566,0.5294797170566705,0.8883919405807574
random,1,log_translation_proxy,rbs_recognition,2335,13,101055,0.2870076971816399,0.2842494061756482,0.8371358120938864,0.5501281149122466,0.5294797170566705,0.8137291232323187
random,1,log_translation_proxy,rbs_recognition,2335,14,101056,0.3804491238829147,0.3629139986124983,0.8371358120938864,0.45668668821097175,0.5294797170566705,0.8923937156691688
random,1,log_translation_proxy,rbs_recognition,2335,15,101057,0.40910095166267474,0.3858735437512665,0.8371358120938864,0.4280348604312117,0.5294797170566705,0.915353260807937
random,1,log_translation_proxy,rbs_recognition,2335,16,101058,0.36334725196535084,0.36253592569704784,0.8371358120938864,0.4737885601285356,0.5294797170566705,0.8920156427537184
random,1,log_translation_proxy,rbs_recognition,2335,17,101059,0.31009340512829986,0.3083140823090924,0.8371358120938864,0.5270424069655866,0.5294797170566705,0.8377937993657629
random,1,log_translation_proxy,rbs_recognition,2335,18,101060,0.3155860752863886,0.29477865606690457,0.8371358120938864,0.5215497368074978,0.5294797170566705,0.8242583731235751
random,1,log_translation_proxy,rbs_recognition,2335,19,101061,0.33721878729037646,0.3032560269813155,0.8371358120938864,0.49991702480350997,0.5294797170566705,0.832735744037986
random,1,log_translation_proxy,rbs_recognition,2335,20,101062,0.3769263805559201,0.3295909517908516,0.8371358120938864,0.46020943153796634,0.5294797170566705,0.8590706688475221
random,1,log_translation_proxy,rbs_recognition,2335,21,101063,0.3863674297848551,0.3539205908340791,0.8371358120938864,0.4507683823090313,0.5294797170566705,0.8834003078907496
random,1,log_translation_proxy,rbs_recognition,2335,22,101064,0.32052795681674706,0.3110106919441218,0.8371358120938864,0.5166078552771394,0.5294797170566705,0.8404904090007923
random,1,log_translation_proxy,rbs_recognition,2335,23,101065,0.3953082895782436,0.3476932801429913,0.8371358120938864,0.44182752251564283,0.5294797170566705,0.8771729971996618
random,1,log_translation_proxy,rbs_recognition,2335,24,101066,0.3826767904370937,0.35785891107974355,0.8371358120938864,0.45445902165679275,0.5294797170566705,0.8873386281364141
random,1,log_translation_proxy,rbs_recognition,2335,25,101067,0.33287057028361533,0.3121244145050802,0.8371358120938864,0.5042652418102711,0.5294797170566705,0.8416041315617507
random,1,log_translation_proxy,rbs_recognition,2335,26,101068,0.30658407091077877,0.3037647463677,0.8371358120938864,0.5305517411831077,0.5294797170566705,0.8332444634243705
random,1,log_translation_proxy,rbs_recognition,2335,27,101069,0.3567613012484492,0.3221747844080973,0.8371358120938864,0.48037451084543725,0.5294797170566705,0.8516545014647678
random,1,log_translation_proxy,rbs_recognition,2335,28,101070,0.352325666417693,0.33838960875135593,0.8371358120938864,0.48481014567619346,0.5294797170566705,0.8678693258080264
random,1,log_translation_proxy,rbs_recognition,2335,29,101071,0.3149597596355145,0.3183106510122161,0.8371358120938864,0.522176052458372,0.5294797170566705,0.8477903680688866
random,1,log_translation_proxy,transcript_accessibility,2335,0,201042,0.19274176663910436,0.23372026460727469,0.8371358120938864,0.6443940454547821,0.5294797170566705,0.7631999816639452
random,1,log_translation_proxy,transcript_accessibility,2335,1,201043,0.18544297678016564,0.22300215713377558,0.8371358120938864,0.6516928353137208,0.5294797170566705,0.7524818741904461
random,1,log_translation_proxy,transcript_accessibility,2335,2,201044,0.19352391074019049,0.22577629864476279,0.8371358120938864,0.643611901353696,0.5294797170566705,0.7552560157014333
random,1,log_translation_proxy,transcript_accessibility,2335,3,201045,0.20121572836063906,0.2327520943030863,0.8371358120938864,0.6359200837332474,0.5294797170566705,0.7622318113597568
random,1,log_translation_proxy,transcript_accessibility,2335,4,201046,0.20512719509578126,0.2388063324965175,0.8371358120938864,0.6320086169981052,0.5294797170566705,0.768286049553188
random,1,log_translation_proxy,transcript_accessibility,2335,5,201047,0.20901970515071988,0.2348491812661917,0.8371358120938864,0.6281161069431666,0.5294797170566705,0.7643288983228622
random,1,log_translation_proxy,transcript_accessibility,2335,6,201048,0.1974182582371451,0.2442533390835102,0.8371358120938864,0.6397175538567413,0.5294797170566705,0.7737330561401807
random,1,log_translation_proxy,transcript_accessibility,2335,7,201049,0.19621156349063662,0.23435454808119027,0.8371358120938864,0.6409242486032498,0.5294797170566705,0.7638342651378608
random,1,log_translation_proxy,transcript_accessibility,2335,8,201050,0.20108334917216408,0.23042897837415854,0.8371358120938864,0.6360524629217224,0.5294797170566705,0.7599086954308291
random,1,log_translation_proxy,transcript_accessibility,2335,9,201051,0.2050443044407344,0.23219326934663387,0.8371358120938864,0.632091507653152,0.5294797170566705,0.7616729864033044
random,1,log_translation_proxy,transcript_accessibility,2335,10,201052,0.19145647537492505,0.2287702728556804,0.8371358120938864,0.6456793367189614,0.5294797170566705,0.7582499899123509
random,1,log_translation_proxy,transcript_accessibility,2335,11,201053,0.19415979545954787,0.22107407483425323,0.8371358120938864,0.6429760166343386,0.5294797170566705,0.7505537918909237
random,1,log_translation_proxy,transcript_accessibility,2335,12,201054,0.19822628337499448,0.23182298322584927,0.8371358120938864,0.638909528718892,0.5294797170566705,0.7613027002825198
random,1,log_translation_proxy,transcript_accessibility,2335,13,201055,0.19559006435641169,0.22960625071691831,0.8371358120938864,0.6415457477374747,0.5294797170566705,0.7590859677735888
random,1,log_translation_proxy,transcript_accessibility,2335,14,201056,0.19421037945219133,0.22828315242188013,0.8371358120938864,0.6429254326416951,0.5294797170566705,0.7577628694785506
random,1,log_translation_proxy,transcript_accessibility,2335,15,201057,0.1974303329058248,0.22180525919845961,0.8371358120938864,0.6397054791880616,0.5294797170566705,0.7512849762551301
random,1,log_translation_proxy,transcript_accessibility,2335,16,201058,0.19137723771572313,0.23533077774090172,0.8371358120938864,0.6457585743781633,0.5294797170566705,0.7648104947975722
random,1,log_translation_proxy,transcript_accessibility,2335,17,201059,0.195687157242313,0.22867994043863882,0.8371358120938864,0.6414486548515734,0.5294797170566705,0.7581596574953093
random,1,log_translation_proxy,transcript_accessibility,2335,18,201060,0.18125293540794996,0.21720147443639093,0.8371358120938864,0.6558828766859365,0.5294797170566705,0.7466811914930614
random,1,log_translation_proxy,transcript_accessibility,2335,19,201061,0.20418400855656915,0.23703180226858367,0.8371358120938864,0.6329518035373173,0.5294797170566705,0.7665115193252542
random,1,log_translation_proxy,transcript_accessibility,2335,20,201062,0.203773389320844,0.22853040444030226,0.8371358120938864,0.6333624227730424,0.5294797170566705,0.7580101214969728
random,1,log_translation_proxy,transcript_accessibility,2335,21,201063,0.17980356045481238,0.21416160443212173,0.8371358120938864,0.657332251639074,0.5294797170566705,0.7436413214887923
random,1,log_translation_proxy,transcript_accessibility,2335,22,201064,0.19463072145332438,0.2243765102712062,0.8371358120938864,0.642505090640562,0.5294797170566705,0.7538562273278767
random,1,log_translation_proxy,transcript_accessibility,2335,23,201065,0.19528176449302614,0.22673800265971888,0.8371358120938864,0.6418540476008603,0.5294797170566705,0.7562177197163894
random,1,log_translation_proxy,transcript_accessibility,2335,24,201066,0.19479288162649588,0.23684587718213845,0.8371358120938864,0.6423429304673905,0.5294797170566705,0.766325594238809
random,1,log_translation_proxy,transcript_accessibility,2335,25,201067,0.20907569848897933,0.2365164791344344,0.8371358120938864,0.6280601136049071,0.5294797170566705,0.7659961961911049
random,1,log_translation_proxy,transcript_accessibility,2335,26,201068,0.19789570439484194,0.23112264068862842,0.8371358120938864,0.6392401076990445,0.5294797170566705,0.7606023577452989
random,1,log_translation_proxy,transcript_accessibility,2335,27,201069,0.20601218215107253,0.23030723580642654,0.8371358120938864,0.6311236299428139,0.5294797170566705,0.759786952863097
random,1,log_translation_proxy,transcript_accessibility,2335,28,201070,0.19915720120223002,0.23584906540823192,0.8371358120938864,0.6379786108916564,0.5294797170566705,0.7653287824649024
random,1,log_translation_proxy,transcript_accessibility,2335,29,201071,0.1889818399903398,0.22135548975046515,0.8371358120938864,0.6481539721035466,0.5294797170566705,0.7508352068071357
random,1,log_prot,promoter_recognition,2335,0,11042,0.6027240741257711,0.9605065834958999,0.9017067054577136,0.2989826313319424,0.6268525581486437,1.5873591416445436
random,1,log_prot,promoter_recognition,2335,1,11043,0.6386301772226797,1.0336061623304755,0.9017067054577136,0.26307652823503386,0.6268525581486437,1.6604587204791192
random,1,log_prot,promoter_recognition,2335,2,11044,0.5492805361090197,0.9290293552639994,0.9017067054577136,0.35242616934869386,0.6268525581486437,1.5558819134126431
random,1,log_prot,promoter_recognition,2335,3,11045,0.5916777731780614,0.9907252241660258,0.9017067054577136,0.3100289322796522,0.6268525581486437,1.6175777823146695
random,1,log_prot,promoter_recognition,2335,4,11046,0.5764282760400157,0.9705293035391938,0.9017067054577136,0.3252784294176979,0.6268525581486437,1.5973818616878375
random,1,log_prot,promoter_recognition,2335,5,11047,0.6491280165106519,1.0342847459145112,0.9017067054577136,0.25257868894706165,0.6268525581486437,1.661137304063155
random,1,log_prot,promoter_recognition,2335,6,11048,0.5710228165017002,0.9191073343120142,0.9017067054577136,0.33068388895601347,0.6268525581486437,1.545959892460658
random,1,log_prot,promoter_recognition,2335,7,11049,0.5136756991263888,0.8941729913677026,0.9017067054577136,0.3880310063313248,0.6268525581486437,1.5210255495163463
random,1,log_prot,promoter_recognition,2335,8,11050,0.6070830962187086,1.0226588564758115,0.9017067054577136,0.294623609239005,0.6268525581486437,1.6495114146244552
random,1,log_prot,promoter_recognition,2335,9,11051,0.6223369364788309,1.0143753611104631,0.9017067054577136,0.27936976897888266,0.6268525581486437,1.6412279192591068
random,1,log_prot,promoter_recognition,2335,10,11052,0.574910401544477,0.9424921412708647,0.9017067054577136,0.3267963039132365,0.6268525581486437,1.5693446994195084
random,1,log_prot,promoter_recognition,2335,11,11053,0.577193782312317,0.9658265567374995,0.9017067054577136,0.32451292314539654,0.6268525581486437,1.5926791148861432
random,1,log_prot,promoter_recognition,2335,12,11054,0.6133375216304794,1.0243103590735139,0.9017067054577136,0.2883691838272342,0.6268525581486437,1.6511629172221576
random,1,log_prot,promoter_recognition,2335,13,11055,0.6060025082350502,0.9715938853943271,0.9017067054577136,0.2957041972226634,0.6268525581486437,1.5984464435429708
random,1,log_prot,promoter_recognition,2335,14,11056,0.6516187805619728,1.069289975950273,0.9017067054577136,0.25008792489574083,0.6268525581486437,1.6961425340989167
random,1,log_prot,promoter_recognition,2335,15,11057,0.498789556106153,0.838832314855821,0.9017067054577136,0.4029171493515606,0.6268525581486437,1.4656848730044647
random,1,log_prot,promoter_recognition,2335,16,11058,0.5847505149005952,0.9500806550302607,0.9017067054577136,0.3169561905571185,0.6268525581486437,1.5769332131789044
random,1,log_prot,promoter_recognition,2335,17,11059,0.6363771468832247,1.0372770194970184,0.9017067054577136,0.265329558574489,0.6268525581486437,1.6641295776456622
random,1,log_prot,promoter_recognition,2335,18,11060,0.5834062903837184,0.921952967761714,0.9017067054577136,0.3183004150739952,0.6268525581486437,1.5488055259103577
random,1,log_prot,promoter_recognition,2335,19,11061,0.599103416337078,0.962402449684457,0.9017067054577136,0.3026032891206356,0.6268525581486437,1.5892550078331007
random,1,log_prot,promoter_recognition,2335,20,11062,0.6283768601780114,1.0306463772237728,0.9017067054577136,0.27332984527970217,0.6268525581486437,1.6574989353724165
random,1,log_prot,promoter_recognition,2335,21,11063,0.5606624853600317,0.8947213841811972,0.9017067054577136,0.3410442200976819,0.6268525581486437,1.521573942329841
random,1,log_prot,promoter_recognition,2335,22,11064,0.6359303106690521,1.026686464082624,0.9017067054577136,0.2657763947886615,0.6268525581486437,1.6535390222312678
random,1,log_prot,promoter_recognition,2335,23,11065,0.6258975231362569,1.0085326885684314,0.9017067054577136,0.27580918232145674,0.6268525581486437,1.635385246717075
random,1,log_prot,promoter_recognition,2335,24,11066,0.5405320464028052,0.9002784215358639,0.9017067054577136,0.36117465905490836,0.6268525581486437,1.5271309796845076
random,1,log_prot,promoter_recognition,2335,25,11067,0.6855558447545683,1.0667288681195177,0.9017067054577136,0.21615086070314524,0.6268525581486437,1.6935814262681614
random,1,log_prot,promoter_recognition,2335,26,11068,0.5685683129133887,0.9142060922524728,0.9017067054577136,0.3331383925443249,0.6268525581486437,1.5410586504011166
random,1,log_prot,promoter_recognition,2335,27,11069,0.5995398759784896,0.9689844151059666,0.9017067054577136,0.30216682947922396,0.6268525581486437,1.5958369732546103
random,1,log_prot,promoter_recognition,2335,28,11070,0.6059887100739431,0.9804625907469129,0.9017067054577136,0.2957179953837705,0.6268525581486437,1.6073151488955566
random,1,log_prot,promoter_recognition,2335,29,11071,0.5911267950108983,0.9608083773920901,0.9017067054577136,0.31057991044681527,0.6268525581486437,1.5876609355407338
random,1,log_prot,rbs_recognition,2335,0,111042,0.28058267470671217,0.49161455515738206,0.9017067054577136,0.6211240307510014,0.6268525581486437,1.1184671133060258
random,1,log_prot,rbs_recognition,2335,1,111043,0.34073453250923125,0.5886668686558876,0.9017067054577136,0.5609721729484823,0.6268525581486437,1.2155194268045313
random,1,log_prot,rbs_recognition,2335,2,111044,0.3109832254309701,0.5331097557949234,0.9017067054577136,0.5907234800267435,0.6268525581486437,1.159962313943567
random,1,log_prot,rbs_recognition,2335,3,111045,0.28314241899368076,0.48879014512815844,0.9017067054577136,0.6185642864640328,0.6268525581486437,1.1156427032768022
random,1,log_prot,rbs_recognition,2335,4,111046,0.25838276167383833,0.4554288240606361,0.9017067054577136,0.6433239437838753,0.6268525581486437,1.0822813822092798
random,1,log_prot,rbs_recognition,2335,5,111047,0.2609618164692694,0.4681803883523916,0.9017067054577136,0.6407448889884442,0.6268525581486437,1.0950329465010353
random,1,log_prot,rbs_recognition,2335,6,111048,0.2560801269552829,0.48742613198477414,0.9017067054577136,0.6456265785024307,0.6268525581486437,1.1142786901334178
random,1,log_prot,rbs_recognition,2335,7,111049,0.28765571810628066,0.5132713764936017,0.9017067054577136,0.6140509873514329,0.6268525581486437,1.1401239346422454
random,1,log_prot,rbs_recognition,2335,8,111050,0.31192171352564146,0.5318000150239641,0.9017067054577136,0.5897849919320721,0.6268525581486437,1.1586525731726078
random,1,log_prot,rbs_recognition,2335,9,111051,0.30713022539656665,0.5283102258493717,0.9017067054577136,0.5945764800611469,0.6268525581486437,1.1551627839980154
random,1,log_prot,rbs_recognition,2335,10,111052,0.2657381762442109,0.4962592496948115,0.9017067054577136,0.6359685292135027,0.6268525581486437,1.1231118078434552
random,1,log_prot,rbs_recognition,2335,11,111053,0.2772582847999169,0.5078153836865653,0.9017067054577136,0.6244484206577967,0.6268525581486437,1.134667941835209
random,1,log_prot,rbs_recognition,2335,12,111054,0.28001575742988294,0.4772150104310613,0.9017067054577136,0.6216909480278306,0.6268525581486437,1.104067568579705
random,1,log_prot,rbs_recognition,2335,13,111055,0.3279903135932052,0.5803004425209428,0.9017067054577136,0.5737163918645084,0.6268525581486437,1.2071530006695865
random,1,log_prot,rbs_recognition,2335,14,111056,0.286331724090538,0.5130506051709958,0.9017067054577136,0.6153749813671756,0.6268525581486437,1.1399031633196395
random,1,log_prot,rbs_recognition,2335,15,111057,0.285364944321176,0.5236855816964792,0.9017067054577136,0.6163417611365376,0.6268525581486437,1.1505381398451229
random,1,log_prot,rbs_recognition,2335,16,111058,0.26862643374415685,0.4979428748712369,0.9017067054577136,0.6330802717135567,0.6268525581486437,1.1247954330198806
random,1,log_prot,rbs_recognition,2335,17,111059,0.28043294550742115,0.5036637135396345,0.9017067054577136,0.6212737599502924,0.6268525581486437,1.1305162716882782
random,1,log_prot,rbs_recognition,2335,18,111060,0.2203893330375445,0.416670477756504,0.9017067054577136,0.6813173724201691,0.6268525581486437,1.0435230359051477
random,1,log_prot,rbs_recognition,2335,19,111061,0.3111672301462929,0.5658794219379677,0.9017067054577136,0.5905394753114207,0.6268525581486437,1.1927319800866114
random,1,log_prot,rbs_recognition,2335,20,111062,0.30588384945550195,0.5229563868063807,0.9017067054577136,0.5958228560022116,0.6268525581486437,1.1498089449550244
random,1,log_prot,rbs_recognition,2335,21,111063,0.25114406384920485,0.4427318081967917,0.9017067054577136,0.6505626416085087,0.6268525581486437,1.0695843663454354
random,1,log_prot,rbs_recognition,2335,22,111064,0.29259152751861617,0.5279640269372488,0.9017067054577136,0.6091151779390974,0.6268525581486437,1.1548165850858925
random,1,log_prot,rbs_recognition,2335,23,111065,0.26734999520435854,0.49573416604567355,0.9017067054577136,0.634356710253355,0.6268525581486437,1.1225867241943173
random,1,log_prot,rbs_recognition,2335,24,111066,0.2859893975318576,0.5163843181185328,0.9017067054577136,0.615717307925856,0.6268525581486437,1.1432368762671765
random,1,log_prot,rbs_recognition,2335,25,111067,0.20398950527901494,0.3825065623303838,0.9017067054577136,0.6977172001786986,0.6268525581486437,1.0093591204790275
random,1,log_prot,rbs_recognition,2335,26,111068,0.2716139000159473,0.4807009577310577,0.9017067054577136,0.6300928054417663,0.6268525581486437,1.1075535158797014
random,1,log_prot,rbs_recognition,2335,27,111069,0.31528958695404097,0.572921748114573,0.9017067054577136,0.5864171185036726,0.6268525581486437,1.1997743062632167
random,1,log_prot,rbs_recognition,2335,28,111070,0.26531667140804205,0.4892773838198001,0.9017067054577136,0.6363900340496715,0.6268525581486437,1.1161299419684438
random,1,log_prot,rbs_recognition,2335,29,111071,0.31231263527463493,0.5492620483309716,0.9017067054577136,0.5893940701830787,0.6268525581486437,1.1761146064796153
random,1,log_prot,transcript_accessibility,2335,0,211042,0.13536248936186346,0.27570928403224415,0.9017067054577136,0.7663442160958501,0.6268525581486437,0.9025618421808879
random,1,log_prot,transcript_accessibility,2335,1,211043,0.1373631263711752,0.27025394667584535,0.9017067054577136,0.7643435790865384,0.6268525581486437,0.8971065048244891
random,1,log_prot,transcript_accessibility,2335,2,211044,0.1344565130115728,0.269832525283876,0.9017067054577136,0.7672501924461408,0.6268525581486437,0.8966850834325197
random,1,log_prot,transcript_accessibility,2335,3,211045,0.14460516277586133,0.29047731358381734,0.9017067054577136,0.7571015426818523,0.6268525581486437,0.917329871732461
random,1,log_prot,transcript_accessibility,2335,4,211046,0.13493587597433176,0.27609889785626474,0.9017067054577136,0.7667708294833818,0.6268525581486437,0.9029514560049084
random,1,log_prot,transcript_accessibility,2335,5,211047,0.1430132951725397,0.2902149309234807,0.9017067054577136,0.7586934102851739,0.6268525581486437,0.9170674890721244
random,1,log_prot,transcript_accessibility,2335,6,211048,0.13282448132970825,0.2764482469789057,0.9017067054577136,0.7688822241280053,0.6268525581486437,0.9033008051275494
random,1,log_prot,transcript_accessibility,2335,7,211049,0.14179883183490216,0.29763663299488063,0.9017067054577136,0.7599078736228114,0.6268525581486437,0.9244891911435243
random,1,log_prot,transcript_accessibility,2335,8,211050,0.14366287636470354,0.2888853433095194,0.9017067054577136,0.75804382909301,0.6268525581486437,0.9157379014581631
random,1,log_prot,transcript_accessibility,2335,9,211051,0.13744561517635545,0.28097698545456573,0.9017067054577136,0.7642610902813581,0.6268525581486437,0.9078295436032094
random,1,log_prot,transcript_accessibility,2335,10,211052,0.1477492637139901,0.29023242600998067,0.9017067054577136,0.7539574417437235,0.6268525581486437,0.9170849841586244
random,1,log_prot,transcript_accessibility,2335,11,211053,0.1548055345349011,0.3077883236635516,0.9017067054577136,0.7469011709228125,0.6268525581486437,0.9346408818121953
random,1,log_prot,transcript_accessibility,2335,12,211054,0.14028604551230361,0.2794708524638696,0.9017067054577136,0.76142065994541,0.6268525581486437,0.9063234106125133
random,1,log_prot,transcript_accessibility,2335,13,211055,0.14230575392904654,0.2837357952617342,0.9017067054577136,0.759400951528667,0.6268525581486437,0.9105883534103779
random,1,log_prot,transcript_accessibility,2335,14,211056,0.1402473861604674,0.2818278126139112,0.9017067054577136,0.7614593192972462,0.6268525581486437,0.9086803707625549
random,1,log_prot,transcript_accessibility,2335,15,211057,0.1413975110113611,0.2844470889627626,0.9017067054577136,0.7603091944463525,0.6268525581486437,0.9112996471114063
random,1,log_prot,transcript_accessibility,2335,16,211058,0.15337537104186105,0.3020724244985855,0.9017067054577136,0.7483313344158525,0.6268525581486437,0.9289249826472292
random,1,log_prot,transcript_accessibility,2335,17,211059,0.14423093261383346,0.2813937476008107,0.9017067054577136,0.7574757728438801,0.6268525581486437,0.9082463057494544
random,1,log_prot,transcript_accessibility,2335,18,211060,0.14377768107531086,0.2880315607577082,0.9017067054577136,0.7579290243824027,0.6268525581486437,0.9148841189063519
random,1,log_prot,transcript_accessibility,2335,19,211061,0.13936886978963092,0.28433935226773643,0.9017067054577136,0.7623378356680827,0.6268525581486437,0.9111919104163801
random,1,log_prot,transcript_accessibility,2335,20,211062,0.14251322051758897,0.29497732653111464,0.9017067054577136,0.7591934849401246,0.6268525581486437,0.9218298846797583
random,1,log_prot,transcript_accessibility,2335,21,211063,0.13982679239626195,0.2883333998101424,0.9017067054577136,0.7618799130614516,0.6268525581486437,0.9151859579587861
random,1,log_prot,transcript_accessibility,2335,22,211064,0.15050651986999586,0.2995244704242892,0.9017067054577136,0.7512001855877177,0.6268525581486437,0.9263770285729329
random,1,log_prot,transcript_accessibility,2335,23,211065,0.14523544169187286,0.28783986638639614,0.9017067054577136,0.7564712637658407,0.6268525581486437,0.9146924245350398
random,1,log_prot,transcript_accessibility,2335,24,211066,0.14654568575411397,0.29811867781832746,0.9017067054577136,0.7551610197035996,0.6268525581486437,0.9249712359669712
random,1,log_prot,transcript_accessibility,2335,25,211067,0.15023536807403648,0.2950022962934502,0.9017067054577136,0.7514713373836771,0.6268525581486437,0.9218548544420939
random,1,log_prot,transcript_accessibility,2335,26,211068,0.14063850976233738,0.285003458057693,0.9017067054577136,0.7610681956953762,0.6268525581486437,0.9118560162063367
random,1,log_prot,transcript_accessibility,2335,27,211069,0.13626916475213868,0.27783194775499565,0.9017067054577136,0.7654375407055749,0.6268525581486437,0.9046845059036394
random,1,log_prot,transcript_accessibility,2335,28,211070,0.15184707394404906,0.29821094892070166,0.9017067054577136,0.7498596315136645,0.6268525581486437,0.9250635070693454
random,1,log_prot,transcript_accessibility,2335,29,211071,0.1423760038642422,0.28553756945972353,0.9017067054577136,0.7593307015934714,0.6268525581486437,0.9123901276083672
random,2,log_translation_proxy,promoter_recognition,2334,0,2042,0.31827360712164243,0.3176999321578453,0.8281410294511387,0.5098674223294962,0.5463443528027339,0.8640442849605792
random,2,log_translation_proxy,promoter_recognition,2334,1,2043,0.25337068443616473,0.2410955640139164,0.8281410294511387,0.5747703450149739,0.5463443528027339,0.7874399168166503
random,2,log_translation_proxy,promoter_recognition,2334,2,2044,0.28881661580691376,0.2956082232749806,0.8281410294511387,0.5393244136442249,0.5463443528027339,0.8419525760777145
random,2,log_translation_proxy,promoter_recognition,2334,3,2045,0.34404177685724324,0.335746602721404,0.8281410294511387,0.4840992525938954,0.5463443528027339,0.8820909555241379
random,2,log_translation_proxy,promoter_recognition,2334,4,2046,0.2700081549785045,0.27630145825392716,0.8281410294511387,0.5581328744726342,0.5463443528027339,0.822645811056661
random,2,log_translation_proxy,promoter_recognition,2334,5,2047,0.32884791694163495,0.30795033741240696,0.8281410294511387,0.4992931125095037,0.5463443528027339,0.8542946902151408
random,2,log_translation_proxy,promoter_recognition,2334,6,2048,0.29592501965226237,0.28851504629470703,0.8281410294511387,0.5322160097988763,0.5463443528027339,0.8348593990974409
random,2,log_translation_proxy,promoter_recognition,2334,7,2049,0.331375872817538,0.31377791793386034,0.8281410294511387,0.49676515663360066,0.5463443528027339,0.8601222707365942
random,2,log_translation_proxy,promoter_recognition,2334,8,2050,0.33023097922247535,0.30342897446150885,0.8281410294511387,0.4979100502286633,0.5463443528027339,0.8497733272642427
random,2,log_translation_proxy,promoter_recognition,2334,9,2051,0.35281279978979285,0.34227000954545606,0.8281410294511387,0.4753282296613458,0.5463443528027339,0.8886143623481899
random,2,log_translation_proxy,promoter_recognition,2334,10,2052,0.30151542003143295,0.293486843981841,0.8281410294511387,0.5266256094197057,0.5463443528027339,0.8398311967845749
random,2,log_translation_proxy,promoter_recognition,2334,11,2053,0.3754166113081326,0.32652592146707526,0.8281410294511387,0.45272441814300607,0.5463443528027339,0.8728702742698091
random,2,log_translation_proxy,promoter_recognition,2334,12,2054,0.36574020212627684,0.3556228303303457,0.8281410294511387,0.4624008273248618,0.5463443528027339,0.9019671831330796
random,2,log_translation_proxy,promoter_recognition,2334,13,2055,0.3413360769149335,0.3133520393270357,0.8281410294511387,0.48680495253620515,0.5463443528027339,0.8596963921297696
random,2,log_translation_proxy,promoter_recognition,2334,14,2056,0.32488067016921374,0.3203686035749749,0.8281410294511387,0.5032603592819249,0.5463443528027339,0.8667129563777087
random,2,log_translation_proxy,promoter_recognition,2334,15,2057,0.30864191163412946,0.3091763347701594,0.8281410294511387,0.5194991178170092,0.5463443528027339,0.8555206875728932
random,2,log_translation_proxy,promoter_recognition,2334,16,2058,0.31126399064955157,0.2938797912032116,0.8281410294511387,0.5168770388015871,0.5463443528027339,0.8402241440059455
random,2,log_translation_proxy,promoter_recognition,2334,17,2059,0.35101660105111354,0.32535838206362333,0.8281410294511387,0.4771244284000251,0.5463443528027339,0.8717027348663572
random,2,log_translation_proxy,promoter_recognition,2334,18,2060,0.307305249618015,0.3030673303880286,0.8281410294511387,0.5208357798331237,0.5463443528027339,0.8494116831907624
random,2,log_translation_proxy,promoter_recognition,2334,19,2061,0.33384848110832055,0.3107216039893036,0.8281410294511387,0.4942925483428181,0.5463443528027339,0.8570659567920375
random,2,log_translation_proxy,promoter_recognition,2334,20,2062,0.3362850167566485,0.3096352733352068,0.8281410294511387,0.49185601269449014,0.5463443528027339,0.8559796261379407
random,2,log_translation_proxy,promoter_recognition,2334,21,2063,0.25418911997788884,0.2527165361165329,0.8281410294511387,0.5739519094732498,0.5463443528027339,0.7990608889192667
random,2,log_translation_proxy,promoter_recognition,2334,22,2064,0.3254943105953645,0.33435587234557784,0.8281410294511387,0.5026467188557742,0.5463443528027339,0.8807002251483117
random,2,log_translation_proxy,promoter_recognition,2334,23,2065,0.28381540878577427,0.29361192148945114,0.8281410294511387,0.5443256206653644,0.5463443528027339,0.839956274292185
random,2,log_translation_proxy,promoter_recognition,2334,24,2066,0.3217025386447815,0.3141737174438779,0.8281410294511387,0.5064384908063572,0.5463443528027339,0.8605180702466118
random,2,log_translation_proxy,promoter_recognition,2334,25,2067,0.3503390624792759,0.33093486747652145,0.8281410294511387,0.4778019669718628,0.5463443528027339,0.8772792202792553
random,2,log_translation_proxy,promoter_recognition,2334,26,2068,0.31180728361236,0.3107715809983519,0.8281410294511387,0.5163337458387787,0.5463443528027339,0.8571159338010857
random,2,log_translation_proxy,promoter_recognition,2334,27,2069,0.3052403900990516,0.2825085931222757,0.8281410294511387,0.5229006393520871,0.5463443528027339,0.8288529459250096
random,2,log_translation_proxy,promoter_recognition,2334,28,2070,0.3230196327901672,0.3088769535402218,0.8281410294511387,0.5051213966609714,0.5463443528027339,0.8552213063429557
random,2,log_translation_proxy,promoter_recognition,2334,29,2071,0.302619027898548,0.29397397430561334,0.8281410294511387,0.5255220015525907,0.5463443528027339,0.8403183271083472
random,2,log_translation_proxy,rbs_recognition,2334,0,102042,0.31261409541545115,0.2970446555737368,0.8281410294511387,0.5155269340356875,0.5463443528027339,0.8433890083764707
random,2,log_translation_proxy,rbs_recognition,2334,1,102043,0.37744116985317505,0.33117563963501273,0.8281410294511387,0.4506998595979636,0.5463443528027339,0.8775199924377466
random,2,log_translation_proxy,rbs_recognition,2334,2,102044,0.3931692026950439,0.35491452716935157,0.8281410294511387,0.43497182675609475,0.5463443528027339,0.9012588799720854
random,2,log_translation_proxy,rbs_recognition,2334,3,102045,0.36482981505719636,0.3594048426786485,0.8281410294511387,0.4633112143939423,0.5463443528027339,0.9057491954813823
random,2,log_translation_proxy,rbs_recognition,2334,4,102046,0.3535238178216994,0.33056294922324037,0.8281410294511387,0.47461721162943926,0.5463443528027339,0.8769073020259742
random,2,log_translation_proxy,rbs_recognition,2334,5,102047,0.4344660601695965,0.40515343147711347,0.8281410294511387,0.39367496928154216,0.5463443528027339,0.9514977842798473
random,2,log_translation_proxy,rbs_recognition,2334,6,102048,0.30996809325215446,0.3052740285932246,0.8281410294511387,0.5181729361989842,0.5463443528027339,0.8516183813959585
random,2,log_translation_proxy,rbs_recognition,2334,7,102049,0.31992193179826134,0.3158059361418334,0.8281410294511387,0.5082190976528773,0.5463443528027339,0.8621502889445672
random,2,log_translation_proxy,rbs_recognition,2334,8,102050,0.37450206597708174,0.3546416869283885,0.8281410294511387,0.4536389634740569,0.5463443528027339,0.9009860397311223
random,2,log_translation_proxy,rbs_recognition,2334,9,102051,0.3201581284199948,0.30065538506992684,0.8281410294511387,0.5079829010311439,0.5463443528027339,0.8469997378726607
random,2,log_translation_proxy,rbs_recognition,2334,10,102052,0.41358000812264595,0.37598159054420643,0.8281410294511387,0.4145610213284927,0.5463443528027339,0.9223259433469403
random,2,log_translation_proxy,rbs_recognition,2334,11,102053,0.38509891581583233,0.3381023249010371,0.8281410294511387,0.4430421136353063,0.5463443528027339,0.884446677703771
random,2,log_translation_proxy,rbs_recognition,2334,12,102054,0.4030130364451473,0.3827283277595641,0.8281410294511387,0.42512799300599136,0.5463443528027339,0.929072680562298
random,2,log_translation_proxy,rbs_recognition,2334,13,102055,0.3438585034454688,0.33032743250697993,0.8281410294511387,0.48428252600566984,0.5463443528027339,0.8766717853097138
random,2,log_translation_proxy,rbs_recognition,2334,14,102056,0.40050671574373076,0.3675827077886289,0.8281410294511387,0.4276343137074079,0.5463443528027339,0.9139270605913627
random,2,log_translation_proxy,rbs_recognition,2334,15,102057,0.2944370096896145,0.29520599453765906,0.8281410294511387,0.5337040197615242,0.5463443528027339,0.8415503473403929
random,2,log_translation_proxy,rbs_recognition,2334,16,102058,0.40123626330361434,0.37353780455625796,0.8281410294511387,0.4269047661475243,0.5463443528027339,0.9198821573589918
random,2,log_translation_proxy,rbs_recognition,2334,17,102059,0.36061082591087623,0.3504575902618178,0.8281410294511387,0.4675302035402624,0.5463443528027339,0.8968019430645516
random,2,log_translation_proxy,rbs_recognition,2334,18,102060,0.35738688173809524,0.33314031570256797,0.8281410294511387,0.4707541477130434,0.5463443528027339,0.8794846685053018
random,2,log_translation_proxy,rbs_recognition,2334,19,102061,0.3449598003255523,0.3415437818633068,0.8281410294511387,0.48318122912558636,0.5463443528027339,0.8878881346660407
random,2,log_translation_proxy,rbs_recognition,2334,20,102062,0.35057542698426297,0.3390014329223586,0.8281410294511387,0.4775656024668757,0.5463443528027339,0.8853457857250925
random,2,log_translation_proxy,rbs_recognition,2334,21,102063,0.39470703239517924,0.35558728660991323,0.8281410294511387,0.4334339970559594,0.5463443528027339,0.9019316394126471
random,2,log_translation_proxy,rbs_recognition,2334,22,102064,0.3521780186554668,0.3500933983772063,0.8281410294511387,0.4759630107956719,0.5463443528027339,0.8964377511799402
random,2,log_translation_proxy,rbs_recognition,2334,23,102065,0.3305264735728419,0.3203806554991394,0.8281410294511387,0.4976145558782968,0.5463443528027339,0.8667250083018733
random,2,log_translation_proxy,rbs_recognition,2334,24,102066,0.3189800805125558,0.32132963437283146,0.8281410294511387,0.5091609489385829,0.5463443528027339,0.8676739871755653
random,2,log_translation_proxy,rbs_recognition,2334,25,102067,0.35901309066105597,0.3429472357651514,0.8281410294511387,0.4691279387900827,0.5463443528027339,0.8892915885678853
random,2,log_translation_proxy,rbs_recognition,2334,26,102068,0.39518090257940053,0.37416276751806155,0.8281410294511387,0.4329601268717381,0.5463443528027339,0.9205071203207954
random,2,log_translation_proxy,rbs_recognition,2334,27,102069,0.2738414951888175,0.2579459724837173,0.8281410294511387,0.5542995342623211,0.5463443528027339,0.8042903252864512
random,2,log_translation_proxy,rbs_recognition,2334,28,102070,0.25697310769317283,0.2476789766387879,0.8281410294511387,0.5711679217579658,0.5463443528027339,0.7940233294415218
random,2,log_translation_proxy,rbs_recognition,2334,29,102071,0.4070824084842967,0.36487802463719265,0.8281410294511387,0.42105862096684193,0.5463443528027339,0.9112223774399265
random,2,log_translation_proxy,transcript_accessibility,2334,0,202042,0.18661869077803017,0.21431232974447134,0.8281410294511387,0.6415223386731085,0.5463443528027339,0.7606566825472052
random,2,log_translation_proxy,transcript_accessibility,2334,1,202043,0.20425210882011535,0.22658757596629087,0.8281410294511387,0.6238889206310233,0.5463443528027339,0.7729319287690247
random,2,log_translation_proxy,transcript_accessibility,2334,2,202044,0.20527043850592464,0.2293532924663232,0.8281410294511387,0.622870590945214,0.5463443528027339,0.775697645269057
random,2,log_translation_proxy,transcript_accessibility,2334,3,202045,0.20043703769673216,0.2225845740798218,0.8281410294511387,0.6277039917544065,0.5463443528027339,0.7689289268825557
random,2,log_translation_proxy,transcript_accessibility,2334,4,202046,0.18954401233585272,0.21753812060284727,0.8281410294511387,0.6385970171152859,0.5463443528027339,0.7638824734055811
random,2,log_translation_proxy,transcript_accessibility,2334,5,202047,0.19465906526147725,0.21586776229515592,0.8281410294511387,0.6334819641896614,0.5463443528027339,0.7622121150978898
random,2,log_translation_proxy,transcript_accessibility,2334,6,202048,0.19213061728204994,0.21888081493172495,0.8281410294511387,0.6360104121690887,0.5463443528027339,0.7652251677344588
random,2,log_translation_proxy,transcript_accessibility,2334,7,202049,0.19330829630613067,0.21526266700556274,0.8281410294511387,0.634832733145008,0.5463443528027339,0.7616070198082966
random,2,log_translation_proxy,transcript_accessibility,2334,8,202050,0.18929046258345816,0.22246308022682593,0.8281410294511387,0.6388505668676805,0.5463443528027339,0.7688074330295598
random,2,log_translation_proxy,transcript_accessibility,2334,9,202051,0.19251045827857438,0.21988214965975683,0.8281410294511387,0.6356305711725643,0.5463443528027339,0.7662265024624907
random,2,log_translation_proxy,transcript_accessibility,2334,10,202052,0.18145762427511858,0.2023004053248859,0.8281410294511387,0.6466834051760201,0.5463443528027339,0.7486447581276198
random,2,log_translation_proxy,transcript_accessibility,2334,11,202053,0.18965663866011817,0.22185380647538822,0.8281410294511387,0.6384843907910205,0.5463443528027339,0.7681981592781221
random,2,log_translation_proxy,transcript_accessibility,2334,12,202054,0.18839406143622683,0.21410027735625337,0.8281410294511387,0.6397469680149118,0.5463443528027339,0.7604446301589872
random,2,log_translation_proxy,transcript_accessibility,2334,13,202055,0.18661148694173657,0.2110726440543187,0.8281410294511387,0.6415295425094021,0.5463443528027339,0.7574169968570525
random,2,log_translation_proxy,transcript_accessibility,2334,14,202056,0.17936565364539403,0.2062558406823125,0.8281410294511387,0.6487753758057446,0.5463443528027339,0.7526001934850464
random,2,log_translation_proxy,transcript_accessibility,2334,15,202057,0.20244559535484563,0.23071284777817336,0.8281410294511387,0.625695434096293,0.5463443528027339,0.7770572005809072
random,2,log_translation_proxy,transcript_accessibility,2334,16,202058,0.18641542135959177,0.21263146073009687,0.8281410294511387,0.6417256080915469,0.5463443528027339,0.7589758135328307
random,2,log_translation_proxy,transcript_accessibility,2334,17,202059,0.19898525599462047,0.21877748339716285,0.8281410294511387,0.6291557734565182,0.5463443528027339,0.7651218361998967
random,2,log_translation_proxy,transcript_accessibility,2334,18,202060,0.19932284067094963,0.22482930001176638,0.8281410294511387,0.628818188780189,0.5463443528027339,0.7711736528145002
random,2,log_translation_proxy,transcript_accessibility,2334,19,202061,0.18865118568951478,0.21278280412215422,0.8281410294511387,0.6394898437616239,0.5463443528027339,0.7591271569248881
random,2,log_translation_proxy,transcript_accessibility,2334,20,202062,0.1855837842305098,0.2151470375327108,0.8281410294511387,0.6425572452206288,0.5463443528027339,0.7614913903354447
random,2,log_translation_proxy,transcript_accessibility,2334,21,202063,0.19061169083100793,0.2180539937383954,0.8281410294511387,0.6375293386201307,0.5463443528027339,0.7643983465411293
random,2,log_translation_proxy,transcript_accessibility,2334,22,202064,0.17922784160085836,0.2054497233426137,0.8281410294511387,0.6489131878502803,0.5463443528027339,0.7517940761453475
random,2,log_translation_proxy,transcript_accessibility,2334,23,202065,0.19190791507530713,0.22683481272952566,0.8281410294511387,0.6362331143758315,0.5463443528027339,0.7731791655322595
random,2,log_translation_proxy,transcript_accessibility,2334,24,202066,0.19100586388418783,0.2207106131055847,0.8281410294511387,0.6371351655669508,0.5463443528027339,0.7670549659083186
random,2,log_translation_proxy,transcript_accessibility,2334,25,202067,0.17969549335925183,0.21355855430041204,0.8281410294511387,0.6484455360918868,0.5463443528027339,0.7599029071031459
random,2,log_translation_proxy,transcript_accessibility,2334,26,202068,0.1891447235996383,0.21829605739376168,0.8281410294511387,0.6389963058515004,0.5463443528027339,0.7646404101964955
random,2,log_translation_proxy,transcript_accessibility,2334,27,202069,0.18450198258164363,0.21592508962848378,0.8281410294511387,0.643639046869495,0.5463443528027339,0.7622694424312176
random,2,log_translation_proxy,transcript_accessibility,2334,28,202070,0.17309220991265806,0.20437306451311166,0.8281410294511387,0.6550488195384806,0.5463443528027339,0.7507174173158455
random,2,log_translation_proxy,transcript_accessibility,2334,29,202071,0.212535714525237,0.22976634385473615,0.8281410294511387,0.6156053149259016,0.5463443528027339,0.77611069665747
random,2,log_prot,promoter_recognition,2334,0,12042,0.6011194163970199,0.9866059579826268,0.9014521573515764,0.30033274095455637,0.6288646646056198,1.6154706225882467
random,2,log_prot,promoter_recognition,2334,1,12043,0.5109952043204105,0.8707729651851291,0.9014521573515764,0.3904569530311659,0.6288646646056198,1.499637629790749
random,2,log_prot,promoter_recognition,2334,2,12044,0.6937917566510485,1.1073068172223017,0.9014521573515764,0.20766040070052783,0.6288646646056198,1.7361714818279217
random,2,log_prot,promoter_recognition,2334,3,12045,0.500722865571055,0.8853339242766703,0.9014521573515764,0.4007292917805213,0.6288646646056198,1.5141985888822902
random,2,log_prot,promoter_recognition,2334,4,12046,0.562457799303991,0.9065434999512828,0.9014521573515764,0.33899435804758543,0.6288646646056198,1.5354081645569027
random,2,log_prot,promoter_recognition,2334,5,12047,0.4520238649028727,0.7550196426714696,0.9014521573515764,0.44942829244870364,0.6288646646056198,1.3838843072770894
random,2,log_prot,promoter_recognition,2334,6,12048,0.5895808023841873,0.9703860523591267,0.9014521573515764,0.31187135496738905,0.6288646646056198,1.5992507169647465
random,2,log_prot,promoter_recognition,2334,7,12049,0.5766120686567379,0.9418252899059948,0.9014521573515764,0.3248400886948385,0.6288646646056198,1.5706899545116146
random,2,log_prot,promoter_recognition,2334,8,12050,0.5665524163484872,0.9469770774334753,0.9014521573515764,0.33489974100308917,0.6288646646056198,1.575841742039095
random,2,log_prot,promoter_recognition,2334,9,12051,0.5143923691932717,0.8707500865869174,0.9014521573515764,0.3870597881583047,0.6288646646056198,1.4996147511925373
random,2,log_prot,promoter_recognition,2334,10,12052,0.6611987952328953,1.0169509956706015,0.9014521573515764,0.24025336211868112,0.6288646646056198,1.6458156602762215
random,2,log_prot,promoter_recognition,2334,11,12053,0.5795298142295693,0.9375978536490258,0.9014521573515764,0.321922343122007,0.6288646646056198,1.5664625182546457
random,2,log_prot,promoter_recognition,2334,12,12054,0.6572301975655263,1.0602424418578331,0.9014521573515764,0.24422195978605013,0.6288646646056198,1.6891071064634529
random,2,log_prot,promoter_recognition,2334,13,12055,0.619212907248843,1.0511572168482464,0.9014521573515764,0.2822392501027333,0.6288646646056198,1.680021881453866
random,2,log_prot,promoter_recognition,2334,14,12056,0.6811107768470561,1.0736220030059043,0.9014521573515764,0.22034138050452018,0.6288646646056198,1.702486667611524
random,2,log_prot,promoter_recognition,2334,15,12057,0.6448732854090948,1.059383516430104,0.9014521573515764,0.2565788719424815,0.6288646646056198,1.6882481810357237
random,2,log_prot,promoter_recognition,2334,16,12058,0.542344308090599,0.9015686807785902,0.9014521573515764,0.35910784926097744,0.6288646646056198,1.53043334538421
random,2,log_prot,promoter_recognition,2334,17,12059,0.4976017989893043,0.8498103205723658,0.9014521573515764,0.40385035836227207,0.6288646646056198,1.4786749851779857
random,2,log_prot,promoter_recognition,2334,18,12060,0.49276435959322823,0.8108786206157398,0.9014521573515764,0.4086877977583481,0.6288646646056198,1.4397432852213596
random,2,log_prot,promoter_recognition,2334,19,12061,0.6369788012992688,1.0080659340878992,0.9014521573515764,0.26447335605230765,0.6288646646056198,1.6369305986935192
random,2,log_prot,promoter_recognition,2334,20,12062,0.7021290017027929,1.104951460963472,0.9014521573515764,0.19932315564878345,0.6288646646056198,1.7338161255690918
random,2,log_prot,promoter_recognition,2334,21,12063,0.5501985393109674,0.9455325318606466,0.9014521573515764,0.35125361804060895,0.6288646646056198,1.5743971964662664
random,2,log_prot,promoter_recognition,2334,22,12064,0.6106355881197549,1.0004062525848134,0.9014521573515764,0.2908165692318214,0.6288646646056198,1.6292709171904334
random,2,log_prot,promoter_recognition,2334,23,12065,0.6268363948209043,0.9826020114907966,0.9014521573515764,0.2746157625306721,0.6288646646056198,1.6114666760964165
random,2,log_prot,promoter_recognition,2334,24,12066,0.5678575926514747,0.9467829260606694,0.9014521573515764,0.3335945647001016,0.6288646646056198,1.5756475906662892
random,2,log_prot,promoter_recognition,2334,25,12067,0.6285748480638798,0.9825557999244784,0.9014521573515764,0.27287730928769655,0.6288646646056198,1.6114204645300982
random,2,log_prot,promoter_recognition,2334,26,12068,0.61944041140812,1.0099542719383359,0.9014521573515764,0.2820117459434563,0.6288646646056198,1.6388189365439556
random,2,log_prot,promoter_recognition,2334,27,12069,0.5613460252541451,0.9278972872640335,0.9014521573515764,0.3401061320974312,0.6288646646056198,1.5567619518696534
random,2,log_prot,promoter_recognition,2334,28,12070,0.5359291618653274,0.8933097907625419,0.9014521573515764,0.365522995486249,0.6288646646056198,1.5221744553681618
random,2,log_prot,promoter_recognition,2334,29,12071,0.581834446524903,0.9225491785227428,0.9014521573515764,0.3196177108266733,0.6288646646056198,1.5514138431283626
random,2,log_prot,rbs_recognition,2334,0,112042,0.2981194509264191,0.5134061313065618,0.9014521573515764,0.6033327064251572,0.6288646646056198,1.1422707959121816
random,2,log_prot,rbs_recognition,2334,1,112043,0.31643750182314945,0.5569849983959251,0.9014521573515764,0.5850146555284269,0.6288646646056198,1.185849663001545
random,2,log_prot,rbs_recognition,2334,2,112044,0.34418150528265756,0.6069929490711589,0.9014521573515764,0.5572706520689188,0.6288646646056198,1.2358576136767787
random,2,log_prot,rbs_recognition,2334,3,112045,0.33337663834688747,0.5758029906497707,0.9014521573515764,0.5680755190046889,0.6288646646056198,1.2046676552553905
random,2,log_prot,rbs_recognition,2334,4,112046,0.3349640270603198,0.6123723954211918,0.9014521573515764,0.5664881302912566,0.6288646646056198,1.2412370600268117
random,2,log_prot,rbs_recognition,2334,5,112047,0.2901508211961862,0.49986883857274955,0.9014521573515764,0.6113013361553902,0.6288646646056198,1.1287335031783694
random,2,log_prot,rbs_recognition,2334,6,112048,0.29098745179978547,0.5009643693557954,0.9014521573515764,0.6104647055517909,0.6288646646056198,1.1298290339614152
random,2,log_prot,rbs_recognition,2334,7,112049,0.2894409239192848,0.5190618002873754,0.9014521573515764,0.6120112334322916,0.6288646646056198,1.1479264648929952
random,2,log_prot,rbs_recognition,2334,8,112050,0.2827059865392839,0.48124914393504803,0.9014521573515764,0.6187461708122924,0.6288646646056198,1.1101138085406679
random,2,log_prot,rbs_recognition,2334,9,112051,0.29209978307309226,0.5427964533935633,0.9014521573515764,0.6093523742784841,0.6288646646056198,1.1716611179991832
random,2,log_prot,rbs_recognition,2334,10,112052,0.29231300174726615,0.5051131797503982,0.9014521573515764,0.6091391556043102,0.6288646646056198,1.133977844356018
random,2,log_prot,rbs_recognition,2334,11,112053,0.3232138992024399,0.5677184804188401,0.9014521573515764,0.5782382581491364,0.6288646646056198,1.19658314502446
random,2,log_prot,rbs_recognition,2334,12,112054,0.3176949690875167,0.5501692088341047,0.9014521573515764,0.5837571882640596,0.6288646646056198,1.1790338734397245
random,2,log_prot,rbs_recognition,2334,13,112055,0.3241934156441336,0.5392995495038692,0.9014521573515764,0.5772587417074427,0.6288646646056198,1.168164214109489
random,2,log_prot,rbs_recognition,2334,14,112056,0.33178755571736607,0.6009644073816433,0.9014521573515764,0.5696646016342103,0.6288646646056198,1.229829071987263
random,2,log_prot,rbs_recognition,2334,15,112057,0.2793366072004547,0.49811574994682173,0.9014521573515764,0.6221155501511216,0.6288646646056198,1.1269804145524416
random,2,log_prot,rbs_recognition,2334,16,112058,0.27779784206618097,0.48577202587208823,0.9014521573515764,0.6236543152853954,0.6288646646056198,1.114636690477708
random,2,log_prot,rbs_recognition,2334,17,112059,0.26587122285289666,0.4797213183456047,0.9014521573515764,0.6355809344986797,0.6288646646056198,1.1085859829512246
random,2,log_prot,rbs_recognition,2334,18,112060,0.3205194379265327,0.5655013237475229,0.9014521573515764,0.5809327194250437,0.6288646646056198,1.1943659883531428
random,2,log_prot,rbs_recognition,2334,19,112061,0.3217177485414966,0.5591137657286464,0.9014521573515764,0.5797344088100798,0.6288646646056198,1.1879784303342662
random,2,log_prot,rbs_recognition,2334,20,112062,0.3701795769012981,0.641479289658457,0.9014521573515764,0.5312725804502783,0.6288646646056198,1.2703439542640769
random,2,log_prot,rbs_recognition,2334,21,112063,0.2829187639852695,0.5037964500923012,0.9014521573515764,0.6185333933663069,0.6288646646056198,1.132661114697921
random,2,log_prot,rbs_recognition,2334,22,112064,0.293190246708952,0.5307394299254332,0.9014521573515764,0.6082619106426244,0.6288646646056198,1.159604094531053
random,2,log_prot,rbs_recognition,2334,23,112065,0.30349537506348656,0.5425828145244972,0.9014521573515764,0.5979567822880898,0.6288646646056198,1.171447479130117
random,2,log_prot,rbs_recognition,2334,24,112066,0.2548656443206796,0.4750058353524228,0.9014521573515764,0.6465865130308968,0.6288646646056198,1.1038704999580427
random,2,log_prot,rbs_recognition,2334,25,112067,0.3162936687465773,0.5594858610023526,0.9014521573515764,0.5851584886049991,0.6288646646056198,1.1883505256079725
random,2,log_prot,rbs_recognition,2334,26,112068,0.3262034768435489,0.5899379876190628,0.9014521573515764,0.5752486805080275,0.6288646646056198,1.2188026522246826
random,2,log_prot,rbs_recognition,2334,27,112069,0.30680717006369485,0.5453970322186411,0.9014521573515764,0.5946449872878815,0.6288646646056198,1.174261696824261
random,2,log_prot,rbs_recognition,2334,28,112070,0.29756104046389786,0.5297804254789821,0.9014521573515764,0.6038911168876785,0.6288646646056198,1.158645090084602
random,2,log_prot,rbs_recognition,2334,29,112071,0.3122407768368327,0.5497680695325743,0.9014521573515764,0.5892113805147436,0.6288646646056198,1.1786327341381941
random,2,log_prot,transcript_accessibility,2334,0,212042,0.13267426022177586,0.2719157093231763,0.9014521573515764,0.7687778971298005,0.6288646646056198,0.9007803739287962
random,2,log_prot,transcript_accessibility,2334,1,212043,0.12448321482450675,0.25941559764848243,0.9014521573515764,0.7769689425270696,0.6288646646056198,0.8882802622541023
random,2,log_prot,transcript_accessibility,2334,2,212044,0.13567878763868835,0.2777099064591835,0.9014521573515764,0.765773369712888,0.6288646646056198,0.9065745710648033
random,2,log_prot,transcript_accessibility,2334,3,212045,0.14458101907036258,0.28740557347486706,0.9014521573515764,0.7568711382812138,0.6288646646056198,0.9162702380804869
random,2,log_prot,transcript_accessibility,2334,4,212046,0.12157319311849524,0.2429708707352648,0.9014521573515764,0.7798789642330811,0.6288646646056198,0.8718355353408846
random,2,log_prot,transcript_accessibility,2334,5,212047,0.13082928970957797,0.26337227198273105,0.9014521573515764,0.7706228676419984,0.6288646646056198,0.8922369365883509
random,2,log_prot,transcript_accessibility,2334,6,212048,0.12668255146935825,0.26384447132730415,0.9014521573515764,0.7747696058822181,0.6288646646056198,0.892709135932924
random,2,log_prot,transcript_accessibility,2334,7,212049,0.13156408440367917,0.2729147460781045,0.9014521573515764,0.7698880729478972,0.6288646646056198,0.9017794106837244
random,2,log_prot,transcript_accessibility,2334,8,212050,0.1290968383313339,0.2613621812448508,0.9014521573515764,0.7723553190202425,0.6288646646056198,0.8902268458504706
random,2,log_prot,transcript_accessibility,2334,9,212051,0.11954557049982195,0.2522082500492423,0.9014521573515764,0.7819065868517544,0.6288646646056198,0.8810729146548621
random,2,log_prot,transcript_accessibility,2334,10,212052,0.1344496313312752,0.27363719250765584,0.9014521573515764,0.7670025260203012,0.6288646646056198,0.9025018571132757
random,2,log_prot,transcript_accessibility,2334,11,212053,0.1323768090512698,0.2698969859751976,0.9014521573515764,0.7690753483003065,0.6288646646056198,0.8987616505808175
random,2,log_prot,transcript_accessibility,2334,12,212054,0.12490718282705682,0.24809907871390435,0.9014521573515764,0.7765449745245195,0.6288646646056198,0.8769637433195242
random,2,log_prot,transcript_accessibility,2334,13,212055,0.1343747404104938,0.2677180984542741,0.9014521573515764,0.7670774169410826,0.6288646646056198,0.8965827630598939
random,2,log_prot,transcript_accessibility,2334,14,212056,0.12724339174234733,0.2601521965130099,0.9014521573515764,0.774208765609229,0.6288646646056198,0.8890168611186298
random,2,log_prot,transcript_accessibility,2334,15,212057,0.13429763834971742,0.26923301625489804,0.9014521573515764,0.7671545190018589,0.6288646646056198,0.8980976808605179
random,2,log_prot,transcript_accessibility,2334,16,212058,0.13387338194303455,0.26660344672951086,0.9014521573515764,0.7675787754085418,0.6288646646056198,0.8954681113351307
random,2,log_prot,transcript_accessibility,2334,17,212059,0.12744134178038935,0.2650691462263892,0.9014521573515764,0.774010815571187,0.6288646646056198,0.8939338108320091
random,2,log_prot,transcript_accessibility,2334,18,212060,0.12669105491534116,0.2678994345674882,0.9014521573515764,0.7747611024362352,0.6288646646056198,0.8967640991731081
random,2,log_prot,transcript_accessibility,2334,19,212061,0.1236376912750422,0.2589290539685889,0.9014521573515764,0.7778144660765342,0.6288646646056198,0.8877937185742087
random,2,log_prot,transcript_accessibility,2334,20,212062,0.11793956487965895,0.2455191286725339,0.9014521573515764,0.7835125924719174,0.6288646646056198,0.8743837932781537
random,2,log_prot,transcript_accessibility,2334,21,212063,0.13768319262610562,0.2756006862418583,0.9014521573515764,0.7637689647254707,0.6288646646056198,0.9044653508474781
random,2,log_prot,transcript_accessibility,2334,22,212064,0.12549566980363225,0.26287002342989174,0.9014521573515764,0.7759564875479441,0.6288646646056198,0.8917346880355116
random,2,log_prot,transcript_accessibility,2334,23,212065,0.13225921093633786,0.2698557304627005,0.9014521573515764,0.7691929464152385,0.6288646646056198,0.8987203950683204
random,2,log_prot,transcript_accessibility,2334,24,212066,0.13278996667312015,0.26867899263162076,0.9014521573515764,0.7686621906784562,0.6288646646056198,0.8975436572372406
random,2,log_prot,transcript_accessibility,2334,25,212067,0.12938309521043534,0.25777410377460885,0.9014521573515764,0.772069062141141,0.6288646646056198,0.8866387683802287
random,2,log_prot,transcript_accessibility,2334,26,212068,0.12871170605778393,0.26432375821176257,0.9014521573515764,0.7727404512937924,0.6288646646056198,0.8931884228173824
random,2,log_prot,transcript_accessibility,2334,27,212069,0.12644791843073444,0.2634655077149275,0.9014521573515764,0.7750042389208419,0.6288646646056198,0.8923301723205473
random,2,log_prot,transcript_accessibility,2334,28,212070,0.12868285553874037,0.2578974610061796,0.9014521573515764,0.772769301812836,0.6288646646056198,0.8867621256117995
random,2,log_prot,transcript_accessibility,2334,29,212071,0.12164003739318863,0.2577394259346695,0.9014521573515764,0.7798121199583877,0.6288646646056198,0.8866040905402893
random,3,log_translation_proxy,promoter_recognition,2334,0,3042,0.2903043527589363,0.28807845188760317,0.8190486713502458,0.5287443185913095,0.5469808626229292,0.8350593145105324
random,3,log_translation_proxy,promoter_recognition,2334,1,3043,0.36916283547715006,0.3468091717247549,0.8190486713502458,0.4498858358730958,0.5469808626229292,0.8937900343476841
random,3,log_translation_proxy,promoter_recognition,2334,2,3044,0.33184018585688513,0.3035505953465528,0.8190486713502458,0.4872084854933607,0.5469808626229292,0.850531457969482
random,3,log_translation_proxy,promoter_recognition,2334,3,3045,0.29283030613180283,0.29741162752753414,0.8190486713502458,0.526218365218443,0.5469808626229292,0.8443924901504634
random,3,log_translation_proxy,promoter_recognition,2334,4,3046,0.31738930719356284,0.3026079927472155,0.8190486713502458,0.501659364156683,0.5469808626229292,0.8495888553701447
random,3,log_translation_proxy,promoter_recognition,2334,5,3047,0.3150123170185919,0.2901734207718,0.8190486713502458,0.504036354331654,0.5469808626229292,0.8371542833947292
random,3,log_translation_proxy,promoter_recognition,2334,6,3048,0.27070463901569075,0.27653381829344625,0.8190486713502458,0.5483440323345551,0.5469808626229292,0.8235146809163755
random,3,log_translation_proxy,promoter_recognition,2334,7,3049,0.3446891633494738,0.32308938547115806,0.8190486713502458,0.47435950800077203,0.5469808626229292,0.8700702480940873
random,3,log_translation_proxy,promoter_recognition,2334,8,3050,0.29715674190350805,0.2898104371011496,0.8190486713502458,0.5218919294467378,0.5469808626229292,0.8367912997240788
random,3,log_translation_proxy,promoter_recognition,2334,9,3051,0.31382363169837424,0.2980902662313569,0.8190486713502458,0.5052250396518716,0.5469808626229292,0.8450711288542861
random,3,log_translation_proxy,promoter_recognition,2334,10,3052,0.3051613861336946,0.30422237933533347,0.8190486713502458,0.5138872852165512,0.5469808626229292,0.8512032419582627
random,3,log_translation_proxy,promoter_recognition,2334,11,3053,0.4252233047446384,0.3825907605367629,0.8190486713502458,0.39382536660560746,0.5469808626229292,0.9295716231596921
random,3,log_translation_proxy,promoter_recognition,2334,12,3054,0.36111150592646396,0.34080379935533645,0.8190486713502458,0.4579371654237819,0.5469808626229292,0.8877846619782657
random,3,log_translation_proxy,promoter_recognition,2334,13,3055,0.3061952793633529,0.2866451755523364,0.8190486713502458,0.512853391986893,0.5469808626229292,0.8336260381752656
random,3,log_translation_proxy,promoter_recognition,2334,14,3056,0.29340309994540326,0.2815808954162221,0.8190486713502458,0.5256455714048426,0.5469808626229292,0.8285617580391513
random,3,log_translation_proxy,promoter_recognition,2334,15,3057,0.2977930812471705,0.2934374613439594,0.8190486713502458,0.5212555901030753,0.5469808626229292,0.8404183239668886
random,3,log_translation_proxy,promoter_recognition,2334,16,3058,0.2771851342014544,0.27618902513670707,0.8190486713502458,0.5418635371487914,0.5469808626229292,0.8231698877596363
random,3,log_translation_proxy,promoter_recognition,2334,17,3059,0.39247752814114817,0.36759385135485556,0.8190486713502458,0.42657114320909767,0.5469808626229292,0.9145747139777848
random,3,log_translation_proxy,promoter_recognition,2334,18,3060,0.3312870828360483,0.3174026097364525,0.8190486713502458,0.48776158851419754,0.5469808626229292,0.8643834723593817
random,3,log_translation_proxy,promoter_recognition,2334,19,3061,0.3362931035685083,0.3279356950823744,0.8190486713502458,0.48275556778173756,0.5469808626229292,0.8749165577053036
random,3,log_translation_proxy,promoter_recognition,2334,20,3062,0.3510365557571225,0.32640973401415685,0.8190486713502458,0.46801211559312333,0.5469808626229292,0.8733905966370861
random,3,log_translation_proxy,promoter_recognition,2334,21,3063,0.2793585908314483,0.2680959978109503,0.8190486713502458,0.5396900805187975,0.5469808626229292,0.8150768604338795
random,3,log_translation_proxy,promoter_recognition,2334,22,3064,0.2698172638071603,0.27221345212439063,0.8190486713502458,0.5492314075430855,0.5469808626229292,0.8191943147473199
random,3,log_translation_proxy,promoter_recognition,2334,23,3065,0.34307510193360946,0.30957117092121855,0.8190486713502458,0.4759735694166364,0.5469808626229292,0.8565520335441478
random,3,log_translation_proxy,promoter_recognition,2334,24,3066,0.3285772700660357,0.3023217570117458,0.8190486713502458,0.49047140128421013,0.5469808626229292,0.849302619634675
random,3,log_translation_proxy,promoter_recognition,2334,25,3067,0.3319823433358252,0.3105068709287845,0.8190486713502458,0.4870663280144206,0.5469808626229292,0.8574877335517137
random,3,log_translation_proxy,promoter_recognition,2334,26,3068,0.35139090781990545,0.3333020101287123,0.8190486713502458,0.4676577635303404,0.5469808626229292,0.8802828727516415
random,3,log_translation_proxy,promoter_recognition,2334,27,3069,0.3614300633911215,0.3481455099765496,0.8190486713502458,0.45761860795912435,0.5469808626229292,0.8951263725994788
random,3,log_translation_proxy,promoter_recognition,2334,28,3070,0.2930055380371859,0.27151239318748877,0.8190486713502458,0.52604313331306,0.5469808626229292,0.818493255810418
random,3,log_translation_proxy,promoter_recognition,2334,29,3071,0.30735935846818274,0.29374646160340534,0.8190486713502458,0.5116893128820631,0.5469808626229292,0.8407273242263346
random,3,log_translation_proxy,rbs_recognition,2334,0,103042,0.3728565667140042,0.33356684112070456,0.8190486713502458,0.44619210463624165,0.5469808626229292,0.8805477037436338
random,3,log_translation_proxy,rbs_recognition,2334,1,103043,0.38955610300081067,0.37351446255121545,0.8190486713502458,0.42949256834943517,0.5469808626229292,0.9204953251741447
random,3,log_translation_proxy,rbs_recognition,2334,2,103044,0.34689614140795993,0.3298323008853289,0.8190486713502458,0.4721525299422859,0.5469808626229292,0.8768131635082581
random,3,log_translation_proxy,rbs_recognition,2334,3,103045,0.34665591879549285,0.3121847620890269,0.8190486713502458,0.472392752554753,0.5469808626229292,0.8591656247119561
random,3,log_translation_proxy,rbs_recognition,2334,4,103046,0.42378698291562905,0.37736245803597823,0.8190486713502458,0.3952616884346168,0.5469808626229292,0.9243433206589075
random,3,log_translation_proxy,rbs_recognition,2334,5,103047,0.3632936957298761,0.3258050508606499,0.8190486713502458,0.45575497562036976,0.5469808626229292,0.8727859134835791
random,3,log_translation_proxy,rbs_recognition,2334,6,103048,0.4317225116619789,0.3744536448311011,0.8190486713502458,0.38732615968826695,0.5469808626229292,0.9214345074540303
random,3,log_translation_proxy,rbs_recognition,2334,7,103049,0.37566775191308055,0.34413032978095404,0.8190486713502458,0.4433809194371653,0.5469808626229292,0.8911111924038833
random,3,log_translation_proxy,rbs_recognition,2334,8,103050,0.3607563960248198,0.3470527546679737,0.8190486713502458,0.45829227532542605,0.5469808626229292,0.8940336172909029
random,3,log_translation_proxy,rbs_recognition,2334,9,103051,0.3659982633370795,0.33803784186636043,0.8190486713502458,0.4530504080131663,0.5469808626229292,0.8850187044892897
random,3,log_translation_proxy,rbs_recognition,2334,10,103052,0.3296951585474954,0.3057665428722548,0.8190486713502458,0.4893535128027504,0.5469808626229292,0.852747405495184
random,3,log_translation_proxy,rbs_recognition,2334,11,103053,0.3447601301945069,0.31215457142951153,0.8190486713502458,0.47428854115573893,0.5469808626229292,0.8591354340524407
random,3,log_translation_proxy,rbs_recognition,2334,12,103054,0.419487310057676,0.3621745744497623,0.8190486713502458,0.39956136129256986,0.5469808626229292,0.9091554370726915
random,3,log_translation_proxy,rbs_recognition,2334,13,103055,0.3822642960745464,0.35564342937598203,0.8190486713502458,0.43678437527569947,0.5469808626229292,0.9026242919989113
random,3,log_translation_proxy,rbs_recognition,2334,14,103056,0.4573738302235709,0.40279265123879626,0.8190486713502458,0.3616748411266749,0.5469808626229292,0.9497735138617255
random,3,log_translation_proxy,rbs_recognition,2334,15,103057,0.36230981573946536,0.3148811879112625,0.8190486713502458,0.4567388556107805,0.5469808626229292,0.8618620505341917
random,3,log_translation_proxy,rbs_recognition,2334,16,103058,0.340729360537713,0.3190304113231932,0.8190486713502458,0.4783193108125328,0.5469808626229292,0.8660112739461224
random,3,log_translation_proxy,rbs_recognition,2334,17,103059,0.3514779037292284,0.33945965175520065,0.8190486713502458,0.46757076762101746,0.5469808626229292,0.8864405143781299
random,3,log_translation_proxy,rbs_recognition,2334,18,103060,0.38280209343009486,0.33160847341741573,0.8190486713502458,0.436246577920151,0.5469808626229292,0.878589336040345
random,3,log_translation_proxy,rbs_recognition,2334,19,103061,0.364521834152057,0.3300574108796769,0.8190486713502458,0.4545268371981888,0.5469808626229292,0.8770382735026061
random,3,log_translation_proxy,rbs_recognition,2334,20,103062,0.4070621447818417,0.35826531281149776,0.8190486713502458,0.4119865265684041,0.5469808626229292,0.905246175434427
random,3,log_translation_proxy,rbs_recognition,2334,21,103063,0.3497218214582308,0.305441606664028,0.8190486713502458,0.46932684989201506,0.5469808626229292,0.8524224692869572
random,3,log_translation_proxy,rbs_recognition,2334,22,103064,0.3967091047015643,0.36487494223423467,0.8190486713502458,0.42233956664868155,0.5469808626229292,0.9118558048571639
random,3,log_translation_proxy,rbs_recognition,2334,23,103065,0.3240115631363793,0.30338227068721424,0.8190486713502458,0.49503710821386654,0.5469808626229292,0.8503631333101435
random,3,log_translation_proxy,rbs_recognition,2334,24,103066,0.3693434238752336,0.3412920523582036,0.8190486713502458,0.4497052474750122,0.5469808626229292,0.8882729149811328
random,3,log_translation_proxy,rbs_recognition,2334,25,103067,0.3302963420258516,0.3032259181262791,0.8190486713502458,0.4887523293243942,0.5469808626229292,0.8502067807492083
random,3,log_translation_proxy,rbs_recognition,2334,26,103068,0.37678913337755976,0.3373179551617924,0.8190486713502458,0.4422595379726861,0.5469808626229292,0.8842988177847216
random,3,log_translation_proxy,rbs_recognition,2334,27,103069,0.38347874566360873,0.343868076996494,0.8190486713502458,0.4355699256866371,0.5469808626229292,0.8908489396194232
random,3,log_translation_proxy,rbs_recognition,2334,28,103070,0.3260684949814597,0.3052994329806429,0.8190486713502458,0.49298017636878616,0.5469808626229292,0.8522802956035721
random,3,log_translation_proxy,rbs_recognition,2334,29,103071,0.3009913287461252,0.27596062737051064,0.8190486713502458,0.5180573426041206,0.5469808626229292,0.8229414899934399
random,3,log_translation_proxy,transcript_accessibility,2334,0,203042,0.20198578764750108,0.21695382173710487,0.8190486713502458,0.6170628837027448,0.5469808626229292,0.7639346843600341
random,3,log_translation_proxy,transcript_accessibility,2334,1,203043,0.20628108600355066,0.22254008995499386,0.8190486713502458,0.6127675853466952,0.5469808626229292,0.7695209525779231
random,3,log_translation_proxy,transcript_accessibility,2334,2,203044,0.2047802219737319,0.2183650171709407,0.8190486713502458,0.6142684493765139,0.5469808626229292,0.7653458797938699
random,3,log_translation_proxy,transcript_accessibility,2334,3,203045,0.1923986381058087,0.20728571186077815,0.8190486713502458,0.6266500332444371,0.5469808626229292,0.7542665744837074
random,3,log_translation_proxy,transcript_accessibility,2334,4,203046,0.19274061365103212,0.21008814608802118,0.8190486713502458,0.6263080576992137,0.5469808626229292,0.7570690087109504
random,3,log_translation_proxy,transcript_accessibility,2334,5,203047,0.20022546681630415,0.210333375138419,0.8190486713502458,0.6188232045339417,0.5469808626229292,0.7573142377613482
random,3,log_translation_proxy,transcript_accessibility,2334,6,203048,0.20920002089123824,0.2284438745744729,0.8190486713502458,0.6098486504590076,0.5469808626229292,0.7754247371974021
random,3,log_translation_proxy,transcript_accessibility,2334,7,203049,0.20216666343978407,0.22220633484531205,0.8190486713502458,0.6168820079104618,0.5469808626229292,0.7691871974682413
random,3,log_translation_proxy,transcript_accessibility,2334,8,203050,0.19119982622035714,0.20411610259054647,0.8190486713502458,0.6278488451298887,0.5469808626229292,0.7510969652134757
random,3,log_translation_proxy,transcript_accessibility,2334,9,203051,0.18233792580556696,0.20303523033170645,0.8190486713502458,0.6367107455446789,0.5469808626229292,0.7500160929546357
random,3,log_translation_proxy,transcript_accessibility,2334,10,203052,0.18887956623394853,0.21365327813451396,0.8190486713502458,0.6301691051162973,0.5469808626229292,0.7606341407574432
random,3,log_translation_proxy,transcript_accessibility,2334,11,203053,0.1990367834104847,0.21714871830541904,0.8190486713502458,0.6200118879397611,0.5469808626229292,0.7641295809283483
random,3,log_translation_proxy,transcript_accessibility,2334,12,203054,0.18965280480448088,0.2097493621062727,0.8190486713502458,0.629395866545765,0.5469808626229292,0.7567302247292019
random,3,log_translation_proxy,transcript_accessibility,2334,13,203055,0.2030581896979018,0.21743448477059757,0.8190486713502458,0.615990481652344,0.5469808626229292,0.7644153473935268
random,3,log_translation_proxy,transcript_accessibility,2334,14,203056,0.18582648895653553,0.20610319126216292,0.8190486713502458,0.6332221823937103,0.5469808626229292,0.7530840538850921
random,3,log_translation_proxy,transcript_accessibility,2334,15,203057,0.19386090114945964,0.2085983758350839,0.8190486713502458,0.6251877702007862,0.5469808626229292,0.7555792384580131
random,3,log_translation_proxy,transcript_accessibility,2334,16,203058,0.2032848412607372,0.21086580746201933,0.8190486713502458,0.6157638300895086,0.5469808626229292,0.7578466700849485
random,3,log_translation_proxy,transcript_accessibility,2334,17,203059,0.1905195425507783,0.2118862640606778,0.8190486713502458,0.6285291287994675,0.5469808626229292,0.758867126683607
random,3,log_translation_proxy,transcript_accessibility,2334,18,203060,0.2056642087058066,0.22420027174239876,0.8190486713502458,0.6133844626444392,0.5469808626229292,0.771181134365328
random,3,log_translation_proxy,transcript_accessibility,2334,19,203061,0.19491894128775866,0.21432520670515376,0.8190486713502458,0.6241297300624872,0.5469808626229292,0.761306069328083
random,3,log_translation_proxy,transcript_accessibility,2334,20,203062,0.20527440811558928,0.2174643041019344,0.8190486713502458,0.6137742632346566,0.5469808626229292,0.7644451667248636
random,3,log_translation_proxy,transcript_accessibility,2334,21,203063,0.18773814758365437,0.2066219550229499,0.8190486713502458,0.6313105237665915,0.5469808626229292,0.7536028176458791
random,3,log_translation_proxy,transcript_accessibility,2334,22,203064,0.19374790957874277,0.21881585232153788,0.8190486713502458,0.6253007617715031,0.5469808626229292,0.7657967149444671
random,3,log_translation_proxy,transcript_accessibility,2334,23,203065,0.19924659207546003,0.21983364615077416,0.8190486713502458,0.6198020792747858,0.5469808626229292,0.7668145087737034
random,3,log_translation_proxy,transcript_accessibility,2334,24,203066,0.1970893903984242,0.2165473025504261,0.8190486713502458,0.6219592809518216,0.5469808626229292,0.7635281651733553
random,3,log_translation_proxy,transcript_accessibility,2334,25,203067,0.20116165905014283,0.21726757405367148,0.8190486713502458,0.617887012300103,0.5469808626229292,0.7642484366766007
random,3,log_translation_proxy,transcript_accessibility,2334,26,203068,0.1954626094908789,0.21142093034565979,0.8190486713502458,0.6235860618593669,0.5469808626229292,0.758401792968589
random,3,log_translation_proxy,transcript_accessibility,2334,27,203069,0.2002585439034591,0.2125430106644054,0.8190486713502458,0.6187901274467867,0.5469808626229292,0.7595238732873346
random,3,log_translation_proxy,transcript_accessibility,2334,28,203070,0.1977137708853952,0.21122159794354756,0.8190486713502458,0.6213349004648506,0.5469808626229292,0.7582024605664768
random,3,log_translation_proxy,transcript_accessibility,2334,29,203071,0.20705292916946383,0.22282235134523487,0.8190486713502458,0.611995742180782,0.5469808626229292,0.7698032139681641
random,3,log_prot,promoter_recognition,2334,0,13042,0.5519378164517661,0.9009693153066457,0.8880165334445643,0.3360787169927983,0.6572849872047298,1.5582543025113755
random,3,log_prot,promoter_recognition,2334,1,13043,0.507529095808118,0.8478930917129682,0.8880165334445643,0.38048743763644627,0.6572849872047298,1.505178078917698
random,3,log_prot,promoter_recognition,2334,2,13044,0.5644710018828787,0.9181614484504913,0.8880165334445643,0.3235455315616857,0.6572849872047298,1.5754464356552211
random,3,log_prot,promoter_recognition,2334,3,13045,0.4949589659360246,0.8305678494872887,0.8880165334445643,0.3930575675085397,0.6572849872047298,1.4878528366920185
random,3,log_prot,promoter_recognition,2334,4,13046,0.4868325712068208,0.8120174177806107,0.8880165334445643,0.40118396223774355,0.6572849872047298,1.4693024049853405
random,3,log_prot,promoter_recognition,2334,5,13047,0.5321159286431705,0.8691427786175098,0.8880165334445643,0.3559006048013939,0.6572849872047298,1.5264277658222396
random,3,log_prot,promoter_recognition,2334,6,13048,0.5313876755437965,0.8358043028335941,0.8880165334445643,0.35662885790076787,0.6572849872047298,1.493089290038324
random,3,log_prot,promoter_recognition,2334,7,13049,0.5652011749929831,0.9128062884568432,0.8880165334445643,0.3228153584515813,0.6572849872047298,1.570091275661573
random,3,log_prot,promoter_recognition,2334,8,13050,0.5293478220426224,0.8718961684712611,0.8880165334445643,0.3586687114019419,0.6572849872047298,1.5291811556759909
random,3,log_prot,promoter_recognition,2334,9,13051,0.5503135607789014,0.9226469290765097,0.8880165334445643,0.33770297266566296,0.6572849872047298,1.5799319162812395
random,3,log_prot,promoter_recognition,2334,10,13052,0.5125985062310954,0.84175105292582,0.8880165334445643,0.375418027213469,0.6572849872047298,1.4990360401305498
random,3,log_prot,promoter_recognition,2334,11,13053,0.5804500084007884,0.973287044579383,0.8880165334445643,0.30756652504377585,0.6572849872047298,1.6305720317841128
random,3,log_prot,promoter_recognition,2334,12,13054,0.5857514498510784,0.933754798843809,0.8880165334445643,0.3022650835934859,0.6572849872047298,1.5910397860485388
random,3,log_prot,promoter_recognition,2334,13,13055,0.5901801041537986,0.9530618573952371,0.8880165334445643,0.29783642929076565,0.6572849872047298,1.610346844599967
random,3,log_prot,promoter_recognition,2334,14,13056,0.6341141136617157,1.0437262496931905,0.8880165334445643,0.2539024197828487,0.6572849872047298,1.7010112368979202
random,3,log_prot,promoter_recognition,2334,15,13057,0.502505751839899,0.8051660365946557,0.8880165334445643,0.3855107816046653,0.6572849872047298,1.4624510237993855
random,3,log_prot,promoter_recognition,2334,16,13058,0.49370915691918066,0.8463168390358001,0.8880165334445643,0.39430737652538367,0.6572849872047298,1.50360182624053
random,3,log_prot,promoter_recognition,2334,17,13059,0.5136513840876065,0.8421114201642198,0.8880165334445643,0.3743651493569579,0.6572849872047298,1.4993964073689496
random,3,log_prot,promoter_recognition,2334,18,13060,0.5734399749675387,0.8898780697999623,0.8880165334445643,0.31457655847702554,0.6572849872047298,1.5471630570046921
random,3,log_prot,promoter_recognition,2334,19,13061,0.435496657660858,0.7307939652244458,0.8880165334445643,0.45251987578370634,0.6572849872047298,1.3880789524291757
random,3,log_prot,promoter_recognition,2334,20,13062,0.6282547918514793,0.9955908662745604,0.8880165334445643,0.25976174159308507,0.6572849872047298,1.6528758534792902
random,3,log_prot,promoter_recognition,2334,21,13063,0.5733113514596531,0.9210887487703724,0.8880165334445643,0.31470518198491126,0.6572849872047298,1.5783737359751022
random,3,log_prot,promoter_recognition,2334,22,13064,0.5673595769703886,0.9173759185283265,0.8880165334445643,0.3206569564741757,0.6572849872047298,1.5746609057330563
random,3,log_prot,promoter_recognition,2334,23,13065,0.482274368983582,0.8084979300631333,0.8880165334445643,0.4057421644609823,0.6572849872047298,1.4657829172678631
random,3,log_prot,promoter_recognition,2334,24,13066,0.5479363494923238,0.9209472524078067,0.8880165334445643,0.3400801839522405,0.6572849872047298,1.5782322396125366
random,3,log_prot,promoter_recognition,2334,25,13067,0.4636042410450304,0.8036581312646002,0.8880165334445643,0.42441229239953393,0.6572849872047298,1.46094311846933
random,3,log_prot,promoter_recognition,2334,26,13068,0.6153060023661945,0.9641300195304195,0.8880165334445643,0.27271053107836984,0.6572849872047298,1.6214150067351494
random,3,log_prot,promoter_recognition,2334,27,13069,0.4442665979508789,0.7616591947154144,0.8880165334445643,0.4437499354936854,0.6572849872047298,1.4189441819201443
random,3,log_prot,promoter_recognition,2334,28,13070,0.5706542332838196,0.9382626533888091,0.8880165334445643,0.3173623001607447,0.6572849872047298,1.595547640593539
random,3,log_prot,promoter_recognition,2334,29,13071,0.4920435769464244,0.8374938695249993,0.8880165334445643,0.3959729564981399,0.6572849872047298,1.494778856729729
random,3,log_prot,rbs_recognition,2334,0,113042,0.3270973291253675,0.5437033469221847,0.8880165334445643,0.5609192043191968,0.6572849872047298,1.2009883341269145
random,3,log_prot,rbs_recognition,2334,1,113043,0.2540714897899442,0.45401601812258596,0.8880165334445643,0.6339450436546201,0.6572849872047298,1.1113010053273158
random,3,log_prot,rbs_recognition,2334,2,113044,0.3638623560347235,0.5720741368780585,0.8880165334445643,0.5241541774098408,0.6572849872047298,1.2293591240827884
random,3,log_prot,rbs_recognition,2334,3,113045,0.268893027700308,0.47614723743383724,0.8880165334445643,0.6191235057442563,0.6572849872047298,1.133432224638567
random,3,log_prot,rbs_recognition,2334,4,113046,0.2830025962154721,0.4925534392345653,0.8880165334445643,0.6050139372290922,0.6572849872047298,1.1498384264392951
random,3,log_prot,rbs_recognition,2334,5,113047,0.3220705120872853,0.5650393336822276,0.8880165334445643,0.565946021357279,0.6572849872047298,1.2223243208869574
random,3,log_prot,rbs_recognition,2334,6,113048,0.3179317548016243,0.5389857138138548,0.8880165334445643,0.57008477864294,0.6572849872047298,1.1962707010185847
random,3,log_prot,rbs_recognition,2334,7,113049,0.24761569437218045,0.4311432567347796,0.8880165334445643,0.6404008390723839,0.6572849872047298,1.0884282439395094
random,3,log_prot,rbs_recognition,2334,8,113050,0.3012816405839396,0.5228363810415845,0.8880165334445643,0.5867348928606247,0.6572849872047298,1.1801213682463143
random,3,log_prot,rbs_recognition,2334,9,113051,0.2896717767067486,0.4967536716368127,0.8880165334445643,0.5983447567378157,0.6572849872047298,1.1540386588415426
random,3,log_prot,rbs_recognition,2334,10,113052,0.31504451346273243,0.5311213309723427,0.8880165334445643,0.5729720199818319,0.6572849872047298,1.1884063181770725
random,3,log_prot,rbs_recognition,2334,11,113053,0.2747017926668135,0.47904451401049186,0.8880165334445643,0.6133147407777508,0.6572849872047298,1.1363295012152217
random,3,log_prot,rbs_recognition,2334,12,113054,0.28387980707429883,0.48131636270578537,0.8880165334445643,0.6041367263702655,0.6572849872047298,1.1386013499105152
random,3,log_prot,rbs_recognition,2334,13,113055,0.33893548484788116,0.5863159618628712,0.8880165334445643,0.5490810485966832,0.6572849872047298,1.243600949067601
random,3,log_prot,rbs_recognition,2334,14,113056,0.3231445982222654,0.5602128380617882,0.8880165334445643,0.564871935222299,0.6572849872047298,1.217497825266518
random,3,log_prot,rbs_recognition,2334,15,113057,0.3105808187396013,0.5611581423950097,0.8880165334445643,0.577435714704963,0.6572849872047298,1.2184431295997395
random,3,log_prot,rbs_recognition,2334,16,113058,0.2968462821359913,0.49948515138941174,0.8880165334445643,0.591170251308573,0.6572849872047298,1.1567701385941416
random,3,log_prot,rbs_recognition,2334,17,113059,0.3454705082904479,0.5960648245859145,0.8880165334445643,0.5425460251541164,0.6572849872047298,1.2533498117906443
random,3,log_prot,rbs_recognition,2334,18,113060,0.3157224610673163,0.5289521836834558,0.8880165334445643,0.572294072377248,0.6572849872047298,1.1862371708881856
random,3,log_prot,rbs_recognition,2334,19,113061,0.31023725356375276,0.5256232321307549,0.8880165334445643,0.5777792798808116,0.6572849872047298,1.1829082193354847
random,3,log_prot,rbs_recognition,2334,20,113062,0.2716979555912631,0.45080636143959996,0.8880165334445643,0.6163185778533012,0.6572849872047298,1.1080913486443298
random,3,log_prot,rbs_recognition,2334,21,113063,0.32115468998578,0.5748179979637679,0.8880165334445643,0.5668618434587843,0.6572849872047298,1.2321029851684977
random,3,log_prot,rbs_recognition,2334,22,113064,0.3191824406715429,0.5543557583586055,0.8880165334445643,0.5688340927730214,0.6572849872047298,1.2116407455633353
random,3,log_prot,rbs_recognition,2334,23,113065,0.29828474094500523,0.5004688131643974,0.8880165334445643,0.5897317924995591,0.6572849872047298,1.1577538003691272
random,3,log_prot,rbs_recognition,2334,24,113066,0.3136617173266789,0.5504093247422591,0.8880165334445643,0.5743548161178854,0.6572849872047298,1.207694311946989
random,3,log_prot,rbs_recognition,2334,25,113067,0.33292389686996704,0.5740171940089199,0.8880165334445643,0.5550926365745973,0.6572849872047298,1.2313021812136498
random,3,log_prot,rbs_recognition,2334,26,113068,0.25211655361195173,0.43657690987776177,0.8880165334445643,0.6358999798326126,0.6572849872047298,1.0938618970824916
random,3,log_prot,rbs_recognition,2334,27,113069,0.2898777496558935,0.4918523301635155,0.8880165334445643,0.5981387837886708,0.6572849872047298,1.1491373173682453
random,3,log_prot,rbs_recognition,2334,28,113070,0.3339013429404857,0.587078810983307,0.8880165334445643,0.5541151905040786,0.6572849872047298,1.2443637981880369
random,3,log_prot,rbs_recognition,2334,29,113071,0.31772694023152803,0.5349688911896323,0.8880165334445643,0.5702895932130363,0.6572849872047298,1.1922538783943621
random,3,log_prot,transcript_accessibility,2334,0,213042,0.1340958294978607,0.2583058943643223,0.8880165334445643,0.7539207039467036,0.6572849872047298,0.9155908815690521
random,3,log_prot,transcript_accessibility,2334,1,213043,0.13955005909277263,0.26020877223674765,0.8880165334445643,0.7484664743517917,0.6572849872047298,0.9174937594414775
random,3,log_prot,transcript_accessibility,2334,2,213044,0.14035874269101145,0.2594595919855164,0.8880165334445643,0.7476577907535529,0.6572849872047298,0.9167445791902462
random,3,log_prot,transcript_accessibility,2334,3,213045,0.1356235868104927,0.2629956573604747,0.8880165334445643,0.7523929466340716,0.6572849872047298,0.9202806445652045
random,3,log_prot,transcript_accessibility,2334,4,213046,0.13019701458505784,0.25148542966722776,0.8880165334445643,0.7578195188595065,0.6572849872047298,0.9087704168719576
random,3,log_prot,transcript_accessibility,2334,5,213047,0.13533615234960172,0.259565167980374,0.8880165334445643,0.7526803810949626,0.6572849872047298,0.9168501551851038
random,3,log_prot,transcript_accessibility,2334,6,213048,0.132547461379795,0.24858561454052053,0.8880165334445643,0.7554690720647693,0.6572849872047298,0.9058706017452504
random,3,log_prot,transcript_accessibility,2334,7,213049,0.13666649186658975,0.2438294092890556,0.8880165334445643,0.7513500415779746,0.6572849872047298,0.9011143964937854
random,3,log_prot,transcript_accessibility,2334,8,213050,0.12625559756738414,0.24101795045014152,0.8880165334445643,0.7617609358771802,0.6572849872047298,0.8983029376548713
random,3,log_prot,transcript_accessibility,2334,9,213051,0.13096583623947944,0.23988692567839875,0.8880165334445643,0.7570506972050849,0.6572849872047298,0.8971719128831286
random,3,log_prot,transcript_accessibility,2334,10,213052,0.13367489074682826,0.2550281869343508,0.8880165334445643,0.7543416426977361,0.6572849872047298,0.9123131741390806
random,3,log_prot,transcript_accessibility,2334,11,213053,0.13150463353717878,0.25888049509094224,0.8880165334445643,0.7565118999073855,0.6572849872047298,0.9161654822956721
random,3,log_prot,transcript_accessibility,2334,12,213054,0.13338275755414364,0.2588050814823032,0.8880165334445643,0.7546337758904207,0.6572849872047298,0.916090068687033
random,3,log_prot,transcript_accessibility,2334,13,213055,0.13349590132469857,0.25647381255791035,0.8880165334445643,0.7545206321198658,0.6572849872047298,0.9137587997626402
random,3,log_prot,transcript_accessibility,2334,14,213056,0.13573426394762933,0.25940509778521526,0.8880165334445643,0.752282269496935,0.6572849872047298,0.9166900849899451
random,3,log_prot,transcript_accessibility,2334,15,213057,0.13832601610264006,0.25834507511513916,0.8880165334445643,0.7496905173419243,0.6572849872047298,0.915630062319869
random,3,log_prot,transcript_accessibility,2334,16,213058,0.12688111983611639,0.25120617624787456,0.8880165334445643,0.7611354136084479,0.6572849872047298,0.9084911634526044
random,3,log_prot,transcript_accessibility,2334,17,213059,0.12688937871122807,0.2542134877348172,0.8880165334445643,0.7611271547333363,0.6572849872047298,0.911498474939547
random,3,log_prot,transcript_accessibility,2334,18,213060,0.13256323577382512,0.25886673193320364,0.8880165334445643,0.7554532976707392,0.6572849872047298,0.9161517191379335
random,3,log_prot,transcript_accessibility,2334,19,213061,0.13776071771496,0.2635446620783145,0.8880165334445643,0.7502558157296043,0.6572849872047298,0.9208296492830443
random,3,log_prot,transcript_accessibility,2334,20,213062,0.13718200031310057,0.26195974062544625,0.8880165334445643,0.7508345331314638,0.6572849872047298,0.9192447278301761
random,3,log_prot,transcript_accessibility,2334,21,213063,0.13222578208943037,0.25946900986894905,0.8880165334445643,0.755790751355134,0.6572849872047298,0.9167539970736789
random,3,log_prot,transcript_accessibility,2334,22,213064,0.12141041294683463,0.2435381887869642,0.8880165334445643,0.7666061204977297,0.6572849872047298,0.900823175991694
random,3,log_prot,transcript_accessibility,2334,23,213065,0.13601193091387842,0.2675214938827858,0.8880165334445643,0.7520046025306859,0.6572849872047298,0.9248064810875156
random,3,log_prot,transcript_accessibility,2334,24,213066,0.13671928576061687,0.26161347760024534,0.8880165334445643,0.7512972476839475,0.6572849872047298,0.9188984648049752
random,3,log_prot,transcript_accessibility,2334,25,213067,0.1282189308048357,0.2503303709895386,0.8880165334445643,0.7597976026397286,0.6572849872047298,0.9076153581942684
random,3,log_prot,transcript_accessibility,2334,26,213068,0.13047147703882522,0.2510853004363467,0.8880165334445643,0.7575450564057391,0.6572849872047298,0.9083702876410765
random,3,log_prot,transcript_accessibility,2334,27,213069,0.1425357413191234,0.2755715185621952,0.8880165334445643,0.7454807921254409,0.6572849872047298,0.932856505766925
random,3,log_prot,transcript_accessibility,2334,28,213070,0.13438690026038302,0.26066847206022925,0.8880165334445643,0.7536296331841813,0.6572849872047298,0.9179534592649591
random,3,log_prot,transcript_accessibility,2334,29,213071,0.1436809524374928,0.2665255718193499,0.8880165334445643,0.7443355810070715,0.6572849872047298,0.9238105590240797
random,4,log_translation_proxy,promoter_recognition,2334,0,4042,0.3145023431774957,0.29881267100941844,0.8243212756770187,0.509818932499523,0.537398262936316,0.8362109339457344
random,4,log_translation_proxy,promoter_recognition,2334,1,4043,0.31554195699516996,0.31573833893508196,0.8243212756770187,0.5087793186818488,0.537398262936316,0.853136601871398
random,4,log_translation_proxy,promoter_recognition,2334,2,4044,0.32149419041527094,0.31901015988374104,0.8243212756770187,0.5028270852617478,0.537398262936316,0.856408422820057
random,4,log_translation_proxy,promoter_recognition,2334,3,4045,0.2729081101167963,0.2868634152076065,0.8243212756770187,0.5514131655602225,0.537398262936316,0.8242616781439225
random,4,log_translation_proxy,promoter_recognition,2334,4,4046,0.37710108258640795,0.357078890283965,0.8243212756770187,0.4472201930906108,0.537398262936316,0.894477153220281
random,4,log_translation_proxy,promoter_recognition,2334,5,4047,0.31269568752266064,0.3109320961926124,0.8243212756770187,0.5116255881543581,0.537398262936316,0.8483303591289284
random,4,log_translation_proxy,promoter_recognition,2334,6,4048,0.3793175492228082,0.36620010655261004,0.8243212756770187,0.44500372645421055,0.537398262936316,0.903598369488926
random,4,log_translation_proxy,promoter_recognition,2334,7,4049,0.3217757622212757,0.32720556505019704,0.8243212756770187,0.502545513455743,0.537398262936316,0.864603827986513
random,4,log_translation_proxy,promoter_recognition,2334,8,4050,0.323359236810022,0.3190251975398951,0.8243212756770187,0.5009620388669968,0.537398262936316,0.8564234604762111
random,4,log_translation_proxy,promoter_recognition,2334,9,4051,0.27395627463710026,0.2899141118391285,0.8243212756770187,0.5503650010399185,0.537398262936316,0.8273123747754445
random,4,log_translation_proxy,promoter_recognition,2334,10,4052,0.37659110544350544,0.3477150796698364,0.8243212756770187,0.4477301702335133,0.537398262936316,0.8851133426061524
random,4,log_translation_proxy,promoter_recognition,2334,11,4053,0.2622708667907804,0.27981446467569737,0.8243212756770187,0.5620504088862384,0.537398262936316,0.8172127276120134
random,4,log_translation_proxy,promoter_recognition,2334,12,4054,0.3601241626715408,0.3330729544518609,0.8243212756770187,0.46419711300547795,0.537398262936316,0.8704712173881769
random,4,log_translation_proxy,promoter_recognition,2334,13,4055,0.24951027692587013,0.2581741099153204,0.8243212756770187,0.5748109987511486,0.537398262936316,0.7955723728516364
random,4,log_translation_proxy,promoter_recognition,2334,14,4056,0.3628991202508402,0.3424628550395916,0.8243212756770187,0.46142215542617854,0.537398262936316,0.8798611179759076
random,4,log_translation_proxy,promoter_recognition,2334,15,4057,0.30319138508603494,0.29673455547430794,0.8243212756770187,0.5211298905909838,0.537398262936316,0.8341328184106239
random,4,log_translation_proxy,promoter_recognition,2334,16,4058,0.3576473816144498,0.3583059045425179,0.8243212756770187,0.46667389406256893,0.537398262936316,0.8957041674788339
random,4,log_translation_proxy,promoter_recognition,2334,17,4059,0.33169561143734266,0.3295734173687218,0.8243212756770187,0.4926256642396761,0.537398262936316,0.8669716803050378
random,4,log_translation_proxy,promoter_recognition,2334,18,4060,0.34949663684164023,0.3284752973976459,0.8243212756770187,0.4748246388353785,0.537398262936316,0.8658735603339619
random,4,log_translation_proxy,promoter_recognition,2334,19,4061,0.2960663026932048,0.2904727987308644,0.8243212756770187,0.528254972983814,0.537398262936316,0.8278710616671804
random,4,log_translation_proxy,promoter_recognition,2334,20,4062,0.34866903035052005,0.3458633768665179,0.8243212756770187,0.4756522453264987,0.537398262936316,0.8832616398028339
random,4,log_translation_proxy,promoter_recognition,2334,21,4063,0.3157660970854127,0.31418136136608066,0.8243212756770187,0.508555178591606,0.537398262936316,0.8515796243023966
random,4,log_translation_proxy,promoter_recognition,2334,22,4064,0.3784163976873804,0.37429466280626655,0.8243212756770187,0.44590487798963835,0.537398262936316,0.9116929257425825
random,4,log_translation_proxy,promoter_recognition,2334,23,4065,0.394548264439199,0.3562453799308021,0.8243212756770187,0.42977301123781975,0.537398262936316,0.8936436428671181
random,4,log_translation_proxy,promoter_recognition,2334,24,4066,0.33061980097840565,0.31595619997304647,0.8243212756770187,0.4937014746986131,0.537398262936316,0.8533544629093625
random,4,log_translation_proxy,promoter_recognition,2334,25,4067,0.319238751199046,0.3158602412549457,0.8243212756770187,0.5050825244779727,0.537398262936316,0.8532585041912617
random,4,log_translation_proxy,promoter_recognition,2334,26,4068,0.3084837505407332,0.30891974118922816,0.8243212756770187,0.5158375251362856,0.537398262936316,0.8463180041255441
random,4,log_translation_proxy,promoter_recognition,2334,27,4069,0.32377770335827616,0.3232497789176677,0.8243212756770187,0.5005435723187426,0.537398262936316,0.8606480418539837
random,4,log_translation_proxy,promoter_recognition,2334,28,4070,0.2767906490701393,0.26983519156864577,0.8243212756770187,0.5475306266068795,0.537398262936316,0.8072334545049618
random,4,log_translation_proxy,promoter_recognition,2334,29,4071,0.21673143895654345,0.22371982741551888,0.8243212756770187,0.6075898367204753,0.537398262936316,0.7611180903518349
random,4,log_translation_proxy,rbs_recognition,2334,0,104042,0.40203597775035327,0.36735942794462084,0.8243212756770187,0.42228529792666547,0.537398262936316,0.9047576908809368
random,4,log_translation_proxy,rbs_recognition,2334,1,104043,0.3157727850656127,0.31058216760808055,0.8243212756770187,0.5085484906114061,0.537398262936316,0.8479804305443965
random,4,log_translation_proxy,rbs_recognition,2334,2,104044,0.3229743367694444,0.3033100113438386,0.8243212756770187,0.5013469389075743,0.537398262936316,0.8407082742801546
random,4,log_translation_proxy,rbs_recognition,2334,3,104045,0.3464426235262337,0.3345345356165622,0.8243212756770187,0.47787865215078507,0.537398262936316,0.8719327985528782
random,4,log_translation_proxy,rbs_recognition,2334,4,104046,0.36994385681323866,0.3314216144478451,0.8243212756770187,0.4543774188637801,0.537398262936316,0.8688198773841611
random,4,log_translation_proxy,rbs_recognition,2334,5,104047,0.36662028611142766,0.3609656920565846,0.8243212756770187,0.4577009895655911,0.537398262936316,0.8983639549929006
random,4,log_translation_proxy,rbs_recognition,2334,6,104048,0.3098945407631549,0.2969947061862258,0.8243212756770187,0.5144267349138638,0.537398262936316,0.8343929691225418
random,4,log_translation_proxy,rbs_recognition,2334,7,104049,0.37826421035868285,0.35314132346246085,0.8243212756770187,0.4460570653183359,0.537398262936316,0.8905395863987768
random,4,log_translation_proxy,rbs_recognition,2334,8,104050,0.3659329669716866,0.3505746586300619,0.8243212756770187,0.45838830870533215,0.537398262936316,0.8879729215663779
random,4,log_translation_proxy,rbs_recognition,2334,9,104051,0.33299169960407465,0.32016125789454974,0.8243212756770187,0.4913295760729441,0.537398262936316,0.8575595208308657
random,4,log_translation_proxy,rbs_recognition,2334,10,104052,0.37135347672656727,0.3543387330273364,0.8243212756770187,0.4529677989504515,0.537398262936316,0.8917369959636524
random,4,log_translation_proxy,rbs_recognition,2334,11,104053,0.3216382858624536,0.32934761139876134,0.8243212756770187,0.5026829898145652,0.537398262936316,0.8667458743350773
random,4,log_translation_proxy,rbs_recognition,2334,12,104054,0.3316269207965213,0.3363795605275015,0.8243212756770187,0.49269435488049745,0.537398262936316,0.8737778234638175
random,4,log_translation_proxy,rbs_recognition,2334,13,104055,0.4161404897547173,0.39189265765268066,0.8243212756770187,0.40818078592230145,0.537398262936316,0.9292909205889966
random,4,log_translation_proxy,rbs_recognition,2334,14,104056,0.41496770588557513,0.3756795524241996,0.8243212756770187,0.4093535697914436,0.537398262936316,0.9130778153605156
random,4,log_translation_proxy,rbs_recognition,2334,15,104057,0.28390638531863366,0.2816399874503367,0.8243212756770187,0.5404148903583851,0.537398262936316,0.8190382503866527
random,4,log_translation_proxy,rbs_recognition,2334,16,104058,0.3868724267230162,0.36709062942812065,0.8243212756770187,0.43744884895400254,0.537398262936316,0.9044888923644366
random,4,log_translation_proxy,rbs_recognition,2334,17,104059,0.3832706398594771,0.35704365911366354,0.8243212756770187,0.4410506358175416,0.537398262936316,0.8944419220499795
random,4,log_translation_proxy,rbs_recognition,2334,18,104060,0.3311429839673249,0.3264106181181232,0.8243212756770187,0.49317829170969385,0.537398262936316,0.8638088810544392
random,4,log_translation_proxy,rbs_recognition,2334,19,104061,0.34793526904933236,0.3480938492326021,0.8243212756770187,0.4763860066276864,0.537398262936316,0.8854921121689181
random,4,log_translation_proxy,rbs_recognition,2334,20,104062,0.43486336772531936,0.3853280443898326,0.8243212756770187,0.3894579079516994,0.537398262936316,0.9227263073261486
random,4,log_translation_proxy,rbs_recognition,2334,21,104063,0.356293084051709,0.33151514293981776,0.8243212756770187,0.46802819162530973,0.537398262936316,0.8689134058761337
random,4,log_translation_proxy,rbs_recognition,2334,22,104064,0.2882155422690209,0.27433535862166203,0.8243212756770187,0.5361057334079978,0.537398262936316,0.811733621557978
random,4,log_translation_proxy,rbs_recognition,2334,23,104065,0.39219415722270823,0.350707659118375,0.8243212756770187,0.4321271184543105,0.537398262936316,0.888105922054691
random,4,log_translation_proxy,rbs_recognition,2334,24,104066,0.42764989569406614,0.3906677065429329,0.8243212756770187,0.3966713799829526,0.537398262936316,0.9280659694792489
random,4,log_translation_proxy,rbs_recognition,2334,25,104067,0.3604048162878422,0.33260949344725366,0.8243212756770187,0.4639164593891765,0.537398262936316,0.8700077563835696
random,4,log_translation_proxy,rbs_recognition,2334,26,104068,0.3020571742363297,0.3136091921917432,0.8243212756770187,0.522264101440689,0.537398262936316,0.8510074551280592
random,4,log_translation_proxy,rbs_recognition,2334,27,104069,0.28753010457087214,0.28843688376151877,0.8243212756770187,0.5367911711061466,0.537398262936316,0.8258351466978348
random,4,log_translation_proxy,rbs_recognition,2334,28,104070,0.3406456791014102,0.31636485891471766,0.8243212756770187,0.48367559657560855,0.537398262936316,0.8537631218510336
random,4,log_translation_proxy,rbs_recognition,2334,29,104071,0.37140070376906137,0.35119878775411517,0.8243212756770187,0.45292057190795737,0.537398262936316,0.8885970506904312
random,4,log_translation_proxy,transcript_accessibility,2334,0,204042,0.1833531035330359,0.21713862826862407,0.8243212756770187,0.6409681721439828,0.537398262936316,0.75453689120494
random,4,log_translation_proxy,transcript_accessibility,2334,1,204043,0.1769671950171825,0.21902070390991557,0.8243212756770187,0.6473540806598362,0.537398262936316,0.7564189668462316
random,4,log_translation_proxy,transcript_accessibility,2334,2,204044,0.17823673102622062,0.2261300036546372,0.8243212756770187,0.6460845446507981,0.537398262936316,0.7635282665909532
random,4,log_translation_proxy,transcript_accessibility,2334,3,204045,0.20435104960599815,0.23453942047607645,0.8243212756770187,0.6199702260710206,0.537398262936316,0.7719376834123924
random,4,log_translation_proxy,transcript_accessibility,2334,4,204046,0.18685810952308624,0.21754250508333428,0.8243212756770187,0.6374631661539325,0.537398262936316,0.7549407680196503
random,4,log_translation_proxy,transcript_accessibility,2334,5,204047,0.1960046318573745,0.2305096574163651,0.8243212756770187,0.6283166438196442,0.537398262936316,0.7679079203526811
random,4,log_translation_proxy,transcript_accessibility,2334,6,204048,0.20960231957340614,0.24254214400128038,0.8243212756770187,0.6147189561036126,0.537398262936316,0.7799404069375964
random,4,log_translation_proxy,transcript_accessibility,2334,7,204049,0.1828163425153222,0.22136086183799975,0.8243212756770187,0.6415049331616965,0.537398262936316,0.7587591247743157
random,4,log_translation_proxy,transcript_accessibility,2334,8,204050,0.19200557292167386,0.22434958265261884,0.8243212756770187,0.6323157027553449,0.537398262936316,0.7617478455889348
random,4,log_translation_proxy,transcript_accessibility,2334,9,204051,0.21415140080189177,0.24143927436058155,0.8243212756770187,0.610169874875127,0.537398262936316,0.7788375372968975
random,4,log_translation_proxy,transcript_accessibility,2334,10,204052,0.19070282313489784,0.21962601055194952,0.8243212756770187,0.6336184525421209,0.537398262936316,0.7570242734882655
random,4,log_translation_proxy,transcript_accessibility,2334,11,204053,0.1880549567716271,0.23055469569451303,0.8243212756770187,0.6362663189053916,0.537398262936316,0.767952958630829
random,4,log_translation_proxy,transcript_accessibility,2334,12,204054,0.18362966117813717,0.22784232873796462,0.8243212756770187,0.6406916144988816,0.537398262936316,0.7652405916742806
random,4,log_translation_proxy,transcript_accessibility,2334,13,204055,0.18727839948789216,0.2136252648724365,0.8243212756770187,0.6370428761891266,0.537398262936316,0.7510235278087525
random,4,log_translation_proxy,transcript_accessibility,2334,14,204056,0.1934442712321649,0.22269468822384064,0.8243212756770187,0.6308770044448538,0.537398262936316,0.7600929511601566
random,4,log_translation_proxy,transcript_accessibility,2334,15,204057,0.18112776252104124,0.21041810705411645,0.8243212756770187,0.6431935131559775,0.537398262936316,0.7478163699904324
random,4,log_translation_proxy,transcript_accessibility,2334,16,204058,0.17787482310443914,0.21649772256600253,0.8243212756770187,0.6464464525725796,0.537398262936316,0.7538959855023185
random,4,log_translation_proxy,transcript_accessibility,2334,17,204059,0.19145221539824653,0.23040293697359848,0.8243212756770187,0.6328690602787722,0.537398262936316,0.7678011999099145
random,4,log_translation_proxy,transcript_accessibility,2334,18,204060,0.17988487590982605,0.2142776881923285,0.8243212756770187,0.6444363997671927,0.537398262936316,0.7516759511286445
random,4,log_translation_proxy,transcript_accessibility,2334,19,204061,0.18816732543865577,0.2237660405902644,0.8243212756770187,0.636153950238363,0.537398262936316,0.7611643035265804
random,4,log_translation_proxy,transcript_accessibility,2334,20,204062,0.19630631226965967,0.23188014549720692,0.8243212756770187,0.6280149634073591,0.537398262936316,0.7692784084335229
random,4,log_translation_proxy,transcript_accessibility,2334,21,204063,0.1864560659931639,0.2203885525258268,0.8243212756770187,0.6378652096838549,0.537398262936316,0.7577868154621428
random,4,log_translation_proxy,transcript_accessibility,2334,22,204064,0.20095292065190595,0.23710345503272356,0.8243212756770187,0.6233683550251128,0.537398262936316,0.7745017179690395
random,4,log_translation_proxy,transcript_accessibility,2334,23,204065,0.190109893429516,0.2249000697180653,0.8243212756770187,0.6342113822475027,0.537398262936316,0.7622983326543813
random,4,log_translation_proxy,transcript_accessibility,2334,24,204066,0.1971876651901897,0.23251836558663896,0.8243212756770187,0.627133610486829,0.537398262936316,0.769916628522955
random,4,log_translation_proxy,transcript_accessibility,2334,25,204067,0.18171015629365472,0.2216420691676,0.8243212756770187,0.642611119383364,0.537398262936316,0.759040332103916
random,4,log_translation_proxy,transcript_accessibility,2334,26,204068,0.18872698206044436,0.2333879093351129,0.8243212756770187,0.6355942936165744,0.537398262936316,0.7707861722714289
random,4,log_translation_proxy,transcript_accessibility,2334,27,204069,0.19975433477816862,0.2475579740861289,0.8243212756770187,0.6245669408988501,0.537398262936316,0.7849562370224449
random,4,log_translation_proxy,transcript_accessibility,2334,28,204070,0.18620447116655336,0.21803290591213886,0.8243212756770187,0.6381168045104654,0.537398262936316,0.7554311688484548
random,4,log_translation_proxy,transcript_accessibility,2334,29,204071,0.17016792402131253,0.21589575259221971,0.8243212756770187,0.6541533516557062,0.537398262936316,0.7532940155285357
random,4,log_prot,promoter_recognition,2334,0,14042,0.5854930662763984,0.9587268827562084,0.8996309405877005,0.31413787431130213,0.634301355289922,1.5930282380461305
random,4,log_prot,promoter_recognition,2334,1,14043,0.5326288849137993,0.8468478834860561,0.8996309405877005,0.3670020556739012,0.634301355289922,1.4811492387759781
random,4,log_prot,promoter_recognition,2334,2,14044,0.625463615385482,0.99117303965657,0.8996309405877005,0.27416732520221854,0.634301355289922,1.625474394946492
random,4,log_prot,promoter_recognition,2334,3,14045,0.6761338432183975,1.110680214706253,0.8996309405877005,0.223497097369303,0.634301355289922,1.744981569996175
random,4,log_prot,promoter_recognition,2334,4,14046,0.6281023026026684,1.005512520340242,0.8996309405877005,0.2715286379850321,0.634301355289922,1.639813875630164
random,4,log_prot,promoter_recognition,2334,5,14047,0.5957135812482353,0.926596687791451,0.8996309405877005,0.30391735933946523,0.634301355289922,1.560898043081373
random,4,log_prot,promoter_recognition,2334,6,14048,0.5757211123206669,0.8944392717713429,0.8996309405877005,0.3239098282670337,0.634301355289922,1.528740627061265
random,4,log_prot,promoter_recognition,2334,7,14049,0.6023892044095734,0.9611144423276806,0.8996309405877005,0.2972417361781271,0.634301355289922,1.5954157976176027
random,4,log_prot,promoter_recognition,2334,8,14050,0.5966568114985876,0.9653405377288816,0.8996309405877005,0.3029741290891129,0.634301355289922,1.5996418930188037
random,4,log_prot,promoter_recognition,2334,9,14051,0.5241349696524187,0.8545360658219129,0.8996309405877005,0.3754959709352818,0.634301355289922,1.488837421111835
random,4,log_prot,promoter_recognition,2334,10,14052,0.49451689698190077,0.8205197178657117,0.8996309405877005,0.4051140436057998,0.634301355289922,1.4548210731556337
random,4,log_prot,promoter_recognition,2334,11,14053,0.557795809976037,0.8850407365726544,0.8996309405877005,0.34183513061166354,0.634301355289922,1.5193420918625764
random,4,log_prot,promoter_recognition,2334,12,14054,0.5491679341772396,0.9207874082551547,0.8996309405877005,0.3504630064104609,0.634301355289922,1.5550887635450767
random,4,log_prot,promoter_recognition,2334,13,14055,0.5658583124372447,0.9072863728473467,0.8996309405877005,0.3337726281504558,0.634301355289922,1.5415877281372687
random,4,log_prot,promoter_recognition,2334,14,14056,0.6913504083489376,1.0812185915039887,0.8996309405877005,0.20828053223876297,0.634301355289922,1.7155199467939108
random,4,log_prot,promoter_recognition,2334,15,14057,0.7268294924457952,1.0788972189468038,0.8996309405877005,0.17280144814190532,0.634301355289922,1.713198574236726
random,4,log_prot,promoter_recognition,2334,16,14058,0.5978836901742812,0.971659487890408,0.8996309405877005,0.3017472504134194,0.634301355289922,1.60596084318033
random,4,log_prot,promoter_recognition,2334,17,14059,0.5323643307274424,0.8679250458608808,0.8996309405877005,0.36726660986025816,0.634301355289922,1.5022264011508029
random,4,log_prot,promoter_recognition,2334,18,14060,0.5367998483367615,0.9136436550552273,0.8996309405877005,0.362831092250939,0.634301355289922,1.5479450103451493
random,4,log_prot,promoter_recognition,2334,19,14061,0.4737772782564636,0.8084311670801355,0.8996309405877005,0.42585366233123695,0.634301355289922,1.4427325223700576
random,4,log_prot,promoter_recognition,2334,20,14062,0.605619902790075,0.9496312306825224,0.8996309405877005,0.29401103779762544,0.634301355289922,1.5839325859724445
random,4,log_prot,promoter_recognition,2334,21,14063,0.6466904431174194,1.034583023704288,0.8996309405877005,0.25294049747028113,0.634301355289922,1.66888437899421
random,4,log_prot,promoter_recognition,2334,22,14064,0.6190844191466902,1.001891777481775,0.8996309405877005,0.2805465214410103,0.634301355289922,1.636193132771697
random,4,log_prot,promoter_recognition,2334,23,14065,0.6490623724405252,1.0546413758100828,0.8996309405877005,0.2505685681471753,0.634301355289922,1.6889427311000047
random,4,log_prot,promoter_recognition,2334,24,14066,0.6543318049708647,1.0416710054808815,0.8996309405877005,0.2452991356168358,0.634301355289922,1.6759723607708035
random,4,log_prot,promoter_recognition,2334,25,14067,0.6025507106869072,0.9566574117291716,0.8996309405877005,0.29708022990079325,0.634301355289922,1.5909587670190937
random,4,log_prot,promoter_recognition,2334,26,14068,0.6065560292327885,0.9931881576567217,0.8996309405877005,0.293074911354912,0.634301355289922,1.6274895129466438
random,4,log_prot,promoter_recognition,2334,27,14069,0.4887597379336227,0.8350303799246163,0.8996309405877005,0.41087120265407784,0.634301355289922,1.4693317352145383
random,4,log_prot,promoter_recognition,2334,28,14070,0.6026716233852185,0.958250985093633,0.8996309405877005,0.296959317202482,0.634301355289922,1.592552340383555
random,4,log_prot,promoter_recognition,2334,29,14071,0.6096300234842139,0.9708158437850166,0.8996309405877005,0.29000091710348663,0.634301355289922,1.6051171990749387
random,4,log_prot,rbs_recognition,2334,0,114042,0.3331154762582589,0.5903937906002895,0.8996309405877005,0.5665154643294417,0.634301355289922,1.2246951458902116
random,4,log_prot,rbs_recognition,2334,1,114043,0.24508623594440626,0.43761480670658626,0.8996309405877005,0.6545447046432943,0.634301355289922,1.0719161619965083
random,4,log_prot,rbs_recognition,2334,2,114044,0.3270465905806178,0.5957584355599744,0.8996309405877005,0.5725843500070827,0.634301355289922,1.2300597908498965
random,4,log_prot,rbs_recognition,2334,3,114045,0.22194118940260998,0.4288990435933805,0.8996309405877005,0.6776897511850906,0.634301355289922,1.0632003988833025
random,4,log_prot,rbs_recognition,2334,4,114046,0.27762611446219676,0.5012278309117896,0.8996309405877005,0.6220048261255038,0.634301355289922,1.1355291862017116
random,4,log_prot,rbs_recognition,2334,5,114047,0.2719283349331708,0.48485699437829244,0.8996309405877005,0.6277026056545297,0.634301355289922,1.1191583496682145
random,4,log_prot,rbs_recognition,2334,6,114048,0.3221037542259456,0.56851952619158,0.8996309405877005,0.5775271863617549,0.634301355289922,1.202820881481502
random,4,log_prot,rbs_recognition,2334,7,114049,0.29819371502637215,0.5351550534035797,0.8996309405877005,0.6014372255613284,0.634301355289922,1.1694564086935018
random,4,log_prot,rbs_recognition,2334,8,114050,0.3125184158821268,0.5631427285834766,0.8996309405877005,0.5871125247055737,0.634301355289922,1.1974440838733986
random,4,log_prot,rbs_recognition,2334,9,114051,0.29705040237127933,0.5198351399356204,0.8996309405877005,0.6025805382164212,0.634301355289922,1.1541364952255424
random,4,log_prot,rbs_recognition,2334,10,114052,0.2871374100230143,0.5229182195587662,0.8996309405877005,0.6124935305646863,0.634301355289922,1.1572195748486882
random,4,log_prot,rbs_recognition,2334,11,114053,0.2657777195356361,0.4758171000442021,0.8996309405877005,0.6338532210520644,0.634301355289922,1.1101184553341241
random,4,log_prot,rbs_recognition,2334,12,114054,0.29853504135581865,0.5412414024947892,0.8996309405877005,0.6010958992318819,0.634301355289922,1.1755427577847113
random,4,log_prot,rbs_recognition,2334,13,114055,0.30807272710476685,0.5566809605885775,0.8996309405877005,0.5915582134829337,0.634301355289922,1.1909823158784996
random,4,log_prot,rbs_recognition,2334,14,114056,0.22841422058199035,0.43813182401803064,0.8996309405877005,0.6712167200057102,0.634301355289922,1.0724331793079527
random,4,log_prot,rbs_recognition,2334,15,114057,0.3140181625302574,0.5573213253532697,0.8996309405877005,0.5856127780574432,0.634301355289922,1.1916226806431918
random,4,log_prot,rbs_recognition,2334,16,114058,0.28259128906663167,0.5100695088878301,0.8996309405877005,0.6170396515210689,0.634301355289922,1.1443708641777521
random,4,log_prot,rbs_recognition,2334,17,114059,0.32927909779671816,0.5756807958601989,0.8996309405877005,0.5703518427909824,0.634301355289922,1.209982151150121
random,4,log_prot,rbs_recognition,2334,18,114060,0.3485551015827544,0.6092469480002544,0.8996309405877005,0.5510758390049462,0.634301355289922,1.2435483032901764
random,4,log_prot,rbs_recognition,2334,19,114061,0.3109241161373115,0.5616531573743616,0.8996309405877005,0.588706824450389,0.634301355289922,1.1959545126642837
random,4,log_prot,rbs_recognition,2334,20,114062,0.3415676165283861,0.5865639764388887,0.8996309405877005,0.5580633240593145,0.634301355289922,1.2208653317288107
random,4,log_prot,rbs_recognition,2334,21,114063,0.262979382382607,0.46298873619352865,0.8996309405877005,0.6366515582050936,0.634301355289922,1.0972900914834507
random,4,log_prot,rbs_recognition,2334,22,114064,0.35754950587652157,0.6191437419074327,0.8996309405877005,0.542081434711179,0.634301355289922,1.2534450971973548
random,4,log_prot,rbs_recognition,2334,23,114065,0.2922804694733758,0.5091200537045436,0.8996309405877005,0.6073504711143247,0.634301355289922,1.1434214089944656
random,4,log_prot,rbs_recognition,2334,24,114066,0.3061179848886262,0.5245127671481155,0.8996309405877005,0.5935129556990744,0.634301355289922,1.1588141224380375
random,4,log_prot,rbs_recognition,2334,25,114067,0.35492114306814637,0.6097010302306493,0.8996309405877005,0.5447097975195542,0.634301355289922,1.2440023855205713
random,4,log_prot,rbs_recognition,2334,26,114068,0.260350651811492,0.4711059415042632,0.8996309405877005,0.6392802887762086,0.634301355289922,1.1054072967941853
random,4,log_prot,rbs_recognition,2334,27,114069,0.2817684216773544,0.5117544970408557,0.8996309405877005,0.6178625189103462,0.634301355289922,1.1460558523307778
random,4,log_prot,rbs_recognition,2334,28,114070,0.3157266721140327,0.554174732368251,0.8996309405877005,0.5839042684736678,0.634301355289922,1.188476087658173
random,4,log_prot,rbs_recognition,2334,29,114071,0.2701919999528809,0.4848770732983302,0.8996309405877005,0.6294389406348196,0.634301355289922,1.1191784285882522
random,4,log_prot,transcript_accessibility,2334,0,214042,0.1382016842625423,0.2792863220992118,0.8996309405877005,0.7614292563251582,0.634301355289922,0.9135876773891338
random,4,log_prot,transcript_accessibility,2334,1,214043,0.1373015725993153,0.28250400252264884,0.8996309405877005,0.7623293679883852,0.634301355289922,0.9168053578125709
random,4,log_prot,transcript_accessibility,2334,2,214044,0.14347660832010112,0.2886138304846073,0.8996309405877005,0.7561543322675994,0.634301355289922,0.9229151857745294
random,4,log_prot,transcript_accessibility,2334,3,214045,0.14034487297700504,0.2843329711760745,0.8996309405877005,0.7592860676106955,0.634301355289922,0.9186343264659965
random,4,log_prot,transcript_accessibility,2334,4,214046,0.13565828274664538,0.28447697652479687,0.8996309405877005,0.7639726578410552,0.634301355289922,0.9187783318147189
random,4,log_prot,transcript_accessibility,2334,5,214047,0.14215495180454563,0.28301144731137773,0.8996309405877005,0.7574759887831549,0.634301355289922,0.9173128026012998
random,4,log_prot,transcript_accessibility,2334,6,214048,0.1432270111642815,0.2962999230279062,0.8996309405877005,0.756403929423419,0.634301355289922,0.9306012783178282
random,4,log_prot,transcript_accessibility,2334,7,214049,0.1318106218634325,0.27562144917301834,0.8996309405877005,0.767820318724268,0.634301355289922,0.9099228044629404
random,4,log_prot,transcript_accessibility,2334,8,214050,0.13065636455915497,0.2751442694361502,0.8996309405877005,0.7689745760285456,0.634301355289922,0.9094456247260723
random,4,log_prot,transcript_accessibility,2334,9,214051,0.13991467739019603,0.29093580277558473,0.8996309405877005,0.7597162631975045,0.634301355289922,0.9252371580655068
random,4,log_prot,transcript_accessibility,2334,10,214052,0.1343046493652651,0.27841306925508025,0.8996309405877005,0.7653262912224355,0.634301355289922,0.9127144245450023
random,4,log_prot,transcript_accessibility,2334,11,214053,0.13463099718521476,0.2783345181648651,0.8996309405877005,0.7649999434024858,0.634301355289922,0.9126358734547871
random,4,log_prot,transcript_accessibility,2334,12,214054,0.13847521960700637,0.2917332514844494,0.8996309405877005,0.7611557209806942,0.634301355289922,0.9260346067743714
random,4,log_prot,transcript_accessibility,2334,13,214055,0.13413841186547248,0.2835254543635337,0.8996309405877005,0.7654925287222281,0.634301355289922,0.9178268096534558
random,4,log_prot,transcript_accessibility,2334,14,214056,0.13008746254383774,0.27197583991790164,0.8996309405877005,0.7695434780438628,0.634301355289922,0.9062771952078237
random,4,log_prot,transcript_accessibility,2334,15,214057,0.12783710528540626,0.27596653071961985,0.8996309405877005,0.7717938353022943,0.634301355289922,0.9102678860095419
random,4,log_prot,transcript_accessibility,2334,16,214058,0.12753813364455735,0.27395482372105595,0.8996309405877005,0.7720928069431432,0.634301355289922,0.908256179010978
random,4,log_prot,transcript_accessibility,2334,17,214059,0.1333473615458617,0.2839537651516115,0.8996309405877005,0.7662835790418389,0.634301355289922,0.9182551204415336
random,4,log_prot,transcript_accessibility,2334,18,214060,0.1504530766832919,0.3032830114829641,0.8996309405877005,0.7491778639044087,0.634301355289922,0.9375843667728861
random,4,log_prot,transcript_accessibility,2334,19,214061,0.13053526876274624,0.2784341874997728,0.8996309405877005,0.7690956718249543,0.634301355289922,0.9127355427896948
random,4,log_prot,transcript_accessibility,2334,20,214062,0.13922912791124797,0.2806440404361673,0.8996309405877005,0.7604018126764526,0.634301355289922,0.9149453957260893
random,4,log_prot,transcript_accessibility,2334,21,214063,0.13523279532921562,0.2781288391829597,0.8996309405877005,0.7643981452584849,0.634301355289922,0.9124301944728818
random,4,log_prot,transcript_accessibility,2334,22,214064,0.13908006529614625,0.28139500820300367,0.8996309405877005,0.7605508752915543,0.634301355289922,0.9156963634929257
random,4,log_prot,transcript_accessibility,2334,23,214065,0.13168011415655256,0.2705741295315721,0.8996309405877005,0.767950826431148,0.634301355289922,0.9048754848214942
random,4,log_prot,transcript_accessibility,2334,24,214066,0.13584499420020069,0.2768450632306342,0.8996309405877005,0.7637859463874999,0.634301355289922,0.9111464185205562
random,4,log_prot,transcript_accessibility,2334,25,214067,0.13760045363722362,0.2799130243940374,0.8996309405877005,0.7620304869504769,0.634301355289922,0.9142143796839595
random,4,log_prot,transcript_accessibility,2334,26,214068,0.1358466873857005,0.2778673170420103,0.8996309405877005,0.763784253202,0.634301355289922,0.9121686723319323
random,4,log_prot,transcript_accessibility,2334,27,214069,0.13215693822984942,0.2869870539027436,0.8996309405877005,0.7674740023578511,0.634301355289922,0.9212884091926656
random,4,log_prot,transcript_accessibility,2334,28,214070,0.13980968903544544,0.2904168721973993,0.8996309405877005,0.7598212515522551,0.634301355289922,0.9247182274873214
random,4,log_prot,transcript_accessibility,2334,29,214071,0.14020431687300228,0.2851179915850599,0.8996309405877005,0.7594266237146983,0.634301355289922,0.919419346874982
promoter_holdout,0,log_translation_proxy,promoter_recognition,2332,0,1000042,0.16277703228406598,0.12017799337061552,0.5923482848892678,0.42957125260520185,0.7512171188330662,0.8713951122036817
promoter_holdout,0,log_translation_proxy,promoter_recognition,2332,1,1000043,0.2062941409397911,0.19636489902705134,0.5923482848892678,0.38605414394947674,0.7512171188330662,0.9475820178601175
promoter_holdout,0,log_translation_proxy,promoter_recognition,2332,2,1000044,0.16027708632539783,0.1462897356613202,0.5923482848892678,0.43207119856387,0.7512171188330662,0.8975068544943864
promoter_holdout,0,log_translation_proxy,promoter_recognition,2332,3,1000045,0.15536312997447488,0.13234176239235318,0.5923482848892678,0.43698515491479295,0.7512171188330662,0.8835588812254194
promoter_holdout,0,log_translation_proxy,promoter_recognition,2332,4,1000046,0.33447371891770566,0.2856100100610358,0.5923482848892678,0.25787456597156216,0.7512171188330662,1.036827128894102
promoter_holdout,0,log_translation_proxy,promoter_recognition,2332,5,1000047,0.10463500547313909,0.1341146405151431,0.5923482848892678,0.48771327941612874,0.7512171188330662,0.8853317593482093
promoter_holdout,0,log_translation_proxy,promoter_recognition,2332,6,1000048,0.1286871145715735,0.13213882206963057,0.5923482848892678,0.4636611703176943,0.7512171188330662,0.8833559409026968
promoter_holdout,0,log_translation_proxy,promoter_recognition,2332,7,1000049,0.3277057830150603,0.2774182682994074,0.5923482848892678,0.2646425018742075,0.7512171188330662,1.0286353871324736
promoter_holdout,0,log_translation_proxy,promoter_recognition,2332,8,1000050,0.21327258292306156,0.15015143150392884,0.5923482848892678,0.37907570196620627,0.7512171188330662,0.901368550336995
promoter_holdout,0,log_translation_proxy,promoter_recognition,2332,9,1000051,0.08539843745963605,0.09182182956405716,0.5923482848892678,0.5069498474296318,0.7512171188330662,0.8430389483971233
promoter_holdout,0,log_translation_proxy,promoter_recognition,2332,10,1000052,0.25277112949475844,0.21907638429092202,0.5923482848892678,0.3395771553945094,0.7512171188330662,0.9702935031239882
promoter_holdout,0,log_translation_proxy,promoter_recognition,2332,11,1000053,0.10040245593303038,0.07567217425701667,0.5923482848892678,0.49194582895623745,0.7512171188330662,0.8268892930900829
promoter_holdout,0,log_translation_proxy,promoter_recognition,2332,12,1000054,0.08203748800292421,0.1012627690207657,0.5923482848892678,0.5103107968863436,0.7512171188330662,0.8524798878538319
promoter_holdout,0,log_translation_proxy,promoter_recognition,2332,13,1000055,-0.08400437056134391,-0.040280043311711644,0.5923482848892678,0.6763526554506117,0.7512171188330662,0.7109370755213545
promoter_holdout,0,log_translation_proxy,promoter_recognition,2332,14,1000056,0.33089135045167284,0.26824551612930614,0.5923482848892678,0.261456934437595,0.7512171188330662,1.0194626349623723
promoter_holdout,0,log_translation_proxy,promoter_recognition,2332,15,1000057,0.1978863175550894,0.18051863259848078,0.5923482848892678,0.39446196733417843,0.7512171188330662,0.931735751431547
promoter_holdout,0,log_translation_proxy,promoter_recognition,2332,16,1000058,0.18417703140282354,0.16246733147458559,0.5923482848892678,0.4081712534864443,0.7512171188330662,0.9136844503076518
promoter_holdout,0,log_translation_proxy,promoter_recognition,2332,17,1000059,0.11952334549104016,0.11034219138621926,0.5923482848892678,0.4728249393982277,0.7512171188330662,0.8615593102192854
promoter_holdout,0,log_translation_proxy,promoter_recognition,2332,18,1000060,0.0070731377438834064,0.02622310257795657,0.5923482848892678,0.5852751471453844,0.7512171188330662,0.7774402214110228
promoter_holdout,0,log_translation_proxy,promoter_recognition,2332,19,1000061,0.10920187679698845,0.11661232412121236,0.5923482848892678,0.4831464080922794,0.7512171188330662,0.8678294429542786
promoter_holdout,0,log_translation_proxy,promoter_recognition,2332,20,1000062,0.2683093542270015,0.2436017246396135,0.5923482848892678,0.32403893066226636,0.7512171188330662,0.9948188434726797
promoter_holdout,0,log_translation_proxy,promoter_recognition,2332,21,1000063,0.23741368529129175,0.20997667993552394,0.5923482848892678,0.3549345995979761,0.7512171188330662,0.9611937987685901
promoter_holdout,0,log_translation_proxy,promoter_recognition,2332,22,1000064,0.29865254505347183,0.2582900349709111,0.5923482848892678,0.293695739835796,0.7512171188330662,1.0095071538039773
promoter_holdout,0,log_translation_proxy,promoter_recognition,2332,23,1000065,0.15734461823656581,0.12379652838430277,0.5923482848892678,0.435003666652702,0.7512171188330662,0.875013647217369
promoter_holdout,0,log_translation_proxy,promoter_recognition,2332,24,1000066,0.24683372712789609,0.2139278281846657,0.5923482848892678,0.34551455776137174,0.7512171188330662,0.9651449470177319
promoter_holdout,0,log_translation_proxy,promoter_recognition,2332,25,1000067,0.19498447431150834,0.17003171561481867,0.5923482848892678,0.3973638105777595,0.7512171188330662,0.9212488344478849
promoter_holdout,0,log_translation_proxy,promoter_recognition,2332,26,1000068,0.10760420446131558,0.11888364024539155,0.5923482848892678,0.48474408042795225,0.7512171188330662,0.8701007590784577
promoter_holdout,0,log_translation_proxy,promoter_recognition,2332,27,1000069,0.23232942299313875,0.23113399878272245,0.5923482848892678,0.3600188618961291,0.7512171188330662,0.9823511176157886
promoter_holdout,0,log_translation_proxy,promoter_recognition,2332,28,1000070,0.0808635829383193,0.0773603158167171,0.5923482848892678,0.5114847019509485,0.7512171188330662,0.8285774346497833
promoter_holdout,0,log_translation_proxy,promoter_recognition,2332,29,1000071,0.14285431504471452,0.13447866768423677,0.5923482848892678,0.4494939698445533,0.7512171188330662,0.885695786517303
promoter_holdout,0,log_translation_proxy,rbs_recognition,2332,0,1100042,0.28847364106039874,0.2598905591044197,0.5923482848892678,0.3038746438288691,0.7512171188330662,1.011107677937486
promoter_holdout,0,log_translation_proxy,rbs_recognition,2332,1,1100043,0.3006394144535172,0.2848514829762049,0.5923482848892678,0.2917088704357506,0.7512171188330662,1.036068601809271
promoter_holdout,0,log_translation_proxy,rbs_recognition,2332,2,1100044,0.2757752209183276,0.24826417938774592,0.5923482848892678,0.3165730639709402,0.7512171188330662,0.9994812982208121
promoter_holdout,0,log_translation_proxy,rbs_recognition,2332,3,1100045,0.2688706584168739,0.2636573009059061,0.5923482848892678,0.3234776264723939,0.7512171188330662,1.0148744197389723
promoter_holdout,0,log_translation_proxy,rbs_recognition,2332,4,1100046,0.2919854702458232,0.2669471146431982,0.5923482848892678,0.3003628146434446,0.7512171188330662,1.0181642334762644
promoter_holdout,0,log_translation_proxy,rbs_recognition,2332,5,1100047,0.3225778632211357,0.29112304230587516,0.5923482848892678,0.26977042166813214,0.7512171188330662,1.0423401611389413
promoter_holdout,0,log_translation_proxy,rbs_recognition,2332,6,1100048,0.3214621702565526,0.2970561188485531,0.5923482848892678,0.2708861146327152,0.7512171188330662,1.0482732376816193
promoter_holdout,0,log_translation_proxy,rbs_recognition,2332,7,1100049,0.2885352205452932,0.2662515519297849,0.5923482848892678,0.30381306434397465,0.7512171188330662,1.017468670762851
promoter_holdout,0,log_translation_proxy,rbs_recognition,2332,8,1100050,0.27242631592155064,0.2524564850221479,0.5923482848892678,0.3199219689677172,0.7512171188330662,1.003673603855214
promoter_holdout,0,log_translation_proxy,rbs_recognition,2332,9,1100051,0.2910358871562489,0.27021210653166505,0.5923482848892678,0.30131239773301893,0.7512171188330662,1.0214292253647312
promoter_holdout,0,log_translation_proxy,rbs_recognition,2332,10,1100052,0.2741570541067504,0.2651791026269238,0.5923482848892678,0.31819123078251743,0.7512171188330662,1.01639622145999
promoter_holdout,0,log_translation_proxy,rbs_recognition,2332,11,1100053,0.3185210780822642,0.30090314722776,0.5923482848892678,0.2738272068070036,0.7512171188330662,1.0521202660608262
promoter_holdout,0,log_translation_proxy,rbs_recognition,2332,12,1100054,0.3002328193672695,0.2508467422627808,0.5923482848892678,0.29211546552199835,0.7512171188330662,1.002063861095847
promoter_holdout,0,log_translation_proxy,rbs_recognition,2332,13,1100055,0.32545903709660756,0.28162789712834735,0.5923482848892678,0.26688924779266027,0.7512171188330662,1.0328450159614135
promoter_holdout,0,log_translation_proxy,rbs_recognition,2332,14,1100056,0.3408405383038692,0.3119876521163759,0.5923482848892678,0.25150774658539865,0.7512171188330662,1.063204770949442
promoter_holdout,0,log_translation_proxy,rbs_recognition,2332,15,1100057,0.30394328109386426,0.2665424371972055,0.5923482848892678,0.28840500379540357,0.7512171188330662,1.0177595560302717
promoter_holdout,0,log_translation_proxy,rbs_recognition,2332,16,1100058,0.2950440469409798,0.2680006730598229,0.5923482848892678,0.29730423794828803,0.7512171188330662,1.019217791892889
promoter_holdout,0,log_translation_proxy,rbs_recognition,2332,17,1100059,0.3025005430851325,0.2681078932520645,0.5923482848892678,0.2898477418041353,0.7512171188330662,1.0193250120851307
promoter_holdout,0,log_translation_proxy,rbs_recognition,2332,18,1100060,0.3034128316904562,0.27689305482426396,0.5923482848892678,0.28893545319881164,0.7512171188330662,1.0281101736573302
promoter_holdout,0,log_translation_proxy,rbs_recognition,2332,19,1100061,0.2487814831303254,0.22952582944513578,0.5923482848892678,0.34356680175894244,0.7512171188330662,0.980742948278202
promoter_holdout,0,log_translation_proxy,rbs_recognition,2332,20,1100062,0.2743384667864445,0.24637605565339893,0.5923482848892678,0.3180098181028233,0.7512171188330662,0.9975931744864651
promoter_holdout,0,log_translation_proxy,rbs_recognition,2332,21,1100063,0.35417119093924665,0.29233416599432094,0.5923482848892678,0.23817709395002118,0.7512171188330662,1.0435512848273871
promoter_holdout,0,log_translation_proxy,rbs_recognition,2332,22,1100064,0.30621778750968115,0.2915089994261123,0.5923482848892678,0.2861304973795867,0.7512171188330662,1.0427261182591785
promoter_holdout,0,log_translation_proxy,rbs_recognition,2332,23,1100065,0.3076238962982891,0.28038524379280794,0.5923482848892678,0.2847243885909787,0.7512171188330662,1.0316023626258741
promoter_holdout,0,log_translation_proxy,rbs_recognition,2332,24,1100066,0.3175107996855201,0.29578306262906373,0.5923482848892678,0.27483748520374773,0.7512171188330662,1.04700018146213
promoter_holdout,0,log_translation_proxy,rbs_recognition,2332,25,1100067,0.2801473495777534,0.2600682117180718,0.5923482848892678,0.31220093531151444,0.7512171188330662,1.011285330551138
promoter_holdout,0,log_translation_proxy,rbs_recognition,2332,26,1100068,0.2640300057924953,0.24338007925458283,0.5923482848892678,0.3283182790967725,0.7512171188330662,0.994597198087649
promoter_holdout,0,log_translation_proxy,rbs_recognition,2332,27,1100069,0.3557628869734892,0.33164731020142757,0.5923482848892678,0.23658539791577865,0.7512171188330662,1.0828644290344938
promoter_holdout,0,log_translation_proxy,rbs_recognition,2332,28,1100070,0.3008208625477897,0.2671514562518512,0.5923482848892678,0.2915274223414781,0.7512171188330662,1.0183685750849174
promoter_holdout,0,log_translation_proxy,rbs_recognition,2332,29,1100071,0.26256049388346214,0.2587435214270787,0.5923482848892678,0.3297877910058057,0.7512171188330662,1.0099606402601449
promoter_holdout,0,log_translation_proxy,transcript_accessibility,2332,0,1200042,0.14294353534460608,0.15500923084967377,0.5923482848892678,0.44940474954466175,0.7512171188330662,0.90622634968274
promoter_holdout,0,log_translation_proxy,transcript_accessibility,2332,1,1200043,0.150746819300548,0.16076754136370586,0.5923482848892678,0.4416014655887198,0.7512171188330662,0.911984660196772
promoter_holdout,0,log_translation_proxy,transcript_accessibility,2332,2,1200044,0.150717161579217,0.15953839550329107,0.5923482848892678,0.44163112331005083,0.7512171188330662,0.9107555143363573
promoter_holdout,0,log_translation_proxy,transcript_accessibility,2332,3,1200045,0.13858500303194554,0.15368976297440784,0.5923482848892678,0.4537632818573223,0.7512171188330662,0.904906881807474
promoter_holdout,0,log_translation_proxy,transcript_accessibility,2332,4,1200046,0.14784589030235984,0.15378162198649115,0.5923482848892678,0.444502394586908,0.7512171188330662,0.9049987408195573
promoter_holdout,0,log_translation_proxy,transcript_accessibility,2332,5,1200047,0.15173421496652612,0.1575322928020445,0.5923482848892678,0.4406140699227417,0.7512171188330662,0.9087494116351107
promoter_holdout,0,log_translation_proxy,transcript_accessibility,2332,6,1200048,0.13288323831927618,0.14919177892385027,0.5923482848892678,0.45946504656999165,0.7512171188330662,0.9004088977569165
promoter_holdout,0,log_translation_proxy,transcript_accessibility,2332,7,1200049,0.1508049943298106,0.16313096320697618,0.5923482848892678,0.44154329055945724,0.7512171188330662,0.9143480820400424
promoter_holdout,0,log_translation_proxy,transcript_accessibility,2332,8,1200050,0.15031099709560847,0.1654446651565985,0.5923482848892678,0.44203728779365936,0.7512171188330662,0.9166617839896647
promoter_holdout,0,log_translation_proxy,transcript_accessibility,2332,9,1200051,0.13928877191211725,0.15462635115186696,0.5923482848892678,0.4530595129771506,0.7512171188330662,0.9058434699849331
promoter_holdout,0,log_translation_proxy,transcript_accessibility,2332,10,1200052,0.14013773724729733,0.15338893263506748,0.5923482848892678,0.4522105476419705,0.7512171188330662,0.9046060514681337
promoter_holdout,0,log_translation_proxy,transcript_accessibility,2332,11,1200053,0.12206225437207119,0.1453928735002955,0.5923482848892678,0.47028603051719664,0.7512171188330662,0.8966099923333617
promoter_holdout,0,log_translation_proxy,transcript_accessibility,2332,12,1200054,0.13852475696850758,0.1526969164024119,0.5923482848892678,0.45382352792076025,0.7512171188330662,0.9039140352354781
promoter_holdout,0,log_translation_proxy,transcript_accessibility,2332,13,1200055,0.14861155404969506,0.14971327124149614,0.5923482848892678,0.44373673083957277,0.7512171188330662,0.9009303900745623
promoter_holdout,0,log_translation_proxy,transcript_accessibility,2332,14,1200056,0.13912765177428293,0.1525948226218764,0.5923482848892678,0.4532206331149849,0.7512171188330662,0.9038119414549426
promoter_holdout,0,log_translation_proxy,transcript_accessibility,2332,15,1200057,0.1283127803190801,0.14014466170272077,0.5923482848892678,0.4640355045701877,0.7512171188330662,0.891361780535787
promoter_holdout,0,log_translation_proxy,transcript_accessibility,2332,16,1200058,0.1427535747036811,0.15566567541851228,0.5923482848892678,0.4495947101855867,0.7512171188330662,0.9068827942515785
promoter_holdout,0,log_translation_proxy,transcript_accessibility,2332,17,1200059,0.14880942436404243,0.14644168309154848,0.5923482848892678,0.4435388605252254,0.7512171188330662,0.8976588019246147
promoter_holdout,0,log_translation_proxy,transcript_accessibility,2332,18,1200060,0.14804890835843554,0.1605439092426112,0.5923482848892678,0.4442993765308323,0.7512171188330662,0.9117610280756774
promoter_holdout,0,log_translation_proxy,transcript_accessibility,2332,19,1200061,0.1565858839188991,0.1623979638252956,0.5923482848892678,0.4357624009703687,0.7512171188330662,0.9136150826583618
promoter_holdout,0,log_translation_proxy,transcript_accessibility,2332,20,1200062,0.1350379045548436,0.14581908768823282,0.5923482848892678,0.4573103803344242,0.7512171188330662,0.897036206521299
promoter_holdout,0,log_translation_proxy,transcript_accessibility,2332,21,1200063,0.1370578877179457,0.14532307125519373,0.5923482848892678,0.45529039717132214,0.7512171188330662,0.8965401900882599
promoter_holdout,0,log_translation_proxy,transcript_accessibility,2332,22,1200064,0.1387676580013984,0.15234783622109926,0.5923482848892678,0.45358062688786943,0.7512171188330662,0.9035649550541655
promoter_holdout,0,log_translation_proxy,transcript_accessibility,2332,23,1200065,0.14692118238400464,0.15884579799460918,0.5923482848892678,0.4454271025052632,0.7512171188330662,0.9100629168276754
promoter_holdout,0,log_translation_proxy,transcript_accessibility,2332,24,1200066,0.1434755339275392,0.14713427271188295,0.5923482848892678,0.44887275096172863,0.7512171188330662,0.8983513915449491
promoter_holdout,0,log_translation_proxy,transcript_accessibility,2332,25,1200067,0.15169248374799937,0.1586246669276158,0.5923482848892678,0.44065580114126846,0.7512171188330662,0.909841785760682
promoter_holdout,0,log_translation_proxy,transcript_accessibility,2332,26,1200068,0.1479846483486008,0.158779640613676,0.5923482848892678,0.444363636540667,0.7512171188330662,0.9099967594467422
promoter_holdout,0,log_translation_proxy,transcript_accessibility,2332,27,1200069,0.13937592075708838,0.14925506228143448,0.5923482848892678,0.45297236413217945,0.7512171188330662,0.9004721811145007
promoter_holdout,0,log_translation_proxy,transcript_accessibility,2332,28,1200070,0.14537637492938377,0.15347547604613987,0.5923482848892678,0.44697190995988406,0.7512171188330662,0.9046925948792061
promoter_holdout,0,log_translation_proxy,transcript_accessibility,2332,29,1200071,0.14559651897141496,0.1601280949943531,0.5923482848892678,0.44675176591785287,0.7512171188330662,0.9113452138274193
promoter_holdout,0,log_prot,promoter_recognition,2332,0,1010042,0.3916080364010797,0.6084056137647951,0.6346563472869821,0.24304831088590234,1.2298911967733221,1.8382968105381172
promoter_holdout,0,log_prot,promoter_recognition,2332,1,1010043,0.29132850766358165,0.4347539718216893,0.6346563472869821,0.3433278396234004,1.2298911967733221,1.6646451685950114
promoter_holdout,0,log_prot,promoter_recognition,2332,2,1010044,0.22625296096479747,0.36545315094640163,0.6346563472869821,0.4084033863221846,1.2298911967733221,1.5953443477197238
promoter_holdout,0,log_prot,promoter_recognition,2332,3,1010045,0.5164174677107405,0.7497651784908004,0.6346563472869821,0.11823887957624162,1.2298911967733221,1.9796563752641225
promoter_holdout,0,log_prot,promoter_recognition,2332,4,1010046,0.5375893569341926,0.8112566398601337,0.6346563472869821,0.09706699035278943,1.2298911967733221,2.041147836633456
promoter_holdout,0,log_prot,promoter_recognition,2332,5,1010047,0.4508940545899514,0.6806058972138946,0.6346563472869821,0.18376229269703065,1.2298911967733221,1.9104970939872168
promoter_holdout,0,log_prot,promoter_recognition,2332,6,1010048,0.29320705206462444,0.3926517940300407,0.6346563472869821,0.3414492952223576,1.2298911967733221,1.6225429908033628
promoter_holdout,0,log_prot,promoter_recognition,2332,7,1010049,0.45123503201807225,0.7155098688785135,0.6346563472869821,0.1834213152689098,1.2298911967733221,1.9454010656518357
promoter_holdout,0,log_prot,promoter_recognition,2332,8,1010050,0.24771446293494054,0.4152534974213915,0.6346563472869821,0.3869418843520415,1.2298911967733221,1.6451446941947137
promoter_holdout,0,log_prot,promoter_recognition,2332,9,1010051,0.38713304309705876,0.5660576517826137,0.6346563472869821,0.24752330418992327,1.2298911967733221,1.7959488485559358
promoter_holdout,0,log_prot,promoter_recognition,2332,10,1010052,0.43968765620412387,0.696900145355041,0.6346563472869821,0.19496869108285822,1.2298911967733221,1.9267913421283631
promoter_holdout,0,log_prot,promoter_recognition,2332,11,1010053,0.1450240712015436,0.21414806196812908,0.6346563472869821,0.48963227608543847,1.2298911967733221,1.4440392587414512
promoter_holdout,0,log_prot,promoter_recognition,2332,12,1010054,0.3538297355001047,0.49410878001252656,0.6346563472869821,0.28082661178687734,1.2298911967733221,1.7239999767858487
promoter_holdout,0,log_prot,promoter_recognition,2332,13,1010055,0.38290000995054674,0.5076229627822544,0.6346563472869821,0.2517563373364353,1.2298911967733221,1.7375141595555765
promoter_holdout,0,log_prot,promoter_recognition,2332,14,1010056,0.13282295110488895,0.18091469159314544,0.6346563472869821,0.5018333961820931,1.2298911967733221,1.4108058883664676
promoter_holdout,0,log_prot,promoter_recognition,2332,15,1010057,0.3782528313343374,0.5894709805851348,0.6346563472869821,0.25640351595264466,1.2298911967733221,1.819362177358457
promoter_holdout,0,log_prot,promoter_recognition,2332,16,1010058,0.47456022741988374,0.6983309632995727,0.6346563472869821,0.16009611986709832,1.2298911967733221,1.9282221600728948
promoter_holdout,0,log_prot,promoter_recognition,2332,17,1010059,0.47357419638159703,0.6926081885321524,0.6346563472869821,0.161082150905385,1.2298911967733221,1.9224993853054746
promoter_holdout,0,log_prot,promoter_recognition,2332,18,1010060,0.059288394678978174,0.09520429432093458,0.6346563472869821,0.5753679526080039,1.2298911967733221,1.3250954910942567
promoter_holdout,0,log_prot,promoter_recognition,2332,19,1010061,0.11850456168302514,0.1889231908425688,0.6346563472869821,0.5161517856039569,1.2298911967733221,1.418814387615891
promoter_holdout,0,log_prot,promoter_recognition,2332,20,1010062,0.44390408532885334,0.7323523970317345,0.6346563472869821,0.19075226195812872,1.2298911967733221,1.9622435938050566
promoter_holdout,0,log_prot,promoter_recognition,2332,21,1010063,0.5690970751974491,0.8320386956541832,0.6346563472869821,0.06555927208953288,1.2298911967733221,2.0619298924275054
promoter_holdout,0,log_prot,promoter_recognition,2332,22,1010064,0.499735772231211,0.7578419273777266,0.6346563472869821,0.13492057505577104,1.2298911967733221,1.9877331241510487
promoter_holdout,0,log_prot,promoter_recognition,2332,23,1010065,0.40032097032958996,0.5912090698785477,0.6346563472869821,0.2343353769573921,1.2298911967733221,1.8211002666518699
promoter_holdout,0,log_prot,promoter_recognition,2332,24,1010066,0.5054057486881921,0.8085533724157468,0.6346563472869821,0.12925059859878993,1.2298911967733221,2.038444569189069
promoter_holdout,0,log_prot,promoter_recognition,2332,25,1010067,0.32725418565421,0.46046261092187346,0.6346563472869821,0.30740216163277206,1.2298911967733221,1.6903538076951956
promoter_holdout,0,log_prot,promoter_recognition,2332,26,1010068,0.39139592526260364,0.5437470207920829,0.6346563472869821,0.24326042202437842,1.2298911967733221,1.773638217565405
promoter_holdout,0,log_prot,promoter_recognition,2332,27,1010069,0.42697097492313174,0.643198050088031,0.6346563472869821,0.20768537236385035,1.2298911967733221,1.8730892468613531
promoter_holdout,0,log_prot,promoter_recognition,2332,28,1010070,0.4306763419228611,0.6595596061342495,0.6346563472869821,0.20398000536412095,1.2298911967733221,1.8894508029075716
promoter_holdout,0,log_prot,promoter_recognition,2332,29,1010071,0.4309730441887729,0.6035968182520535,0.6346563472869821,0.20368330309820917,1.2298911967733221,1.8334880150253756
promoter_holdout,0,log_prot,rbs_recognition,2332,0,1110042,0.1957701854743037,0.27405894116429774,0.6346563472869821,0.43888616181267837,1.2298911967733221,1.50395013793762
promoter_holdout,0,log_prot,rbs_recognition,2332,1,1110043,0.23417494134351763,0.30618650671971115,0.6346563472869821,0.40048140594346443,1.2298911967733221,1.5360777034930333
promoter_holdout,0,log_prot,rbs_recognition,2332,2,1110044,0.23212383037862938,0.35712183331192504,0.6346563472869821,0.4025325169083527,1.2298911967733221,1.5870130300852472
promoter_holdout,0,log_prot,rbs_recognition,2332,3,1110045,0.20373783030948572,0.2921956400013954,0.6346563472869821,0.43091851697749634,1.2298911967733221,1.5220868367747176
promoter_holdout,0,log_prot,rbs_recognition,2332,4,1110046,0.2180621013436287,0.32553861676812135,0.6346563472869821,0.41659424594335337,1.2298911967733221,1.5554298135414435
promoter_holdout,0,log_prot,rbs_recognition,2332,5,1110047,0.23662242063745592,0.3552099716854604,0.6346563472869821,0.39803392664952614,1.2298911967733221,1.5851011684587826
promoter_holdout,0,log_prot,rbs_recognition,2332,6,1110048,0.19742404256795054,0.27865736255683293,0.6346563472869821,0.4372323047190315,1.2298911967733221,1.508548559330155
promoter_holdout,0,log_prot,rbs_recognition,2332,7,1110049,0.18608664288363747,0.26286400097453066,0.6346563472869821,0.4485697044033446,1.2298911967733221,1.4927551977478528
promoter_holdout,0,log_prot,rbs_recognition,2332,8,1110050,0.25995229063547365,0.35424360828910606,0.6346563472869821,0.3747040566515084,1.2298911967733221,1.5841348050624282
promoter_holdout,0,log_prot,rbs_recognition,2332,9,1110051,0.24720519156780635,0.35802285756282504,0.6346563472869821,0.3874511557191757,1.2298911967733221,1.5879140543361472
promoter_holdout,0,log_prot,rbs_recognition,2332,10,1110052,0.24636401362670812,0.3482414558827125,0.6346563472869821,0.38829233366027394,1.2298911967733221,1.5781326526560346
promoter_holdout,0,log_prot,rbs_recognition,2332,11,1110053,0.2701629071783532,0.3810884495428757,0.6346563472869821,0.3644934401086289,1.2298911967733221,1.6109796463161978
promoter_holdout,0,log_prot,rbs_recognition,2332,12,1110054,0.2458002874363896,0.3496220177557694,0.6346563472869821,0.38885605985059246,1.2298911967733221,1.5795132145290915
promoter_holdout,0,log_prot,rbs_recognition,2332,13,1110055,0.2717182083520473,0.3716014713037292,0.6346563472869821,0.36293813893493476,1.2298911967733221,1.6014926680770514
promoter_holdout,0,log_prot,rbs_recognition,2332,14,1110056,0.22778515286916523,0.3201011695252529,0.6346563472869821,0.40687119441781683,1.2298911967733221,1.549992366298575
promoter_holdout,0,log_prot,rbs_recognition,2332,15,1110057,0.24536288139818585,0.3491432117025872,0.6346563472869821,0.3892934658887962,1.2298911967733221,1.5790344084759094
promoter_holdout,0,log_prot,rbs_recognition,2332,16,1110058,0.2107400957376826,0.2918426937673162,0.6346563472869821,0.42391625154929946,1.2298911967733221,1.5217338905406383
promoter_holdout,0,log_prot,rbs_recognition,2332,17,1110059,0.21512046574641464,0.29385360914313563,0.6346563472869821,0.4195358815405674,1.2298911967733221,1.5237448059164578
promoter_holdout,0,log_prot,rbs_recognition,2332,18,1110060,0.24666862372169907,0.34638797631753593,0.6346563472869821,0.387987723565283,1.2298911967733221,1.576279173090858
promoter_holdout,0,log_prot,rbs_recognition,2332,19,1110061,0.2597470162189419,0.3602484110564159,0.6346563472869821,0.37490933106804014,1.2298911967733221,1.590139607829738
promoter_holdout,0,log_prot,rbs_recognition,2332,20,1110062,0.2628966708353883,0.3537681385729461,0.6346563472869821,0.37175967645159375,1.2298911967733221,1.5836593353462682
promoter_holdout,0,log_prot,rbs_recognition,2332,21,1110063,0.20862666013885628,0.30433732980644845,0.6346563472869821,0.4260296871481258,1.2298911967733221,1.5342285265797706
promoter_holdout,0,log_prot,rbs_recognition,2332,22,1110064,0.24654318900834493,0.3308797546379909,0.6346563472869821,0.3881131582786371,1.2298911967733221,1.560770951411313
promoter_holdout,0,log_prot,rbs_recognition,2332,23,1110065,0.2342993274873985,0.3178894322044159,0.6346563472869821,0.40035701979958355,1.2298911967733221,1.547780628977738
promoter_holdout,0,log_prot,rbs_recognition,2332,24,1110066,0.23149057758831126,0.312283307445389,0.6346563472869821,0.4031657696986708,1.2298911967733221,1.5421745042187112
promoter_holdout,0,log_prot,rbs_recognition,2332,25,1110067,0.2435050683620959,0.3509611798547554,0.6346563472869821,0.39115127892488616,1.2298911967733221,1.5808523766280775
promoter_holdout,0,log_prot,rbs_recognition,2332,26,1110068,0.245589609404276,0.36615850047719745,0.6346563472869821,0.38906673788270607,1.2298911967733221,1.5960496972505196
promoter_holdout,0,log_prot,rbs_recognition,2332,27,1110069,0.2024918522472871,0.2961034129384532,0.6346563472869821,0.43216449503969495,1.2298911967733221,1.5259946097117754
promoter_holdout,0,log_prot,rbs_recognition,2332,28,1110070,0.20170297423030792,0.2897148973188506,0.6346563472869821,0.43295337305667414,1.2298911967733221,1.5196060940921727
promoter_holdout,0,log_prot,rbs_recognition,2332,29,1110071,0.24013212672474227,0.34557126084683154,0.6346563472869821,0.3945242205622398,1.2298911967733221,1.5754624576201537
promoter_holdout,0,log_prot,transcript_accessibility,2332,0,1210042,0.09829173007411296,0.15849057757684082,0.6346563472869821,0.5363646172128691,1.2298911967733221,1.388381774350163
promoter_holdout,0,log_prot,transcript_accessibility,2332,1,1210043,0.09631090513949403,0.15825400976241544,0.6346563472869821,0.538345442147488,1.2298911967733221,1.3881452065357376
promoter_holdout,0,log_prot,transcript_accessibility,2332,2,1210044,0.09966945906565938,0.16085891812457764,0.6346563472869821,0.5349868882213227,1.2298911967733221,1.3907501148978998
promoter_holdout,0,log_prot,transcript_accessibility,2332,3,1210045,0.10160773408008594,0.1587171529172886,0.6346563472869821,0.5330486132068961,1.2298911967733221,1.3886083496906108
promoter_holdout,0,log_prot,transcript_accessibility,2332,4,1210046,0.09992643561513492,0.15409540755524054,0.6346563472869821,0.5347299116718471,1.2298911967733221,1.3839866043285627
promoter_holdout,0,log_prot,transcript_accessibility,2332,5,1210047,0.08391381853017432,0.14241193219308101,0.6346563472869821,0.5507425287568077,1.2298911967733221,1.3723031289664032
promoter_holdout,0,log_prot,transcript_accessibility,2332,6,1210048,0.10462948652786919,0.16402394018355548,0.6346563472869821,0.5300268607591129,1.2298911967733221,1.3939151369568776
promoter_holdout,0,log_prot,transcript_accessibility,2332,7,1210049,0.09712426179022615,0.1587937044735448,0.6346563472869821,0.5375320854967559,1.2298911967733221,1.388684901246867
promoter_holdout,0,log_prot,transcript_accessibility,2332,8,1210050,0.09982087939230944,0.1627788535540473,0.6346563472869821,0.5348354678946726,1.2298911967733221,1.3926700503273695
promoter_holdout,0,log_prot,transcript_accessibility,2332,9,1210051,0.10703200702882698,0.16370979691685617,0.6346563472869821,0.5276243402581551,1.2298911967733221,1.3936009936901783
promoter_holdout,0,log_prot,transcript_accessibility,2332,10,1210052,0.0890164915060424,0.15530614139417764,0.6346563472869821,0.5456398557809397,1.2298911967733221,1.3851973381674998
promoter_holdout,0,log_prot,transcript_accessibility,2332,11,1210053,0.09981873096729621,0.16328825627662824,0.6346563472869821,0.5348376163196858,1.2298911967733221,1.3931794530499504
promoter_holdout,0,log_prot,transcript_accessibility,2332,12,1210054,0.09505006864024601,0.15247681835221072,0.6346563472869821,0.539606278646736,1.2298911967733221,1.3823680151255329
promoter_holdout,0,log_prot,transcript_accessibility,2332,13,1210055,0.10296873115724925,0.16278242864393944,0.6346563472869821,0.5316876161297328,1.2298911967733221,1.3926736254172616
promoter_holdout,0,log_prot,transcript_accessibility,2332,14,1210056,0.09273414867018082,0.1589069583541709,0.6346563472869821,0.5419221986168012,1.2298911967733221,1.388798155127493
promoter_holdout,0,log_prot,transcript_accessibility,2332,15,1210057,0.09838859810033462,0.1613544060007106,0.6346563472869821,0.5362677491866474,1.2298911967733221,1.3912456027740328
promoter_holdout,0,log_prot,transcript_accessibility,2332,16,1210058,0.10076943280176953,0.16231519426229446,0.6346563472869821,0.5338869144852125,1.2298911967733221,1.3922063910356166
promoter_holdout,0,log_prot,transcript_accessibility,2332,17,1210059,0.10218477448140406,0.16117568293050866,0.6346563472869821,0.532471572805578,1.2298911967733221,1.3910668797038308
promoter_holdout,0,log_prot,transcript_accessibility,2332,18,1210060,0.0961814606671888,0.15967007068033756,0.6346563472869821,0.5384748866197933,1.2298911967733221,1.3895612674536597
promoter_holdout,0,log_prot,transcript_accessibility,2332,19,1210061,0.10262390552002254,0.17262028275062624,0.6346563472869821,0.5320324417669595,1.2298911967733221,1.4025114795239484
promoter_holdout,0,log_prot,transcript_accessibility,2332,20,1210062,0.10204915402872694,0.16948666856661743,0.6346563472869821,0.5326071932582551,1.2298911967733221,1.3993778653399396
promoter_holdout,0,log_prot,transcript_accessibility,2332,21,1210063,0.1018760104332016,0.1596310171384292,0.6346563472869821,0.5327803368537805,1.2298911967733221,1.3895222139117513
promoter_holdout,0,log_prot,transcript_accessibility,2332,22,1210064,0.09118598145954804,0.15048409902379722,0.6346563472869821,0.543470365827434,1.2298911967733221,1.3803752957971194
promoter_holdout,0,log_prot,transcript_accessibility,2332,23,1210065,0.09613346387777211,0.15152054004183646,0.6346563472869821,0.53852288340921,1.2298911967733221,1.3814117368151586
promoter_holdout,0,log_prot,transcript_accessibility,2332,24,1210066,0.09933006516066589,0.16349683903418866,0.6346563472869821,0.5353262821263162,1.2298911967733221,1.3933880358075108
promoter_holdout,0,log_prot,transcript_accessibility,2332,25,1210067,0.0897935099216991,0.14445027300398716,0.6346563472869821,0.544862837365283,1.2298911967733221,1.3743414697773093
promoter_holdout,0,log_prot,transcript_accessibility,2332,26,1210068,0.09089303217514955,0.14555342188544484,0.6346563472869821,0.5437633151118325,1.2298911967733221,1.375444618658767
promoter_holdout,0,log_prot,transcript_accessibility,2332,27,1210069,0.10089328269891018,0.1624776576791449,0.6346563472869821,0.5337630645880719,1.2298911967733221,1.392368854452467
promoter_holdout,0,log_prot,transcript_accessibility,2332,28,1210070,0.10164003047662362,0.16614850123782188,0.6346563472869821,0.5330163168103584,1.2298911967733221,1.396039698011144
promoter_holdout,0,log_prot,transcript_accessibility,2332,29,1210071,0.09905559415783916,0.15741711646911005,0.6346563472869821,0.5356007531291429,1.2298911967733221,1.3873083132424322
promoter_holdout,1,log_translation_proxy,promoter_recognition,2425,0,1001042,0.3200920995025454,0.22184077906666444,0.6952938517087703,0.3752017522062249,0.7313354481025724,0.9531762271692369
promoter_holdout,1,log_translation_proxy,promoter_recognition,2425,1,1001043,0.3085763324907062,0.22222953117944055,0.6952938517087703,0.38671751921806413,0.7313354481025724,0.953564979282013
promoter_holdout,1,log_translation_proxy,promoter_recognition,2425,2,1001044,0.23631186088154738,0.16966676745681908,0.6952938517087703,0.45898199082722296,0.7313354481025724,0.9010022155593915
promoter_holdout,1,log_translation_proxy,promoter_recognition,2425,3,1001045,0.11551199813564661,0.08776405593123282,0.6952938517087703,0.5797818535731237,0.7313354481025724,0.8190995040338053
promoter_holdout,1,log_translation_proxy,promoter_recognition,2425,4,1001046,0.27174379200470233,0.1671378170399388,0.6952938517087703,0.423550059704068,0.7313354481025724,0.8984732651425112
promoter_holdout,1,log_translation_proxy,promoter_recognition,2425,5,1001047,0.38902618863476546,0.29985578220141873,0.6952938517087703,0.3062676630740049,0.7313354481025724,1.0311912303039912
promoter_holdout,1,log_translation_proxy,promoter_recognition,2425,6,1001048,0.1880900635804088,0.13086011982040446,0.6952938517087703,0.5072037881283615,0.7313354481025724,0.8621955679229769
promoter_holdout,1,log_translation_proxy,promoter_recognition,2425,7,1001049,0.35251870227831533,0.24540928230895487,0.6952938517087703,0.342775149430455,0.7313354481025724,0.9767447304115273
promoter_holdout,1,log_translation_proxy,promoter_recognition,2425,8,1001050,0.33269096782377805,0.24307743394026893,0.6952938517087703,0.3626028838849923,0.7313354481025724,0.9744128820428414
promoter_holdout,1,log_translation_proxy,promoter_recognition,2425,9,1001051,0.32712324982608354,0.22743041081685067,0.6952938517087703,0.3681706018826868,0.7313354481025724,0.9587658589194231
promoter_holdout,1,log_translation_proxy,promoter_recognition,2425,10,1001052,0.2164001269022886,0.1687945462713243,0.6952938517087703,0.47889372480648174,0.7313354481025724,0.9001299943738967
promoter_holdout,1,log_translation_proxy,promoter_recognition,2425,11,1001053,0.3142215379057007,0.2160744758203763,0.6952938517087703,0.38107231380306966,0.7313354481025724,0.9474099239229488
promoter_holdout,1,log_translation_proxy,promoter_recognition,2425,12,1001054,0.3003540647202868,0.19855466575009528,0.6952938517087703,0.39493978698848353,0.7313354481025724,0.9298901138526677
promoter_holdout,1,log_translation_proxy,promoter_recognition,2425,13,1001055,0.35620898595029127,0.2540767887063229,0.6952938517087703,0.33908486575847907,0.7313354481025724,0.9854122368088953
promoter_holdout,1,log_translation_proxy,promoter_recognition,2425,14,1001056,0.23035144439136374,0.15099094141520863,0.6952938517087703,0.4649424073174066,0.7313354481025724,0.8823263895177811
promoter_holdout,1,log_translation_proxy,promoter_recognition,2425,15,1001057,0.38403707051513764,0.2818935344458091,0.6952938517087703,0.3112567811936327,0.7313354481025724,1.0132289825483816
promoter_holdout,1,log_translation_proxy,promoter_recognition,2425,16,1001058,0.2552661818321936,0.1736379862002514,0.6952938517087703,0.44002766987657677,0.7313354481025724,0.9049734343028238
promoter_holdout,1,log_translation_proxy,promoter_recognition,2425,17,1001059,0.22614234940466993,0.1611285868537281,0.6952938517087703,0.4691515023041004,0.7313354481025724,0.8924640349563006
promoter_holdout,1,log_translation_proxy,promoter_recognition,2425,18,1001060,0.2875320571877088,0.1854342897937563,0.6952938517087703,0.40776179452106154,0.7313354481025724,0.9167697378963288
promoter_holdout,1,log_translation_proxy,promoter_recognition,2425,19,1001061,0.3046504887234986,0.22646909315033448,0.6952938517087703,0.39064336298527175,0.7313354481025724,0.9578045412529069
promoter_holdout,1,log_translation_proxy,promoter_recognition,2425,20,1001062,0.2874844444007641,0.20621606331052078,0.6952938517087703,0.40780940730800624,0.7313354481025724,0.9375515114130932
promoter_holdout,1,log_translation_proxy,promoter_recognition,2425,21,1001063,0.20663799920186793,0.14941857070909825,0.6952938517087703,0.4886558525069024,0.7313354481025724,0.8807540188116707
promoter_holdout,1,log_translation_proxy,promoter_recognition,2425,22,1001064,0.29675194717259623,0.194366886585433,0.6952938517087703,0.3985419045361741,0.7313354481025724,0.9257023346880054
promoter_holdout,1,log_translation_proxy,promoter_recognition,2425,23,1001065,0.13576549099882163,0.07803096765426898,0.6952938517087703,0.5595283607099487,0.7313354481025724,0.8093664157568414
promoter_holdout,1,log_translation_proxy,promoter_recognition,2425,24,1001066,0.3400809463182913,0.22539173223487696,0.6952938517087703,0.35521290539047906,0.7313354481025724,0.9567271803374494
promoter_holdout,1,log_translation_proxy,promoter_recognition,2425,25,1001067,0.17245473335883943,0.13790452980281176,0.6952938517087703,0.5228391183499309,0.7313354481025724,0.8692399779053842
promoter_holdout,1,log_translation_proxy,promoter_recognition,2425,26,1001068,0.21236577848223537,0.12511122947335085,0.6952938517087703,0.48292807322653497,0.7313354481025724,0.8564466775759233
promoter_holdout,1,log_translation_proxy,promoter_recognition,2425,27,1001069,0.25509690040682276,0.1820710572472658,0.6952938517087703,0.4401969513019476,0.7313354481025724,0.9134065053498382
promoter_holdout,1,log_translation_proxy,promoter_recognition,2425,28,1001070,0.17432057144842183,0.13124089842674658,0.6952938517087703,0.5209732802603485,0.7313354481025724,0.862576346529319
promoter_holdout,1,log_translation_proxy,promoter_recognition,2425,29,1001071,0.2676908262744811,0.17679261204550234,0.6952938517087703,0.42760302543428924,0.7313354481025724,0.9081280601480748
promoter_holdout,1,log_translation_proxy,rbs_recognition,2425,0,1101042,0.31416005602694297,0.28611001740270803,0.6952938517087703,0.38113379568182737,0.7313354481025724,1.0174454655052805
promoter_holdout,1,log_translation_proxy,rbs_recognition,2425,1,1101043,0.26674277263540297,0.23395527561826734,0.6952938517087703,0.42855107907336737,0.7313354481025724,0.9652907237208398
promoter_holdout,1,log_translation_proxy,rbs_recognition,2425,2,1101044,0.3720733779883716,0.31637272017402984,0.6952938517087703,0.32322047372039875,0.7313354481025724,1.0477081682766023
promoter_holdout,1,log_translation_proxy,rbs_recognition,2425,3,1101045,0.27960532852154035,0.2505626654255203,0.6952938517087703,0.41568852318723,0.7313354481025724,0.9818981135280928
promoter_holdout,1,log_translation_proxy,rbs_recognition,2425,4,1101046,0.3587136276534397,0.29939038026462117,0.6952938517087703,0.3365802240553306,0.7313354481025724,1.0307258283671936
promoter_holdout,1,log_translation_proxy,rbs_recognition,2425,5,1101047,0.34022272347860166,0.27711009537999387,0.6952938517087703,0.3550711282301687,0.7313354481025724,1.0084455434825663
promoter_holdout,1,log_translation_proxy,rbs_recognition,2425,6,1101048,0.35444457665988255,0.29010620961111533,0.6952938517087703,0.3408492750488878,0.7313354481025724,1.0214416577136878
promoter_holdout,1,log_translation_proxy,rbs_recognition,2425,7,1101049,0.3185601011828495,0.27888595583686615,0.6952938517087703,0.37673375052592084,0.7313354481025724,1.0102214039394386
promoter_holdout,1,log_translation_proxy,rbs_recognition,2425,8,1101050,0.3291500256157212,0.2939738575013928,0.6952938517087703,0.36614382609304913,0.7313354481025724,1.0253093056039653
promoter_holdout,1,log_translation_proxy,rbs_recognition,2425,9,1101051,0.3241960031404594,0.2840168149520568,0.6952938517087703,0.37109784856831096,0.7313354481025724,1.0153522630546292
promoter_holdout,1,log_translation_proxy,rbs_recognition,2425,10,1101052,0.33354686429423314,0.27439233941868113,0.6952938517087703,0.3617469874145372,0.7313354481025724,1.0057277875212536
promoter_holdout,1,log_translation_proxy,rbs_recognition,2425,11,1101053,0.29915503336666466,0.2756772130518419,0.6952938517087703,0.3961388183421057,0.7313354481025724,1.0070126611544143
promoter_holdout,1,log_translation_proxy,rbs_recognition,2425,12,1101054,0.3627704115285109,0.3200405751721298,0.6952938517087703,0.3325234401802594,0.7313354481025724,1.0513760232747023
promoter_holdout,1,log_translation_proxy,rbs_recognition,2425,13,1101055,0.3497652517102724,0.3001310634230865,0.6952938517087703,0.34552859999849794,0.7313354481025724,1.031466511525659
promoter_holdout,1,log_translation_proxy,rbs_recognition,2425,14,1101056,0.4000872069256878,0.3257338832231549,0.6952938517087703,0.29520664478308256,0.7313354481025724,1.0570693313257273
promoter_holdout,1,log_translation_proxy,rbs_recognition,2425,15,1101057,0.33389684314359536,0.28946286905478136,0.6952938517087703,0.361397008565175,0.7313354481025724,1.0207983171573538
promoter_holdout,1,log_translation_proxy,rbs_recognition,2425,16,1101058,0.3899193520028271,0.3159630422599009,0.6952938517087703,0.3053744997059432,0.7313354481025724,1.0472984903624734
promoter_holdout,1,log_translation_proxy,rbs_recognition,2425,17,1101059,0.29894090494462033,0.2710333695141245,0.6952938517087703,0.39635294676415,0.7313354481025724,1.002368817616697
promoter_holdout,1,log_translation_proxy,rbs_recognition,2425,18,1101060,0.3394864527809799,0.3180180218245281,0.6952938517087703,0.35580739892779045,0.7313354481025724,1.0493534699271005
promoter_holdout,1,log_translation_proxy,rbs_recognition,2425,19,1101061,0.3337657714230914,0.28608254565335334,0.6952938517087703,0.36152808028567895,0.7313354481025724,1.0174179937559258
promoter_holdout,1,log_translation_proxy,rbs_recognition,2425,20,1101062,0.39559331414326393,0.33996209039647396,0.6952938517087703,0.2997005375655064,0.7313354481025724,1.0712975384990464
promoter_holdout,1,log_translation_proxy,rbs_recognition,2425,21,1101063,0.30781551719834055,0.27554513021525295,0.6952938517087703,0.3874783345104298,0.7313354481025724,1.0068805783178254
promoter_holdout,1,log_translation_proxy,rbs_recognition,2425,22,1101064,0.3294421234554001,0.2911802788556441,0.6952938517087703,0.36585172825337026,0.7313354481025724,1.0225157269582166
promoter_holdout,1,log_translation_proxy,rbs_recognition,2425,23,1101065,0.3549393118706019,0.2945449555917057,0.6952938517087703,0.34035453983816844,0.7313354481025724,1.0258804036942781
promoter_holdout,1,log_translation_proxy,rbs_recognition,2425,24,1101066,0.32353862876209544,0.2862882010076706,0.6952938517087703,0.3717552229466749,0.7313354481025724,1.017623649110243
promoter_holdout,1,log_translation_proxy,rbs_recognition,2425,25,1101067,0.38011268726091585,0.3333651408827909,0.6952938517087703,0.3151811644478545,0.7313354481025724,1.0647005889853633
promoter_holdout,1,log_translation_proxy,rbs_recognition,2425,26,1101068,0.3465293931445236,0.30160410496174284,0.6952938517087703,0.34876445856424676,0.7313354481025724,1.0329395530643153
promoter_holdout,1,log_translation_proxy,rbs_recognition,2425,27,1101069,0.3347675096943233,0.2996978551922602,0.6952938517087703,0.36052634201444705,0.7313354481025724,1.0310333032948327
promoter_holdout,1,log_translation_proxy,rbs_recognition,2425,28,1101070,0.3025576573339424,0.26432933096232036,0.6952938517087703,0.39273619437482793,0.7313354481025724,0.9956647790648928
promoter_holdout,1,log_translation_proxy,rbs_recognition,2425,29,1101071,0.3084698445615381,0.2731462805330047,0.6952938517087703,0.38682400714723225,0.7313354481025724,1.0044817286355772
promoter_holdout,1,log_translation_proxy,transcript_accessibility,2425,0,1201042,0.14767771241523187,0.16965256686102637,0.6952938517087703,0.5476161392935385,0.7313354481025724,0.9009880149635988
promoter_holdout,1,log_translation_proxy,transcript_accessibility,2425,1,1201043,0.1446968487902498,0.16715266634518888,0.6952938517087703,0.5505970029185205,0.7313354481025724,0.8984881144477613
promoter_holdout,1,log_translation_proxy,transcript_accessibility,2425,2,1201044,0.144447005211511,0.163609684700316,0.6952938517087703,0.5508468464972593,0.7313354481025724,0.8949451328028885
promoter_holdout,1,log_translation_proxy,transcript_accessibility,2425,3,1201045,0.13461054277988838,0.15368596537668644,0.6952938517087703,0.560683308928882,0.7313354481025724,0.8850214134792589
promoter_holdout,1,log_translation_proxy,transcript_accessibility,2425,4,1201046,0.14767334943359822,0.165744417380574,0.6952938517087703,0.5476205022751721,0.7313354481025724,0.8970798654831464
promoter_holdout,1,log_translation_proxy,transcript_accessibility,2425,5,1201047,0.1563503879057404,0.17338702866954325,0.6952938517087703,0.5389434638030299,0.7313354481025724,0.9047224767721157
promoter_holdout,1,log_translation_proxy,transcript_accessibility,2425,6,1201048,0.14281599389927713,0.15433221696918475,0.6952938517087703,0.5524778578094932,0.7313354481025724,0.8856676650717572
promoter_holdout,1,log_translation_proxy,transcript_accessibility,2425,7,1201049,0.14669214544999387,0.15683073441869666,0.6952938517087703,0.5486017062587765,0.7313354481025724,0.8881661825212691
promoter_holdout,1,log_translation_proxy,transcript_accessibility,2425,8,1201050,0.13692475290242456,0.1554923709970979,0.6952938517087703,0.5583690988063458,0.7313354481025724,0.8868278190996703
promoter_holdout,1,log_translation_proxy,transcript_accessibility,2425,9,1201051,0.1493302291266908,0.17185934381562973,0.6952938517087703,0.5459636225820795,0.7313354481025724,0.9031947919182022
promoter_holdout,1,log_translation_proxy,transcript_accessibility,2425,10,1201052,0.1358410087078753,0.1570286484596628,0.6952938517087703,0.559452843000895,0.7313354481025724,0.8883640965622353
promoter_holdout,1,log_translation_proxy,transcript_accessibility,2425,11,1201053,0.13540649522291393,0.15768463742815664,0.6952938517087703,0.5598873564858564,0.7313354481025724,0.8890200855307291
promoter_holdout,1,log_translation_proxy,transcript_accessibility,2425,12,1201054,0.15865759477448915,0.1773453502847251,0.6952938517087703,0.5366362569342812,0.7313354481025724,0.9086807983872975
promoter_holdout,1,log_translation_proxy,transcript_accessibility,2425,13,1201055,0.14124720580515182,0.16011718817605258,0.6952938517087703,0.5540466459036185,0.7313354481025724,0.891452636278625
promoter_holdout,1,log_translation_proxy,transcript_accessibility,2425,14,1201056,0.12882994454736585,0.15322551276066898,0.6952938517087703,0.5664639071614045,0.7313354481025724,0.8845609608632414
promoter_holdout,1,log_translation_proxy,transcript_accessibility,2425,15,1201057,0.16801167384284,0.17428137205163674,0.6952938517087703,0.5272821778659303,0.7313354481025724,0.9056168201542092
promoter_holdout,1,log_translation_proxy,transcript_accessibility,2425,16,1201058,0.1372751966718675,0.15463111726823675,0.6952938517087703,0.5580186550369028,0.7313354481025724,0.8859665653708092
promoter_holdout,1,log_translation_proxy,transcript_accessibility,2425,17,1201059,0.12452873450387203,0.1458564785645472,0.6952938517087703,0.5707651172048983,0.7313354481025724,0.8771919266671196
promoter_holdout,1,log_translation_proxy,transcript_accessibility,2425,18,1201060,0.1474338537048303,0.15883953513164373,0.6952938517087703,0.54785999800394,0.7313354481025724,0.8901749832342162
promoter_holdout,1,log_translation_proxy,transcript_accessibility,2425,19,1201061,0.1436446160199808,0.16990785796779395,0.6952938517087703,0.5516492356887895,0.7313354481025724,0.9012433060703664
promoter_holdout,1,log_translation_proxy,transcript_accessibility,2425,20,1201062,0.14621717028229408,0.16487264126832057,0.6952938517087703,0.5490766814264763,0.7313354481025724,0.896208089370893
promoter_holdout,1,log_translation_proxy,transcript_accessibility,2425,21,1201063,0.15221140247405407,0.1654245650044449,0.6952938517087703,0.5430824492347163,0.7313354481025724,0.8967600131070174
promoter_holdout,1,log_translation_proxy,transcript_accessibility,2425,22,1201064,0.14261048771468565,0.1564666997082096,0.6952938517087703,0.5526833639940847,0.7313354481025724,0.887802147810782
promoter_holdout,1,log_translation_proxy,transcript_accessibility,2425,23,1201065,0.13717105624023151,0.15814751145586214,0.6952938517087703,0.5581227954685388,0.7313354481025724,0.8894829595584346
promoter_holdout,1,log_translation_proxy,transcript_accessibility,2425,24,1201066,0.15186626288747296,0.17090191476403438,0.6952938517087703,0.5434275888212974,0.7313354481025724,0.9022373628666068
promoter_holdout,1,log_translation_proxy,transcript_accessibility,2425,25,1201067,0.14881216200075587,0.16504961020881803,0.6952938517087703,0.5464816897080145,0.7313354481025724,0.8963850583113905
promoter_holdout,1,log_translation_proxy,transcript_accessibility,2425,26,1201068,0.15061680123628118,0.1680776925426768,0.6952938517087703,0.5446770504724892,0.7313354481025724,0.8994131406452492
promoter_holdout,1,log_translation_proxy,transcript_accessibility,2425,27,1201069,0.13318007915725494,0.15128268129394584,0.6952938517087703,0.5621137725515154,0.7313354481025724,0.8826181293965183
promoter_holdout,1,log_translation_proxy,transcript_accessibility,2425,28,1201070,0.15137624488726287,0.17665309221729297,0.6952938517087703,0.5439176068215075,0.7313354481025724,0.9079885403198654
promoter_holdout,1,log_translation_proxy,transcript_accessibility,2425,29,1201071,0.1494343868474356,0.16636911600826398,0.6952938517087703,0.5458594648613347,0.7313354481025724,0.8977045641108364
promoter_holdout,1,log_prot,promoter_recognition,2425,0,1011042,0.7729170450136842,1.1555657395899683,0.8607886799713748,0.08787163495769057,0.7675040034014415,1.9230697429914099
promoter_holdout,1,log_prot,promoter_recognition,2425,1,1011043,0.7214272857892242,1.0994754226973704,0.8607886799713748,0.13936139418215052,0.7675040034014415,1.866979426098812
promoter_holdout,1,log_prot,promoter_recognition,2425,2,1011044,0.7288928585306258,1.1458821786751083,0.8607886799713748,0.13189582144074896,0.7675040034014415,1.9133861820765499
promoter_holdout,1,log_prot,promoter_recognition,2425,3,1011045,0.5550752655230211,0.9257755950626188,0.8607886799713748,0.30571341444835365,0.7675040034014415,1.6932795984640603
promoter_holdout,1,log_prot,promoter_recognition,2425,4,1011046,0.7358258983217725,1.160992817688042,0.8607886799713748,0.12496278164960223,0.7675040034014415,1.9284968210894835
promoter_holdout,1,log_prot,promoter_recognition,2425,5,1011047,0.42202305318732314,0.7426464894101812,0.8607886799713748,0.4387656267840516,0.7675040034014415,1.5101504928116227
promoter_holdout,1,log_prot,promoter_recognition,2425,6,1011048,0.4502928424586316,0.7438109584031354,0.8607886799713748,0.41049583751274316,0.7675040034014415,1.511314961804577
promoter_holdout,1,log_prot,promoter_recognition,2425,7,1011049,0.34107468697474375,0.6139779360356845,0.8607886799713748,0.519713992996631,0.7675040034014415,1.381481939437126
promoter_holdout,1,log_prot,promoter_recognition,2425,8,1011050,0.7506174226436056,1.2222757848648593,0.8607886799713748,0.11017125732776911,0.7675040034014415,1.9897797882663009
promoter_holdout,1,log_prot,promoter_recognition,2425,9,1011051,0.603652325473597,1.043866642060178,0.8607886799713748,0.25713635449777766,0.7675040034014415,1.8113706454616196
promoter_holdout,1,log_prot,promoter_recognition,2425,10,1011052,0.7917126959008766,1.2507158264815423,0.8607886799713748,0.06907598407049817,0.7675040034014415,2.018219829882984
promoter_holdout,1,log_prot,promoter_recognition,2425,11,1011053,0.6325893179362038,0.9600536789880236,0.8607886799713748,0.228199362035171,0.7675040034014415,1.7275576823894652
promoter_holdout,1,log_prot,promoter_recognition,2425,12,1011054,0.4705514292616122,0.7748959633007713,0.8607886799713748,0.39023725070976256,0.7675040034014415,1.5423999667022128
promoter_holdout,1,log_prot,promoter_recognition,2425,13,1011055,0.7589221053703655,1.1965612926930447,0.8607886799713748,0.1018665746010092,0.7675040034014415,1.9640652960944862
promoter_holdout,1,log_prot,promoter_recognition,2425,14,1011056,0.5591137596606413,0.8519926151215182,0.8607886799713748,0.30167492031073356,0.7675040034014415,1.6194966185229598
promoter_holdout,1,log_prot,promoter_recognition,2425,15,1011057,0.6365597467055245,1.040526414732342,0.8607886799713748,0.22422893326585025,0.7675040034014415,1.8080304181337836
promoter_holdout,1,log_prot,promoter_recognition,2425,16,1011058,0.5643554920179612,0.9425550949102006,0.8607886799713748,0.2964331879534136,0.7675040034014415,1.7100590983116422
promoter_holdout,1,log_prot,promoter_recognition,2425,17,1011059,0.46466952152252244,0.7609806884687891,0.8607886799713748,0.3961191584488523,0.7675040034014415,1.5284846918702306
promoter_holdout,1,log_prot,promoter_recognition,2425,18,1011060,0.6129093504855258,1.012460426220449,0.8607886799713748,0.24787932948584898,0.7675040034014415,1.7799644296218906
promoter_holdout,1,log_prot,promoter_recognition,2425,19,1011061,0.3955793242660695,0.7134186903380362,0.8607886799713748,0.46520935570530525,0.7675040034014415,1.4809226937394777
promoter_holdout,1,log_prot,promoter_recognition,2425,20,1011062,0.4773719215653746,0.7555132311669006,0.8607886799713748,0.38341675840600015,0.7675040034014415,1.5230172345683421
promoter_holdout,1,log_prot,promoter_recognition,2425,21,1011063,0.5496799737378366,0.9271967555616081,0.8607886799713748,0.3111087062335382,0.7675040034014415,1.6947007589630496
promoter_holdout,1,log_prot,promoter_recognition,2425,22,1011064,0.6363904075453894,1.0824884618196708,0.8607886799713748,0.22439827242598534,0.7675040034014415,1.8499924652211124
promoter_holdout,1,log_prot,promoter_recognition,2425,23,1011065,0.756714981758114,1.2578495265214644,0.8607886799713748,0.10407369821326078,0.7675040034014415,2.025353529922906
promoter_holdout,1,log_prot,promoter_recognition,2425,24,1011066,0.5034032171466236,0.8141621774490544,0.8607886799713748,0.3573854628247511,0.7675040034014415,1.581666180850496
promoter_holdout,1,log_prot,promoter_recognition,2425,25,1011067,0.744978234413137,1.1055888372943883,0.8607886799713748,0.11581044555823766,0.7675040034014415,1.8730928406958298
promoter_holdout,1,log_prot,promoter_recognition,2425,26,1011068,0.6279356964728353,0.9806103067024805,0.8607886799713748,0.2328529834985395,0.7675040034014415,1.748114310103922
promoter_holdout,1,log_prot,promoter_recognition,2425,27,1011069,0.453476266866078,0.7003519840269554,0.8607886799713748,0.40731241310529676,0.7675040034014415,1.467855987428397
promoter_holdout,1,log_prot,promoter_recognition,2425,28,1011070,0.5753027038260172,0.957289627321074,0.8607886799713748,0.2854859761453576,0.7675040034014415,1.7247936307225156
promoter_holdout,1,log_prot,promoter_recognition,2425,29,1011071,0.5902017788912075,0.9761032039788033,0.8607886799713748,0.2705869010801672,0.7675040034014415,1.7436072073802449
promoter_holdout,1,log_prot,rbs_recognition,2425,0,1111042,0.2822841245348855,0.4786807677353109,0.8607886799713748,0.5785045554364893,0.7675040034014415,1.2461847711367524
promoter_holdout,1,log_prot,rbs_recognition,2425,1,1111043,0.2420218067080948,0.4137328849152251,0.8607886799713748,0.61876687326328,0.7675040034014415,1.1812368883166666
promoter_holdout,1,log_prot,rbs_recognition,2425,2,1111044,0.26568643137649073,0.4378494818183849,0.8607886799713748,0.595102248594884,0.7675040034014415,1.2053534852198264
promoter_holdout,1,log_prot,rbs_recognition,2425,3,1111045,0.2712657406054211,0.4555416339395546,0.8607886799713748,0.5895229393659537,0.7675040034014415,1.2230456373409961
promoter_holdout,1,log_prot,rbs_recognition,2425,4,1111046,0.24812307197770578,0.4214293852332496,0.8607886799713748,0.612665607993669,0.7675040034014415,1.1889333886346911
promoter_holdout,1,log_prot,rbs_recognition,2425,5,1111047,0.23894627012227065,0.4121654007249991,0.8607886799713748,0.6218424098491041,0.7675040034014415,1.1796694041264406
promoter_holdout,1,log_prot,rbs_recognition,2425,6,1111048,0.25952845896360044,0.43790543106358304,0.8607886799713748,0.6012602210077743,0.7675040034014415,1.2054094344650246
promoter_holdout,1,log_prot,rbs_recognition,2425,7,1111049,0.2336425788289488,0.3953229702778349,0.8607886799713748,0.627146101142426,0.7675040034014415,1.1628269736792765
promoter_holdout,1,log_prot,rbs_recognition,2425,8,1111050,0.2530632388570955,0.4222339861859201,0.8607886799713748,0.6077254411142793,0.7675040034014415,1.1897379895873617
promoter_holdout,1,log_prot,rbs_recognition,2425,9,1111051,0.27495314494217105,0.4335777366873983,0.8607886799713748,0.5858355350292037,0.7675040034014415,1.2010817400888398
promoter_holdout,1,log_prot,rbs_recognition,2425,10,1111052,0.23455708560675914,0.3978760472768317,0.8607886799713748,0.6262315943646156,0.7675040034014415,1.1653800506782732
promoter_holdout,1,log_prot,rbs_recognition,2425,11,1111053,0.2489558794215705,0.41932155101217683,0.8607886799713748,0.6118328005498043,0.7675040034014415,1.1868255544136184
promoter_holdout,1,log_prot,rbs_recognition,2425,12,1111054,0.24201807525490937,0.42168861552668124,0.8607886799713748,0.6187706047164654,0.7675040034014415,1.1891926189281228
promoter_holdout,1,log_prot,rbs_recognition,2425,13,1111055,0.2516476098884116,0.42540731342823435,0.8607886799713748,0.6091410700829631,0.7675040034014415,1.1929113168296759
promoter_holdout,1,log_prot,rbs_recognition,2425,14,1111056,0.25094455290907014,0.4067857854307646,0.8607886799713748,0.6098441270623046,0.7675040034014415,1.1742897888322061
promoter_holdout,1,log_prot,rbs_recognition,2425,15,1111057,0.2785944448108688,0.4451150918956768,0.8607886799713748,0.582194235160506,0.7675040034014415,1.2126190952971183
promoter_holdout,1,log_prot,rbs_recognition,2425,16,1111058,0.31085772808704804,0.5259362718666738,0.8607886799713748,0.5499309518843267,0.7675040034014415,1.2934402752681153
promoter_holdout,1,log_prot,rbs_recognition,2425,17,1111059,0.26047778403535427,0.4396104090145967,0.8607886799713748,0.6003108959360205,0.7675040034014415,1.2071144124160382
promoter_holdout,1,log_prot,rbs_recognition,2425,18,1111060,0.31584192138256095,0.5088666954284138,0.8607886799713748,0.5449467585888138,0.7675040034014415,1.2763706988298553
promoter_holdout,1,log_prot,rbs_recognition,2425,19,1111061,0.24093933307848225,0.40490057451879413,0.8607886799713748,0.6198493468928925,0.7675040034014415,1.1724045779202357
promoter_holdout,1,log_prot,rbs_recognition,2425,20,1111062,0.2739136950035286,0.4738016540649248,0.8607886799713748,0.5868749849678462,0.7675040034014415,1.2413056574663663
promoter_holdout,1,log_prot,rbs_recognition,2425,21,1111063,0.24895145082782555,0.4438836512947413,0.8607886799713748,0.6118372291435492,0.7675040034014415,1.2113876546961828
promoter_holdout,1,log_prot,rbs_recognition,2425,22,1111064,0.28300254626361365,0.4858546514456774,0.8607886799713748,0.5777861337077611,0.7675040034014415,1.253358654847119
promoter_holdout,1,log_prot,rbs_recognition,2425,23,1111065,0.22390726199475341,0.3838846613421931,0.8607886799713748,0.6368814179766213,0.7675040034014415,1.1513886647436347
promoter_holdout,1,log_prot,rbs_recognition,2425,24,1111066,0.2529236830688366,0.432813688518489,0.8607886799713748,0.6078649969025381,0.7675040034014415,1.2003176919199305
promoter_holdout,1,log_prot,rbs_recognition,2425,25,1111067,0.23450588212631085,0.3940723661815493,0.8607886799713748,0.6262827978450639,0.7675040034014415,1.1615763695829908
promoter_holdout,1,log_prot,rbs_recognition,2425,26,1111068,0.23206880995057344,0.3971364840578362,0.8607886799713748,0.6287198700208013,0.7675040034014415,1.1646404874592777
promoter_holdout,1,log_prot,rbs_recognition,2425,27,1111069,0.291269210513425,0.4892738842091753,0.8607886799713748,0.5695194694579497,0.7675040034014415,1.2567778876106168
promoter_holdout,1,log_prot,rbs_recognition,2425,28,1111070,0.2075049975275961,0.36174329392761395,0.8607886799713748,0.6532836824437787,0.7675040034014415,1.1292472973290555
promoter_holdout,1,log_prot,rbs_recognition,2425,29,1111071,0.28081963227049955,0.4788323572846449,0.8607886799713748,0.5799690477008752,0.7675040034014415,1.2463363606860864
promoter_holdout,1,log_prot,transcript_accessibility,2425,0,1211042,0.09179398152708884,0.1701563330766026,0.8607886799713748,0.7689946984442859,0.7675040034014415,0.9376603364780441
promoter_holdout,1,log_prot,transcript_accessibility,2425,1,1211043,0.09559693620002263,0.1718315927858053,0.8607886799713748,0.7651917437713521,0.7675040034014415,0.9393355961872468
promoter_holdout,1,log_prot,transcript_accessibility,2425,2,1211044,0.09417646443199479,0.17287516382059254,0.8607886799713748,0.76661221553938,0.7675040034014415,0.9403791672220341
promoter_holdout,1,log_prot,transcript_accessibility,2425,3,1211045,0.09775934699003952,0.18199852827709195,0.8607886799713748,0.7630293329813352,0.7675040034014415,0.9495025316785335
promoter_holdout,1,log_prot,transcript_accessibility,2425,4,1211046,0.09333954341730044,0.17791461886701398,0.8607886799713748,0.7674491365540743,0.7675040034014415,0.9454186222684555
promoter_holdout,1,log_prot,transcript_accessibility,2425,5,1211047,0.09814488926031484,0.183800872196892,0.8607886799713748,0.7626437907110599,0.7675040034014415,0.9513048755983335
promoter_holdout,1,log_prot,transcript_accessibility,2425,6,1211048,0.08507782150860965,0.1655772976141192,0.8607886799713748,0.7757108584627651,0.7675040034014415,0.9330813010155607
promoter_holdout,1,log_prot,transcript_accessibility,2425,7,1211049,0.08647557905991665,0.16806779921373993,0.8607886799713748,0.7743131009114581,0.7675040034014415,0.9355718026151815
promoter_holdout,1,log_prot,transcript_accessibility,2425,8,1211050,0.09350607001268829,0.16996374051218122,0.8607886799713748,0.7672826099586865,0.7675040034014415,0.9374677439136228
promoter_holdout,1,log_prot,transcript_accessibility,2425,9,1211051,0.09561787944018885,0.1645207551595671,0.8607886799713748,0.7651708005311859,0.7675040034014415,0.9320247585610086
promoter_holdout,1,log_prot,transcript_accessibility,2425,10,1211052,0.08983720973235776,0.1716474921077713,0.8607886799713748,0.770951470239017,0.7675040034014415,0.9391514955092128
promoter_holdout,1,log_prot,transcript_accessibility,2425,11,1211053,0.09404173798300175,0.17541869161456924,0.8607886799713748,0.766746941988373,0.7675040034014415,0.9429226950160108
promoter_holdout,1,log_prot,transcript_accessibility,2425,12,1211054,0.09464572392781723,0.1752313091368325,0.8607886799713748,0.7661429560435575,0.7675040034014415,0.942735312538274
promoter_holdout,1,log_prot,transcript_accessibility,2425,13,1211055,0.0932156670798473,0.17962379603576206,0.8607886799713748,0.7675730128915275,0.7675040034014415,0.9471277994372036
promoter_holdout,1,log_prot,transcript_accessibility,2425,14,1211056,0.09365557711940498,0.17888132727185035,0.8607886799713748,0.7671331028519698,0.7675040034014415,0.9463853306732919
promoter_holdout,1,log_prot,transcript_accessibility,2425,15,1211057,0.09501069263198414,0.178452716280332,0.8607886799713748,0.7657779873393906,0.7675040034014415,0.9459567196817735
promoter_holdout,1,log_prot,transcript_accessibility,2425,16,1211058,0.09311500537155115,0.16763813418306772,0.8607886799713748,0.7676736745998236,0.7675040034014415,0.9351421375845093
promoter_holdout,1,log_prot,transcript_accessibility,2425,17,1211059,0.09294890073396977,0.17778719131076548,0.8607886799713748,0.767839779237405,0.7675040034014415,0.945291194712207
promoter_holdout,1,log_prot,transcript_accessibility,2425,18,1211060,0.10072189042401469,0.18600178890585461,0.8607886799713748,0.7600667895473601,0.7675040034014415,0.9535057923072962
promoter_holdout,1,log_prot,transcript_accessibility,2425,19,1211061,0.09618592722992936,0.17577477836541033,0.8607886799713748,0.7646027527414454,0.7675040034014415,0.9432787817668519
promoter_holdout,1,log_prot,transcript_accessibility,2425,20,1211062,0.09303093145311891,0.17342341130467887,0.8607886799713748,0.7677577485182558,0.7675040034014415,0.9409274147061204
promoter_holdout,1,log_prot,transcript_accessibility,2425,21,1211063,0.09911367855582853,0.18610239924766359,0.8607886799713748,0.7616750014155462,0.7675040034014415,0.9536064026491051
promoter_holdout,1,log_prot,transcript_accessibility,2425,22,1211064,0.09131394818711569,0.17397691887353806,0.8607886799713748,0.7694747317842591,0.7675040034014415,0.9414809222749796
promoter_holdout,1,log_prot,transcript_accessibility,2425,23,1211065,0.09587220368934324,0.1703840968120549,0.8607886799713748,0.7649164762820315,0.7675040034014415,0.9378881002134964
promoter_holdout,1,log_prot,transcript_accessibility,2425,24,1211066,0.08863597017641944,0.1648080913224904,0.8607886799713748,0.7721527097949553,0.7675040034014415,0.932312094723932
promoter_holdout,1,log_prot,transcript_accessibility,2425,25,1211067,0.09628243156203764,0.18284192627901863,0.8607886799713748,0.7645062484093371,0.7675040034014415,0.9503459296804602
promoter_holdout,1,log_prot,transcript_accessibility,2425,26,1211068,0.09803291314900364,0.1844328121343517,0.8607886799713748,0.7627557668223711,0.7675040034014415,0.9519368155357932
promoter_holdout,1,log_prot,transcript_accessibility,2425,27,1211069,0.0946297160213494,0.18211460254146172,0.8607886799713748,0.7661589639500254,0.7675040034014415,0.9496186059429033
promoter_holdout,1,log_prot,transcript_accessibility,2425,28,1211070,0.09952842748947177,0.1839177516243471,0.8607886799713748,0.761260252481903,0.7675040034014415,0.9514217550257886
promoter_holdout,1,log_prot,transcript_accessibility,2425,29,1211071,0.09975396996632158,0.18087297832786753,0.8607886799713748,0.7610347100050532,0.7675040034014415,0.9483769817293091
promoter_holdout,2,log_translation_proxy,promoter_recognition,2289,0,1002042,0.10598578370638667,0.10967193787512763,0.6593768910166078,0.5533911073102211,0.74515442831685,0.8548263661919776
promoter_holdout,2,log_translation_proxy,promoter_recognition,2289,1,1002043,0.17083827364850396,0.13100740563454172,0.6593768910166078,0.48853861736810383,0.74515442831685,0.8761618339513917
promoter_holdout,2,log_translation_proxy,promoter_recognition,2289,2,1002044,0.15967965741318108,0.11173579746148032,0.6593768910166078,0.4996972336034267,0.74515442831685,0.8568902257783303
promoter_holdout,2,log_translation_proxy,promoter_recognition,2289,3,1002045,0.18647661840306878,0.16557817479481163,0.6593768910166078,0.472900272613539,0.74515442831685,0.9107326031116616
promoter_holdout,2,log_translation_proxy,promoter_recognition,2289,4,1002046,0.07277503458480894,0.07126499817446219,0.6593768910166078,0.5866018564317989,0.74515442831685,0.8164194264913122
promoter_holdout,2,log_translation_proxy,promoter_recognition,2289,5,1002047,0.19214602385084217,0.16674934713680845,0.6593768910166078,0.4672308671657656,0.74515442831685,0.9119037754536584
promoter_holdout,2,log_translation_proxy,promoter_recognition,2289,6,1002048,0.19266071576455418,0.15959415935145216,0.6593768910166078,0.4667161752520536,0.74515442831685,0.9047485876683021
promoter_holdout,2,log_translation_proxy,promoter_recognition,2289,7,1002049,-0.004992077353454638,-0.007017678861394705,0.6593768910166078,0.6643689683700624,0.74515442831685,0.7381367494554553
promoter_holdout,2,log_translation_proxy,promoter_recognition,2289,8,1002050,0.28327762762023007,0.22090607548302787,0.6593768910166078,0.3760992633963777,0.74515442831685,0.9660605037998778
promoter_holdout,2,log_translation_proxy,promoter_recognition,2289,9,1002051,0.24905393485218258,0.18564219395829373,0.6593768910166078,0.4103229561644252,0.74515442831685,0.9307966222751437
promoter_holdout,2,log_translation_proxy,promoter_recognition,2289,10,1002052,0.14696590724835734,0.1007047612428873,0.6593768910166078,0.5124109837682504,0.74515442831685,0.8458591895597373
promoter_holdout,2,log_translation_proxy,promoter_recognition,2289,11,1002053,0.27716862514282364,0.24687360275039183,0.6593768910166078,0.38220826587378415,0.74515442831685,0.9920280310672418
promoter_holdout,2,log_translation_proxy,promoter_recognition,2289,12,1002054,0.17068160128970877,0.1519827952620103,0.6593768910166078,0.488695289726899,0.74515442831685,0.8971372235788603
promoter_holdout,2,log_translation_proxy,promoter_recognition,2289,13,1002055,0.16556655013467692,0.09480070340424807,0.6593768910166078,0.4938103408819309,0.74515442831685,0.839955131721098
promoter_holdout,2,log_translation_proxy,promoter_recognition,2289,14,1002056,0.18101766661055035,0.13799982352138318,0.6593768910166078,0.47835922440605744,0.74515442831685,0.8831542518382332
promoter_holdout,2,log_translation_proxy,promoter_recognition,2289,15,1002057,0.21404434106985964,0.15019188433998032,0.6593768910166078,0.44533254994674815,0.74515442831685,0.8953463126568303
promoter_holdout,2,log_translation_proxy,promoter_recognition,2289,16,1002058,0.22617665648460394,0.15537079543952592,0.6593768910166078,0.43320023453200385,0.74515442831685,0.9005252237563759
promoter_holdout,2,log_translation_proxy,promoter_recognition,2289,17,1002059,0.27512064307801537,0.21481177705933008,0.6593768910166078,0.3842562479385924,0.74515442831685,0.95996620537618
promoter_holdout,2,log_translation_proxy,promoter_recognition,2289,18,1002060,0.2597362188007182,0.19428654804749723,0.6593768910166078,0.3996406722158896,0.74515442831685,0.9394409763643472
promoter_holdout,2,log_translation_proxy,promoter_recognition,2289,19,1002061,0.06998954565894866,0.031438657382710344,0.6593768910166078,0.5893873453576591,0.74515442831685,0.7765930856995603
promoter_holdout,2,log_translation_proxy,promoter_recognition,2289,20,1002062,0.19836026317331368,0.18947506526020963,0.6593768910166078,0.4610166278432941,0.74515442831685,0.9346294935770596
promoter_holdout,2,log_translation_proxy,promoter_recognition,2289,21,1002063,0.17107561155011053,0.1260006371060406,0.6593768910166078,0.48830127946649726,0.74515442831685,0.8711550654228906
promoter_holdout,2,log_translation_proxy,promoter_recognition,2289,22,1002064,0.24690863834463728,0.20979801645524687,0.6593768910166078,0.4124682526719705,0.74515442831685,0.9549524447720968
promoter_holdout,2,log_translation_proxy,promoter_recognition,2289,23,1002065,0.3394715829918334,0.21803452260241374,0.6593768910166078,0.3199053080247744,0.74515442831685,0.9631889509192637
promoter_holdout,2,log_translation_proxy,promoter_recognition,2289,24,1002066,0.23285769018092684,0.17713556236317662,0.6593768910166078,0.42651920083568096,0.74515442831685,0.9222899906800266
promoter_holdout,2,log_translation_proxy,promoter_recognition,2289,25,1002067,0.27952851217105906,0.2423091258420338,0.6593768910166078,0.37984837884554873,0.74515442831685,0.9874635541588838
promoter_holdout,2,log_translation_proxy,promoter_recognition,2289,26,1002068,0.242974620053225,0.20313836976792898,0.6593768910166078,0.4164022709633828,0.74515442831685,0.948292798084779
promoter_holdout,2,log_translation_proxy,promoter_recognition,2289,27,1002069,0.2662364489716879,0.18419308868331774,0.6593768910166078,0.3931404420449199,0.74515442831685,0.9293475170001677
promoter_holdout,2,log_translation_proxy,promoter_recognition,2289,28,1002070,0.20202128840440492,0.1486577968309598,0.6593768910166078,0.45735560261220287,0.74515442831685,0.8938122251478098
promoter_holdout,2,log_translation_proxy,promoter_recognition,2289,29,1002071,0.12554082703651903,0.08326433106552,0.6593768910166078,0.5338360639800888,0.74515442831685,0.82841875938237
promoter_holdout,2,log_translation_proxy,rbs_recognition,2289,0,1102042,0.32092609158567936,0.2511757746689527,0.6593768910166078,0.33845079943092843,0.74515442831685,0.9963302029858027
promoter_holdout,2,log_translation_proxy,rbs_recognition,2289,1,1102043,0.3666237055377703,0.29497721001966426,0.6593768910166078,0.2927531854788375,0.74515442831685,1.0401316383365142
promoter_holdout,2,log_translation_proxy,rbs_recognition,2289,2,1102044,0.3340664320939675,0.2741985575525968,0.6593768910166078,0.32531045892264027,0.74515442831685,1.0193529858694468
promoter_holdout,2,log_translation_proxy,rbs_recognition,2289,3,1102045,0.3811001899523581,0.3072512868609273,0.6593768910166078,0.2782767010642497,0.74515442831685,1.0524057151777773
promoter_holdout,2,log_translation_proxy,rbs_recognition,2289,4,1102046,0.3334342186495133,0.27271146043272443,0.6593768910166078,0.3259426723670945,0.74515442831685,1.0178658887495744
promoter_holdout,2,log_translation_proxy,rbs_recognition,2289,5,1102047,0.32478429319737645,0.24820902676524204,0.6593768910166078,0.33459259781923134,0.74515442831685,0.993363455082092
promoter_holdout,2,log_translation_proxy,rbs_recognition,2289,6,1102048,0.3428820425904018,0.28197930003115623,0.6593768910166078,0.316494848426206,0.74515442831685,1.0271337283480062
promoter_holdout,2,log_translation_proxy,rbs_recognition,2289,7,1102049,0.31599864485700524,0.2543228861506024,0.6593768910166078,0.34337824615960255,0.74515442831685,0.9994773144674524
promoter_holdout,2,log_translation_proxy,rbs_recognition,2289,8,1102050,0.30880081251396385,0.2814231389667806,0.6593768910166078,0.35057607850264394,0.74515442831685,1.0265775672836306
promoter_holdout,2,log_translation_proxy,rbs_recognition,2289,9,1102051,0.27764429366380516,0.23979851668515628,0.6593768910166078,0.3817325973528026,0.74515442831685,0.9849529450020063
promoter_holdout,2,log_translation_proxy,rbs_recognition,2289,10,1102052,0.3586604266788943,0.2680008755239748,0.6593768910166078,0.3007164643377135,0.74515442831685,1.0131553038408248
promoter_holdout,2,log_translation_proxy,rbs_recognition,2289,11,1102053,0.26752683940773875,0.23973367041097216,0.6593768910166078,0.39185005160886904,0.74515442831685,0.9848880987278221
promoter_holdout,2,log_translation_proxy,rbs_recognition,2289,12,1102054,0.38237887444117014,0.30505306296485435,0.6593768910166078,0.27699801657543766,0.74515442831685,1.0502074912817043
promoter_holdout,2,log_translation_proxy,rbs_recognition,2289,13,1102055,0.35142204716352754,0.2675553035885513,0.6593768910166078,0.30795484385308025,0.74515442831685,1.0127097319054013
promoter_holdout,2,log_translation_proxy,rbs_recognition,2289,14,1102056,0.3025865201375417,0.23999880884163227,0.6593768910166078,0.35679037087906607,0.74515442831685,0.9851532371584822
promoter_holdout,2,log_translation_proxy,rbs_recognition,2289,15,1102057,0.28103656122100773,0.24122383159636718,0.6593768910166078,0.37834032979560006,0.74515442831685,0.9863782599132171
promoter_holdout,2,log_translation_proxy,rbs_recognition,2289,16,1102058,0.3129587563623068,0.2752857508138945,0.6593768910166078,0.346418134654301,0.74515442831685,1.0204401791307445
promoter_holdout,2,log_translation_proxy,rbs_recognition,2289,17,1102059,0.2903644864106773,0.2499263485134865,0.6593768910166078,0.3690124046059305,0.74515442831685,0.9950807768303365
promoter_holdout,2,log_translation_proxy,rbs_recognition,2289,18,1102060,0.313164852184081,0.2572504007634654,0.6593768910166078,0.34621203883252677,0.74515442831685,1.0024048290803154
promoter_holdout,2,log_translation_proxy,rbs_recognition,2289,19,1102061,0.3369182201253821,0.2604605585658527,0.6593768910166078,0.3224586708912257,0.74515442831685,1.0056149868827027
promoter_holdout,2,log_translation_proxy,rbs_recognition,2289,20,1102062,0.3539594858185448,0.27093439007851183,0.6593768910166078,0.305417405198063,0.74515442831685,1.0160888183953618
promoter_holdout,2,log_translation_proxy,rbs_recognition,2289,21,1102063,0.35107931735406744,0.27912522832129805,0.6593768910166078,0.30829757366254035,0.74515442831685,1.024279656638148
promoter_holdout,2,log_translation_proxy,rbs_recognition,2289,22,1102064,0.3129673336789868,0.27443541951177763,0.6593768910166078,0.34640955733762097,0.74515442831685,1.0195898478286276
promoter_holdout,2,log_translation_proxy,rbs_recognition,2289,23,1102065,0.3389534633763704,0.2743293674426347,0.6593768910166078,0.3204234276402374,0.74515442831685,1.0194837957594847
promoter_holdout,2,log_translation_proxy,rbs_recognition,2289,24,1102066,0.32861254941024415,0.2515228877169505,0.6593768910166078,0.33076434160636364,0.74515442831685,0.9966773160338005
promoter_holdout,2,log_translation_proxy,rbs_recognition,2289,25,1102067,0.2673223142504654,0.22746243677094102,0.6593768910166078,0.3920545767661424,0.74515442831685,0.972616865087791
promoter_holdout,2,log_translation_proxy,rbs_recognition,2289,26,1102068,0.2872793163095309,0.23240783670329723,0.6593768910166078,0.3720975747070769,0.74515442831685,0.9775622650201472
promoter_holdout,2,log_translation_proxy,rbs_recognition,2289,27,1102069,0.29518572682644517,0.2573386812776802,0.6593768910166078,0.3641911641901626,0.74515442831685,1.0024931095945302
promoter_holdout,2,log_translation_proxy,rbs_recognition,2289,28,1102070,0.3509449659847869,0.2664123958240582,0.6593768910166078,0.3084319250318209,0.74515442831685,1.0115668241409081
promoter_holdout,2,log_translation_proxy,rbs_recognition,2289,29,1102071,0.31550733562908434,0.268436805510054,0.6593768910166078,0.34386955538752345,0.74515442831685,1.013591233826904
promoter_holdout,2,log_translation_proxy,transcript_accessibility,2289,0,1202042,0.16468313604421864,0.16097834410255785,0.6593768910166078,0.49469375497238915,0.74515442831685,0.9061327724194078
promoter_holdout,2,log_translation_proxy,transcript_accessibility,2289,1,1202043,0.17585361468555127,0.1716210425308904,0.6593768910166078,0.4835232763310565,0.74515442831685,0.9167754708477404
promoter_holdout,2,log_translation_proxy,transcript_accessibility,2289,2,1202044,0.16281417651036822,0.1521525328496408,0.6593768910166078,0.49656271450623957,0.74515442831685,0.8973069611664908
promoter_holdout,2,log_translation_proxy,transcript_accessibility,2289,3,1202045,0.19368252157007776,0.18878939207598322,0.6593768910166078,0.46569436944653003,0.74515442831685,0.9339438203928332
promoter_holdout,2,log_translation_proxy,transcript_accessibility,2289,4,1202046,0.17441948771597088,0.1754736816696778,0.6593768910166078,0.4849574033006369,0.74515442831685,0.9206281099865278
promoter_holdout,2,log_translation_proxy,transcript_accessibility,2289,5,1202047,0.17233939824216532,0.168594267561197,0.6593768910166078,0.48703749277444247,0.74515442831685,0.913748695878047
promoter_holdout,2,log_translation_proxy,transcript_accessibility,2289,6,1202048,0.185783669888953,0.18028395505725592,0.6593768910166078,0.4735932211276548,0.74515442831685,0.9254383833741059
promoter_holdout,2,log_translation_proxy,transcript_accessibility,2289,7,1202049,0.17237410298746064,0.15953012258509247,0.6593768910166078,0.48700278802914715,0.74515442831685,0.9046845509019424
promoter_holdout,2,log_translation_proxy,transcript_accessibility,2289,8,1202050,0.16243454407225766,0.16191590038882653,0.6593768910166078,0.49694234694435013,0.74515442831685,0.9070703287056765
promoter_holdout,2,log_translation_proxy,transcript_accessibility,2289,9,1202051,0.18715900021979737,0.1915364902878054,0.6593768910166078,0.4722178907968104,0.74515442831685,0.9366909186046554
promoter_holdout,2,log_translation_proxy,transcript_accessibility,2289,10,1202052,0.1553454771358289,0.1557059914551231,0.6593768910166078,0.5040314138807789,0.74515442831685,0.9008604197719731
promoter_holdout,2,log_translation_proxy,transcript_accessibility,2289,11,1202053,0.1635628807009749,0.1635610390040979,0.6593768910166078,0.4958140103156329,0.74515442831685,0.9087154673209479
promoter_holdout,2,log_translation_proxy,transcript_accessibility,2289,12,1202054,0.17179793717929087,0.16408351766967977,0.6593768910166078,0.4875789538373169,0.74515442831685,0.9092379459865297
promoter_holdout,2,log_translation_proxy,transcript_accessibility,2289,13,1202055,0.16948773686320134,0.1736366817253946,0.6593768910166078,0.48988915415340645,0.74515442831685,0.9187911100422446
promoter_holdout,2,log_translation_proxy,transcript_accessibility,2289,14,1202056,0.1752366282106264,0.1721718463040851,0.6593768910166078,0.4841402628059814,0.74515442831685,0.9173262746209351
promoter_holdout,2,log_translation_proxy,transcript_accessibility,2289,15,1202057,0.16618752434926742,0.17036652969285893,0.6593768910166078,0.49318936666734037,0.74515442831685,0.9155209580097089
promoter_holdout,2,log_translation_proxy,transcript_accessibility,2289,16,1202058,0.17304324387213393,0.17110483889506056,0.6593768910166078,0.48633364714447386,0.74515442831685,0.9162592672119105
promoter_holdout,2,log_translation_proxy,transcript_accessibility,2289,17,1202059,0.17117154279921143,0.1706010703617442,0.6593768910166078,0.48820534821739636,0.74515442831685,0.9157554986785942
promoter_holdout,2,log_translation_proxy,transcript_accessibility,2289,18,1202060,0.15318215817588499,0.15027922393528814,0.6593768910166078,0.5061947328407228,0.74515442831685,0.8954336522521381
promoter_holdout,2,log_translation_proxy,transcript_accessibility,2289,19,1202061,0.1740410887221373,0.16593460036075058,0.6593768910166078,0.4853358022944705,0.74515442831685,0.9110890286776006
promoter_holdout,2,log_translation_proxy,transcript_accessibility,2289,20,1202062,0.17731221077477116,0.1730527599613496,0.6593768910166078,0.48206468024183663,0.74515442831685,0.9182071882781996
promoter_holdout,2,log_translation_proxy,transcript_accessibility,2289,21,1202063,0.17279641488443098,0.16550874362297596,0.6593768910166078,0.4865804761321768,0.74515442831685,0.9106631719398259
promoter_holdout,2,log_translation_proxy,transcript_accessibility,2289,22,1202064,0.17543017727905463,0.17163616984625363,0.6593768910166078,0.48394671373755316,0.74515442831685,0.9167905981631036
promoter_holdout,2,log_translation_proxy,transcript_accessibility,2289,23,1202065,0.1778523988820424,0.16903301159086315,0.6593768910166078,0.4815244921345654,0.74515442831685,0.9141874399077131
promoter_holdout,2,log_translation_proxy,transcript_accessibility,2289,24,1202066,0.17662172540511817,0.16751016241986894,0.6593768910166078,0.4827551656114896,0.74515442831685,0.9126645907367189
promoter_holdout,2,log_translation_proxy,transcript_accessibility,2289,25,1202067,0.16467054872302944,0.16830038418505566,0.6593768910166078,0.49470634229357835,0.74515442831685,0.9134548125019056
promoter_holdout,2,log_translation_proxy,transcript_accessibility,2289,26,1202068,0.1730041921990803,0.16859812750294734,0.6593768910166078,0.4863726988175275,0.74515442831685,0.9137525558197973
promoter_holdout,2,log_translation_proxy,transcript_accessibility,2289,27,1202069,0.16466579743121618,0.16280476006481082,0.6593768910166078,0.4947110935853916,0.74515442831685,0.9079591883816608
promoter_holdout,2,log_translation_proxy,transcript_accessibility,2289,28,1202070,0.16534232421825917,0.17055693428493446,0.6593768910166078,0.4940345667983486,0.74515442831685,0.9157113626017844
promoter_holdout,2,log_translation_proxy,transcript_accessibility,2289,29,1202071,0.15777327386395867,0.15915241675752567,0.6593768910166078,0.5016036171526491,0.74515442831685,0.9043068450743756
promoter_holdout,2,log_prot,promoter_recognition,2289,0,1012042,0.17733815442836537,0.25500543232203676,0.6151076404181535,0.4377694859897881,1.1323929434312074,1.3873983757532442
promoter_holdout,2,log_prot,promoter_recognition,2289,1,1012043,0.5057259350250394,0.7233189706961622,0.6151076404181535,0.10938170539311408,1.1323929434312074,1.8557119141273697
promoter_holdout,2,log_prot,promoter_recognition,2289,2,1012044,0.20891504039696324,0.2946514779252438,0.6151076404181535,0.40619260002119023,1.1323929434312074,1.4270444213564513
promoter_holdout,2,log_prot,promoter_recognition,2289,3,1012045,0.39091119717917033,0.45335017325078186,0.6151076404181535,0.22419644323898313,1.1323929434312074,1.5857431166819893
promoter_holdout,2,log_prot,promoter_recognition,2289,4,1012046,0.21621003191357757,0.32542394815588227,0.6151076404181535,0.3988976085045759,1.1323929434312074,1.4578168915870897
promoter_holdout,2,log_prot,promoter_recognition,2289,5,1012047,0.17616972467108138,0.26650186664063646,0.6151076404181535,0.4389379157470721,1.1323929434312074,1.398894810071844
promoter_holdout,2,log_prot,promoter_recognition,2289,6,1012048,0.18144387626245045,0.22912183299038769,0.6151076404181535,0.433663764155703,1.1323929434312074,1.3615147764215951
promoter_holdout,2,log_prot,promoter_recognition,2289,7,1012049,0.2611302855438417,0.3335613246940341,0.6151076404181535,0.35397735487431176,1.1323929434312074,1.4659542681252415
promoter_holdout,2,log_prot,promoter_recognition,2289,8,1012050,0.14893065120475812,0.23984249087949694,0.6151076404181535,0.46617698921339534,1.1323929434312074,1.3722354343107044
promoter_holdout,2,log_prot,promoter_recognition,2289,9,1012051,0.48895104921503363,0.6715944588633198,0.6151076404181535,0.12615659120311984,1.1323929434312074,1.8039874022945273
promoter_holdout,2,log_prot,promoter_recognition,2289,10,1012052,0.29448014136636175,0.4497144988291124,0.6151076404181535,0.3206274990517917,1.1323929434312074,1.5821074422603199
promoter_holdout,2,log_prot,promoter_recognition,2289,11,1012053,0.2732171937796841,0.30431995048502913,0.6151076404181535,0.34189044663846935,1.1323929434312074,1.4367128939162366
promoter_holdout,2,log_prot,promoter_recognition,2289,12,1012054,0.24314063083084742,0.34009353250950336,0.6151076404181535,0.37196700958730605,1.1323929434312074,1.4724864759407108
promoter_holdout,2,log_prot,promoter_recognition,2289,13,1012055,0.04539714136737505,0.08550729797227419,0.6151076404181535,0.5697104990507784,1.1323929434312074,1.2179002414034816
promoter_holdout,2,log_prot,promoter_recognition,2289,14,1012056,0.3173765530943503,0.4201703490659834,0.6151076404181535,0.29773108732380316,1.1323929434312074,1.5525632924971908
promoter_holdout,2,log_prot,promoter_recognition,2289,15,1012057,0.2270021741100468,0.2507658048526873,0.6151076404181535,0.38810546630810666,1.1323929434312074,1.3831587482838947
promoter_holdout,2,log_prot,promoter_recognition,2289,16,1012058,0.38504392021480427,0.4937786517683138,0.6151076404181535,0.23006372020334917,1.1323929434312074,1.6261715951995213
promoter_holdout,2,log_prot,promoter_recognition,2289,17,1012059,0.220444602065271,0.307812826662222,0.6151076404181535,0.39466303835288247,1.1323929434312074,1.4402057700934294
promoter_holdout,2,log_prot,promoter_recognition,2289,18,1012060,0.1912080635719266,0.28375605377443414,0.6151076404181535,0.42389957684622687,1.1323929434312074,1.4161489972056416
promoter_holdout,2,log_prot,promoter_recognition,2289,19,1012061,0.2620921506639389,0.33465601239909937,0.6151076404181535,0.35301548975421454,1.1323929434312074,1.4670489558303068
promoter_holdout,2,log_prot,promoter_recognition,2289,20,1012062,0.31528331896436,0.41205083871484915,0.6151076404181535,0.29982432145379345,1.1323929434312074,1.5444437821460566
promoter_holdout,2,log_prot,promoter_recognition,2289,21,1012063,0.4413682387602009,0.6314189917342197,0.6151076404181535,0.1737394016579525,1.1323929434312074,1.7638119351654271
promoter_holdout,2,log_prot,promoter_recognition,2289,22,1012064,0.3150900569960811,0.40765480812371724,0.6151076404181535,0.30001758342207235,1.1323929434312074,1.5400477515549247
promoter_holdout,2,log_prot,promoter_recognition,2289,23,1012065,0.4361393634967296,0.5588435367983411,0.6151076404181535,0.17896827692142386,1.1323929434312074,1.6912364802295485
promoter_holdout,2,log_prot,promoter_recognition,2289,24,1012066,0.3749227455950185,0.5809876132023417,0.6151076404181535,0.240184894823135,1.1323929434312074,1.7133805566335492
promoter_holdout,2,log_prot,promoter_recognition,2289,25,1012067,0.14403795562357646,0.26173036132105554,0.6151076404181535,0.471069684794577,1.1323929434312074,1.394123304752263
promoter_holdout,2,log_prot,promoter_recognition,2289,26,1012068,0.20417420679464088,0.29510589506586826,0.6151076404181535,0.4109334336235126,1.1323929434312074,1.4274988384970757
promoter_holdout,2,log_prot,promoter_recognition,2289,27,1012069,0.26331294355406537,0.4246557757267251,0.6151076404181535,0.3517946968640881,1.1323929434312074,1.5570487191579325
promoter_holdout,2,log_prot,promoter_recognition,2289,28,1012070,0.37123877394513416,0.5509520897959683,0.6151076404181535,0.2438688664730193,1.1323929434312074,1.6833450332271758
promoter_holdout,2,log_prot,promoter_recognition,2289,29,1012071,0.23421252336938325,0.336574464058216,0.6151076404181535,0.3808951170487702,1.1323929434312074,1.4689674074894234
promoter_holdout,2,log_prot,rbs_recognition,2289,0,1112042,0.2680815745481486,0.363035668626428,0.6151076404181535,0.34702606587000484,1.1323929434312074,1.4954286120576354
promoter_holdout,2,log_prot,rbs_recognition,2289,1,1112043,0.28537869393728965,0.3933929515775383,0.6151076404181535,0.3297289464808638,1.1323929434312074,1.5257858950087457
promoter_holdout,2,log_prot,rbs_recognition,2289,2,1112044,0.23876112730545523,0.33289997220493106,0.6151076404181535,0.37634651311269823,1.1323929434312074,1.4652929156361385
promoter_holdout,2,log_prot,rbs_recognition,2289,3,1112045,0.24798902841799325,0.33622439317577557,0.6151076404181535,0.3671186120001602,1.1323929434312074,1.468617336606983
promoter_holdout,2,log_prot,rbs_recognition,2289,4,1112046,0.27698378239863025,0.38840994562270814,0.6151076404181535,0.3381238580195232,1.1323929434312074,1.5208028890539156
promoter_holdout,2,log_prot,rbs_recognition,2289,5,1112047,0.2784822284438862,0.3623744976054122,0.6151076404181535,0.33662541197426726,1.1323929434312074,1.4947674410366196
promoter_holdout,2,log_prot,rbs_recognition,2289,6,1112048,0.28285279384310064,0.3872967867203825,0.6151076404181535,0.33225484657505283,1.1323929434312074,1.51968973015159
promoter_holdout,2,log_prot,rbs_recognition,2289,7,1112049,0.2418723076178695,0.32168768665778713,0.6151076404181535,0.373235332800284,1.1323929434312074,1.4540806300889946
promoter_holdout,2,log_prot,rbs_recognition,2289,8,1112050,0.24448483826629247,0.34036745582691474,0.6151076404181535,0.370622802151861,1.1323929434312074,1.4727603992581222
promoter_holdout,2,log_prot,rbs_recognition,2289,9,1112051,0.29558182347330875,0.40059817262600506,0.6151076404181535,0.3195258169448447,1.1323929434312074,1.5329911160572125
promoter_holdout,2,log_prot,rbs_recognition,2289,10,1112052,0.24170823163540628,0.32756408184871244,0.6151076404181535,0.3733994087827472,1.1323929434312074,1.4599570252799199
promoter_holdout,2,log_prot,rbs_recognition,2289,11,1112053,0.26786953841200595,0.35783178218555256,0.6151076404181535,0.3472381020061475,1.1323929434312074,1.49022472561676
promoter_holdout,2,log_prot,rbs_recognition,2289,12,1112054,0.25487788728441163,0.35156119555556753,0.6151076404181535,0.36022975313374184,1.1323929434312074,1.483954138986775
promoter_holdout,2,log_prot,rbs_recognition,2289,13,1112055,0.294378635523499,0.39006521108408987,0.6151076404181535,0.32072900489465445,1.1323929434312074,1.5224581545152973
promoter_holdout,2,log_prot,rbs_recognition,2289,14,1112056,0.26617954837694996,0.35993494515153235,0.6151076404181535,0.3489280920412035,1.1323929434312074,1.4923278885827398
promoter_holdout,2,log_prot,rbs_recognition,2289,15,1112057,0.2769924758036689,0.37266244768950596,0.6151076404181535,0.33811516461448454,1.1323929434312074,1.5050553911207134
promoter_holdout,2,log_prot,rbs_recognition,2289,16,1112058,0.2886524792536855,0.391667357429776,0.6151076404181535,0.326455161164468,1.1323929434312074,1.5240603008609834
promoter_holdout,2,log_prot,rbs_recognition,2289,17,1112059,0.3187147196213638,0.4222355464111025,0.6151076404181535,0.2963929207967897,1.1323929434312074,1.55462848984231
promoter_holdout,2,log_prot,rbs_recognition,2289,18,1112060,0.2740494603653013,0.36758308037873855,0.6151076404181535,0.34105818005285216,1.1323929434312074,1.499976023809946
promoter_holdout,2,log_prot,rbs_recognition,2289,19,1112061,0.31034867228827756,0.4113339695975129,0.6151076404181535,0.3047589681298759,1.1323929434312074,1.5437269130287203
promoter_holdout,2,log_prot,rbs_recognition,2289,20,1112062,0.2710955065847161,0.38095492884596016,0.6151076404181535,0.3440121338334374,1.1323929434312074,1.5133478722771676
promoter_holdout,2,log_prot,rbs_recognition,2289,21,1112063,0.26650278275394823,0.3816162757362862,0.6151076404181535,0.34860485766420524,1.1323929434312074,1.5140092191674936
promoter_holdout,2,log_prot,rbs_recognition,2289,22,1112064,0.2697950843536531,0.3716752864865096,0.6151076404181535,0.34531255606450034,1.1323929434312074,1.504068229917717
promoter_holdout,2,log_prot,rbs_recognition,2289,23,1112065,0.25272915141390745,0.3409191834590166,0.6151076404181535,0.362378489004246,1.1323929434312074,1.473312126890224
promoter_holdout,2,log_prot,rbs_recognition,2289,24,1112066,0.2521419706118173,0.334656872653198,0.6151076404181535,0.36296566980633616,1.1323929434312074,1.4670498160844054
promoter_holdout,2,log_prot,rbs_recognition,2289,25,1112067,0.27512413122146895,0.37661690852449503,0.6151076404181535,0.3399835091966845,1.1323929434312074,1.5090098519557025
promoter_holdout,2,log_prot,rbs_recognition,2289,26,1112068,0.2843162966710524,0.3846122085789858,0.6151076404181535,0.33079134374710106,1.1323929434312074,1.5170051520101933
promoter_holdout,2,log_prot,rbs_recognition,2289,27,1112069,0.23076117002953278,0.31530248493815427,0.6151076404181535,0.3843464703886207,1.1323929434312074,1.4476954283693617
promoter_holdout,2,log_prot,rbs_recognition,2289,28,1112070,0.3026006535842702,0.4084000271533825,0.6151076404181535,0.3125069868338833,1.1323929434312074,1.54079297058459
promoter_holdout,2,log_prot,rbs_recognition,2289,29,1112071,0.24912210622882502,0.3406375500118197,0.6151076404181535,0.36598553418932844,1.1323929434312074,1.4730304934430272
promoter_holdout,2,log_prot,transcript_accessibility,2289,0,1212042,0.10219840507479239,0.13370593017970234,0.6151076404181535,0.5129092353433611,1.1323929434312074,1.2660988736109098
promoter_holdout,2,log_prot,transcript_accessibility,2289,1,1212043,0.11030230412549014,0.14944534477775484,0.6151076404181535,0.5048053362926633,1.1323929434312074,1.2818382882089623
promoter_holdout,2,log_prot,transcript_accessibility,2289,2,1212044,0.09785068661155405,0.14225915798101996,0.6151076404181535,0.5172569538065994,1.1323929434312074,1.2746521014122274
promoter_holdout,2,log_prot,transcript_accessibility,2289,3,1212045,0.10828388115407628,0.14792652024602182,0.6151076404181535,0.5068237592640772,1.1323929434312074,1.2803194636772293
promoter_holdout,2,log_prot,transcript_accessibility,2289,4,1212046,0.11019723134079773,0.15219974465052655,0.6151076404181535,0.5049104090773557,1.1323929434312074,1.284592688081734
promoter_holdout,2,log_prot,transcript_accessibility,2289,5,1212047,0.10299833491540955,0.13732529849701525,0.6151076404181535,0.5121093055027439,1.1323929434312074,1.2697182419282227
promoter_holdout,2,log_prot,transcript_accessibility,2289,6,1212048,0.11129145460296797,0.141382256144561,0.6151076404181535,0.5038161858151855,1.1323929434312074,1.2737751995757685
promoter_holdout,2,log_prot,transcript_accessibility,2289,7,1212049,0.11819136820847154,0.15522365941299987,0.6151076404181535,0.49691627220968193,1.1323929434312074,1.2876166028442073
promoter_holdout,2,log_prot,transcript_accessibility,2289,8,1212050,0.10855644056561675,0.1394612587889339,0.6151076404181535,0.5065511998525367,1.1323929434312074,1.2718542022201413
promoter_holdout,2,log_prot,transcript_accessibility,2289,9,1212051,0.11224732105267277,0.1441298410564833,0.6151076404181535,0.5028603193654807,1.1323929434312074,1.2765227844876907
promoter_holdout,2,log_prot,transcript_accessibility,2289,10,1212052,0.09667157332635656,0.13558326958709976,0.6151076404181535,0.5184360670917969,1.1323929434312074,1.2679762130183072
promoter_holdout,2,log_prot,transcript_accessibility,2289,11,1212053,0.10717760733947046,0.15578896706063583,0.6151076404181535,0.507930033078683,1.1323929434312074,1.2881819104918433
promoter_holdout,2,log_prot,transcript_accessibility,2289,12,1212054,0.09401690323456979,0.13303674522203224,0.6151076404181535,0.5210907371835837,1.1323929434312074,1.2654296886532397
promoter_holdout,2,log_prot,transcript_accessibility,2289,13,1212055,0.09873617872834672,0.12985544489983725,0.6151076404181535,0.5163714616898067,1.1323929434312074,1.2622483883310447
promoter_holdout,2,log_prot,transcript_accessibility,2289,14,1212056,0.10284183472985442,0.13473374092584,0.6151076404181535,0.512265805688299,1.1323929434312074,1.2671266843570475
promoter_holdout,2,log_prot,transcript_accessibility,2289,15,1212057,0.10684356773874293,0.1487063308319938,0.6151076404181535,0.5082640726794105,1.1323929434312074,1.2810992742632012
promoter_holdout,2,log_prot,transcript_accessibility,2289,16,1212058,0.10941231697248543,0.14482234222520618,0.6151076404181535,0.505695323445668,1.1323929434312074,1.2772152856564136
promoter_holdout,2,log_prot,transcript_accessibility,2289,17,1212059,0.10450570428362338,0.14086021380734826,0.6151076404181535,0.5106019361345301,1.1323929434312074,1.2732531572385557
promoter_holdout,2,log_prot,transcript_accessibility,2289,18,1212060,0.11844822525786991,0.1629015838607788,0.6151076404181535,0.49665941516028356,1.1323929434312074,1.2952945272919862
promoter_holdout,2,log_prot,transcript_accessibility,2289,19,1212061,0.11741045897533753,0.1643471871477582,0.6151076404181535,0.49769718144281594,1.1323929434312074,1.2967401305789656
promoter_holdout,2,log_prot,transcript_accessibility,2289,20,1212062,0.09839617676155832,0.13842920226222644,0.6151076404181535,0.5167114636565951,1.1323929434312074,1.2708221456934339
promoter_holdout,2,log_prot,transcript_accessibility,2289,21,1212063,0.09321631528337493,0.12921693787972233,0.6151076404181535,0.5218913251347785,1.1323929434312074,1.2616098813109298
promoter_holdout,2,log_prot,transcript_accessibility,2289,22,1212064,0.11571493694341312,0.14782456888537965,0.6151076404181535,0.49939270347474035,1.1323929434312074,1.280217512316587
promoter_holdout,2,log_prot,transcript_accessibility,2289,23,1212065,0.10547078606219362,0.14635724360580582,0.6151076404181535,0.5096368543559598,1.1323929434312074,1.2787501870370133
promoter_holdout,2,log_prot,transcript_accessibility,2289,24,1212066,0.10073320650134909,0.13918467186819106,0.6151076404181535,0.5143744339168044,1.1323929434312074,1.2715776152993985
promoter_holdout,2,log_prot,transcript_accessibility,2289,25,1212067,0.10869562684479028,0.14565297675141853,0.6151076404181535,0.5064120135733632,1.1323929434312074,1.278045920182626
promoter_holdout,2,log_prot,transcript_accessibility,2289,26,1212068,0.09316898858046585,0.12653200903398765,0.6151076404181535,0.5219386518376876,1.1323929434312074,1.258924952465195
promoter_holdout,2,log_prot,transcript_accessibility,2289,27,1212069,0.10474476729666271,0.1350782049601187,0.6151076404181535,0.5103628731214908,1.1323929434312074,1.2674711483913261
promoter_holdout,2,log_prot,transcript_accessibility,2289,28,1212070,0.09312633888594679,0.12271430506121783,0.6151076404181535,0.5219813015322067,1.1323929434312074,1.2551072484924253
promoter_holdout,2,log_prot,transcript_accessibility,2289,29,1212071,0.10425249529436742,0.14358471033866627,0.6151076404181535,0.510855145123786,1.1323929434312074,1.2759776537698737
promoter_holdout,3,log_translation_proxy,promoter_recognition,2296,0,1003042,0.037730995582808124,0.036971979742589256,0.7259547876999914,0.6882237921171833,0.6978973609613369,0.7348693407039262
promoter_holdout,3,log_translation_proxy,promoter_recognition,2296,1,1003043,0.004417614936327086,0.014421262633593335,0.7259547876999914,0.7215371727636644,0.6978973609613369,0.7123186235949303
promoter_holdout,3,log_translation_proxy,promoter_recognition,2296,2,1003044,0.031643617991750306,0.026611228618697025,0.7259547876999914,0.6943111697082411,0.6978973609613369,0.724508589580034
promoter_holdout,3,log_translation_proxy,promoter_recognition,2296,3,1003045,-0.012969113518702335,0.013543197537722929,0.7259547876999914,0.7389239012186938,0.6978973609613369,0.7114405584990598
promoter_holdout,3,log_translation_proxy,promoter_recognition,2296,4,1003046,-0.005837311273510282,-0.014474218821255658,0.7259547876999914,0.7317920989735017,0.6978973609613369,0.6834231421400813
promoter_holdout,3,log_translation_proxy,promoter_recognition,2296,5,1003047,-0.026288437797123088,-0.02010136832973286,0.7259547876999914,0.7522432254971145,0.6978973609613369,0.6777959926316041
promoter_holdout,3,log_translation_proxy,promoter_recognition,2296,6,1003048,0.04868098690466882,0.048102628180785256,0.7259547876999914,0.6772738007953226,0.6978973609613369,0.7459999891421222
promoter_holdout,3,log_translation_proxy,promoter_recognition,2296,7,1003049,0.027874610695027613,0.04327621101161849,0.7259547876999914,0.6980801770049638,0.6978973609613369,0.7411735719729554
promoter_holdout,3,log_translation_proxy,promoter_recognition,2296,8,1003050,-0.0191301171747833,-0.028892846192423494,0.7259547876999914,0.7450849048747747,0.6978973609613369,0.6690045147689134
promoter_holdout,3,log_translation_proxy,promoter_recognition,2296,9,1003051,0.03651952328512331,0.04623581624244821,0.7259547876999914,0.6894352644148681,0.6978973609613369,0.7441331772037851
promoter_holdout,3,log_translation_proxy,promoter_recognition,2296,10,1003052,-0.016969604344021283,-0.021457608637427517,0.7259547876999914,0.7429243920440127,0.6978973609613369,0.6764397523239094
promoter_holdout,3,log_translation_proxy,promoter_recognition,2296,11,1003053,0.05623056788588243,0.08252789117415849,0.7259547876999914,0.669724219814109,0.6978973609613369,0.7804252521354954
promoter_holdout,3,log_translation_proxy,promoter_recognition,2296,12,1003054,0.0373745814411941,0.03745141554475184,0.7259547876999914,0.6885802062587973,0.6978973609613369,0.7353487765060888
promoter_holdout,3,log_translation_proxy,promoter_recognition,2296,13,1003055,0.05950025362641376,0.06552404155896563,0.7259547876999914,0.6664545340735777,0.6978973609613369,0.7634214025203025
promoter_holdout,3,log_translation_proxy,promoter_recognition,2296,14,1003056,0.002856007462748056,-0.0041374113805005,0.7259547876999914,0.7230987802372434,0.6978973609613369,0.6937599495808364
promoter_holdout,3,log_translation_proxy,promoter_recognition,2296,15,1003057,0.09462116948678667,0.10910140707880933,0.7259547876999914,0.6313336182132048,0.6978973609613369,0.8069987680401463
promoter_holdout,3,log_translation_proxy,promoter_recognition,2296,16,1003058,0.07156845941993306,0.09005197729409165,0.7259547876999914,0.6543863282800584,0.6978973609613369,0.7879493382554286
promoter_holdout,3,log_translation_proxy,promoter_recognition,2296,17,1003059,0.03578808558444957,0.050968603251714706,0.7259547876999914,0.6901667021155419,0.6978973609613369,0.7488659642130516
promoter_holdout,3,log_translation_proxy,promoter_recognition,2296,18,1003060,-0.0008499835048603188,0.006360964742190722,0.7259547876999914,0.7268047712048518,0.6978973609613369,0.7042583257035276
promoter_holdout,3,log_translation_proxy,promoter_recognition,2296,19,1003061,0.03499060947944321,0.053234303970978836,0.7259547876999914,0.6909641782205482,0.6978973609613369,0.7511316649323158
promoter_holdout,3,log_translation_proxy,promoter_recognition,2296,20,1003062,0.05381636431456449,0.05014377940455783,0.7259547876999914,0.672138423385427,0.6978973609613369,0.7480411403658948
promoter_holdout,3,log_translation_proxy,promoter_recognition,2296,21,1003063,-0.010130718825932084,-0.004072128170241052,0.7259547876999914,0.7360855065259235,0.6978973609613369,0.6938252327910959
promoter_holdout,3,log_translation_proxy,promoter_recognition,2296,22,1003064,0.013035701663702493,0.019725968367971802,0.7259547876999914,0.712919086036289,0.6978973609613369,0.7176233293293087
promoter_holdout,3,log_translation_proxy,promoter_recognition,2296,23,1003065,0.03140794667138358,0.03191878219629596,0.7259547876999914,0.6945468410286079,0.6978973609613369,0.7298161431576329
promoter_holdout,3,log_translation_proxy,promoter_recognition,2296,24,1003066,-0.011942873290398115,-0.015511065560592119,0.7259547876999914,0.7378976609903896,0.6978973609613369,0.6823862954007448
promoter_holdout,3,log_translation_proxy,promoter_recognition,2296,25,1003067,0.04720482174876994,0.06505464328187738,0.7259547876999914,0.6787499659512215,0.6978973609613369,0.7629520042432143
promoter_holdout,3,log_translation_proxy,promoter_recognition,2296,26,1003068,-0.03564620750494785,-0.037199986297292154,0.7259547876999914,0.7616009952049393,0.6978973609613369,0.6606973746640448
promoter_holdout,3,log_translation_proxy,promoter_recognition,2296,27,1003069,-0.010359396227604845,-0.008494373681078637,0.7259547876999914,0.7363141839275963,0.6978973609613369,0.6894029872802583
promoter_holdout,3,log_translation_proxy,promoter_recognition,2296,28,1003070,0.05594013034109857,0.059521873023855254,0.7259547876999914,0.6700146573588929,0.6978973609613369,0.7574192339851922
promoter_holdout,3,log_translation_proxy,promoter_recognition,2296,29,1003071,0.007790555158937118,0.004498718085751197,0.7259547876999914,0.7181642325410543,0.6978973609613369,0.7023960790470881
promoter_holdout,3,log_translation_proxy,rbs_recognition,2296,0,1103042,0.4882929235707807,0.3624887095499466,0.7259547876999914,0.23766186412921075,0.6978973609613369,1.0603860705112835
promoter_holdout,3,log_translation_proxy,rbs_recognition,2296,1,1103043,0.4600901575780657,0.32676914707679094,0.7259547876999914,0.26586463012192574,0.6978973609613369,1.0246665080381279
promoter_holdout,3,log_translation_proxy,rbs_recognition,2296,2,1103044,0.4668789263436307,0.32494834681697216,0.7259547876999914,0.25907586135636074,0.6978973609613369,1.022845707778309
promoter_holdout,3,log_translation_proxy,rbs_recognition,2296,3,1103045,0.5063123928847153,0.3794652929064085,0.7259547876999914,0.21964239481527617,0.6978973609613369,1.0773626538677454
promoter_holdout,3,log_translation_proxy,rbs_recognition,2296,4,1103046,0.3797895106251854,0.27849125349942194,0.7259547876999914,0.34616527707480604,0.6978973609613369,0.9763886144607589
promoter_holdout,3,log_translation_proxy,rbs_recognition,2296,5,1103047,0.472567260701916,0.3268311458650387,0.7259547876999914,0.25338752699807543,0.6978973609613369,1.0247285068263756
promoter_holdout,3,log_translation_proxy,rbs_recognition,2296,6,1103048,0.46309354105041517,0.3298184958326892,0.7259547876999914,0.2628612466495763,0.6978973609613369,1.027715856794026
promoter_holdout,3,log_translation_proxy,rbs_recognition,2296,7,1103049,0.38207002328558837,0.2952789799479647,0.7259547876999914,0.3438847644144031,0.6978973609613369,0.9931763409093016
promoter_holdout,3,log_translation_proxy,rbs_recognition,2296,8,1103050,0.4447799676581819,0.3337078937395802,0.7259547876999914,0.28117482004180955,0.6978973609613369,1.0316052547009171
promoter_holdout,3,log_translation_proxy,rbs_recognition,2296,9,1103051,0.48248538455974027,0.35402329831485113,0.7259547876999914,0.24346940314025117,0.6978973609613369,1.051920659276188
promoter_holdout,3,log_translation_proxy,rbs_recognition,2296,10,1103052,0.5146611780333579,0.3632276720101554,0.7259547876999914,0.21129360966663355,0.6978973609613369,1.0611250329714923
promoter_holdout,3,log_translation_proxy,rbs_recognition,2296,11,1103053,0.4679535442976041,0.3311251267259724,0.7259547876999914,0.25800124340238734,0.6978973609613369,1.0290224876873093
promoter_holdout,3,log_translation_proxy,rbs_recognition,2296,12,1103054,0.4649603439574881,0.3382313457908567,0.7259547876999914,0.26099444374250336,0.6978973609613369,1.0361287067521936
promoter_holdout,3,log_translation_proxy,rbs_recognition,2296,13,1103055,0.4322700797020445,0.3190126833096688,0.7259547876999914,0.29368470799794694,0.6978973609613369,1.0169100442710057
promoter_holdout,3,log_translation_proxy,rbs_recognition,2296,14,1103056,0.42036866453978583,0.2941877320264352,0.7259547876999914,0.3055861231602056,0.6978973609613369,0.9920850929877721
promoter_holdout,3,log_translation_proxy,rbs_recognition,2296,15,1103057,0.5696038904528219,0.39717209048697055,0.7259547876999914,0.15635089724716955,0.6978973609613369,1.0950694514483075
promoter_holdout,3,log_translation_proxy,rbs_recognition,2296,16,1103058,0.48297437529722054,0.3417408058319843,0.7259547876999914,0.24298041240277088,0.6978973609613369,1.0396381667933212
promoter_holdout,3,log_translation_proxy,rbs_recognition,2296,17,1103059,0.3854915225200917,0.28805378659931147,0.7259547876999914,0.3404632651798997,0.6978973609613369,0.9859511475606484
promoter_holdout,3,log_translation_proxy,rbs_recognition,2296,18,1103060,0.40465123449464846,0.3040463936458023,0.7259547876999914,0.321303553205343,0.6978973609613369,1.0019437546071392
promoter_holdout,3,log_translation_proxy,rbs_recognition,2296,19,1103061,0.4072550633485812,0.3085012967455417,0.7259547876999914,0.31869972435141025,0.6978973609613369,1.0063986577068786
promoter_holdout,3,log_translation_proxy,rbs_recognition,2296,20,1103062,0.5450757567757533,0.3851063767654387,0.7259547876999914,0.1808790309242382,0.6978973609613369,1.0830037377267756
promoter_holdout,3,log_translation_proxy,rbs_recognition,2296,21,1103063,0.38383495558506137,0.2871202336454657,0.7259547876999914,0.3421198321149301,0.6978973609613369,0.9850175946068026
promoter_holdout,3,log_translation_proxy,rbs_recognition,2296,22,1103064,0.5399586923219704,0.384211044135209,0.7259547876999914,0.18599609537802103,0.6978973609613369,1.082108405096546
promoter_holdout,3,log_translation_proxy,rbs_recognition,2296,23,1103065,0.4184253762128882,0.31424795405810124,0.7259547876999914,0.3075294114871032,0.6978973609613369,1.0121453150194382
promoter_holdout,3,log_translation_proxy,rbs_recognition,2296,24,1103066,0.502298668141975,0.3533619357830081,0.7259547876999914,0.22365611955801645,0.6978973609613369,1.051259296744345
promoter_holdout,3,log_translation_proxy,rbs_recognition,2296,25,1103067,0.5247725827313816,0.37082001483102356,0.7259547876999914,0.20118220496860983,0.6978973609613369,1.0687173757923605
promoter_holdout,3,log_translation_proxy,rbs_recognition,2296,26,1103068,0.4467231137202204,0.31268850635918455,0.7259547876999914,0.27923167397977106,0.6978973609613369,1.0105858673205215
promoter_holdout,3,log_translation_proxy,rbs_recognition,2296,27,1103069,0.4762855755627513,0.34197804603269455,0.7259547876999914,0.2496692121372401,0.6978973609613369,1.0398754069940315
promoter_holdout,3,log_translation_proxy,rbs_recognition,2296,28,1103070,0.4163800763604962,0.3170816672653666,0.7259547876999914,0.30957471133949527,0.6978973609613369,1.0149790282267035
promoter_holdout,3,log_translation_proxy,rbs_recognition,2296,29,1103071,0.4882621914631132,0.35586324704008165,0.7259547876999914,0.23769259623687822,0.6978973609613369,1.0537606080014186
promoter_holdout,3,log_translation_proxy,transcript_accessibility,2296,0,1203042,0.2964026238275913,0.24374922391297071,0.7259547876999914,0.42955216387240014,0.6978973609613369,0.9416465848743076
promoter_holdout,3,log_translation_proxy,transcript_accessibility,2296,1,1203043,0.3120466329348521,0.2525895113242512,0.7259547876999914,0.41390815476513937,0.6978973609613369,0.9504868722855881
promoter_holdout,3,log_translation_proxy,transcript_accessibility,2296,2,1203044,0.28258999353037584,0.24282795402305868,0.7259547876999914,0.4433647941696156,0.6978973609613369,0.9407253149843956
promoter_holdout,3,log_translation_proxy,transcript_accessibility,2296,3,1203045,0.2964525480907666,0.24043239310126086,0.7259547876999914,0.42950223960922485,0.6978973609613369,0.9383297540625978
promoter_holdout,3,log_translation_proxy,transcript_accessibility,2296,4,1203046,0.32292598821135704,0.2418788481716322,0.7259547876999914,0.4030287994886344,0.6978973609613369,0.9397762091329691
promoter_holdout,3,log_translation_proxy,transcript_accessibility,2296,5,1203047,0.30568927398878193,0.2552960849689784,0.7259547876999914,0.4202655137112095,0.6978973609613369,0.9531934459303153
promoter_holdout,3,log_translation_proxy,transcript_accessibility,2296,6,1203048,0.2797329362443955,0.2310739196102437,0.7259547876999914,0.44622185145559595,0.6978973609613369,0.9289712805715806
promoter_holdout,3,log_translation_proxy,transcript_accessibility,2296,7,1203049,0.29144941807666025,0.23382530084667164,0.7259547876999914,0.4345053696233312,0.6978973609613369,0.9317226618080086
promoter_holdout,3,log_translation_proxy,transcript_accessibility,2296,8,1203050,0.29274170591397836,0.23513529898994145,0.7259547876999914,0.4332130817860131,0.6978973609613369,0.9330326599512784
promoter_holdout,3,log_translation_proxy,transcript_accessibility,2296,9,1203051,0.3034297008114509,0.24589613094197904,0.7259547876999914,0.42252508688854057,0.6978973609613369,0.943793491903316
promoter_holdout,3,log_translation_proxy,transcript_accessibility,2296,10,1203052,0.30879932232480134,0.2538897473023697,0.7259547876999914,0.4171554653751901,0.6978973609613369,0.9517871082637066
promoter_holdout,3,log_translation_proxy,transcript_accessibility,2296,11,1203053,0.2900754412864645,0.2419836368251812,0.7259547876999914,0.43587934641352694,0.6978973609613369,0.9398809977865181
promoter_holdout,3,log_translation_proxy,transcript_accessibility,2296,12,1203054,0.2846701470123958,0.2337702133310413,0.7259547876999914,0.44128464068759565,0.6978973609613369,0.9316675742923782
promoter_holdout,3,log_translation_proxy,transcript_accessibility,2296,13,1203055,0.29939725188871325,0.25367851039507383,0.7259547876999914,0.4265575358112782,0.6978973609613369,0.9515758713564108
promoter_holdout,3,log_translation_proxy,transcript_accessibility,2296,14,1203056,0.271207013456842,0.22271640791230995,0.7259547876999914,0.45474777424314944,0.6978973609613369,0.9206137688736469
promoter_holdout,3,log_translation_proxy,transcript_accessibility,2296,15,1203057,0.2851106148876111,0.23097080012558047,0.7259547876999914,0.44084417281238036,0.6978973609613369,0.9288681610869174
promoter_holdout,3,log_translation_proxy,transcript_accessibility,2296,16,1203058,0.29167925368369224,0.2445005817208551,0.7259547876999914,0.4342755340162992,0.6978973609613369,0.942397942682192
promoter_holdout,3,log_translation_proxy,transcript_accessibility,2296,17,1203059,0.2882551691647873,0.24412911547579108,0.7259547876999914,0.43769961853520417,0.6978973609613369,0.942026476437128
promoter_holdout,3,log_translation_proxy,transcript_accessibility,2296,18,1203060,0.2924430153074882,0.24149268130415924,0.7259547876999914,0.43351177239250327,0.6978973609613369,0.9393900422654962
promoter_holdout,3,log_translation_proxy,transcript_accessibility,2296,19,1203061,0.28316436268954137,0.23208656904364533,0.7259547876999914,0.4427904250104501,0.6978973609613369,0.9299839300049823
promoter_holdout,3,log_translation_proxy,transcript_accessibility,2296,20,1203062,0.30465172392870915,0.25360614617501387,0.7259547876999914,0.4213030637712823,0.6978973609613369,0.9515035071363508
promoter_holdout,3,log_translation_proxy,transcript_accessibility,2296,21,1203063,0.28778844987943514,0.22934957555173618,0.7259547876999914,0.4381663378205563,0.6978973609613369,0.9272469365130731
promoter_holdout,3,log_translation_proxy,transcript_accessibility,2296,22,1203064,0.29747517314588795,0.23945678313846375,0.7259547876999914,0.4284796145541035,0.6978973609613369,0.9373541440998007
promoter_holdout,3,log_translation_proxy,transcript_accessibility,2296,23,1203065,0.2947959618222794,0.23885857765162177,0.7259547876999914,0.43115882587771204,0.6978973609613369,0.9367559386129587
promoter_holdout,3,log_translation_proxy,transcript_accessibility,2296,24,1203066,0.30091606385632647,0.24392289340517337,0.7259547876999914,0.425038723843665,0.6978973609613369,0.9418202543665103
promoter_holdout,3,log_translation_proxy,transcript_accessibility,2296,25,1203067,0.26809919588410425,0.23001594004603676,0.7259547876999914,0.4578555918158872,0.6978973609613369,0.9279133010073737
promoter_holdout,3,log_translation_proxy,transcript_accessibility,2296,26,1203068,0.27136683066923617,0.2247512475606087,0.7259547876999914,0.4545879570307553,0.6978973609613369,0.9226486085219456
promoter_holdout,3,log_translation_proxy,transcript_accessibility,2296,27,1203069,0.27449060120564306,0.21810754433783375,0.7259547876999914,0.4514641864943484,0.6978973609613369,0.9160049052991707
promoter_holdout,3,log_translation_proxy,transcript_accessibility,2296,28,1203070,0.29467838241482036,0.24209784599359607,0.7259547876999914,0.4312764052851711,0.6978973609613369,0.939995206954933
promoter_holdout,3,log_translation_proxy,transcript_accessibility,2296,29,1203071,0.29260263654613217,0.24400489728700192,0.7259547876999914,0.4333521511538593,0.6978973609613369,0.9419022582483388
promoter_holdout,3,log_prot,promoter_recognition,2296,0,1013042,0.04407667977005114,0.07547669279889391,0.6735724274008135,0.6294957476307623,0.9800100087659631,1.055486701564857
promoter_holdout,3,log_prot,promoter_recognition,2296,1,1013043,0.13188905571601406,0.17845998211246883,0.6735724274008135,0.5416833716847994,0.9800100087659631,1.158469990878432
promoter_holdout,3,log_prot,promoter_recognition,2296,2,1013044,0.06562363968055795,0.060848600216956816,0.6735724274008135,0.6079487877202555,0.9800100087659631,1.04085860898292
promoter_holdout,3,log_prot,promoter_recognition,2296,3,1013045,-0.03490385345231595,-0.05973347968490772,0.6735724274008135,0.7084762808531294,0.9800100087659631,0.9202765290810554
promoter_holdout,3,log_prot,promoter_recognition,2296,4,1013046,0.18606192939128502,0.22297757542074859,0.6735724274008135,0.48751049800952845,0.9800100087659631,1.2029875841867117
promoter_holdout,3,log_prot,promoter_recognition,2296,5,1013047,0.12030030356608912,0.13334345922727397,0.6735724274008135,0.5532721238347243,0.9800100087659631,1.113353467993237
promoter_holdout,3,log_prot,promoter_recognition,2296,6,1013048,-0.0038591567811077088,-0.0020411176809871368,0.6735724274008135,0.6774315841819212,0.9800100087659631,0.977968891084976
promoter_holdout,3,log_prot,promoter_recognition,2296,7,1013049,-0.029705560720032942,-0.05027746380258624,0.6735724274008135,0.7032779881208464,0.9800100087659631,0.9297325449633769
promoter_holdout,3,log_prot,promoter_recognition,2296,8,1013050,0.13541157976777707,0.16037275789906968,0.6735724274008135,0.5381608476330364,0.9800100087659631,1.1403827666650328
promoter_holdout,3,log_prot,promoter_recognition,2296,9,1013051,0.03412539960311178,0.016185299064227276,0.6735724274008135,0.6394470277977017,0.9800100087659631,0.9961953078301904
promoter_holdout,3,log_prot,promoter_recognition,2296,10,1013052,-0.013244196299235456,-0.022169880934677644,0.6735724274008135,0.6868166237000489,0.9800100087659631,0.9578401278312855
promoter_holdout,3,log_prot,promoter_recognition,2296,11,1013053,0.08479065429871346,0.07831928211828942,0.6735724274008135,0.5887817731021,0.9800100087659631,1.0583292908842525
promoter_holdout,3,log_prot,promoter_recognition,2296,12,1013054,0.0544377919243072,0.05281402467812257,0.6735724274008135,0.6191346354765063,0.9800100087659631,1.0328240334440857
promoter_holdout,3,log_prot,promoter_recognition,2296,13,1013055,-0.005916022465412674,-0.010088629445658137,0.6735724274008135,0.6794884498662261,0.9800100087659631,0.969921379320305
promoter_holdout,3,log_prot,promoter_recognition,2296,14,1013056,0.18832765372752658,0.23990345822713044,0.6735724274008135,0.4852447736732869,0.9800100087659631,1.2199134669930936
promoter_holdout,3,log_prot,promoter_recognition,2296,15,1013057,0.05134447318436719,0.06483752135990017,0.6735724274008135,0.6222279542164463,0.9800100087659631,1.0448475301258633
promoter_holdout,3,log_prot,promoter_recognition,2296,16,1013058,0.09646876773022528,0.09774065854286862,0.6735724274008135,0.5771036596705882,0.9800100087659631,1.0777506673088317
promoter_holdout,3,log_prot,promoter_recognition,2296,17,1013059,0.15429064378697643,0.1953271199770057,0.6735724274008135,0.519281783613837,0.9800100087659631,1.1753371287429688
promoter_holdout,3,log_prot,promoter_recognition,2296,18,1013060,0.1810725536847314,0.23930022786561733,0.6735724274008135,0.49249987371608206,0.9800100087659631,1.2193102366315804
promoter_holdout,3,log_prot,promoter_recognition,2296,19,1013061,0.041404153617120465,0.05948104502852103,0.6735724274008135,0.632168273783693,0.9800100087659631,1.0394910537944841
promoter_holdout,3,log_prot,promoter_recognition,2296,20,1013062,0.20749385696057132,0.25513523139466643,0.6735724274008135,0.46607857044024215,0.9800100087659631,1.2351452401606295
promoter_holdout,3,log_prot,promoter_recognition,2296,21,1013063,0.09807042420039969,0.13452430537460724,0.6735724274008135,0.5755020032004138,0.9800100087659631,1.1145343141405704
promoter_holdout,3,log_prot,promoter_recognition,2296,22,1013064,0.06317621985156341,0.08048538339890188,0.6735724274008135,0.6103962075492501,0.9800100087659631,1.060495392164865
promoter_holdout,3,log_prot,promoter_recognition,2296,23,1013065,0.17519917301208338,0.19696485648662132,0.6735724274008135,0.4983732543887301,0.9800100087659631,1.1769748652525844
promoter_holdout,3,log_prot,promoter_recognition,2296,24,1013066,0.11389117201431398,0.14109162079459847,0.6735724274008135,0.5596812553864995,0.9800100087659631,1.1211016295605616
promoter_holdout,3,log_prot,promoter_recognition,2296,25,1013067,0.08059746463051243,0.09722544812823486,0.6735724274008135,0.592974962770301,0.9800100087659631,1.077235456894198
promoter_holdout,3,log_prot,promoter_recognition,2296,26,1013068,0.0023982878632788918,0.005204125675389748,0.6735724274008135,0.6711741395375346,0.9800100087659631,0.9852141344413529
promoter_holdout,3,log_prot,promoter_recognition,2296,27,1013069,0.03805255607471447,0.060138165559339596,0.6735724274008135,0.635519871326099,0.9800100087659631,1.0401481743253027
promoter_holdout,3,log_prot,promoter_recognition,2296,28,1013070,0.03336387882998815,0.008657729823204785,0.6735724274008135,0.6402085485708253,0.9800100087659631,0.9886677385891679
promoter_holdout,3,log_prot,promoter_recognition,2296,29,1013071,0.0917337623094352,0.11594170554702043,0.6735724274008135,0.5818386650913783,0.9800100087659631,1.0959517143129835
promoter_holdout,3,log_prot,rbs_recognition,2296,0,1113042,0.42765559214856985,0.4887137398318657,0.6735724274008135,0.24591683525224362,0.9800100087659631,1.4687237485978288
promoter_holdout,3,log_prot,rbs_recognition,2296,1,1113043,0.4956977010254572,0.553554803503022,0.6735724274008135,0.1778747263753563,0.9800100087659631,1.5335648122689851
promoter_holdout,3,log_prot,rbs_recognition,2296,2,1113044,0.43984739908994974,0.4809927160029974,0.6735724274008135,0.2337250283108637,0.9800100087659631,1.4610027247689605
promoter_holdout,3,log_prot,rbs_recognition,2296,3,1113045,0.37647341146976193,0.42264938885932746,0.6735724274008135,0.29709901593105154,0.9800100087659631,1.4026593976252906
promoter_holdout,3,log_prot,rbs_recognition,2296,4,1113046,0.5355005929895311,0.5648468411759255,0.6735724274008135,0.13807183441128232,0.9800100087659631,1.5448568499418887
promoter_holdout,3,log_prot,rbs_recognition,2296,5,1113047,0.38780113115541137,0.4375640936686094,0.6735724274008135,0.2857712962454021,0.9800100087659631,1.4175741024345725
promoter_holdout,3,log_prot,rbs_recognition,2296,6,1113048,0.5139304277449723,0.5607610452502672,0.6735724274008135,0.1596419996558412,0.9800100087659631,1.5407710540162303
promoter_holdout,3,log_prot,rbs_recognition,2296,7,1113049,0.4887103418651624,0.5322549304799136,0.6735724274008135,0.1848620855356511,0.9800100087659631,1.5122649392458767
promoter_holdout,3,log_prot,rbs_recognition,2296,8,1113050,0.49594235342560433,0.563696022833658,0.6735724274008135,0.1776300739752091,0.9800100087659631,1.5437060315996212
promoter_holdout,3,log_prot,rbs_recognition,2296,9,1113051,0.4497453096774111,0.5164011033208042,0.6735724274008135,0.22382711772340236,0.9800100087659631,1.4964111120867674
promoter_holdout,3,log_prot,rbs_recognition,2296,10,1113052,0.4827441587176572,0.5430591826711051,0.6735724274008135,0.19082826868315625,0.9800100087659631,1.5230691914370682
promoter_holdout,3,log_prot,rbs_recognition,2296,11,1113053,0.450795495547483,0.505755045547263,0.6735724274008135,0.22277693185333045,0.9800100087659631,1.4857650543132261
promoter_holdout,3,log_prot,rbs_recognition,2296,12,1113054,0.4754114414583234,0.5253297873945686,0.6735724274008135,0.19816098594249004,0.9800100087659631,1.5053397961605317
promoter_holdout,3,log_prot,rbs_recognition,2296,13,1113055,0.4223421487713034,0.46767841266741916,0.6735724274008135,0.2512302786295101,0.9800100087659631,1.4476884214333823
promoter_holdout,3,log_prot,rbs_recognition,2296,14,1113056,0.4818681457299,0.5356765608813201,0.6735724274008135,0.1917042816709135,0.9800100087659631,1.5156865696472832
promoter_holdout,3,log_prot,rbs_recognition,2296,15,1113057,0.5089562600018511,0.5566518175345225,0.6735724274008135,0.16461616739896234,0.9800100087659631,1.5366618263004856
promoter_holdout,3,log_prot,rbs_recognition,2296,16,1113058,0.48950445640174434,0.540013637658366,0.6735724274008135,0.18406797099906913,0.9800100087659631,1.520023646424329
promoter_holdout,3,log_prot,rbs_recognition,2296,17,1113059,0.42710506411705085,0.4864917618496558,0.6735724274008135,0.2464673632837626,0.9800100087659631,1.466501770615619
promoter_holdout,3,log_prot,rbs_recognition,2296,18,1113060,0.4255307538721288,0.47101194224778076,0.6735724274008135,0.24804167352868467,0.9800100087659631,1.4510219510137439
promoter_holdout,3,log_prot,rbs_recognition,2296,19,1113061,0.5071042826814874,0.5605341432070929,0.6735724274008135,0.16646814471932606,0.9800100087659631,1.540544151973056
promoter_holdout,3,log_prot,rbs_recognition,2296,20,1113062,0.4723967217907255,0.5263896948817537,0.6735724274008135,0.20117570561008796,0.9800100087659631,1.5063997036477168
promoter_holdout,3,log_prot,rbs_recognition,2296,21,1113063,0.4624486816739892,0.5008429479016963,0.6735724274008135,0.2111237457268242,0.9800100087659631,1.4808529566676594
promoter_holdout,3,log_prot,rbs_recognition,2296,22,1113064,0.3948087407730612,0.4594814853128908,0.6735724274008135,0.27876368662775225,0.9800100087659631,1.439491494078854
promoter_holdout,3,log_prot,rbs_recognition,2296,23,1113065,0.47253433607649586,0.5238042012990032,0.6735724274008135,0.20103809132431757,0.9800100087659631,1.5038142100649663
promoter_holdout,3,log_prot,rbs_recognition,2296,24,1113066,0.4209551080566223,0.47069781628848095,0.6735724274008135,0.2526173193441912,0.9800100087659631,1.450707825054444
promoter_holdout,3,log_prot,rbs_recognition,2296,25,1113067,0.43856297496454183,0.4912440182906215,0.6735724274008135,0.23500945243627164,0.9800100087659631,1.4712540270565846
promoter_holdout,3,log_prot,rbs_recognition,2296,26,1113068,0.43861954592040203,0.5089388683734128,0.6735724274008135,0.23495288148041144,0.9800100087659631,1.488948877139376
promoter_holdout,3,log_prot,rbs_recognition,2296,27,1113069,0.4908151950547144,0.5368184257892916,0.6735724274008135,0.1827572323460991,0.9800100087659631,1.5168284345552547
promoter_holdout,3,log_prot,rbs_recognition,2296,28,1113070,0.48766735478810597,0.5251199113814486,0.6735724274008135,0.1859050726127075,0.9800100087659631,1.5051299201474118
promoter_holdout,3,log_prot,rbs_recognition,2296,29,1113071,0.5244807544038911,0.575549159720548,0.6735724274008135,0.14909167299692236,0.9800100087659631,1.555559168486511
promoter_holdout,3,log_prot,transcript_accessibility,2296,0,1213042,0.261125912897816,0.29077230778415397,0.6735724274008135,0.41244651450299746,0.9800100087659631,1.270782316550117
promoter_holdout,3,log_prot,transcript_accessibility,2296,1,1213043,0.2327130749964092,0.2584585924203353,0.6735724274008135,0.44085935240440427,0.9800100087659631,1.2384686011862984
promoter_holdout,3,log_prot,transcript_accessibility,2296,2,1213044,0.22228763419319375,0.2518126242971044,0.6735724274008135,0.4512847932076197,0.9800100087659631,1.2318226330630675
promoter_holdout,3,log_prot,transcript_accessibility,2296,3,1213045,0.2454801100377892,0.2862499525212745,0.6735724274008135,0.4280923173630243,0.9800100087659631,1.2662599612872376
promoter_holdout,3,log_prot,transcript_accessibility,2296,4,1213046,0.22783119365695736,0.25228933921130214,0.6735724274008135,0.4457412337438561,0.9800100087659631,1.2322993479772653
promoter_holdout,3,log_prot,transcript_accessibility,2296,5,1213047,0.2379870971216414,0.2688861365607469,0.6735724274008135,0.43558533027917207,0.9800100087659631,1.24889614532671
promoter_holdout,3,log_prot,transcript_accessibility,2296,6,1213048,0.23311785452717737,0.2732722293427312,0.6735724274008135,0.4404545728736361,0.9800100087659631,1.2532822381086943
promoter_holdout,3,log_prot,transcript_accessibility,2296,7,1213049,0.231703674708235,0.25850115566482357,0.6735724274008135,0.44186875269257847,0.9800100087659631,1.2385111644307867
promoter_holdout,3,log_prot,transcript_accessibility,2296,8,1213050,0.22452173611455412,0.2613748552302584,0.6735724274008135,0.44905069128625935,0.9800100087659631,1.2413848639962215
promoter_holdout,3,log_prot,transcript_accessibility,2296,9,1213051,0.24473639416016574,0.2802445081019893,0.6735724274008135,0.42883603324064773,0.9800100087659631,1.2602545168679524
promoter_holdout,3,log_prot,transcript_accessibility,2296,10,1213052,0.21652057527349655,0.24412689099874885,0.6735724274008135,0.4570518521273169,0.9800100087659631,1.224136899764712
promoter_holdout,3,log_prot,transcript_accessibility,2296,11,1213053,0.22620345991451807,0.25874132184284426,0.6735724274008135,0.4473689674862954,0.9800100087659631,1.2387513306088074
promoter_holdout,3,log_prot,transcript_accessibility,2296,12,1213054,0.2248192863390831,0.26035176380851843,0.6735724274008135,0.44875314106173037,0.9800100087659631,1.2403617725744815
promoter_holdout,3,log_prot,transcript_accessibility,2296,13,1213055,0.24289054855175657,0.27324786322276395,0.6735724274008135,0.4306818788490569,0.9800100087659631,1.253257871988727
promoter_holdout,3,log_prot,transcript_accessibility,2296,14,1213056,0.2289501667588008,0.2575043285534824,0.6735724274008135,0.44462226064201266,0.9800100087659631,1.2375143373194455
promoter_holdout,3,log_prot,transcript_accessibility,2296,15,1213057,0.22551927435002705,0.25312437972544943,0.6735724274008135,0.4480531530507864,0.9800100087659631,1.2331343884914125
promoter_holdout,3,log_prot,transcript_accessibility,2296,16,1213058,0.24072919908455526,0.27423329092236837,0.6735724274008135,0.4328432283162582,0.9800100087659631,1.2542432996883315
promoter_holdout,3,log_prot,transcript_accessibility,2296,17,1213059,0.23397763758015044,0.26723703371107344,0.6735724274008135,0.439594789820663,0.9800100087659631,1.2472470424770365
promoter_holdout,3,log_prot,transcript_accessibility,2296,18,1213060,0.23178250683534402,0.2594878117325816,0.6735724274008135,0.44178992056546945,0.9800100087659631,1.2394978204985447
promoter_holdout,3,log_prot,transcript_accessibility,2296,19,1213061,0.22734281297314057,0.26212997344915245,0.6735724274008135,0.4462296144276729,0.9800100087659631,1.2421399822151156
promoter_holdout,3,log_prot,transcript_accessibility,2296,20,1213062,0.2323362945246667,0.26309412727265014,0.6735724274008135,0.44123613287614677,0.9800100087659631,1.2431041360386132
promoter_holdout,3,log_prot,transcript_accessibility,2296,21,1213063,0.22184331020148867,0.25018889930789157,0.6735724274008135,0.4517291171993248,0.9800100087659631,1.2301989080738547
promoter_holdout,3,log_prot,transcript_accessibility,2296,22,1213064,0.24174954890956668,0.2734230087331617,0.6735724274008135,0.4318228784912468,0.9800100087659631,1.2534330174991248
promoter_holdout,3,log_prot,transcript_accessibility,2296,23,1213065,0.2397540633012727,0.26774485823700367,0.6735724274008135,0.4338183640995408,0.9800100087659631,1.2477548670029668
promoter_holdout,3,log_prot,transcript_accessibility,2296,24,1213066,0.22924239764931237,0.27355059813047444,0.6735724274008135,0.4443300297515011,0.9800100087659631,1.2535606068964376
promoter_holdout,3,log_prot,transcript_accessibility,2296,25,1213067,0.21189994387634759,0.24393511671491708,0.6735724274008135,0.4616724835244659,0.9800100087659631,1.2239451254808802
promoter_holdout,3,log_prot,transcript_accessibility,2296,26,1213068,0.22173171318761958,0.2570250149170963,0.6735724274008135,0.4518407142131939,0.9800100087659631,1.2370350236830594
promoter_holdout,3,log_prot,transcript_accessibility,2296,27,1213069,0.2251903531034476,0.2531607686449877,0.6735724274008135,0.4483820742973659,0.9800100087659631,1.2331707774109508
promoter_holdout,3,log_prot,transcript_accessibility,2296,28,1213070,0.22735299711339435,0.2548174419692679,0.6735724274008135,0.4462194302874191,0.9800100087659631,1.234827450735231
promoter_holdout,3,log_prot,transcript_accessibility,2296,29,1213071,0.22738297576106908,0.2552876659450354,0.6735724274008135,0.4461894516397444,0.9800100087659631,1.2352976747109985
promoter_holdout,4,log_translation_proxy,promoter_recognition,2330,0,1004042,0.05817343719628226,0.02649592827719649,0.5395854577385454,0.4814120205422631,0.8363347500721366,0.8628306783493331
promoter_holdout,4,log_translation_proxy,promoter_recognition,2330,1,1004043,0.13026092699624975,0.06946074658722956,0.5395854577385454,0.40932453074229563,0.8363347500721366,0.9057954966593662
promoter_holdout,4,log_translation_proxy,promoter_recognition,2330,2,1004044,0.11108166946099862,0.038774225318171984,0.5395854577385454,0.42850378827754676,0.8363347500721366,0.8751089753903086
promoter_holdout,4,log_translation_proxy,promoter_recognition,2330,3,1004045,0.08616615822686136,0.08710632798637874,0.5395854577385454,0.453419299511684,0.8363347500721366,0.9234410780585154
promoter_holdout,4,log_translation_proxy,promoter_recognition,2330,4,1004046,0.10018746005713847,0.06088539247558489,0.5395854577385454,0.4393979976814069,0.8363347500721366,0.8972201425477215
promoter_holdout,4,log_translation_proxy,promoter_recognition,2330,5,1004047,-0.011511587087551511,-0.03678122076886081,0.5395854577385454,0.5510970448260969,0.8363347500721366,0.7995535293032758
promoter_holdout,4,log_translation_proxy,promoter_recognition,2330,6,1004048,-0.0072079107730951275,-0.03861337007537102,0.5395854577385454,0.5467933685116405,0.8363347500721366,0.7977213799967656
promoter_holdout,4,log_translation_proxy,promoter_recognition,2330,7,1004049,0.02616408440713669,-0.0005347033191539508,0.5395854577385454,0.5134213733314087,0.8363347500721366,0.8358000467529827
promoter_holdout,4,log_translation_proxy,promoter_recognition,2330,8,1004050,0.01819337237916563,-0.010960009637052237,0.5395854577385454,0.5213920853593798,0.8363347500721366,0.8253747404350844
promoter_holdout,4,log_translation_proxy,promoter_recognition,2330,9,1004051,0.005332103241540764,-0.012782749923686554,0.5395854577385454,0.5342533544970046,0.8363347500721366,0.8235520001484501
promoter_holdout,4,log_translation_proxy,promoter_recognition,2330,10,1004052,0.20840142361467373,0.11595285670562017,0.5395854577385454,0.33118403412387165,0.8363347500721366,0.9522876067777568
promoter_holdout,4,log_translation_proxy,promoter_recognition,2330,11,1004053,0.125402368534218,0.06843731964610766,0.5395854577385454,0.4141830892043274,0.8363347500721366,0.9047720697182443
promoter_holdout,4,log_translation_proxy,promoter_recognition,2330,12,1004054,-0.0390212542301247,-0.031172682207035174,0.5395854577385454,0.5786067119686701,0.8363347500721366,0.8051620678651015
promoter_holdout,4,log_translation_proxy,promoter_recognition,2330,13,1004055,0.16561217001937395,0.11147389108411987,0.5395854577385454,0.37397328771917143,0.8363347500721366,0.9478086411562565
promoter_holdout,4,log_translation_proxy,promoter_recognition,2330,14,1004056,0.16280765476813813,0.10783087044644535,0.5395854577385454,0.37677780297040725,0.8363347500721366,0.944165620518582
promoter_holdout,4,log_translation_proxy,promoter_recognition,2330,15,1004057,0.004324980042606508,-0.010369008930367518,0.5395854577385454,0.5352604776959389,0.8363347500721366,0.8259657411417691
promoter_holdout,4,log_translation_proxy,promoter_recognition,2330,16,1004058,0.020068080624196294,0.0028423283642121655,0.5395854577385454,0.5195173771143491,0.8363347500721366,0.8391770784363488
promoter_holdout,4,log_translation_proxy,promoter_recognition,2330,17,1004059,0.011195802442943825,-0.024055071263010985,0.5395854577385454,0.5283896552956016,0.8363347500721366,0.8122796788091257
promoter_holdout,4,log_translation_proxy,promoter_recognition,2330,18,1004060,-0.018610436660585705,-0.03334413818237436,0.5395854577385454,0.5581958943991311,0.8363347500721366,0.8029906118897623
promoter_holdout,4,log_translation_proxy,promoter_recognition,2330,19,1004061,0.1739628675663778,0.11408361060700667,0.5395854577385454,0.3656225901721676,0.8363347500721366,0.9504183606791433
promoter_holdout,4,log_translation_proxy,promoter_recognition,2330,20,1004062,0.06385445917617016,0.031622641300843246,0.5395854577385454,0.4757309985623752,0.8363347500721366,0.8679573913729799
promoter_holdout,4,log_translation_proxy,promoter_recognition,2330,21,1004063,0.06859508012163767,0.025985362651275934,0.5395854577385454,0.4709903776169077,0.8363347500721366,0.8623201127234126
promoter_holdout,4,log_translation_proxy,promoter_recognition,2330,22,1004064,0.05926410377432423,0.045208367591108134,0.5395854577385454,0.48032135396422115,0.8363347500721366,0.8815431176632448
promoter_holdout,4,log_translation_proxy,promoter_recognition,2330,23,1004065,0.10515150454154287,0.050737473738515226,0.5395854577385454,0.4344339531970025,0.8363347500721366,0.8870722238106519
promoter_holdout,4,log_translation_proxy,promoter_recognition,2330,24,1004066,0.026797849476271174,0.016306921797278884,0.5395854577385454,0.5127876082622742,0.8363347500721366,0.8526416718694155
promoter_holdout,4,log_translation_proxy,promoter_recognition,2330,25,1004067,0.0054201769647308495,0.017701525102763016,0.5395854577385454,0.5341652807738145,0.8363347500721366,0.8540362751748997
promoter_holdout,4,log_translation_proxy,promoter_recognition,2330,26,1004068,-0.048010267386085714,-0.04566452494764839,0.5395854577385454,0.5875957251246311,0.8363347500721366,0.7906702251244883
promoter_holdout,4,log_translation_proxy,promoter_recognition,2330,27,1004069,0.07467764473380623,0.04003202991785526,0.5395854577385454,0.46490781300473916,0.8363347500721366,0.8763667799899919
promoter_holdout,4,log_translation_proxy,promoter_recognition,2330,28,1004070,0.052780914092107556,0.009194111903894076,0.5395854577385454,0.4868045436464378,0.8363347500721366,0.8455288619760307
promoter_holdout,4,log_translation_proxy,promoter_recognition,2330,29,1004071,0.061563674207533337,0.05596993184828081,0.5395854577385454,0.47802178353101205,0.8363347500721366,0.8923046819204175
promoter_holdout,4,log_translation_proxy,rbs_recognition,2330,0,1104042,0.2683730262596562,0.19421388580194987,0.5395854577385454,0.2712124314788892,0.8363347500721366,1.0305486358740865
promoter_holdout,4,log_translation_proxy,rbs_recognition,2330,1,1104043,0.3308446542488214,0.22428480952499064,0.5395854577385454,0.20874080348972396,0.8363347500721366,1.0606195595971273
promoter_holdout,4,log_translation_proxy,rbs_recognition,2330,2,1104044,0.32437764981673944,0.22361493727729054,0.5395854577385454,0.21520780792180594,0.8363347500721366,1.0599496873494272
promoter_holdout,4,log_translation_proxy,rbs_recognition,2330,3,1104045,0.24341953996407356,0.19237499108517941,0.5395854577385454,0.2961659177744718,0.8363347500721366,1.028709741157316
promoter_holdout,4,log_translation_proxy,rbs_recognition,2330,4,1104046,0.32599558666894396,0.22396274545206085,0.5395854577385454,0.21358987106960142,0.8363347500721366,1.0602974955241975
promoter_holdout,4,log_translation_proxy,rbs_recognition,2330,5,1104047,0.29511871872492734,0.22393149816748503,0.5395854577385454,0.24446673901361807,0.8363347500721366,1.0602662482396217
promoter_holdout,4,log_translation_proxy,rbs_recognition,2330,6,1104048,0.3103188667550687,0.21661435411891972,0.5395854577385454,0.22926659098347665,0.8363347500721366,1.0529491041910564
promoter_holdout,4,log_translation_proxy,rbs_recognition,2330,7,1104049,0.2949925058785721,0.21636193463094033,0.5395854577385454,0.24459295185997326,0.8363347500721366,1.052696684703077
promoter_holdout,4,log_translation_proxy,rbs_recognition,2330,8,1104050,0.34926548744947084,0.2523785593150528,0.5395854577385454,0.19031997028907452,0.8363347500721366,1.0887133093871895
promoter_holdout,4,log_translation_proxy,rbs_recognition,2330,9,1104051,0.29036842729884854,0.1928592250913309,0.5395854577385454,0.24921703043969684,0.8363347500721366,1.0291939751634676
promoter_holdout,4,log_translation_proxy,rbs_recognition,2330,10,1104052,0.2602038689141357,0.20170397523428407,0.5395854577385454,0.27938158882440967,0.8363347500721366,1.0380387253064207
promoter_holdout,4,log_translation_proxy,rbs_recognition,2330,11,1104053,0.2714563338528235,0.2077071724071572,0.5395854577385454,0.2681291238857219,0.8363347500721366,1.0440419224792938
promoter_holdout,4,log_translation_proxy,rbs_recognition,2330,12,1104054,0.33016743259272163,0.23239535451639803,0.5395854577385454,0.20941802514582378,0.8363347500721366,1.0687301045885347
promoter_holdout,4,log_translation_proxy,rbs_recognition,2330,13,1104055,0.2876490511891881,0.19779210133947378,0.5395854577385454,0.2519364065493573,0.8363347500721366,1.0341268514116104
promoter_holdout,4,log_translation_proxy,rbs_recognition,2330,14,1104056,0.32195950835310805,0.2268751978530471,0.5395854577385454,0.21762594938543736,0.8363347500721366,1.0632099479251838
promoter_holdout,4,log_translation_proxy,rbs_recognition,2330,15,1104057,0.2192428674195242,0.15148100497108064,0.5395854577385454,0.3203425903190212,0.8363347500721366,0.9878157550432173
promoter_holdout,4,log_translation_proxy,rbs_recognition,2330,16,1104058,0.35941850524692465,0.24114214030641812,0.5395854577385454,0.18016695249162074,0.8363347500721366,1.0774768903785548
promoter_holdout,4,log_translation_proxy,rbs_recognition,2330,17,1104059,0.2893342475892645,0.21655497797009582,0.5395854577385454,0.25025121014928087,0.8363347500721366,1.0528897280422325
promoter_holdout,4,log_translation_proxy,rbs_recognition,2330,18,1104060,0.3164928384855079,0.22831152798986676,0.5395854577385454,0.22309261925303744,0.8363347500721366,1.0646462780620034
promoter_holdout,4,log_translation_proxy,rbs_recognition,2330,19,1104061,0.3503999436384938,0.23569547240579014,0.5395854577385454,0.1891855141000516,0.8363347500721366,1.0720302224779268
promoter_holdout,4,log_translation_proxy,rbs_recognition,2330,20,1104062,0.3087436866748661,0.20921299449429542,0.5395854577385454,0.23084177106367926,0.8363347500721366,1.045547744566432
promoter_holdout,4,log_translation_proxy,rbs_recognition,2330,21,1104063,0.3605307379746035,0.2535458115080268,0.5395854577385454,0.17905471976394188,0.8363347500721366,1.0898805615801634
promoter_holdout,4,log_translation_proxy,rbs_recognition,2330,22,1104064,0.3710061695275334,0.246772073996813,0.5395854577385454,0.16857928821101198,0.8363347500721366,1.0831068240689496
promoter_holdout,4,log_translation_proxy,rbs_recognition,2330,23,1104065,0.30234276950920025,0.22603828494492217,0.5395854577385454,0.23724268822934513,0.8363347500721366,1.0623730350170588
promoter_holdout,4,log_translation_proxy,rbs_recognition,2330,24,1104066,0.3561186182134591,0.2639606760507204,0.5395854577385454,0.1834668395250863,0.8363347500721366,1.100295426122857
promoter_holdout,4,log_translation_proxy,rbs_recognition,2330,25,1104067,0.3063547190739566,0.21853254002291955,0.5395854577385454,0.23323073866458877,0.8363347500721366,1.0548672900950562
promoter_holdout,4,log_translation_proxy,rbs_recognition,2330,26,1104068,0.3071966402482733,0.2185758323144128,0.5395854577385454,0.23238881749027204,0.8363347500721366,1.0549105823865494
promoter_holdout,4,log_translation_proxy,rbs_recognition,2330,27,1104069,0.2848286476714748,0.21085642725624398,0.5395854577385454,0.25475681006707057,0.8363347500721366,1.0471911773283806
promoter_holdout,4,log_translation_proxy,rbs_recognition,2330,28,1104070,0.36316179572397467,0.260049715292885,0.5395854577385454,0.1764236620145707,0.8363347500721366,1.0963844653650217
promoter_holdout,4,log_translation_proxy,rbs_recognition,2330,29,1104071,0.29307132477509656,0.21481984291006617,0.5395854577385454,0.24651413296344882,0.8363347500721366,1.0511545929822028
promoter_holdout,4,log_translation_proxy,transcript_accessibility,2330,0,1204042,0.17332814327379958,0.14165081641440225,0.5395854577385454,0.3662573144647458,0.8363347500721366,0.9779855664865389
promoter_holdout,4,log_translation_proxy,transcript_accessibility,2330,1,1204043,0.17019968402812452,0.13616112858723017,0.5395854577385454,0.36938577371042086,0.8363347500721366,0.9724958786593668
promoter_holdout,4,log_translation_proxy,transcript_accessibility,2330,2,1204044,0.1859761775026501,0.14674500124818057,0.5395854577385454,0.3536092802358953,0.8363347500721366,0.9830797513203172
promoter_holdout,4,log_translation_proxy,transcript_accessibility,2330,3,1204045,0.17330551835279429,0.13990257182407195,0.5395854577385454,0.3662799393857511,0.8363347500721366,0.9762373218962086
promoter_holdout,4,log_translation_proxy,transcript_accessibility,2330,4,1204046,0.169779553613563,0.14084950779895744,0.5395854577385454,0.3698059041249824,0.8363347500721366,0.9771842578710941
promoter_holdout,4,log_translation_proxy,transcript_accessibility,2330,5,1204047,0.16456671392662275,0.1275951340563074,0.5395854577385454,0.37501874381192263,0.8363347500721366,0.963929884128444
promoter_holdout,4,log_translation_proxy,transcript_accessibility,2330,6,1204048,0.1711341850361527,0.1321242173909949,0.5395854577385454,0.3684512727023927,0.8363347500721366,0.9684589674631315
promoter_holdout,4,log_translation_proxy,transcript_accessibility,2330,7,1204049,0.1678433947229891,0.13357846365651538,0.5395854577385454,0.3717420630155563,0.8363347500721366,0.969913213728652
promoter_holdout,4,log_translation_proxy,transcript_accessibility,2330,8,1204050,0.169772960556826,0.13316759362093544,0.5395854577385454,0.3698124971817194,0.8363347500721366,0.9695023436930721
promoter_holdout,4,log_translation_proxy,transcript_accessibility,2330,9,1204051,0.17403150056798028,0.14693909612813427,0.5395854577385454,0.3655539571705651,0.8363347500721366,0.9832738462002709
promoter_holdout,4,log_translation_proxy,transcript_accessibility,2330,10,1204052,0.1743654354437822,0.1378352192473934,0.5395854577385454,0.3652200222947632,0.8363347500721366,0.97416996931953
promoter_holdout,4,log_translation_proxy,transcript_accessibility,2330,11,1204053,0.1608586488604622,0.13096353714838227,0.5395854577385454,0.3787268088780832,0.8363347500721366,0.9672982872205189
promoter_holdout,4,log_translation_proxy,transcript_accessibility,2330,12,1204054,0.19216650396030238,0.1495930681915193,0.5395854577385454,0.347418953778243,0.8363347500721366,0.9859278182636559
promoter_holdout,4,log_translation_proxy,transcript_accessibility,2330,13,1204055,0.19605380050702786,0.15727538481913927,0.5395854577385454,0.3435316572315175,0.8363347500721366,0.9936101348912759
promoter_holdout,4,log_translation_proxy,transcript_accessibility,2330,14,1204056,0.18680879030638708,0.1458361788102065,0.5395854577385454,0.3527766674321583,0.8363347500721366,0.9821709288823431
promoter_holdout,4,log_translation_proxy,transcript_accessibility,2330,15,1204057,0.18098908153878435,0.14293442296088132,0.5395854577385454,0.35859637619976104,0.8363347500721366,0.979269173033018
promoter_holdout,4,log_translation_proxy,transcript_accessibility,2330,16,1204058,0.17346078013129218,0.13834872167851653,0.5395854577385454,0.3661246776072532,0.8363347500721366,0.9746834717506532
promoter_holdout,4,log_translation_proxy,transcript_accessibility,2330,17,1204059,0.1712630916496286,0.1391134579988984,0.5395854577385454,0.3683223660889168,0.8363347500721366,0.975448208071035
promoter_holdout,4,log_translation_proxy,transcript_accessibility,2330,18,1204060,0.1844507772731096,0.14387221241251702,0.5395854577385454,0.3551346804654358,0.8363347500721366,0.9802069624846537
promoter_holdout,4,log_translation_proxy,transcript_accessibility,2330,19,1204061,0.17464001471511115,0.13483963216796724,0.5395854577385454,0.36494544302343424,0.8363347500721366,0.9711743822401039
promoter_holdout,4,log_translation_proxy,transcript_accessibility,2330,20,1204062,0.18670101855573312,0.15437217891363453,0.5395854577385454,0.35288443918281226,0.8363347500721366,0.9907069289857712
promoter_holdout,4,log_translation_proxy,transcript_accessibility,2330,21,1204063,0.18001759280218288,0.13808138092356848,0.5395854577385454,0.3595678649363625,0.8363347500721366,0.9744161309957051
promoter_holdout,4,log_translation_proxy,transcript_accessibility,2330,22,1204064,0.16963593736430915,0.13263507274503072,0.5395854577385454,0.36994952037423623,0.8363347500721366,0.9689698228171674
promoter_holdout,4,log_translation_proxy,transcript_accessibility,2330,23,1204065,0.16829726583117932,0.15517470287773938,0.5395854577385454,0.37128819190736606,0.8363347500721366,0.991509452949876
promoter_holdout,4,log_translation_proxy,transcript_accessibility,2330,24,1204066,0.17079117569114022,0.14353612713561992,0.5395854577385454,0.36879428204740516,0.8363347500721366,0.9798708772077566
promoter_holdout,4,log_translation_proxy,transcript_accessibility,2330,25,1204067,0.17379798355059567,0.1390531202697184,0.5395854577385454,0.3657874741879497,0.8363347500721366,0.975387870341855
promoter_holdout,4,log_translation_proxy,transcript_accessibility,2330,26,1204068,0.16819760109057486,0.14180870601262763,0.5395854577385454,0.3713878566479705,0.8363347500721366,0.9781434560847643
promoter_holdout,4,log_translation_proxy,transcript_accessibility,2330,27,1204069,0.17385558507051674,0.14315025194432585,0.5395854577385454,0.36572987266802864,0.8363347500721366,0.9794850020164625
promoter_holdout,4,log_translation_proxy,transcript_accessibility,2330,28,1204070,0.16876129000882734,0.14536522195896628,0.5395854577385454,0.37082416772971805,0.8363347500721366,0.9816999720311029
promoter_holdout,4,log_translation_proxy,transcript_accessibility,2330,29,1204071,0.1718957989901823,0.1447888326446255,0.5395854577385454,0.36768965874836307,0.8363347500721366,0.9811235827167621
promoter_holdout,4,log_prot,promoter_recognition,2330,0,1014042,0.26319539693535743,0.4501828661382925,0.7143004520389551,0.45110505510359766,1.0415439099111494,1.491726776049442
promoter_holdout,4,log_prot,promoter_recognition,2330,1,1014043,0.26063174290095414,0.3645159134545557,0.7143004520389551,0.45366870913800095,1.0415439099111494,1.4060598233657051
promoter_holdout,4,log_prot,promoter_recognition,2330,2,1014044,0.5529210679692823,0.7806886471079473,0.7143004520389551,0.1613793840696728,1.0415439099111494,1.8222325570190967
promoter_holdout,4,log_prot,promoter_recognition,2330,3,1014045,0.34239436422288433,0.4765014511001724,0.7143004520389551,0.37190608781607076,1.0415439099111494,1.5180453610113218
promoter_holdout,4,log_prot,promoter_recognition,2330,4,1014046,0.5124540151321858,0.6979418332298031,0.7143004520389551,0.20184643690676926,1.0415439099111494,1.7394857431409525
promoter_holdout,4,log_prot,promoter_recognition,2330,5,1014047,0.18562381141898843,0.2928879488349194,0.7143004520389551,0.5286766406199667,1.0415439099111494,1.3344318587460688
promoter_holdout,4,log_prot,promoter_recognition,2330,6,1014048,0.4444214306738139,0.6373427561972866,0.7143004520389551,0.2698790213651412,1.0415439099111494,1.678886666108436
promoter_holdout,4,log_prot,promoter_recognition,2330,7,1014049,0.5635922002863225,0.8636794086655386,0.7143004520389551,0.15070825175263255,1.0415439099111494,1.905223318576688
promoter_holdout,4,log_prot,promoter_recognition,2330,8,1014050,0.48375347686695547,0.7389020383590323,0.7143004520389551,0.2305469751719996,1.0415439099111494,1.7804459482701818
promoter_holdout,4,log_prot,promoter_recognition,2330,9,1014051,0.5767522865058903,0.7767146306704531,0.7143004520389551,0.13754816553306484,1.0415439099111494,1.8182585405816025
promoter_holdout,4,log_prot,promoter_recognition,2330,10,1014052,0.6684331456804398,0.9854579307623443,0.7143004520389551,0.04586730635851537,1.0415439099111494,2.0270018406734938
promoter_holdout,4,log_prot,promoter_recognition,2330,11,1014053,0.38474079986619647,0.5874185370367062,0.7143004520389551,0.3295596521727586,1.0415439099111494,1.6289624469478556
promoter_holdout,4,log_prot,promoter_recognition,2330,12,1014054,0.36106581730379483,0.5765645778688877,0.7143004520389551,0.35323463473516026,1.0415439099111494,1.6181084877800371
promoter_holdout,4,log_prot,promoter_recognition,2330,13,1014055,0.24923993425848207,0.42867251348246627,0.7143004520389551,0.465060517780473,1.0415439099111494,1.4702164233936157
promoter_holdout,4,log_prot,promoter_recognition,2330,14,1014056,0.3692684310094347,0.5207774997928392,0.7143004520389551,0.3450320210295204,1.0415439099111494,1.5623214097039886
promoter_holdout,4,log_prot,promoter_recognition,2330,15,1014057,0.7790059672641036,1.0614945111885454,0.7143004520389551,-0.06470551522514856,1.0415439099111494,2.103038421099695
promoter_holdout,4,log_prot,promoter_recognition,2330,16,1014058,0.4314175869935091,0.6179688681192013,0.7143004520389551,0.282882865045446,1.0415439099111494,1.6595127780303507
promoter_holdout,4,log_prot,promoter_recognition,2330,17,1014059,0.2800288603848797,0.4500530975055832,0.7143004520389551,0.4342715916540754,1.0415439099111494,1.4915970074167326
promoter_holdout,4,log_prot,promoter_recognition,2330,18,1014060,0.40732555319664027,0.5318642465385202,0.7143004520389551,0.3069748988423148,1.0415439099111494,1.5734081564496696
promoter_holdout,4,log_prot,promoter_recognition,2330,19,1014061,0.5603793366287513,0.8785046684131468,0.7143004520389551,0.1539211154102038,1.0415439099111494,1.9200485783242962
promoter_holdout,4,log_prot,promoter_recognition,2330,20,1014062,0.5280162861530229,0.7385742420406805,0.7143004520389551,0.18628416588593225,1.0415439099111494,1.7801181519518299
promoter_holdout,4,log_prot,promoter_recognition,2330,21,1014063,0.43454144986827953,0.6129249555260663,0.7143004520389551,0.27975900217067556,1.0415439099111494,1.6544688654372157
promoter_holdout,4,log_prot,promoter_recognition,2330,22,1014064,0.40495612311005813,0.5666592462162803,0.7143004520389551,0.30934432892889696,1.0415439099111494,1.6082031561274297
promoter_holdout,4,log_prot,promoter_recognition,2330,23,1014065,0.2660046852138228,0.46240999652034787,0.7143004520389551,0.4482957668251323,1.0415439099111494,1.5039539064314973
promoter_holdout,4,log_prot,promoter_recognition,2330,24,1014066,0.39242536327377386,0.5005411501971717,0.7143004520389551,0.3218750887651812,1.0415439099111494,1.5420850601083211
promoter_holdout,4,log_prot,promoter_recognition,2330,25,1014067,0.4413992581829415,0.6360385309841439,0.7143004520389551,0.2729011938560136,1.0415439099111494,1.6775824408952933
promoter_holdout,4,log_prot,promoter_recognition,2330,26,1014068,0.5069249958184825,0.7137737460861124,0.7143004520389551,0.20737545622047257,1.0415439099111494,1.7553176559972619
promoter_holdout,4,log_prot,promoter_recognition,2330,27,1014069,0.4559041137421016,0.650998903221466,0.7143004520389551,0.2583963382968535,1.0415439099111494,1.6925428131326155
promoter_holdout,4,log_prot,promoter_recognition,2330,28,1014070,0.40760324962298133,0.6013765673207769,0.7143004520389551,0.30669720241597376,1.0415439099111494,1.6429204772319264
promoter_holdout,4,log_prot,promoter_recognition,2330,29,1014071,0.29288614780949235,0.43195215319129554,0.7143004520389551,0.42141430422946274,1.0415439099111494,1.473496063102445
promoter_holdout,4,log_prot,rbs_recognition,2330,0,1114042,0.2633888011258102,0.40516512551812434,0.7143004520389551,0.4509116509131449,1.0415439099111494,1.4467090354292738
promoter_holdout,4,log_prot,rbs_recognition,2330,1,1114043,0.20612990703136347,0.3313271673296616,0.7143004520389551,0.5081705450075916,1.0415439099111494,1.372871077240811
promoter_holdout,4,log_prot,rbs_recognition,2330,2,1114044,0.22871547167945128,0.36132699718302996,0.7143004520389551,0.4855849803595038,1.0415439099111494,1.4028709070941794
promoter_holdout,4,log_prot,rbs_recognition,2330,3,1114045,0.20313185855415217,0.3348581435597242,0.7143004520389551,0.5111685934848029,1.0415439099111494,1.3764020534708736
promoter_holdout,4,log_prot,rbs_recognition,2330,4,1114046,0.20423324009900146,0.3299108900966099,0.7143004520389551,0.5100672119399536,1.0415439099111494,1.3714548000077593
promoter_holdout,4,log_prot,rbs_recognition,2330,5,1114047,0.213160011160473,0.33388296689819863,0.7143004520389551,0.5011404408784821,1.0415439099111494,1.375426876809348
promoter_holdout,4,log_prot,rbs_recognition,2330,6,1114048,0.23090802175326192,0.36926051457377906,0.7143004520389551,0.4833924302856932,1.0415439099111494,1.4108044244849285
promoter_holdout,4,log_prot,rbs_recognition,2330,7,1114049,0.20370276689611366,0.32601776942385374,0.7143004520389551,0.5105976851428414,1.0415439099111494,1.3675616793350032
promoter_holdout,4,log_prot,rbs_recognition,2330,8,1114050,0.2210449110706731,0.34816781999662294,0.7143004520389551,0.493255540968282,1.0415439099111494,1.3897117299077724
promoter_holdout,4,log_prot,rbs_recognition,2330,9,1114051,0.23272888904769845,0.3821273644699117,0.7143004520389551,0.48157156299125664,1.0415439099111494,1.4236712743810611
promoter_holdout,4,log_prot,rbs_recognition,2330,10,1114052,0.21175071806647328,0.33449073029407606,0.7143004520389551,0.5025497339724818,1.0415439099111494,1.3760346402052255
promoter_holdout,4,log_prot,rbs_recognition,2330,11,1114053,0.22072652585315722,0.35862122301975785,0.7143004520389551,0.4935739261857979,1.0415439099111494,1.4001651329309073
promoter_holdout,4,log_prot,rbs_recognition,2330,12,1114054,0.21180015797621288,0.33357279085952474,0.7143004520389551,0.5025002940627422,1.0415439099111494,1.3751167007706742
promoter_holdout,4,log_prot,rbs_recognition,2330,13,1114055,0.2578623717880286,0.3945744790875525,0.7143004520389551,0.45643808025092647,1.0415439099111494,1.436118388998702
promoter_holdout,4,log_prot,rbs_recognition,2330,14,1114056,0.2563495583491977,0.38592146171642105,0.7143004520389551,0.4579508936897574,1.0415439099111494,1.4274653716275705
promoter_holdout,4,log_prot,rbs_recognition,2330,15,1114057,0.18956241860970047,0.3100563149685378,0.7143004520389551,0.5247380334292546,1.0415439099111494,1.3516002248796872
promoter_holdout,4,log_prot,rbs_recognition,2330,16,1114058,0.22046199601047284,0.355981055436128,0.7143004520389551,0.49383845602848225,1.0415439099111494,1.3975249653472774
promoter_holdout,4,log_prot,rbs_recognition,2330,17,1114059,0.23024938484182106,0.35658872531702834,0.7143004520389551,0.48405106719713403,1.0415439099111494,1.3981326352281778
promoter_holdout,4,log_prot,rbs_recognition,2330,18,1114060,0.21894042693532423,0.34571633639499155,0.7143004520389551,0.49536002510363086,1.0415439099111494,1.387260246306141
promoter_holdout,4,log_prot,rbs_recognition,2330,19,1114061,0.2599492732925369,0.3929276862380189,0.7143004520389551,0.45435117874641817,1.0415439099111494,1.4344715961491683
promoter_holdout,4,log_prot,rbs_recognition,2330,20,1114062,0.19685683117994324,0.31920985779023536,0.7143004520389551,0.5174436208590119,1.0415439099111494,1.3607537677013848
promoter_holdout,4,log_prot,rbs_recognition,2330,21,1114063,0.20272073271468716,0.32522051750012615,0.7143004520389551,0.5115797193242679,1.0415439099111494,1.3667644274112756
promoter_holdout,4,log_prot,rbs_recognition,2330,22,1114064,0.2280724483299359,0.3608756374601305,0.7143004520389551,0.4862280037090192,1.0415439099111494,1.40241954737128
promoter_holdout,4,log_prot,rbs_recognition,2330,23,1114065,0.21998898940976064,0.35525807038225476,0.7143004520389551,0.49431146262919445,1.0415439099111494,1.3968019802934042
promoter_holdout,4,log_prot,rbs_recognition,2330,24,1114066,0.2218982942873285,0.3635533969229996,0.7143004520389551,0.4924021577516266,1.0415439099111494,1.405097306834149
promoter_holdout,4,log_prot,rbs_recognition,2330,25,1114067,0.22975327399993623,0.36682756917120685,0.7143004520389551,0.48454717803901887,1.0415439099111494,1.4083714790823563
promoter_holdout,4,log_prot,rbs_recognition,2330,26,1114068,0.22099191768540621,0.34647538721784854,0.7143004520389551,0.4933085343535489,1.0415439099111494,1.388019297128998
promoter_holdout,4,log_prot,rbs_recognition,2330,27,1114069,0.22549196584769865,0.3564509703380787,0.7143004520389551,0.48880848619125644,1.0415439099111494,1.3979948802492281
promoter_holdout,4,log_prot,rbs_recognition,2330,28,1114070,0.23235801419112823,0.36229458683420046,0.7143004520389551,0.48194243784782687,1.0415439099111494,1.4038384967453499
promoter_holdout,4,log_prot,rbs_recognition,2330,29,1114071,0.25652421752069204,0.41171189830010113,0.7143004520389551,0.45777623451826305,1.0415439099111494,1.4532558082112506
promoter_holdout,4,log_prot,transcript_accessibility,2330,0,1214042,0.10572949691699962,0.18682677873679787,0.7143004520389551,0.6085709551219555,1.0415439099111494,1.2283706886479473
promoter_holdout,4,log_prot,transcript_accessibility,2330,1,1214043,0.09955474200906056,0.17037168407973602,0.7143004520389551,0.6147457100298945,1.0415439099111494,1.2119155939908854
promoter_holdout,4,log_prot,transcript_accessibility,2330,2,1214044,0.1139523157151453,0.1840982207593307,0.7143004520389551,0.6003481363238098,1.0415439099111494,1.2256421306704801
promoter_holdout,4,log_prot,transcript_accessibility,2330,3,1214045,0.10252248465275604,0.16555171330607754,0.7143004520389551,0.611777967386199,1.0415439099111494,1.207095623217227
promoter_holdout,4,log_prot,transcript_accessibility,2330,4,1214046,0.10095594266150065,0.17627505314167458,0.7143004520389551,0.6133445093774544,1.0415439099111494,1.217818963052824
promoter_holdout,4,log_prot,transcript_accessibility,2330,5,1214047,0.1115076833185824,0.1829756234955191,0.7143004520389551,0.6027927687203727,1.0415439099111494,1.2245195334066685
promoter_holdout,4,log_prot,transcript_accessibility,2330,6,1214048,0.09711373955386493,0.17367859586269252,0.7143004520389551,0.6171867124850902,1.0415439099111494,1.215222505773842
promoter_holdout,4,log_prot,transcript_accessibility,2330,7,1214049,0.1044194033440925,0.17347791132384494,0.7143004520389551,0.6098810486948626,1.0415439099111494,1.2150218212349944
promoter_holdout,4,log_prot,transcript_accessibility,2330,8,1214050,0.10385585558381782,0.17535252513407085,0.7143004520389551,0.6104445964551373,1.0415439099111494,1.2168964350452203
promoter_holdout,4,log_prot,transcript_accessibility,2330,9,1214051,0.10458371939341027,0.18539013089443235,0.7143004520389551,0.6097167326455448,1.0415439099111494,1.2269340408055818
promoter_holdout,4,log_prot,transcript_accessibility,2330,10,1214052,0.10167950582348761,0.17588784655266898,0.7143004520389551,0.6126209462154675,1.0415439099111494,1.2174317564638184
promoter_holdout,4,log_prot,transcript_accessibility,2330,11,1214053,0.09263576253791939,0.1684236031042723,0.7143004520389551,0.6216646895010357,1.0415439099111494,1.2099675130154217
promoter_holdout,4,log_prot,transcript_accessibility,2330,12,1214054,0.10473465934775705,0.1754709985295262,0.7143004520389551,0.609565792691198,1.0415439099111494,1.2170149084406756
promoter_holdout,4,log_prot,transcript_accessibility,2330,13,1214055,0.1147796935297849,0.18644896461951643,0.7143004520389551,0.5995207585091702,1.0415439099111494,1.2279928745306659
promoter_holdout,4,log_prot,transcript_accessibility,2330,14,1214056,0.10068763554564197,0.1711518287041467,0.7143004520389551,0.6136128164933131,1.0415439099111494,1.2126957386152961
promoter_holdout,4,log_prot,transcript_accessibility,2330,15,1214057,0.10167737762881135,0.17488244031379963,0.7143004520389551,0.6126230744101437,1.0415439099111494,1.216426350224949
promoter_holdout,4,log_prot,transcript_accessibility,2330,16,1214058,0.0990278301113855,0.16281137440410354,0.7143004520389551,0.6152726219275696,1.0415439099111494,1.204355284315253
promoter_holdout,4,log_prot,transcript_accessibility,2330,17,1214059,0.10829929723721443,0.1828694832880331,0.7143004520389551,0.6060011548017407,1.0415439099111494,1.2244133931991825
promoter_holdout,4,log_prot,transcript_accessibility,2330,18,1214060,0.11345231818722046,0.1914138392511271,0.7143004520389551,0.6008481338517346,1.0415439099111494,1.2329577491622765
promoter_holdout,4,log_prot,transcript_accessibility,2330,19,1214061,0.09775971202433531,0.17018694854850547,0.7143004520389551,0.6165407400146198,1.0415439099111494,1.211730858459655
promoter_holdout,4,log_prot,transcript_accessibility,2330,20,1214062,0.10994564860360412,0.1902047642856448,0.7143004520389551,0.604354803435351,1.0415439099111494,1.2317486741967942
promoter_holdout,4,log_prot,transcript_accessibility,2330,21,1214063,0.10620422819881925,0.17537784787754251,0.7143004520389551,0.6080962238401358,1.0415439099111494,1.216921757788692
promoter_holdout,4,log_prot,transcript_accessibility,2330,22,1214064,0.11004294793975933,0.18218000468788165,0.7143004520389551,0.6042575040991958,1.0415439099111494,1.223723914599031
promoter_holdout,4,log_prot,transcript_accessibility,2330,23,1214065,0.09467887688751764,0.1624167635226299,0.7143004520389551,0.6196215751514375,1.0415439099111494,1.2039606734337793
promoter_holdout,4,log_prot,transcript_accessibility,2330,24,1214066,0.10560279167312137,0.17891298202032968,0.7143004520389551,0.6086976603658337,1.0415439099111494,1.220456891931479
promoter_holdout,4,log_prot,transcript_accessibility,2330,25,1214067,0.1045254710875726,0.17646377829489412,0.7143004520389551,0.6097749809513825,1.0415439099111494,1.2180076882060435
promoter_holdout,4,log_prot,transcript_accessibility,2330,26,1214068,0.1036791850120874,0.1847473298187119,0.7143004520389551,0.6106212670268677,1.0415439099111494,1.2262912397298613
promoter_holdout,4,log_prot,transcript_accessibility,2330,27,1214069,0.09828874259339582,0.16814029015177367,0.7143004520389551,0.6160117094455593,1.0415439099111494,1.209684200062923
promoter_holdout,4,log_prot,transcript_accessibility,2330,28,1214070,0.10003702564857819,0.1820791685778007,0.7143004520389551,0.6142634263903769,1.0415439099111494,1.2236230784889501
promoter_holdout,4,log_prot,transcript_accessibility,2330,29,1214071,0.10064178536345025,0.1728117742645554,0.7143004520389551,0.6136586666755048,1.0415439099111494,1.2143556841757048
rbs_holdout,0,log_translation_proxy,promoter_recognition,2428,0,2000042,0.34417128720381746,0.312848254106736,0.7485169397513961,0.40434565254757865,0.6032850761826033,0.9161333302893393
rbs_holdout,0,log_translation_proxy,promoter_recognition,2428,1,2000043,0.3580076792742699,0.31687852326257504,0.7485169397513961,0.3905092604771262,0.6032850761826033,0.9201635994451783
rbs_holdout,0,log_translation_proxy,promoter_recognition,2428,2,2000044,0.31130822239104444,0.2854124409093882,0.7485169397513961,0.43720871736035166,0.6032850761826033,0.8886975170919915
rbs_holdout,0,log_translation_proxy,promoter_recognition,2428,3,2000045,0.34133906420133003,0.3055005885829952,0.7485169397513961,0.40717787555006607,0.6032850761826033,0.9087856647655985
rbs_holdout,0,log_translation_proxy,promoter_recognition,2428,4,2000046,0.3066338335118924,0.2861382366291725,0.7485169397513961,0.4418831062395037,0.6032850761826033,0.8894233128117758
rbs_holdout,0,log_translation_proxy,promoter_recognition,2428,5,2000047,0.36890091103056033,0.3036786636885672,0.7485169397513961,0.3796160287208358,0.6032850761826033,0.9069637398711705
rbs_holdout,0,log_translation_proxy,promoter_recognition,2428,6,2000048,0.3519842907333354,0.3117290555659791,0.7485169397513961,0.3965326490180607,0.6032850761826033,0.9150141317485824
rbs_holdout,0,log_translation_proxy,promoter_recognition,2428,7,2000049,0.2761883855842011,0.25865199229572744,0.7485169397513961,0.472328554167195,0.6032850761826033,0.8619370684783307
rbs_holdout,0,log_translation_proxy,promoter_recognition,2428,8,2000050,0.25477887170889724,0.22714265520887866,0.7485169397513961,0.49373806804249887,0.6032850761826033,0.830427731391482
rbs_holdout,0,log_translation_proxy,promoter_recognition,2428,9,2000051,0.3334085229225888,0.2949530047412281,0.7485169397513961,0.4151084168288073,0.6032850761826033,0.8982380809238314
rbs_holdout,0,log_translation_proxy,promoter_recognition,2428,10,2000052,0.3549566071373429,0.30535028456549584,0.7485169397513961,0.3935603326140532,0.6032850761826033,0.9086353607480991
rbs_holdout,0,log_translation_proxy,promoter_recognition,2428,11,2000053,0.36395319839973606,0.3158184411395514,0.7485169397513961,0.38456374135166005,0.6032850761826033,0.9191035173221547
rbs_holdout,0,log_translation_proxy,promoter_recognition,2428,12,2000054,0.35531974646726033,0.31068035908428526,0.7485169397513961,0.39319719328413577,0.6032850761826033,0.9139654352668886
rbs_holdout,0,log_translation_proxy,promoter_recognition,2428,13,2000055,0.3577609239218042,0.31104623758053007,0.7485169397513961,0.3907560158295919,0.6032850761826033,0.9143313137631334
rbs_holdout,0,log_translation_proxy,promoter_recognition,2428,14,2000056,0.33050812207464964,0.29192732305309965,0.7485169397513961,0.41800881767674647,0.6032850761826033,0.895212399235703
rbs_holdout,0,log_translation_proxy,promoter_recognition,2428,15,2000057,0.35676845376386745,0.3077903621600384,0.7485169397513961,0.39174848598752865,0.6032850761826033,0.9110754383426417
rbs_holdout,0,log_translation_proxy,promoter_recognition,2428,16,2000058,0.3491352627985646,0.3089622880560634,0.7485169397513961,0.3993816769528315,0.6032850761826033,0.9122473642386667
rbs_holdout,0,log_translation_proxy,promoter_recognition,2428,17,2000059,0.3641492122282252,0.3286029837560207,0.7485169397513961,0.3843677275231709,0.6032850761826033,0.931888059938624
rbs_holdout,0,log_translation_proxy,promoter_recognition,2428,18,2000060,0.32551096583779376,0.29195017423436365,0.7485169397513961,0.42300597391360234,0.6032850761826033,0.8952352504169669
rbs_holdout,0,log_translation_proxy,promoter_recognition,2428,19,2000061,0.3731688662365065,0.32533833460338124,0.7485169397513961,0.3753480735148896,0.6032850761826033,0.9286234107859845
rbs_holdout,0,log_translation_proxy,promoter_recognition,2428,20,2000062,0.3093576202037653,0.29253565874676735,0.7485169397513961,0.4391593195476308,0.6032850761826033,0.8958207349293706
rbs_holdout,0,log_translation_proxy,promoter_recognition,2428,21,2000063,0.31035331595491666,0.2689571004956214,0.7485169397513961,0.43816362379647944,0.6032850761826033,0.8722421766782247
rbs_holdout,0,log_translation_proxy,promoter_recognition,2428,22,2000064,0.30666083206836886,0.27641191569277757,0.7485169397513961,0.44185610768302724,0.6032850761826033,0.8796969918753809
rbs_holdout,0,log_translation_proxy,promoter_recognition,2428,23,2000065,0.30637076072989144,0.2740396634158979,0.7485169397513961,0.44214617902150466,0.6032850761826033,0.8773247395985012
rbs_holdout,0,log_translation_proxy,promoter_recognition,2428,24,2000066,0.3082755224761561,0.2773624021433677,0.7485169397513961,0.44024141727524,0.6032850761826033,0.880647478325971
rbs_holdout,0,log_translation_proxy,promoter_recognition,2428,25,2000067,0.3062249491944439,0.2781286987622048,0.7485169397513961,0.44229199055695223,0.6032850761826033,0.8814137749448081
rbs_holdout,0,log_translation_proxy,promoter_recognition,2428,26,2000068,0.3370228751283189,0.30339479783059675,0.7485169397513961,0.4114940646230772,0.6032850761826033,0.9066798740132
rbs_holdout,0,log_translation_proxy,promoter_recognition,2428,27,2000069,0.3741225117135384,0.33024024214125913,0.7485169397513961,0.3743944280378577,0.6032850761826033,0.9335253183238624
rbs_holdout,0,log_translation_proxy,promoter_recognition,2428,28,2000070,0.29884641632143333,0.2914367460736882,0.7485169397513961,0.4496705234299628,0.6032850761826033,0.8947218222562915
rbs_holdout,0,log_translation_proxy,promoter_recognition,2428,29,2000071,0.27523638921840643,0.2598856444298202,0.7485169397513961,0.4732805505329897,0.6032850761826033,0.8631707206124235
rbs_holdout,0,log_translation_proxy,rbs_recognition,2428,0,2100042,0.16201025815827153,0.137575298999704,0.7485169397513961,0.5865066815931246,0.6032850761826033,0.7408603751823073
rbs_holdout,0,log_translation_proxy,rbs_recognition,2428,1,2100043,0.22315615002166966,0.18932891839269517,0.7485169397513961,0.5253607897297264,0.6032850761826033,0.7926139945752985
rbs_holdout,0,log_translation_proxy,rbs_recognition,2428,2,2100044,0.3413392381779666,0.29683225288267834,0.7485169397513961,0.40717770157342953,0.6032850761826033,0.9001173290652816
rbs_holdout,0,log_translation_proxy,rbs_recognition,2428,3,2100045,0.1453591697711596,0.11404504922554481,0.7485169397513961,0.6031577699802365,0.6032850761826033,0.7173301254081481
rbs_holdout,0,log_translation_proxy,rbs_recognition,2428,4,2100046,0.2309464604284629,0.18011694397541056,0.7485169397513961,0.5175704793229332,0.6032850761826033,0.7834020201580139
rbs_holdout,0,log_translation_proxy,rbs_recognition,2428,5,2100047,0.09768021151968909,0.10456003586617968,0.7485169397513961,0.650836728231707,0.6032850761826033,0.707845112048783
rbs_holdout,0,log_translation_proxy,rbs_recognition,2428,6,2100048,0.2701307629812976,0.18229636405676064,0.7485169397513961,0.4783861767700985,0.6032850761826033,0.7855814402393639
rbs_holdout,0,log_translation_proxy,rbs_recognition,2428,7,2100049,0.297419841192511,0.2881927106769744,0.7485169397513961,0.4510970985588851,0.6032850761826033,0.8914777868595777
rbs_holdout,0,log_translation_proxy,rbs_recognition,2428,8,2100050,0.2662850506525668,0.2435941866913257,0.7485169397513961,0.4822318890988293,0.6032850761826033,0.846879262873929
rbs_holdout,0,log_translation_proxy,rbs_recognition,2428,9,2100051,0.18074886766671583,0.1561701175285024,0.7485169397513961,0.5677680720846803,0.6032850761826033,0.7594551937111057
rbs_holdout,0,log_translation_proxy,rbs_recognition,2428,10,2100052,0.26311205189096093,0.2445057933482302,0.7485169397513961,0.4854048878604352,0.6032850761826033,0.8477908695308335
rbs_holdout,0,log_translation_proxy,rbs_recognition,2428,11,2100053,0.20590579964669786,0.19469637998644507,0.7485169397513961,0.5426111401046982,0.6032850761826033,0.7979814561690484
rbs_holdout,0,log_translation_proxy,rbs_recognition,2428,12,2100054,0.09457620909798725,0.09931111367112444,0.7485169397513961,0.6539407306534089,0.6032850761826033,0.7025961898537277
rbs_holdout,0,log_translation_proxy,rbs_recognition,2428,13,2100055,0.1442770998306856,0.16537796419628614,0.7485169397513961,0.6042398399207105,0.6032850761826033,0.7686630403788894
rbs_holdout,0,log_translation_proxy,rbs_recognition,2428,14,2100056,0.2991340541113258,0.23473790596271094,0.7485169397513961,0.4493828856400703,0.6032850761826033,0.8380229821453142
rbs_holdout,0,log_translation_proxy,rbs_recognition,2428,15,2100057,0.24001392536735167,0.18298743767965298,0.7485169397513961,0.5085030143840444,0.6032850761826033,0.7862725138622563
rbs_holdout,0,log_translation_proxy,rbs_recognition,2428,16,2100058,0.22256344988209287,0.18686381198378899,0.7485169397513961,0.5259534898693032,0.6032850761826033,0.7901488881663923
rbs_holdout,0,log_translation_proxy,rbs_recognition,2428,17,2100059,0.21336046120902674,0.1846539793906773,0.7485169397513961,0.5351564785423694,0.6032850761826033,0.7879390555732806
rbs_holdout,0,log_translation_proxy,rbs_recognition,2428,18,2100060,0.31722092427331816,0.2485418926275429,0.7485169397513961,0.43129601547807794,0.6032850761826033,0.8518269688101462
rbs_holdout,0,log_translation_proxy,rbs_recognition,2428,19,2100061,0.2738397808024234,0.2877950361296061,0.7485169397513961,0.4746771589489727,0.6032850761826033,0.8910801123122094
rbs_holdout,0,log_translation_proxy,rbs_recognition,2428,20,2100062,0.13356039338171,0.10235928345518408,0.7485169397513961,0.6149565463696861,0.6032850761826033,0.7056443596377874
rbs_holdout,0,log_translation_proxy,rbs_recognition,2428,21,2100063,0.31916274895859265,0.26770048051221773,0.7485169397513961,0.42935419079280346,0.6032850761826033,0.870985556694821
rbs_holdout,0,log_translation_proxy,rbs_recognition,2428,22,2100064,0.29390949253494403,0.24707703536253856,0.7485169397513961,0.4546074472164521,0.6032850761826033,0.8503621115451419
rbs_holdout,0,log_translation_proxy,rbs_recognition,2428,23,2100065,0.19322189538294898,0.1971324299992312,0.7485169397513961,0.5552950443684471,0.6032850761826033,0.8004175061818345
rbs_holdout,0,log_translation_proxy,rbs_recognition,2428,24,2100066,0.34549590329054763,0.30405979684108775,0.7485169397513961,0.40302103646084847,0.6032850761826033,0.907344873023691
rbs_holdout,0,log_translation_proxy,rbs_recognition,2428,25,2100067,0.3025070805175598,0.2567661525460204,0.7485169397513961,0.4460098592338363,0.6032850761826033,0.8600512287286237
rbs_holdout,0,log_translation_proxy,rbs_recognition,2428,26,2100068,0.1928745158809334,0.1627450705351431,0.7485169397513961,0.5556424238704627,0.6032850761826033,0.7660301467177464
rbs_holdout,0,log_translation_proxy,rbs_recognition,2428,27,2100069,0.16675799864995722,0.1192364268654812,0.7485169397513961,0.5817589411014389,0.6032850761826033,0.7225215030480845
rbs_holdout,0,log_translation_proxy,rbs_recognition,2428,28,2100070,0.081277725802132,0.08344828699389362,0.7485169397513961,0.6672392139492641,0.6032850761826033,0.6867333631764969
rbs_holdout,0,log_translation_proxy,rbs_recognition,2428,29,2100071,0.23241735526272522,0.21652477101237566,0.7485169397513961,0.5160995844886709,0.6032850761826033,0.819809847194979
rbs_holdout,0,log_translation_proxy,transcript_accessibility,2428,0,2200042,0.18767635271064276,0.21152600729909588,0.7485169397513961,0.5608405870407533,0.6032850761826033,0.8148110834816992
rbs_holdout,0,log_translation_proxy,transcript_accessibility,2428,1,2200043,0.1831744572589845,0.20099825961626339,0.7485169397513961,0.5653424824924116,0.6032850761826033,0.8042833357988667
rbs_holdout,0,log_translation_proxy,transcript_accessibility,2428,2,2200044,0.16878772532241293,0.19682272653230337,0.7485169397513961,0.5797292144289832,0.6032850761826033,0.8001078027149067
rbs_holdout,0,log_translation_proxy,transcript_accessibility,2428,3,2200045,0.18465232721490898,0.20514024517419904,0.7485169397513961,0.5638646125364871,0.6032850761826033,0.8084253213568023
rbs_holdout,0,log_translation_proxy,transcript_accessibility,2428,4,2200046,0.18974718810007818,0.20155867476799738,0.7485169397513961,0.5587697516513179,0.6032850761826033,0.8048437509506007
rbs_holdout,0,log_translation_proxy,transcript_accessibility,2428,5,2200047,0.19819905066917942,0.21766982263944668,0.7485169397513961,0.5503178890822167,0.6032850761826033,0.82095489882205
rbs_holdout,0,log_translation_proxy,transcript_accessibility,2428,6,2200048,0.1865501354239124,0.20271188249004846,0.7485169397513961,0.5619668043274837,0.6032850761826033,0.8059969586726518
rbs_holdout,0,log_translation_proxy,transcript_accessibility,2428,7,2200049,0.17539903933867018,0.19950214057679272,0.7485169397513961,0.5731179004127259,0.6032850761826033,0.802787216759396
rbs_holdout,0,log_translation_proxy,transcript_accessibility,2428,8,2200050,0.1797026069574028,0.19589435025156998,0.7485169397513961,0.5688143327939933,0.6032850761826033,0.7991794264341733
rbs_holdout,0,log_translation_proxy,transcript_accessibility,2428,9,2200051,0.18816392860572384,0.20277125658505846,0.7485169397513961,0.5603530111456723,0.6032850761826033,0.8060563327676618
rbs_holdout,0,log_translation_proxy,transcript_accessibility,2428,10,2200052,0.18646769607338454,0.2119521142738351,0.7485169397513961,0.5620492436780116,0.6032850761826033,0.8152371904564384
rbs_holdout,0,log_translation_proxy,transcript_accessibility,2428,11,2200053,0.19279307926653722,0.1956730437298292,0.7485169397513961,0.5557238604848589,0.6032850761826033,0.7989581199124325
rbs_holdout,0,log_translation_proxy,transcript_accessibility,2428,12,2200054,0.18254180661698627,0.20576159444350628,0.7485169397513961,0.5659751331344098,0.6032850761826033,0.8090466706261096
rbs_holdout,0,log_translation_proxy,transcript_accessibility,2428,13,2200055,0.2000018381230496,0.21299497310652615,0.7485169397513961,0.5485151016283465,0.6032850761826033,0.8162800492891295
rbs_holdout,0,log_translation_proxy,transcript_accessibility,2428,14,2200056,0.17599070355258306,0.19354296096111145,0.7485169397513961,0.572526236198813,0.6032850761826033,0.7968280371437148
rbs_holdout,0,log_translation_proxy,transcript_accessibility,2428,15,2200057,0.19106287769522545,0.20189017373903773,0.7485169397513961,0.5574540620561707,0.6032850761826033,0.805175249921641
rbs_holdout,0,log_translation_proxy,transcript_accessibility,2428,16,2200058,0.19517461334570863,0.20648413734487514,0.7485169397513961,0.5533423264056875,0.6032850761826033,0.8097692135274784
rbs_holdout,0,log_translation_proxy,transcript_accessibility,2428,17,2200059,0.18589869968162076,0.20548096765130008,0.7485169397513961,0.5626182400697753,0.6032850761826033,0.8087660438339034
rbs_holdout,0,log_translation_proxy,transcript_accessibility,2428,18,2200060,0.1900460952446381,0.19928241792887347,0.7485169397513961,0.558470844506758,0.6032850761826033,0.8025674941114768
rbs_holdout,0,log_translation_proxy,transcript_accessibility,2428,19,2200061,0.19370223973772505,0.210320689735786,0.7485169397513961,0.5548147000136711,0.6032850761826033,0.8136057659183893
rbs_holdout,0,log_translation_proxy,transcript_accessibility,2428,20,2200062,0.17716234493595195,0.20294095041529148,0.7485169397513961,0.5713545948154442,0.6032850761826033,0.8062260265978948
rbs_holdout,0,log_translation_proxy,transcript_accessibility,2428,21,2200063,0.17965700889942704,0.19818591139380726,0.7485169397513961,0.5688599308519691,0.6032850761826033,0.8014709875764106
rbs_holdout,0,log_translation_proxy,transcript_accessibility,2428,22,2200064,0.17556925593590322,0.19140263241932276,0.7485169397513961,0.5729476838154929,0.6032850761826033,0.7946877086019261
rbs_holdout,0,log_translation_proxy,transcript_accessibility,2428,23,2200065,0.1874197483459169,0.2000132884925956,0.7485169397513961,0.5610971914054792,0.6032850761826033,0.8032983646751989
rbs_holdout,0,log_translation_proxy,transcript_accessibility,2428,24,2200066,0.17626075296519794,0.19056992102722503,0.7485169397513961,0.5722561867861982,0.6032850761826033,0.7938549972098283
rbs_holdout,0,log_translation_proxy,transcript_accessibility,2428,25,2200067,0.18104545355597768,0.20668297282990733,0.7485169397513961,0.5674714861954184,0.6032850761826033,0.8099680490125106
rbs_holdout,0,log_translation_proxy,transcript_accessibility,2428,26,2200068,0.19063563359139113,0.20775924216990305,0.7485169397513961,0.557881306160005,0.6032850761826033,0.8110443183525063
rbs_holdout,0,log_translation_proxy,transcript_accessibility,2428,27,2200069,0.17538898477783227,0.19930617844854281,0.7485169397513961,0.5731279549735638,0.6032850761826033,0.8025912546311461
rbs_holdout,0,log_translation_proxy,transcript_accessibility,2428,28,2200070,0.19029522100522756,0.2034739925718717,0.7485169397513961,0.5582217187461685,0.6032850761826033,0.806759068754475
rbs_holdout,0,log_translation_proxy,transcript_accessibility,2428,29,2200071,0.18363072611941722,0.20318653426066735,0.7485169397513961,0.5648862136319789,0.6032850761826033,0.8064716104432706
rbs_holdout,0,log_prot,promoter_recognition,2428,0,2010042,0.6372291837934698,0.9827614860729026,0.8241686365223834,0.1869394527289136,0.7890811624509044,1.771842648523807
rbs_holdout,0,log_prot,promoter_recognition,2428,1,2010043,0.5454838101835195,0.8357553108279514,0.8241686365223834,0.2786848263388639,0.7890811624509044,1.6248364732788558
rbs_holdout,0,log_prot,promoter_recognition,2428,2,2010044,0.5603848016830957,0.8273255706002103,0.8241686365223834,0.26378383483928775,0.7890811624509044,1.6164067330511147
rbs_holdout,0,log_prot,promoter_recognition,2428,3,2010045,0.6035978033762182,0.9383128969604848,0.8241686365223834,0.22057083314616524,0.7890811624509044,1.7273940594113892
rbs_holdout,0,log_prot,promoter_recognition,2428,4,2010046,0.5266105342101859,0.8203092143324393,0.8241686365223834,0.2975581023121975,0.7890811624509044,1.6093903767833437
rbs_holdout,0,log_prot,promoter_recognition,2428,5,2010047,0.5361951898396312,0.8230162499812208,0.8241686365223834,0.28797344668275215,0.7890811624509044,1.6120974124321252
rbs_holdout,0,log_prot,promoter_recognition,2428,6,2010048,0.6186509545017227,0.925407492308495,0.8241686365223834,0.2055176820206607,0.7890811624509044,1.7144886547593994
rbs_holdout,0,log_prot,promoter_recognition,2428,7,2010049,0.585399433105551,0.8906428215526452,0.8241686365223834,0.2387692034168324,0.7890811624509044,1.6797239840035496
rbs_holdout,0,log_prot,promoter_recognition,2428,8,2010050,0.5046531874248492,0.7873137163369974,0.8241686365223834,0.3195154490975342,0.7890811624509044,1.5763948787879019
rbs_holdout,0,log_prot,promoter_recognition,2428,9,2010051,0.556370292748279,0.8315932797188554,0.8241686365223834,0.26779834377410433,0.7890811624509044,1.6206744421697599
rbs_holdout,0,log_prot,promoter_recognition,2428,10,2010052,0.6514951985516154,0.9911820636841464,0.8241686365223834,0.17267343797076792,0.7890811624509044,1.7802632261350508
rbs_holdout,0,log_prot,promoter_recognition,2428,11,2010053,0.5591728301413326,0.857275379363087,0.8241686365223834,0.2649958063810508,0.7890811624509044,1.6463565418139914
rbs_holdout,0,log_prot,promoter_recognition,2428,12,2010054,0.5657831153635928,0.8549566455505349,0.8241686365223834,0.2583855211587906,0.7890811624509044,1.6440378080014393
rbs_holdout,0,log_prot,promoter_recognition,2428,13,2010055,0.624564144734334,0.9361689909007778,0.8241686365223834,0.19960449178804937,0.7890811624509044,1.7252501533516822
rbs_holdout,0,log_prot,promoter_recognition,2428,14,2010056,0.5847692153661118,0.8896638794138649,0.8241686365223834,0.23939942115627155,0.7890811624509044,1.6787450418647694
rbs_holdout,0,log_prot,promoter_recognition,2428,15,2010057,0.6853563198906473,1.0033219627710874,0.8241686365223834,0.13881231663173607,0.7890811624509044,1.7924031252219919
rbs_holdout,0,log_prot,promoter_recognition,2428,16,2010058,0.6603197242253894,0.9400811785654577,0.8241686365223834,0.16384891229699391,0.7890811624509044,1.7291623410163621
rbs_holdout,0,log_prot,promoter_recognition,2428,17,2010059,0.6011059899955224,0.8985421770458504,0.8241686365223834,0.22306264652686095,0.7890811624509044,1.6876233394967548
rbs_holdout,0,log_prot,promoter_recognition,2428,18,2010060,0.6818700199193443,1.0055337416609593,0.8241686365223834,0.1422986166030391,0.7890811624509044,1.7946149041118638
rbs_holdout,0,log_prot,promoter_recognition,2428,19,2010061,0.6195787685871449,0.9084357759590371,0.8241686365223834,0.2045898679352385,0.7890811624509044,1.6975169384099416
rbs_holdout,0,log_prot,promoter_recognition,2428,20,2010062,0.5712861101454415,0.847117755275504,0.8241686365223834,0.25288252637694186,0.7890811624509044,1.6361989177264085
rbs_holdout,0,log_prot,promoter_recognition,2428,21,2010063,0.5453075627393094,0.842678418245733,0.8241686365223834,0.27886107378307406,0.7890811624509044,1.6317595806966374
rbs_holdout,0,log_prot,promoter_recognition,2428,22,2010064,0.5340762406025679,0.7973166273029566,0.8241686365223834,0.29009239591981545,0.7890811624509044,1.586397789753861
rbs_holdout,0,log_prot,promoter_recognition,2428,23,2010065,0.5986960280645761,0.8697236524474683,0.8241686365223834,0.2254726084578073,0.7890811624509044,1.6588048148983727
rbs_holdout,0,log_prot,promoter_recognition,2428,24,2010066,0.48090025628940986,0.7366639798924002,0.8241686365223834,0.3432683802329735,0.7890811624509044,1.5257451423433046
rbs_holdout,0,log_prot,promoter_recognition,2428,25,2010067,0.5149591218225499,0.8084670675327814,0.8241686365223834,0.3092095146998335,0.7890811624509044,1.5975482299836858
rbs_holdout,0,log_prot,promoter_recognition,2428,26,2010068,0.48413115242113686,0.7347232325119879,0.8241686365223834,0.3400374841012465,0.7890811624509044,1.5238043949628923
rbs_holdout,0,log_prot,promoter_recognition,2428,27,2010069,0.5750048952432139,0.8556147909035983,0.8241686365223834,0.24916374127916954,0.7890811624509044,1.6446959533545027
rbs_holdout,0,log_prot,promoter_recognition,2428,28,2010070,0.5010989146549611,0.7647661589144306,0.8241686365223834,0.32306972186742217,0.7890811624509044,1.553847321365335
rbs_holdout,0,log_prot,promoter_recognition,2428,29,2010071,0.591716715748033,0.895514035606678,0.8241686365223834,0.23245192077435045,0.7890811624509044,1.6845951980575824
rbs_holdout,0,log_prot,rbs_recognition,2428,0,2110042,0.14503687713036906,0.27566453160329085,0.8241686365223834,0.6791317593920143,0.7890811624509044,1.0647456940541953
rbs_holdout,0,log_prot,rbs_recognition,2428,1,2110043,0.19463895913447649,0.3776588249599879,0.8241686365223834,0.6295296773879069,0.7890811624509044,1.1667399874108924
rbs_holdout,0,log_prot,rbs_recognition,2428,2,2110044,0.20997457317171153,0.3552586267669551,0.8241686365223834,0.6141940633506718,0.7890811624509044,1.1443397892178595
rbs_holdout,0,log_prot,rbs_recognition,2428,3,2110045,0.20007262627030098,0.3224351102096661,0.8241686365223834,0.6240960102520824,0.7890811624509044,1.1115162726605705
rbs_holdout,0,log_prot,rbs_recognition,2428,4,2110046,0.32011989314250355,0.5834858813423078,0.8241686365223834,0.5040487433798798,0.7890811624509044,1.3725670437932123
rbs_holdout,0,log_prot,rbs_recognition,2428,5,2110047,0.22329551931874703,0.3402842035171074,0.8241686365223834,0.6008731172036363,0.7890811624509044,1.1293653659680118
rbs_holdout,0,log_prot,rbs_recognition,2428,6,2110048,0.11569137493156745,0.19815788320610106,0.8241686365223834,0.7084772615908159,0.7890811624509044,0.9872390456570055
rbs_holdout,0,log_prot,rbs_recognition,2428,7,2110049,0.19247768727888825,0.33715608758390814,0.8241686365223834,0.6316909492434951,0.7890811624509044,1.1262372500348126
rbs_holdout,0,log_prot,rbs_recognition,2428,8,2110050,0.14938892267327508,0.2615732572560747,0.8241686365223834,0.6747797138491083,0.7890811624509044,1.0506544197069791
rbs_holdout,0,log_prot,rbs_recognition,2428,9,2110051,0.1811000683465286,0.3381997602619591,0.8241686365223834,0.6430685681758548,0.7890811624509044,1.1272809227128635
rbs_holdout,0,log_prot,rbs_recognition,2428,10,2110052,0.1309809229693838,0.23907426955188704,0.8241686365223834,0.6931877135529996,0.7890811624509044,1.0281554320027915
rbs_holdout,0,log_prot,rbs_recognition,2428,11,2110053,0.2030164899502792,0.34000892803058025,0.8241686365223834,0.6211521465721042,0.7890811624509044,1.1290900904814847
rbs_holdout,0,log_prot,rbs_recognition,2428,12,2110054,0.22819166453206485,0.3881183826094956,0.8241686365223834,0.5959769719903185,0.7890811624509044,1.1771995450604
rbs_holdout,0,log_prot,rbs_recognition,2428,13,2110055,0.16643494470573472,0.2632723491453788,0.8241686365223834,0.6577336918166486,0.7890811624509044,1.0523535115962832
rbs_holdout,0,log_prot,rbs_recognition,2428,14,2110056,0.21592385353890042,0.3394787276516713,0.8241686365223834,0.608244782983483,0.7890811624509044,1.1285598901025757
rbs_holdout,0,log_prot,rbs_recognition,2428,15,2110057,0.25596747539233955,0.49920460359417285,0.8241686365223834,0.5682011611300438,0.7890811624509044,1.2882857660450773
rbs_holdout,0,log_prot,rbs_recognition,2428,16,2110058,0.12300715140864982,0.21998173633073947,0.8241686365223834,0.7011614851137336,0.7890811624509044,1.009062898781644
rbs_holdout,0,log_prot,rbs_recognition,2428,17,2110059,0.18116656102460182,0.37894389348295143,0.8241686365223834,0.6430020754977815,0.7890811624509044,1.1680250559338559
rbs_holdout,0,log_prot,rbs_recognition,2428,18,2110060,0.18413685013444536,0.31259883668253385,0.8241686365223834,0.640031786387938,0.7890811624509044,1.1016799991334383
rbs_holdout,0,log_prot,rbs_recognition,2428,19,2110061,0.18580225550420204,0.36723930079828193,0.8241686365223834,0.6383663810181813,0.7890811624509044,1.1563204632491864
rbs_holdout,0,log_prot,rbs_recognition,2428,20,2110062,0.2355449369772311,0.4154645387228899,0.8241686365223834,0.5886236995451523,0.7890811624509044,1.2045457011737943
rbs_holdout,0,log_prot,rbs_recognition,2428,21,2110063,0.2466167804701661,0.38071865149567596,0.8241686365223834,0.5775518560522173,0.7890811624509044,1.1697998139465804
rbs_holdout,0,log_prot,rbs_recognition,2428,22,2110064,0.15537462550040815,0.275933751707099,0.8241686365223834,0.6687940110219752,0.7890811624509044,1.0650149141580034
rbs_holdout,0,log_prot,rbs_recognition,2428,23,2110065,0.27410990542662117,0.4590050183813015,0.8241686365223834,0.5500587310957622,0.7890811624509044,1.248086180832206
rbs_holdout,0,log_prot,rbs_recognition,2428,24,2110066,0.23918285814893792,0.3738356799778424,0.8241686365223834,0.5849857783734455,0.7890811624509044,1.1629168424287468
rbs_holdout,0,log_prot,rbs_recognition,2428,25,2110067,0.15368274050317032,0.29448718958379017,0.8241686365223834,0.670485896019213,0.7890811624509044,1.0835683520346946
rbs_holdout,0,log_prot,rbs_recognition,2428,26,2110068,0.28936957253073814,0.5113993612372993,0.8241686365223834,0.5347990639916452,0.7890811624509044,1.3004805236882038
rbs_holdout,0,log_prot,rbs_recognition,2428,27,2110069,0.1006798510862873,0.16038532879590783,0.8241686365223834,0.7234887854360961,0.7890811624509044,0.9494664912468123
rbs_holdout,0,log_prot,rbs_recognition,2428,28,2110070,0.2078265899607915,0.42254620972296664,0.8241686365223834,0.6163420465615919,0.7890811624509044,1.211627372173871
rbs_holdout,0,log_prot,rbs_recognition,2428,29,2110071,0.18513686468361001,0.34369764302791683,0.8241686365223834,0.6390317718387734,0.7890811624509044,1.1327788054788213
rbs_holdout,0,log_prot,transcript_accessibility,2428,0,2210042,0.12537786129641026,0.24498210918330532,0.8241686365223834,0.6987907752259731,0.7890811624509044,1.0340632716342097
rbs_holdout,0,log_prot,transcript_accessibility,2428,1,2210043,0.11846242603893775,0.23395376521507827,0.8241686365223834,0.7057062104834456,0.7890811624509044,1.0230349276659827
rbs_holdout,0,log_prot,transcript_accessibility,2428,2,2210044,0.12102174586958947,0.23730162839969138,0.8241686365223834,0.7031468906527939,0.7890811624509044,1.0263827908505958
rbs_holdout,0,log_prot,transcript_accessibility,2428,3,2210045,0.12950326547580315,0.24960985690153037,0.8241686365223834,0.6946653710465802,0.7890811624509044,1.0386910193524348
rbs_holdout,0,log_prot,transcript_accessibility,2428,4,2210046,0.12103756487166506,0.24334577501996613,0.8241686365223834,0.7031310716507183,0.7890811624509044,1.0324269374708706
rbs_holdout,0,log_prot,transcript_accessibility,2428,5,2210047,0.11653602725860168,0.23394842348166045,0.8241686365223834,0.7076326092637817,0.7890811624509044,1.0230295859325649
rbs_holdout,0,log_prot,transcript_accessibility,2428,6,2210048,0.1216863040596543,0.2338301087687158,0.8241686365223834,0.7024823324627291,0.7890811624509044,1.0229112712196202
rbs_holdout,0,log_prot,transcript_accessibility,2428,7,2210049,0.12771037579932942,0.24679789131943797,0.8241686365223834,0.696458260723054,0.7890811624509044,1.0358790537703424
rbs_holdout,0,log_prot,transcript_accessibility,2428,8,2210050,0.12112256884158601,0.23084968476786516,0.8241686365223834,0.7030460676807974,0.7890811624509044,1.0199308472187696
rbs_holdout,0,log_prot,transcript_accessibility,2428,9,2210051,0.11935443376508348,0.22914122190992892,0.8241686365223834,0.7048142027572999,0.7890811624509044,1.0182223843608333
rbs_holdout,0,log_prot,transcript_accessibility,2428,10,2210052,0.12677257312460843,0.23956912384874696,0.8241686365223834,0.6973960633977749,0.7890811624509044,1.0286502862996514
rbs_holdout,0,log_prot,transcript_accessibility,2428,11,2210053,0.11421034051153678,0.23677109132890606,0.8241686365223834,0.7099582960108466,0.7890811624509044,1.0258522537798105
rbs_holdout,0,log_prot,transcript_accessibility,2428,12,2210054,0.11519127900311088,0.22114084603731943,0.8241686365223834,0.7089773575192725,0.7890811624509044,1.0102220084882239
rbs_holdout,0,log_prot,transcript_accessibility,2428,13,2210055,0.11858226877706857,0.23189026133955282,0.8241686365223834,0.7055863677453148,0.7890811624509044,1.0209714237904572
rbs_holdout,0,log_prot,transcript_accessibility,2428,14,2210056,0.11223442483830559,0.22614699509930247,0.8241686365223834,0.7119342116840778,0.7890811624509044,1.015228157550207
rbs_holdout,0,log_prot,transcript_accessibility,2428,15,2210057,0.1115350040097125,0.22344632229152106,0.8241686365223834,0.7126336325126709,0.7890811624509044,1.0125274847424255
rbs_holdout,0,log_prot,transcript_accessibility,2428,16,2210058,0.12818504912630424,0.2400408918717194,0.8241686365223834,0.6959835873960791,0.7890811624509044,1.0291220543226238
rbs_holdout,0,log_prot,transcript_accessibility,2428,17,2210059,0.11760533031515052,0.23434642412582973,0.8241686365223834,0.7065633062072328,0.7890811624509044,1.0234275865767342
rbs_holdout,0,log_prot,transcript_accessibility,2428,18,2210060,0.1255293963630829,0.24081308654860356,0.8241686365223834,0.6986392401593005,0.7890811624509044,1.029894248999508
rbs_holdout,0,log_prot,transcript_accessibility,2428,19,2210061,0.13240489876580042,0.2592168388430527,0.8241686365223834,0.691763737756583,0.7890811624509044,1.0482980012939571
rbs_holdout,0,log_prot,transcript_accessibility,2428,20,2210062,0.12587271000578637,0.24470068317096105,0.8241686365223834,0.698295926516597,0.7890811624509044,1.0337818456218655
rbs_holdout,0,log_prot,transcript_accessibility,2428,21,2210063,0.12383193562464978,0.23908384261769666,0.8241686365223834,0.7003367008977336,0.7890811624509044,1.028165005068601
rbs_holdout,0,log_prot,transcript_accessibility,2428,22,2210064,0.11859619123039544,0.2377342494463175,0.8241686365223834,0.7055724452919879,0.7890811624509044,1.026815411897222
rbs_holdout,0,log_prot,transcript_accessibility,2428,23,2210065,0.11928323236106109,0.2293214027036119,0.8241686365223834,0.7048854041613223,0.7890811624509044,1.0184025651545163
rbs_holdout,0,log_prot,transcript_accessibility,2428,24,2210066,0.12769832748558696,0.24280577049865837,0.8241686365223834,0.6964703090367964,0.7890811624509044,1.0318869329495628
rbs_holdout,0,log_prot,transcript_accessibility,2428,25,2210067,0.11366516745424526,0.22495764409368246,0.8241686365223834,0.7105034690681381,0.7890811624509044,1.014038806544587
rbs_holdout,0,log_prot,transcript_accessibility,2428,26,2210068,0.12567697082593288,0.24705990409333878,0.8241686365223834,0.6984916656964505,0.7890811624509044,1.0361410665442432
rbs_holdout,0,log_prot,transcript_accessibility,2428,27,2210069,0.12528636678356153,0.24029600554766062,0.8241686365223834,0.6988822697388218,0.7890811624509044,1.029377167998565
rbs_holdout,0,log_prot,transcript_accessibility,2428,28,2210070,0.12094021417184042,0.23456048573668653,0.8241686365223834,0.703228422350543,0.7890811624509044,1.023641648187591
rbs_holdout,0,log_prot,transcript_accessibility,2428,29,2210071,0.1128883514655854,0.22257171873362536,0.8241686365223834,0.711280285056798,0.7890811624509044,1.0116528811845298
rbs_holdout,1,log_translation_proxy,promoter_recognition,2371,0,2001042,0.32978561105962134,0.26877040554506826,0.6919700287232156,0.3621844176635942,0.6807090686965009,0.9494794742415692
rbs_holdout,1,log_translation_proxy,promoter_recognition,2371,1,2001043,0.3616043663145999,0.28435320588719903,0.6919700287232156,0.33036566240861565,0.6807090686965009,0.9650622745837
rbs_holdout,1,log_translation_proxy,promoter_recognition,2371,2,2001044,0.3725341171543125,0.27728690731432926,0.6919700287232156,0.31943591156890305,0.6807090686965009,0.9579959760108302
rbs_holdout,1,log_translation_proxy,promoter_recognition,2371,3,2001045,0.4254033583020929,0.33550719535218665,0.6919700287232156,0.26656667042112264,0.6807090686965009,1.0162162640486876
rbs_holdout,1,log_translation_proxy,promoter_recognition,2371,4,2001046,0.3741222024110621,0.2858072139017801,0.6919700287232156,0.31784782631215347,0.6807090686965009,0.966516282598281
rbs_holdout,1,log_translation_proxy,promoter_recognition,2371,5,2001047,0.42302293192550333,0.3099691073905727,0.6919700287232156,0.2689470967977122,0.6807090686965009,0.9906781760870736
rbs_holdout,1,log_translation_proxy,promoter_recognition,2371,6,2001048,0.4216778529548254,0.31924750335697893,0.6919700287232156,0.27029217576839015,0.6807090686965009,0.9999565720534799
rbs_holdout,1,log_translation_proxy,promoter_recognition,2371,7,2001049,0.3719378638207169,0.29521006079904233,0.6919700287232156,0.32003216490249864,0.6807090686965009,0.9759191294955433
rbs_holdout,1,log_translation_proxy,promoter_recognition,2371,8,2001050,0.40008082948628204,0.30736364332260335,0.6919700287232156,0.2918891992369335,0.6807090686965009,0.9880727120191043
rbs_holdout,1,log_translation_proxy,promoter_recognition,2371,9,2001051,0.3842731510104135,0.30725596054251947,0.6919700287232156,0.3076968777128021,0.6807090686965009,0.9879650292390204
rbs_holdout,1,log_translation_proxy,promoter_recognition,2371,10,2001052,0.30670468103791293,0.24134708398431293,0.6919700287232156,0.38526534768530263,0.6807090686965009,0.9220561526808139
rbs_holdout,1,log_translation_proxy,promoter_recognition,2371,11,2001053,0.4112180677068154,0.3253549801419622,0.6919700287232156,0.28075196101640015,0.6807090686965009,1.0060640488384631
rbs_holdout,1,log_translation_proxy,promoter_recognition,2371,12,2001054,0.3318081096814104,0.2540965623384248,0.6919700287232156,0.36016191904180517,0.6807090686965009,0.9348056310349258
rbs_holdout,1,log_translation_proxy,promoter_recognition,2371,13,2001055,0.39267684987446666,0.31232346447673287,0.6919700287232156,0.2992931788487489,0.6807090686965009,0.9930325331732338
rbs_holdout,1,log_translation_proxy,promoter_recognition,2371,14,2001056,0.30492383736648704,0.24829391148789692,0.6919700287232156,0.3870461913567285,0.6807090686965009,0.9290029801843979
rbs_holdout,1,log_translation_proxy,promoter_recognition,2371,15,2001057,0.36939916763152236,0.30160898724607044,0.6919700287232156,0.3225708610916932,0.6807090686965009,0.9823180559425714
rbs_holdout,1,log_translation_proxy,promoter_recognition,2371,16,2001058,0.37484346754002845,0.28882309459152444,0.6919700287232156,0.3171265611831871,0.6807090686965009,0.9695321632880254
rbs_holdout,1,log_translation_proxy,promoter_recognition,2371,17,2001059,0.3425773528162267,0.2765893187985893,0.6919700287232156,0.34939267590698886,0.6807090686965009,0.9572983874950902
rbs_holdout,1,log_translation_proxy,promoter_recognition,2371,18,2001060,0.4401954783252523,0.33125515655619076,0.6919700287232156,0.25177455039796326,0.6807090686965009,1.0119642252526917
rbs_holdout,1,log_translation_proxy,promoter_recognition,2371,19,2001061,0.4069438916552691,0.31276136570526614,0.6919700287232156,0.28502613706794644,0.6807090686965009,0.9934704344017671
rbs_holdout,1,log_translation_proxy,promoter_recognition,2371,20,2001062,0.36587517350841464,0.28938407519819687,0.6919700287232156,0.3260948552148009,0.6807090686965009,0.9700931438946978
rbs_holdout,1,log_translation_proxy,promoter_recognition,2371,21,2001063,0.33886953506279077,0.28296057377282957,0.6919700287232156,0.3531004936604248,0.6807090686965009,0.9636696424693305
rbs_holdout,1,log_translation_proxy,promoter_recognition,2371,22,2001064,0.35368648439318523,0.28112818630876146,0.6919700287232156,0.33828354433003033,0.6807090686965009,0.9618372550052624
rbs_holdout,1,log_translation_proxy,promoter_recognition,2371,23,2001065,0.34438752517589266,0.27539874321490887,0.6919700287232156,0.3475825035473229,0.6807090686965009,0.9561078119114098
rbs_holdout,1,log_translation_proxy,promoter_recognition,2371,24,2001066,0.36860835494084054,0.2892456262605594,0.6919700287232156,0.323361673782375,0.6807090686965009,0.9699546949570603
rbs_holdout,1,log_translation_proxy,promoter_recognition,2371,25,2001067,0.39337633115985193,0.3125814015215538,0.6919700287232156,0.2985936975633636,0.6807090686965009,0.9932904702180547
rbs_holdout,1,log_translation_proxy,promoter_recognition,2371,26,2001068,0.34417221527800645,0.2754156913837248,0.6919700287232156,0.3477978134452091,0.6807090686965009,0.9561247600802257
rbs_holdout,1,log_translation_proxy,promoter_recognition,2371,27,2001069,0.35153898626146196,0.27909153496587213,0.6919700287232156,0.3404310424617536,0.6807090686965009,0.9598006036623731
rbs_holdout,1,log_translation_proxy,promoter_recognition,2371,28,2001070,0.32523444280446145,0.25113321727370097,0.6919700287232156,0.3667355859187541,0.6807090686965009,0.9318422859702019
rbs_holdout,1,log_translation_proxy,promoter_recognition,2371,29,2001071,0.391758618177937,0.301317423961595,0.6919700287232156,0.30021141054527856,0.6807090686965009,0.9820264926580959
rbs_holdout,1,log_translation_proxy,rbs_recognition,2371,0,2101042,0.21543155316450507,0.15607124166754283,0.6919700287232156,0.4765384755587105,0.6807090686965009,0.8367803103640438
rbs_holdout,1,log_translation_proxy,rbs_recognition,2371,1,2101043,0.31464540196151,0.2538923455559656,0.6919700287232156,0.3773246267617056,0.6807090686965009,0.9346014142524666
rbs_holdout,1,log_translation_proxy,rbs_recognition,2371,2,2101044,0.3232785951873312,0.25609183261480906,0.6919700287232156,0.36869143353588435,0.6807090686965009,0.93680090131131
rbs_holdout,1,log_translation_proxy,rbs_recognition,2371,3,2101045,0.22110418463218984,0.17024219271417218,0.6919700287232156,0.4708658440910257,0.6807090686965009,0.8509512614106731
rbs_holdout,1,log_translation_proxy,rbs_recognition,2371,4,2101046,0.32239878073924677,0.2718958399674146,0.6919700287232156,0.3695712479839688,0.6807090686965009,0.9526049086639156
rbs_holdout,1,log_translation_proxy,rbs_recognition,2371,5,2101047,0.35599993228403404,0.2775357706707945,0.6919700287232156,0.3359700964391815,0.6807090686965009,0.9582448393672954
rbs_holdout,1,log_translation_proxy,rbs_recognition,2371,6,2101048,0.23754822016863109,0.19768759079577414,0.6919700287232156,0.45442180855458447,0.6807090686965009,0.8783966594922751
rbs_holdout,1,log_translation_proxy,rbs_recognition,2371,7,2101049,0.019047871412820494,0.03562931766302602,0.6919700287232156,0.6729221573103951,0.6807090686965009,0.716338386359527
rbs_holdout,1,log_translation_proxy,rbs_recognition,2371,8,2101050,0.24661856236772245,0.2091780735005918,0.6919700287232156,0.4453514663554931,0.6807090686965009,0.8898871421970928
rbs_holdout,1,log_translation_proxy,rbs_recognition,2371,9,2101051,0.2636486990693905,0.22306686535644937,0.6919700287232156,0.4283213296538251,0.6807090686965009,0.9037759340529503
rbs_holdout,1,log_translation_proxy,rbs_recognition,2371,10,2101052,0.1686621569242368,0.11887937753429123,0.6919700287232156,0.5233078717989788,0.6807090686965009,0.7995884462307922
rbs_holdout,1,log_translation_proxy,rbs_recognition,2371,11,2101053,0.2601724944237458,0.23979988125733098,0.6919700287232156,0.43179753429946977,0.6807090686965009,0.9205089499538319
rbs_holdout,1,log_translation_proxy,rbs_recognition,2371,12,2101054,0.20807909786503814,0.16384724019437324,0.6919700287232156,0.4838909308581774,0.6807090686965009,0.8445563088908742
rbs_holdout,1,log_translation_proxy,rbs_recognition,2371,13,2101055,0.30539896752089063,0.21800864781852103,0.6919700287232156,0.38657106120232493,0.6807090686965009,0.898717716515022
rbs_holdout,1,log_translation_proxy,rbs_recognition,2371,14,2101056,0.27809644460223104,0.22284706912968444,0.6919700287232156,0.4138735841209845,0.6807090686965009,0.9035561378261854
rbs_holdout,1,log_translation_proxy,rbs_recognition,2371,15,2101057,0.1973871247947941,0.16064005143262172,0.6919700287232156,0.49458290392842147,0.6807090686965009,0.8413491201291227
rbs_holdout,1,log_translation_proxy,rbs_recognition,2371,16,2101058,0.3812140532101297,0.2778266272879961,0.6919700287232156,0.31075597551308587,0.6807090686965009,0.9585356959844971
rbs_holdout,1,log_translation_proxy,rbs_recognition,2371,17,2101059,0.2818521932052192,0.24181208653860364,0.6919700287232156,0.41011783551799635,0.6807090686965009,0.9225211552351046
rbs_holdout,1,log_translation_proxy,rbs_recognition,2371,18,2101060,0.13528749698620213,0.12293880003158075,0.6919700287232156,0.5566825317370134,0.6807090686965009,0.8036478687280817
rbs_holdout,1,log_translation_proxy,rbs_recognition,2371,19,2101061,0.2764998034289963,0.20792545900492065,0.6919700287232156,0.41547022529421923,0.6807090686965009,0.8886345277014216
rbs_holdout,1,log_translation_proxy,rbs_recognition,2371,20,2101062,0.2099178174435531,0.1704613379824369,0.6919700287232156,0.48205221127966247,0.6807090686965009,0.8511704066789378
rbs_holdout,1,log_translation_proxy,rbs_recognition,2371,21,2101063,0.1746936544655583,0.1396646044951919,0.6919700287232156,0.5172763742576573,0.6807090686965009,0.8203736731916929
rbs_holdout,1,log_translation_proxy,rbs_recognition,2371,22,2101064,0.13595190340581276,0.11302910970214519,0.6919700287232156,0.5560181253174028,0.6807090686965009,0.7937381783986461
rbs_holdout,1,log_translation_proxy,rbs_recognition,2371,23,2101065,0.19951805818270318,0.1603601938027921,0.6919700287232156,0.4924519705405124,0.6807090686965009,0.841069262499293
rbs_holdout,1,log_translation_proxy,rbs_recognition,2371,24,2101066,0.24802809949710214,0.18391581447833838,0.6919700287232156,0.4439419292261134,0.6807090686965009,0.8646248831748393
rbs_holdout,1,log_translation_proxy,rbs_recognition,2371,25,2101067,0.22507157156777835,0.18069935696372275,0.6919700287232156,0.4668984571554372,0.6807090686965009,0.8614084256602237
rbs_holdout,1,log_translation_proxy,rbs_recognition,2371,26,2101068,0.2793738363197971,0.24351154908988193,0.6919700287232156,0.41259619240341844,0.6807090686965009,0.9242206177863829
rbs_holdout,1,log_translation_proxy,rbs_recognition,2371,27,2101069,0.25750430143794384,0.21155281745400245,0.6919700287232156,0.4344657272852717,0.6807090686965009,0.8922618861505034
rbs_holdout,1,log_translation_proxy,rbs_recognition,2371,28,2101070,0.13341241938372606,0.10783448086133529,0.6919700287232156,0.5585576093394895,0.6807090686965009,0.7885435495578362
rbs_holdout,1,log_translation_proxy,rbs_recognition,2371,29,2101071,0.1625700169412756,0.15281015249267826,0.6919700287232156,0.52940001178194,0.6807090686965009,0.8335192211891792
rbs_holdout,1,log_translation_proxy,transcript_accessibility,2371,0,2201042,0.09583197049011283,0.12194014782187501,0.6919700287232156,0.5961380582331027,0.6807090686965009,0.802649216518376
rbs_holdout,1,log_translation_proxy,transcript_accessibility,2371,1,2201043,0.10006294999718268,0.12571571138829007,0.6919700287232156,0.5919070787260329,0.6807090686965009,0.806424780084791
rbs_holdout,1,log_translation_proxy,transcript_accessibility,2371,2,2201044,0.11841331669881583,0.13665195913993755,0.6919700287232156,0.5735567120243997,0.6807090686965009,0.8173610278364385
rbs_holdout,1,log_translation_proxy,transcript_accessibility,2371,3,2201045,0.1168821335493132,0.133923942648833,0.6919700287232156,0.5750878951739024,0.6807090686965009,0.814633011345334
rbs_holdout,1,log_translation_proxy,transcript_accessibility,2371,4,2201046,0.11534687570833313,0.13517870545224775,0.6919700287232156,0.5766231530148824,0.6807090686965009,0.8158877741487487
rbs_holdout,1,log_translation_proxy,transcript_accessibility,2371,5,2201047,0.1276002061493411,0.14894583115264215,0.6919700287232156,0.5643698225738745,0.6807090686965009,0.8296548998491431
rbs_holdout,1,log_translation_proxy,transcript_accessibility,2371,6,2201048,0.10901703730048229,0.13579327592986556,0.6919700287232156,0.5829529914227333,0.6807090686965009,0.8165023446263665
rbs_holdout,1,log_translation_proxy,transcript_accessibility,2371,7,2201049,0.11854748462475317,0.14071759191838729,0.6919700287232156,0.5734225440984624,0.6807090686965009,0.8214266606148882
rbs_holdout,1,log_translation_proxy,transcript_accessibility,2371,8,2201050,0.11027002208711334,0.14016610389411066,0.6919700287232156,0.5817000066361022,0.6807090686965009,0.8208751725906116
rbs_holdout,1,log_translation_proxy,transcript_accessibility,2371,9,2201051,0.11998094812300408,0.12706197399889296,0.6919700287232156,0.5719890806002115,0.6807090686965009,0.8077710426953939
rbs_holdout,1,log_translation_proxy,transcript_accessibility,2371,10,2201052,0.12779976277568983,0.14125128238273532,0.6919700287232156,0.5641702659475257,0.6807090686965009,0.8219603510792363
rbs_holdout,1,log_translation_proxy,transcript_accessibility,2371,11,2201053,0.11149362393775974,0.13046786292336832,0.6919700287232156,0.5804764047854558,0.6807090686965009,0.8111769316198693
rbs_holdout,1,log_translation_proxy,transcript_accessibility,2371,12,2201054,0.12050853767683012,0.14858043411364497,0.6919700287232156,0.5714614910463854,0.6807090686965009,0.8292895028101459
rbs_holdout,1,log_translation_proxy,transcript_accessibility,2371,13,2201055,0.11632188121992726,0.13954627423634502,0.6919700287232156,0.5756481475032883,0.6807090686965009,0.820255342932846
rbs_holdout,1,log_translation_proxy,transcript_accessibility,2371,14,2201056,0.11991025306164627,0.14151439972970192,0.6919700287232156,0.5720597756615693,0.6807090686965009,0.8222234684262029
rbs_holdout,1,log_translation_proxy,transcript_accessibility,2371,15,2201057,0.10948205988846238,0.13935519436283206,0.6919700287232156,0.5824879688347532,0.6807090686965009,0.820064263059333
rbs_holdout,1,log_translation_proxy,transcript_accessibility,2371,16,2201058,0.10980752528771487,0.13387802461462606,0.6919700287232156,0.5821625034355007,0.6807090686965009,0.814587093311127
rbs_holdout,1,log_translation_proxy,transcript_accessibility,2371,17,2201059,0.10582752373663118,0.1320619377543799,0.6919700287232156,0.5861425049865844,0.6807090686965009,0.8127710064508809
rbs_holdout,1,log_translation_proxy,transcript_accessibility,2371,18,2201060,0.11653957674540916,0.13419881840367387,0.6919700287232156,0.5754304519778064,0.6807090686965009,0.8149078871001748
rbs_holdout,1,log_translation_proxy,transcript_accessibility,2371,19,2201061,0.1289483263999307,0.1434922026752029,0.6919700287232156,0.5630217023232849,0.6807090686965009,0.8242012713717038
rbs_holdout,1,log_translation_proxy,transcript_accessibility,2371,20,2201062,0.10575808562429534,0.12678001239241432,0.6919700287232156,0.5862119430989202,0.6807090686965009,0.8074890810889153
rbs_holdout,1,log_translation_proxy,transcript_accessibility,2371,21,2201063,0.10207713830662579,0.11594316828652451,0.6919700287232156,0.5898928904165898,0.6807090686965009,0.7966522369830255
rbs_holdout,1,log_translation_proxy,transcript_accessibility,2371,22,2201064,0.1344894601193548,0.15144356820289673,0.6919700287232156,0.5574805686038607,0.6807090686965009,0.8321526368993977
rbs_holdout,1,log_translation_proxy,transcript_accessibility,2371,23,2201065,0.10363049311417527,0.11947753853476661,0.6919700287232156,0.5883395356090403,0.6807090686965009,0.8001866072312676
rbs_holdout,1,log_translation_proxy,transcript_accessibility,2371,24,2201066,0.09991266172100077,0.1296297709547558,0.6919700287232156,0.5920573670022148,0.6807090686965009,0.8103388396512567
rbs_holdout,1,log_translation_proxy,transcript_accessibility,2371,25,2201067,0.11649917583768099,0.140917922354029,0.6919700287232156,0.5754708528855346,0.6807090686965009,0.8216269910505299
rbs_holdout,1,log_translation_proxy,transcript_accessibility,2371,26,2201068,0.10761737262881621,0.1306369408643553,0.6919700287232156,0.5843526560943993,0.6807090686965009,0.8113460095608562
rbs_holdout,1,log_translation_proxy,transcript_accessibility,2371,27,2201069,0.12533406106704437,0.14573699549573138,0.6919700287232156,0.5666359676561712,0.6807090686965009,0.8264460641922323
rbs_holdout,1,log_translation_proxy,transcript_accessibility,2371,28,2201070,0.1084884161996289,0.1314060516822002,0.6919700287232156,0.5834816125235867,0.6807090686965009,0.8121151203787011
rbs_holdout,1,log_translation_proxy,transcript_accessibility,2371,29,2201071,0.1298846862674632,0.14696257079912434,0.6919700287232156,0.5620853424557524,0.6807090686965009,0.8276716394956253
rbs_holdout,1,log_prot,promoter_recognition,2371,0,2011042,0.6192453049807183,0.8524451463312921,0.8105487140054605,0.19130340902474224,0.8191638961499919,1.671609042481284
rbs_holdout,1,log_prot,promoter_recognition,2371,1,2011043,0.5967349891608285,0.8452187029967448,0.8105487140054605,0.21381372484463207,0.8191638961499919,1.6643825991467367
rbs_holdout,1,log_prot,promoter_recognition,2371,2,2011044,0.5226751483335828,0.7762893527515291,0.8105487140054605,0.2878735656718777,0.8191638961499919,1.595453248901521
rbs_holdout,1,log_prot,promoter_recognition,2371,3,2011045,0.5956392963690411,0.838582791566461,0.8105487140054605,0.2149094176364194,0.8191638961499919,1.6577466877164528
rbs_holdout,1,log_prot,promoter_recognition,2371,4,2011046,0.5878044571830557,0.8487346841378625,0.8105487140054605,0.22274425682240476,0.8191638961499919,1.6678985802878543
rbs_holdout,1,log_prot,promoter_recognition,2371,5,2011047,0.5149365783978421,0.7604566638067027,0.8105487140054605,0.29561213560761834,0.8191638961499919,1.5796205599566946
rbs_holdout,1,log_prot,promoter_recognition,2371,6,2011048,0.6758235032869909,0.9351379637765229,0.8105487140054605,0.13472521071846957,0.8191638961499919,1.7543018599265148
rbs_holdout,1,log_prot,promoter_recognition,2371,7,2011049,0.6498534893138805,0.8967008250263633,0.8105487140054605,0.16069522469157999,0.8191638961499919,1.7158647211763551
rbs_holdout,1,log_prot,promoter_recognition,2371,8,2011050,0.5491303811431557,0.7996481283021835,0.8105487140054605,0.26141833286230476,0.8191638961499919,1.6188120244521753
rbs_holdout,1,log_prot,promoter_recognition,2371,9,2011051,0.6559104304831298,0.9009292166379996,0.8105487140054605,0.1546382835223307,0.8191638961499919,1.7200931127879915
rbs_holdout,1,log_prot,promoter_recognition,2371,10,2011052,0.6941806183609086,0.9754830367856426,0.8105487140054605,0.11636809564455183,0.8191638961499919,1.7946469329356345
rbs_holdout,1,log_prot,promoter_recognition,2371,11,2011053,0.6403684151930017,0.9145981128028273,0.8105487140054605,0.17018029881245875,0.8191638961499919,1.7337620089528192
rbs_holdout,1,log_prot,promoter_recognition,2371,12,2011054,0.7331869610282126,0.9672375469590446,0.8105487140054605,0.07736175297724789,0.8191638961499919,1.7864014431090365
rbs_holdout,1,log_prot,promoter_recognition,2371,13,2011055,0.6098870714765267,0.8850095593861644,0.8105487140054605,0.20066164252893384,0.8191638961499919,1.7041734555361563
rbs_holdout,1,log_prot,promoter_recognition,2371,14,2011056,0.5926794887138661,0.8766318076317205,0.8105487140054605,0.2178692252915944,0.8191638961499919,1.6957957037817124
rbs_holdout,1,log_prot,promoter_recognition,2371,15,2011057,0.5919161576610429,0.820470833685472,0.8105487140054605,0.21863255634441756,0.8191638961499919,1.6396347298354639
rbs_holdout,1,log_prot,promoter_recognition,2371,16,2011058,0.6429343107261105,0.9098001392242039,0.8105487140054605,0.16761440327935,0.8191638961499919,1.7289640353741957
rbs_holdout,1,log_prot,promoter_recognition,2371,17,2011059,0.6407974267871562,0.9100996572773579,0.8105487140054605,0.16975128721830426,0.8191638961499919,1.7292635534273497
rbs_holdout,1,log_prot,promoter_recognition,2371,18,2011060,0.681274669428725,0.9397165576913575,0.8105487140054605,0.12927404457673536,0.8191638961499919,1.7588804538413494
rbs_holdout,1,log_prot,promoter_recognition,2371,19,2011061,0.6771613023823347,0.9208788779764667,0.8105487140054605,0.13338741162312573,0.8191638961499919,1.7400427741264586
rbs_holdout,1,log_prot,promoter_recognition,2371,20,2011062,0.6841269874066574,0.9465643893759397,0.8105487140054605,0.12642172659880305,0.8191638961499919,1.7657282855259315
rbs_holdout,1,log_prot,promoter_recognition,2371,21,2011063,0.6474974351807697,0.9203245501124375,0.8105487140054605,0.16305127882469075,0.8191638961499919,1.7394884462624294
rbs_holdout,1,log_prot,promoter_recognition,2371,22,2011064,0.6102719487780854,0.8927344305094895,0.8105487140054605,0.2002767652273751,0.8191638961499919,1.7118983266594814
rbs_holdout,1,log_prot,promoter_recognition,2371,23,2011065,0.6264466808751956,0.8809502116675068,0.8105487140054605,0.1841020331302648,0.8191638961499919,1.7001141078174986
rbs_holdout,1,log_prot,promoter_recognition,2371,24,2011066,0.5086780629799903,0.7600693844747595,0.8105487140054605,0.30187065102547017,0.8191638961499919,1.5792332806247513
rbs_holdout,1,log_prot,promoter_recognition,2371,25,2011067,0.5791856456723905,0.8118141760369211,0.8105487140054605,0.23136306833306997,0.8191638961499919,1.630978072186913
rbs_holdout,1,log_prot,promoter_recognition,2371,26,2011068,0.5838390334987715,0.8262817325883767,0.8105487140054605,0.22670968050668894,0.8191638961499919,1.6454456287383685
rbs_holdout,1,log_prot,promoter_recognition,2371,27,2011069,0.5895095237370012,0.8605115057321664,0.8105487140054605,0.22103919026845928,0.8191638961499919,1.6796754018821582
rbs_holdout,1,log_prot,promoter_recognition,2371,28,2011070,0.6703904554193095,0.9502337936294587,0.8105487140054605,0.1401582585861509,0.8191638961499919,1.7693976897794506
rbs_holdout,1,log_prot,promoter_recognition,2371,29,2011071,0.6059356547158774,0.849836815883642,0.8105487140054605,0.20461305928958307,0.8191638961499919,1.6690007120336339
rbs_holdout,1,log_prot,rbs_recognition,2371,0,2111042,0.15607780393869952,0.3000081891179254,0.8105487140054605,0.654470910066761,0.8191638961499919,1.1191720852679172
rbs_holdout,1,log_prot,rbs_recognition,2371,1,2111043,0.18257254246447507,0.32187894804515516,0.8105487140054605,0.6279761715409854,0.8191638961499919,1.141042844195147
rbs_holdout,1,log_prot,rbs_recognition,2371,2,2111044,0.22045155432738872,0.34140722185610795,0.8105487140054605,0.5900971596780717,0.8191638961499919,1.1605711180060998
rbs_holdout,1,log_prot,rbs_recognition,2371,3,2111045,0.21444104565311384,0.3342060502306179,0.8105487140054605,0.5961076683523466,0.8191638961499919,1.1533699463806097
rbs_holdout,1,log_prot,rbs_recognition,2371,4,2111046,0.23591150195139876,0.3868946845005452,0.8105487140054605,0.5746372120540617,0.8191638961499919,1.206058580650537
rbs_holdout,1,log_prot,rbs_recognition,2371,5,2111047,0.21435262417389678,0.3485674716246965,0.8105487140054605,0.5961960898315637,0.8191638961499919,1.1677313677746883
rbs_holdout,1,log_prot,rbs_recognition,2371,6,2111048,0.2655127884452907,0.4467746902062353,0.8105487140054605,0.5450359255601698,0.8191638961499919,1.2659385863562271
rbs_holdout,1,log_prot,rbs_recognition,2371,7,2111049,0.16914578079252485,0.2793203598861538,0.8105487140054605,0.6414029332129356,0.8191638961499919,1.0984842560361456
rbs_holdout,1,log_prot,rbs_recognition,2371,8,2111050,0.21780363011661485,0.34714851754600895,0.8105487140054605,0.5927450838888456,0.8191638961499919,1.1663124136960008
rbs_holdout,1,log_prot,rbs_recognition,2371,9,2111051,0.23016119175239158,0.37662759996052353,0.8105487140054605,0.5803875222530689,0.8191638961499919,1.1957914961105154
rbs_holdout,1,log_prot,rbs_recognition,2371,10,2111052,0.3065365387908484,0.49549680078861047,0.8105487140054605,0.5040121752146121,0.8191638961499919,1.3146606969386023
rbs_holdout,1,log_prot,rbs_recognition,2371,11,2111053,0.06255469121347745,0.10781791880182201,0.8105487140054605,0.747994022791983,0.8191638961499919,0.9269818149518139
rbs_holdout,1,log_prot,rbs_recognition,2371,12,2111054,0.22572046119170452,0.31836543161377984,0.8105487140054605,0.5848282528137559,0.8191638961499919,1.1375293277637717
rbs_holdout,1,log_prot,rbs_recognition,2371,13,2111055,0.20743998006461106,0.3534554756360584,0.8105487140054605,0.6031087339408494,0.8191638961499919,1.1726193717860502
rbs_holdout,1,log_prot,rbs_recognition,2371,14,2111056,0.11638312438524134,0.17720445099079118,0.8105487140054605,0.6941655896202191,0.8191638961499919,0.996368347140783
rbs_holdout,1,log_prot,rbs_recognition,2371,15,2111057,0.22466248530352917,0.3238492342067798,0.8105487140054605,0.5858862287019313,0.8191638961499919,1.1430131303567717
rbs_holdout,1,log_prot,rbs_recognition,2371,16,2111058,0.17191404526970588,0.28497599966003917,0.8105487140054605,0.6386346687357546,0.8191638961499919,1.104139895810031
rbs_holdout,1,log_prot,rbs_recognition,2371,17,2111059,0.24269373452769072,0.38886433004451737,0.8105487140054605,0.5678549794777698,0.8191638961499919,1.2080282261945092
rbs_holdout,1,log_prot,rbs_recognition,2371,18,2111060,0.2112309186210195,0.33656510848918364,0.8105487140054605,0.599317795384441,0.8191638961499919,1.1557290046391755
rbs_holdout,1,log_prot,rbs_recognition,2371,19,2111061,0.32724187030341334,0.496430551863682,0.8105487140054605,0.48330684370204713,0.8191638961499919,1.3155944480136739
rbs_holdout,1,log_prot,rbs_recognition,2371,20,2111062,0.2615193370948623,0.38502606504634285,0.8105487140054605,0.5490293769105982,0.8191638961499919,1.2041899611963347
rbs_holdout,1,log_prot,rbs_recognition,2371,21,2111063,0.2809232172466506,0.40364119132758125,0.8105487140054605,0.5296254967588099,0.8191638961499919,1.222805087477573
rbs_holdout,1,log_prot,rbs_recognition,2371,22,2111064,0.23538059781372045,0.39634374660269667,0.8105487140054605,0.57516811619174,0.8191638961499919,1.2155076427526885
rbs_holdout,1,log_prot,rbs_recognition,2371,23,2111065,0.23774180997449856,0.36869469384549425,0.8105487140054605,0.5728069040309619,0.8191638961499919,1.187858589995486
rbs_holdout,1,log_prot,rbs_recognition,2371,24,2111066,0.15464581828059953,0.23281003087492103,0.8105487140054605,0.6559028957248609,0.8191638961499919,1.0519739270249129
rbs_holdout,1,log_prot,rbs_recognition,2371,25,2111067,0.23750473667823246,0.3452034265231072,0.8105487140054605,0.573043977327228,0.8191638961499919,1.164367322673099
rbs_holdout,1,log_prot,rbs_recognition,2371,26,2111068,0.27162987486248724,0.4285980291581468,0.8105487140054605,0.5389188391429732,0.8191638961499919,1.2477619253081387
rbs_holdout,1,log_prot,rbs_recognition,2371,27,2111069,0.15934668083218784,0.2733449520593556,0.8105487140054605,0.6512020331732726,0.8191638961499919,1.0925088482093475
rbs_holdout,1,log_prot,rbs_recognition,2371,28,2111070,0.19818647076089546,0.30894079132223484,0.8105487140054605,0.612362243244565,0.8191638961499919,1.1281046874722267
rbs_holdout,1,log_prot,rbs_recognition,2371,29,2111071,0.24581346383974922,0.37616738290631346,0.8105487140054605,0.5647352501657112,0.8191638961499919,1.1953312790563053
rbs_holdout,1,log_prot,transcript_accessibility,2371,0,2211042,0.07377390825095842,0.11275841293227928,0.8105487140054605,0.736774805754502,0.8191638961499919,0.9319223090822711
rbs_holdout,1,log_prot,transcript_accessibility,2371,1,2211043,0.06679639436356821,0.11520464535990116,0.8105487140054605,0.7437523196418923,0.8191638961499919,0.934368541509893
rbs_holdout,1,log_prot,transcript_accessibility,2371,2,2211044,0.06806822328898399,0.10715207268832683,0.8105487140054605,0.7424804907164765,0.8191638961499919,0.9263159688383187
rbs_holdout,1,log_prot,transcript_accessibility,2371,3,2211045,0.06654792000321375,0.10782481996379634,0.8105487140054605,0.7440007940022467,0.8191638961499919,0.9269887161137882
rbs_holdout,1,log_prot,transcript_accessibility,2371,4,2211046,0.05845208846183103,0.1008479651076789,0.8105487140054605,0.7520966255436294,0.8191638961499919,0.9200118612576708
rbs_holdout,1,log_prot,transcript_accessibility,2371,5,2211047,0.062084101366424616,0.09827813961225718,0.8105487140054605,0.7484646126390359,0.8191638961499919,0.917442035762249
rbs_holdout,1,log_prot,transcript_accessibility,2371,6,2211048,0.071600664881603,0.10964989337866671,0.8105487140054605,0.7389480491238575,0.8191638961499919,0.9288137895286586
rbs_holdout,1,log_prot,transcript_accessibility,2371,7,2211049,0.07110471115449046,0.11090890375603202,0.8105487140054605,0.73944400285097,0.8191638961499919,0.9300727999060239
rbs_holdout,1,log_prot,transcript_accessibility,2371,8,2211050,0.0636958574070946,0.10617408873579337,0.8105487140054605,0.7468528565983659,0.8191638961499919,0.9253379848857852
rbs_holdout,1,log_prot,transcript_accessibility,2371,9,2211051,0.06822161280045924,0.11090056333120246,0.8105487140054605,0.7423271012050012,0.8191638961499919,0.9300644594811943
rbs_holdout,1,log_prot,transcript_accessibility,2371,10,2211052,0.07871813523475912,0.12357056982319503,0.8105487140054605,0.7318305787707013,0.8191638961499919,0.9427344659731869
rbs_holdout,1,log_prot,transcript_accessibility,2371,11,2211053,0.07839508942675966,0.1311832562946995,0.8105487140054605,0.7321536245787008,0.8191638961499919,0.9503471524446914
rbs_holdout,1,log_prot,transcript_accessibility,2371,12,2211054,0.06378251758344622,0.11090346681730845,0.8105487140054605,0.7467661964220143,0.8191638961499919,0.9300673629673003
rbs_holdout,1,log_prot,transcript_accessibility,2371,13,2211055,0.07174377391630482,0.1214636098104045,0.8105487140054605,0.7388049400891556,0.8191638961499919,0.9406275059603963
rbs_holdout,1,log_prot,transcript_accessibility,2371,14,2211056,0.07082254436629698,0.11056098740941955,0.8105487140054605,0.7397261696391635,0.8191638961499919,0.9297248835594114
rbs_holdout,1,log_prot,transcript_accessibility,2371,15,2211057,0.06666357900974462,0.1153705220849256,0.8105487140054605,0.7438851349957158,0.8191638961499919,0.9345344182349175
rbs_holdout,1,log_prot,transcript_accessibility,2371,16,2211058,0.07192234543499898,0.11559141308495569,0.8105487140054605,0.7386263685704615,0.8191638961499919,0.9347553092349475
rbs_holdout,1,log_prot,transcript_accessibility,2371,17,2211059,0.07388003066239202,0.12107079943871879,0.8105487140054605,0.7366686833430685,0.8191638961499919,0.9402346955887106
rbs_holdout,1,log_prot,transcript_accessibility,2371,18,2211060,0.07360889108080026,0.11971022821614541,0.8105487140054605,0.7369398229246602,0.8191638961499919,0.9388741243661373
rbs_holdout,1,log_prot,transcript_accessibility,2371,19,2211061,0.07731929007048977,0.13080691635199115,0.8105487140054605,0.7332294239349707,0.8191638961499919,0.949970812501983
rbs_holdout,1,log_prot,transcript_accessibility,2371,20,2211062,0.061785817405740184,0.10493221635010919,0.8105487140054605,0.7487628965997203,0.8191638961499919,0.924096112500101
rbs_holdout,1,log_prot,transcript_accessibility,2371,21,2211063,0.08167262602534509,0.12371788825968022,0.8105487140054605,0.7288760879801154,0.8191638961499919,0.9428817844096721
rbs_holdout,1,log_prot,transcript_accessibility,2371,22,2211064,0.06708298015982816,0.11131463576150613,0.8105487140054605,0.7434657338456323,0.8191638961499919,0.930478531911498
rbs_holdout,1,log_prot,transcript_accessibility,2371,23,2211065,0.069377030068,0.11335392733405725,0.8105487140054605,0.7411716839374605,0.8191638961499919,0.9325178234840491
rbs_holdout,1,log_prot,transcript_accessibility,2371,24,2211066,0.06819005053348193,0.11325934729288822,0.8105487140054605,0.7423586634719785,0.8191638961499919,0.9324232434428801
rbs_holdout,1,log_prot,transcript_accessibility,2371,25,2211067,0.06970345993880744,0.11384251461380646,0.8105487140054605,0.740845254066653,0.8191638961499919,0.9330064107637983
rbs_holdout,1,log_prot,transcript_accessibility,2371,26,2211068,0.06077340648792817,0.10371517565538602,0.8105487140054605,0.7497753075175323,0.8191638961499919,0.9228790718053779
rbs_holdout,1,log_prot,transcript_accessibility,2371,27,2211069,0.06646060260786779,0.12129532288496836,0.8105487140054605,0.7440881113975927,0.8191638961499919,0.9404592190349602
rbs_holdout,1,log_prot,transcript_accessibility,2371,28,2211070,0.07262121979342451,0.11159490213698053,0.8105487140054605,0.737927494212036,0.8191638961499919,0.9307587982869724
rbs_holdout,1,log_prot,transcript_accessibility,2371,29,2211071,0.07519320356404124,0.11924577340163423,0.8105487140054605,0.7353555104414192,0.8191638961499919,0.9384096695516261
rbs_holdout,2,log_translation_proxy,promoter_recognition,2371,0,2002042,0.3856782593709843,0.30443742521693307,0.5998452267554498,0.21416696738446553,0.7114016014684184,1.0158390266853514
rbs_holdout,2,log_translation_proxy,promoter_recognition,2371,1,2002043,0.36693952061583635,0.283567878198953,0.5998452267554498,0.2329057061396135,0.7114016014684184,0.9949694796673714
rbs_holdout,2,log_translation_proxy,promoter_recognition,2371,2,2002044,0.33846911324307133,0.2776864043821353,0.5998452267554498,0.2613761135123785,0.7114016014684184,0.9890880058505537
rbs_holdout,2,log_translation_proxy,promoter_recognition,2371,3,2002045,0.3399882372858438,0.27183098773360903,0.5998452267554498,0.259856989469606,0.7114016014684184,0.9832325892020274
rbs_holdout,2,log_translation_proxy,promoter_recognition,2371,4,2002046,0.3152868422357212,0.2516326463398767,0.5998452267554498,0.28455838451972865,0.7114016014684184,0.963034247808295
rbs_holdout,2,log_translation_proxy,promoter_recognition,2371,5,2002047,0.3731199157515969,0.2868885368246026,0.5998452267554498,0.2267253110038529,0.7114016014684184,0.9982901382930209
rbs_holdout,2,log_translation_proxy,promoter_recognition,2371,6,2002048,0.31780592787718986,0.2516835072115635,0.5998452267554498,0.28203929887825996,0.7114016014684184,0.9630851086799819
rbs_holdout,2,log_translation_proxy,promoter_recognition,2371,7,2002049,0.3881553431638777,0.30426562981378225,0.5998452267554498,0.21168988359157215,0.7114016014684184,1.0156672312822006
rbs_holdout,2,log_translation_proxy,promoter_recognition,2371,8,2002050,0.3442556665672794,0.2839353306201414,0.5998452267554498,0.2555895601881704,0.7114016014684184,0.9953369320885598
rbs_holdout,2,log_translation_proxy,promoter_recognition,2371,9,2002051,0.36379198109496447,0.2824158100331722,0.5998452267554498,0.23605324566048538,0.7114016014684184,0.9938174115015905
rbs_holdout,2,log_translation_proxy,promoter_recognition,2371,10,2002052,0.44279384116187237,0.3390627176213654,0.5998452267554498,0.15705138559357745,0.7114016014684184,1.0504643190897838
rbs_holdout,2,log_translation_proxy,promoter_recognition,2371,11,2002053,0.48225499394370586,0.3672516667838659,0.5998452267554498,0.11759023281174397,0.7114016014684184,1.0786532682522842
rbs_holdout,2,log_translation_proxy,promoter_recognition,2371,12,2002054,0.37252980034735256,0.2859130934210774,0.5998452267554498,0.22731542640809727,0.7114016014684184,0.9973146948894958
rbs_holdout,2,log_translation_proxy,promoter_recognition,2371,13,2002055,0.3158395180382971,0.2562901083319383,0.5998452267554498,0.28400570871715275,0.7114016014684184,0.9676917098003567
rbs_holdout,2,log_translation_proxy,promoter_recognition,2371,14,2002056,0.37066501448872446,0.30394948711517933,0.5998452267554498,0.22918021226672533,0.7114016014684184,1.0153510885835977
rbs_holdout,2,log_translation_proxy,promoter_recognition,2371,15,2002057,0.31584507223716995,0.25462072611504405,0.5998452267554498,0.28400015451827987,0.7114016014684184,0.9660223275834624
rbs_holdout,2,log_translation_proxy,promoter_recognition,2371,16,2002058,0.3856071316677152,0.2906390503135319,0.5998452267554498,0.2142380950877346,0.7114016014684184,1.0020406517819502
rbs_holdout,2,log_translation_proxy,promoter_recognition,2371,17,2002059,0.25757195946397327,0.21476317349160035,0.5998452267554498,0.34227326729147656,0.7114016014684184,0.9261647749600187
rbs_holdout,2,log_translation_proxy,promoter_recognition,2371,18,2002060,0.35510459831157704,0.2811271865494508,0.5998452267554498,0.24474062844387282,0.7114016014684184,0.9925287880178691
rbs_holdout,2,log_translation_proxy,promoter_recognition,2371,19,2002061,0.3240376579200392,0.2500407421375227,0.5998452267554498,0.27580756883541063,0.7114016014684184,0.961442343605941
rbs_holdout,2,log_translation_proxy,promoter_recognition,2371,20,2002062,0.45062445803800044,0.3418974516861908,0.5998452267554498,0.14922076871744935,0.7114016014684184,1.0532990531546091
rbs_holdout,2,log_translation_proxy,promoter_recognition,2371,21,2002063,0.3643909157419812,0.29149715826030453,0.5998452267554498,0.23545431101346864,0.7114016014684184,1.0028987597287229
rbs_holdout,2,log_translation_proxy,promoter_recognition,2371,22,2002064,0.3326747223704241,0.2707612398372333,0.5998452267554498,0.2671705043850257,0.7114016014684184,0.9821628413056517
rbs_holdout,2,log_translation_proxy,promoter_recognition,2371,23,2002065,0.35649137034609246,0.2892228678959221,0.5998452267554498,0.24335385640935733,0.7114016014684184,1.0006244693643405
rbs_holdout,2,log_translation_proxy,promoter_recognition,2371,24,2002066,0.3970859062787617,0.3017187946099755,0.5998452267554498,0.2027593204766881,0.7114016014684184,1.0131203960783939
rbs_holdout,2,log_translation_proxy,promoter_recognition,2371,25,2002067,0.418728601207518,0.31950277945746697,0.5998452267554498,0.18111662554793187,0.7114016014684184,1.0309043809258853
rbs_holdout,2,log_translation_proxy,promoter_recognition,2371,26,2002068,0.42129739483020645,0.3140075360904031,0.5998452267554498,0.1785478319252434,0.7114016014684184,1.0254091375588215
rbs_holdout,2,log_translation_proxy,promoter_recognition,2371,27,2002069,0.39356375964042944,0.3052787302350979,0.5998452267554498,0.20628146711502038,0.7114016014684184,1.0166803317035162
rbs_holdout,2,log_translation_proxy,promoter_recognition,2371,28,2002070,0.3994975044013888,0.29152746910452154,0.5998452267554498,0.200347722354061,0.7114016014684184,1.00292907057294
rbs_holdout,2,log_translation_proxy,promoter_recognition,2371,29,2002071,0.38920222757650524,0.3037272189354594,0.5998452267554498,0.2106429991789446,0.7114016014684184,1.0151288204038778
rbs_holdout,2,log_translation_proxy,rbs_recognition,2371,0,2102042,0.18657386614895893,0.14775058953886522,0.5998452267554498,0.4132713606064909,0.7114016014684184,0.8591521910072836
rbs_holdout,2,log_translation_proxy,rbs_recognition,2371,1,2102043,0.1001516580753064,0.10637205941223349,0.5998452267554498,0.4996935686801434,0.7114016014684184,0.8177736608806518
rbs_holdout,2,log_translation_proxy,rbs_recognition,2371,2,2102044,0.2317350899032401,0.1536920536351558,0.5998452267554498,0.3681101368522097,0.7114016014684184,0.8650936551035742
rbs_holdout,2,log_translation_proxy,rbs_recognition,2371,3,2102045,0.07949242034277093,0.0809004840241192,0.5998452267554498,0.5203528064126789,0.7114016014684184,0.7923020854925376
rbs_holdout,2,log_translation_proxy,rbs_recognition,2371,4,2102046,-0.00954534248417227,0.05831021028943151,0.5998452267554498,0.6093905692396221,0.7114016014684184,0.7697118117578499
rbs_holdout,2,log_translation_proxy,rbs_recognition,2371,5,2102047,0.11991849840012153,0.10771440269149579,0.5998452267554498,0.4799267283553283,0.7114016014684184,0.8191160041599141
rbs_holdout,2,log_translation_proxy,rbs_recognition,2371,6,2102048,0.12112735298287325,0.15546919665712366,0.5998452267554498,0.4787178737725766,0.7114016014684184,0.866870798125542
rbs_holdout,2,log_translation_proxy,rbs_recognition,2371,7,2102049,0.1965522400922129,0.17609005585479953,0.5998452267554498,0.40329298666323693,0.7114016014684184,0.8874916573232179
rbs_holdout,2,log_translation_proxy,rbs_recognition,2371,8,2102050,0.10891043478377904,0.09954865786759126,0.5998452267554498,0.4909347919716708,0.7114016014684184,0.8109502593360096
rbs_holdout,2,log_translation_proxy,rbs_recognition,2371,9,2102051,0.038937095068263594,0.061438719941568576,0.5998452267554498,0.5609081316871862,0.7114016014684184,0.7728403214099869
rbs_holdout,2,log_translation_proxy,rbs_recognition,2371,10,2102052,0.12144699525844077,0.11647460072776583,0.5998452267554498,0.47839823149700905,0.7114016014684184,0.8278762021961842
rbs_holdout,2,log_translation_proxy,rbs_recognition,2371,11,2102053,0.1745463593349854,0.11750321121905238,0.5998452267554498,0.4252988674204644,0.7114016014684184,0.8289048126874707
rbs_holdout,2,log_translation_proxy,rbs_recognition,2371,12,2102054,0.14893784670705124,0.166327947367232,0.5998452267554498,0.4509073800483986,0.7114016014684184,0.8777295488356504
rbs_holdout,2,log_translation_proxy,rbs_recognition,2371,13,2102055,0.08477029524012591,0.07797203876082881,0.5998452267554498,0.5150749315153239,0.7114016014684184,0.7893736402292472
rbs_holdout,2,log_translation_proxy,rbs_recognition,2371,14,2102056,0.1278231773957404,0.13652546937601073,0.5998452267554498,0.47202204935970943,0.7114016014684184,0.8479270708444291
rbs_holdout,2,log_translation_proxy,rbs_recognition,2371,15,2102057,0.0313981615542569,0.04118870931509733,0.5998452267554498,0.5684470652011929,0.7114016014684184,0.7525903107835157
rbs_holdout,2,log_translation_proxy,rbs_recognition,2371,16,2102058,0.18852775289879625,0.1386721750029265,0.5998452267554498,0.41131747385665357,0.7114016014684184,0.8500737764713449
rbs_holdout,2,log_translation_proxy,rbs_recognition,2371,17,2102059,0.07692176145487095,0.07478564673074406,0.5998452267554498,0.5229234653005789,0.7114016014684184,0.7861872481991624
rbs_holdout,2,log_translation_proxy,rbs_recognition,2371,18,2102060,0.031114866981570732,0.04081303791027169,0.5998452267554498,0.5687303597738791,0.7114016014684184,0.75221463937869
rbs_holdout,2,log_translation_proxy,rbs_recognition,2371,19,2102061,0.1440395194469945,0.13225836896762522,0.5998452267554498,0.4558057073084553,0.7114016014684184,0.8436599704360436
rbs_holdout,2,log_translation_proxy,rbs_recognition,2371,20,2102062,0.125472128841023,0.13608731238332816,0.5998452267554498,0.47437309791442683,0.7114016014684184,0.8474889138517465
rbs_holdout,2,log_translation_proxy,rbs_recognition,2371,21,2102063,0.15854661976772277,0.13744105212346192,0.5998452267554498,0.44129860698772705,0.7114016014684184,0.8488426535918803
rbs_holdout,2,log_translation_proxy,rbs_recognition,2371,22,2102064,0.16606739633940304,0.1739443976454168,0.5998452267554498,0.4337778304160468,0.7114016014684184,0.8853459991138352
rbs_holdout,2,log_translation_proxy,rbs_recognition,2371,23,2102065,0.069895946088944,0.13348408774747633,0.5998452267554498,0.5299492806665058,0.7114016014684184,0.8448856892158947
rbs_holdout,2,log_translation_proxy,rbs_recognition,2371,24,2102066,0.21888084467025648,0.15996217111572142,0.5998452267554498,0.38096438208519334,0.7114016014684184,0.8713637725841398
rbs_holdout,2,log_translation_proxy,rbs_recognition,2371,25,2102067,0.16928476223325706,0.1575634617166638,0.5998452267554498,0.43056046452219277,0.7114016014684184,0.8689650631850822
rbs_holdout,2,log_translation_proxy,rbs_recognition,2371,26,2102068,0.233048758619196,0.18155023265759995,0.5998452267554498,0.36679646813625383,0.7114016014684184,0.8929518341260183
rbs_holdout,2,log_translation_proxy,rbs_recognition,2371,27,2102069,0.06557755608365412,0.088628398657017,0.5998452267554498,0.5342676706717957,0.7114016014684184,0.8000300001254353
rbs_holdout,2,log_translation_proxy,rbs_recognition,2371,28,2102070,0.0756575107071501,0.08148251004327622,0.5998452267554498,0.5241877160482997,0.7114016014684184,0.7928841115116946
rbs_holdout,2,log_translation_proxy,rbs_recognition,2371,29,2102071,0.07501575072703559,0.07744484585554601,0.5998452267554498,0.5248294760284142,0.7114016014684184,0.7888464473239644
rbs_holdout,2,log_translation_proxy,transcript_accessibility,2371,0,2202042,0.18601004551535733,0.189886308156191,0.5998452267554498,0.4138351812400925,0.7114016014684184,0.9012879096246094
rbs_holdout,2,log_translation_proxy,transcript_accessibility,2371,1,2202043,0.21054318545490958,0.21687618423312516,0.5998452267554498,0.38930204130054025,0.7114016014684184,0.9282777857015435
rbs_holdout,2,log_translation_proxy,transcript_accessibility,2371,2,2202044,0.19266461231324555,0.19925613950191357,0.5998452267554498,0.40718061444220427,0.7114016014684184,0.9106577409703319
rbs_holdout,2,log_translation_proxy,transcript_accessibility,2371,3,2202045,0.18723778476149772,0.19908237009479401,0.5998452267554498,0.4126074419939521,0.7114016014684184,0.9104839715632124
rbs_holdout,2,log_translation_proxy,transcript_accessibility,2371,4,2202046,0.19605507917627923,0.19169955520590076,0.5998452267554498,0.4037901475791706,0.7114016014684184,0.9031011566743191
rbs_holdout,2,log_translation_proxy,transcript_accessibility,2371,5,2202047,0.2106477756022197,0.2114299224981303,0.5998452267554498,0.3891974511532301,0.7114016014684184,0.9228315239665487
rbs_holdout,2,log_translation_proxy,transcript_accessibility,2371,6,2202048,0.18333359489600448,0.1879127223824495,0.5998452267554498,0.41651163185944534,0.7114016014684184,0.8993143238508678
rbs_holdout,2,log_translation_proxy,transcript_accessibility,2371,7,2202049,0.1984617485134309,0.20033463590823075,0.5998452267554498,0.4013834782420189,0.7114016014684184,0.9117362373766491
rbs_holdout,2,log_translation_proxy,transcript_accessibility,2371,8,2202050,0.18237328319395596,0.19171645380826374,0.5998452267554498,0.41747194356149386,0.7114016014684184,0.9031180552766821
rbs_holdout,2,log_translation_proxy,transcript_accessibility,2371,9,2202051,0.19052059092443246,0.19736868479396386,0.5998452267554498,0.40932463583101736,0.7114016014684184,0.9087702862623822
rbs_holdout,2,log_translation_proxy,transcript_accessibility,2371,10,2202052,0.1855925827300282,0.18730862433047446,0.5998452267554498,0.4142526440254216,0.7114016014684184,0.8987102257988928
rbs_holdout,2,log_translation_proxy,transcript_accessibility,2371,11,2202053,0.19617871135585885,0.208487839798164,0.5998452267554498,0.403666515399591,0.7114016014684184,0.9198894412665823
rbs_holdout,2,log_translation_proxy,transcript_accessibility,2371,12,2202054,0.19191316028899374,0.19504867783551372,0.5998452267554498,0.4079320664664561,0.7114016014684184,0.9064502793039321
rbs_holdout,2,log_translation_proxy,transcript_accessibility,2371,13,2202055,0.18964358602525028,0.20073013884802005,0.5998452267554498,0.41020164073019955,0.7114016014684184,0.9121317403164384
rbs_holdout,2,log_translation_proxy,transcript_accessibility,2371,14,2202056,0.18283345416568814,0.19942887531582898,0.5998452267554498,0.4170117725897617,0.7114016014684184,0.9108304767842473
rbs_holdout,2,log_translation_proxy,transcript_accessibility,2371,15,2202057,0.1965482366524935,0.2042734791856463,0.5998452267554498,0.40329699010295633,0.7114016014684184,0.9156750806540647
rbs_holdout,2,log_translation_proxy,transcript_accessibility,2371,16,2202058,0.2022784957771403,0.2145924755920482,0.5998452267554498,0.3975667309783095,0.7114016014684184,0.9259940770604665
rbs_holdout,2,log_translation_proxy,transcript_accessibility,2371,17,2202059,0.19358990753001704,0.19677018512682265,0.5998452267554498,0.4062553192254328,0.7114016014684184,0.908171786595241
rbs_holdout,2,log_translation_proxy,transcript_accessibility,2371,18,2202060,0.19696602291141213,0.21078011792615903,0.5998452267554498,0.4028792038440377,0.7114016014684184,0.9221817193945774
rbs_holdout,2,log_translation_proxy,transcript_accessibility,2371,19,2202061,0.20622120312733888,0.2117241201007709,0.5998452267554498,0.39362402362811094,0.7114016014684184,0.9231257215691893
rbs_holdout,2,log_translation_proxy,transcript_accessibility,2371,20,2202062,0.21286834201057037,0.21354801530298206,0.5998452267554498,0.38697688474487946,0.7114016014684184,0.9249496167714004
rbs_holdout,2,log_translation_proxy,transcript_accessibility,2371,21,2202063,0.1999260787176026,0.2048299379245504,0.5998452267554498,0.3999191480378472,0.7114016014684184,0.9162315393929688
rbs_holdout,2,log_translation_proxy,transcript_accessibility,2371,22,2202064,0.2005402798307852,0.2037117715396467,0.5998452267554498,0.3993049469246646,0.7114016014684184,0.9151133730080651
rbs_holdout,2,log_translation_proxy,transcript_accessibility,2371,23,2202065,0.18118552081481853,0.1900337767713962,0.5998452267554498,0.4186597059406313,0.7114016014684184,0.9014353782398146
rbs_holdout,2,log_translation_proxy,transcript_accessibility,2371,24,2202066,0.18737208214475448,0.18760527848520436,0.5998452267554498,0.41247314461069534,0.7114016014684184,0.8990068799536227
rbs_holdout,2,log_translation_proxy,transcript_accessibility,2371,25,2202067,0.1918746220994143,0.1989390546241141,0.5998452267554498,0.4079706046560355,0.7114016014684184,0.9103406560925325
rbs_holdout,2,log_translation_proxy,transcript_accessibility,2371,26,2202068,0.19515970890458878,0.201198344361882,0.5998452267554498,0.40468551785086104,0.7114016014684184,0.9125999458303004
rbs_holdout,2,log_translation_proxy,transcript_accessibility,2371,27,2202069,0.21171169954685548,0.22035794928786157,0.5998452267554498,0.38813352720859434,0.7114016014684184,0.9317595507562799
rbs_holdout,2,log_translation_proxy,transcript_accessibility,2371,28,2202070,0.2140760945372519,0.20177744066093162,0.5998452267554498,0.3857691322181979,0.7114016014684184,0.91317904212935
rbs_holdout,2,log_translation_proxy,transcript_accessibility,2371,29,2202071,0.21235045819190457,0.22064661335463454,0.5998452267554498,0.38749476856354526,0.7114016014684184,0.9320482148230529
rbs_holdout,2,log_prot,promoter_recognition,2371,0,2012042,0.6929541735900338,0.943238562588225,0.7559520078187805,0.06299783422874672,0.8981232275369814,1.8413617901252064
rbs_holdout,2,log_prot,promoter_recognition,2371,1,2012043,0.5504114793431331,0.7656534895836714,0.7559520078187805,0.20554052847564738,0.8981232275369814,1.6637767171206528
rbs_holdout,2,log_prot,promoter_recognition,2371,2,2012044,0.5740659016144243,0.8068403085117227,0.7559520078187805,0.18188610620435613,0.8981232275369814,1.704963536048704
rbs_holdout,2,log_prot,promoter_recognition,2371,3,2012045,0.4616654061196027,0.6690139657355637,0.7559520078187805,0.29428660169917775,0.8981232275369814,1.567137193272545
rbs_holdout,2,log_prot,promoter_recognition,2371,4,2012046,0.5734120078643618,0.7882459955194635,0.7559520078187805,0.1825399999544187,0.8981232275369814,1.6863692230564449
rbs_holdout,2,log_prot,promoter_recognition,2371,5,2012047,0.5755603961509952,0.8040641712013351,0.7559520078187805,0.18039161166778522,0.8981232275369814,1.7021873987383165
rbs_holdout,2,log_prot,promoter_recognition,2371,6,2012048,0.619760141155284,0.8633884357312845,0.7559520078187805,0.13619186666349653,0.8981232275369814,1.761511663268266
rbs_holdout,2,log_prot,promoter_recognition,2371,7,2012049,0.6124956457452129,0.840767824894881,0.7559520078187805,0.1434563620735676,0.8981232275369814,1.7388910524318624
rbs_holdout,2,log_prot,promoter_recognition,2371,8,2012050,0.6148958804088434,0.8678924588526392,0.7559520078187805,0.14105612740993714,0.8981232275369814,1.7660156863896206
rbs_holdout,2,log_prot,promoter_recognition,2371,9,2012051,0.5372253508196554,0.7500152842068207,0.7559520078187805,0.21872665699912508,0.8981232275369814,1.648138511743802
rbs_holdout,2,log_prot,promoter_recognition,2371,10,2012052,0.5708131982842319,0.7603933576044871,0.7559520078187805,0.1851388095345486,0.8981232275369814,1.6585165851414685
rbs_holdout,2,log_prot,promoter_recognition,2371,11,2012053,0.7042334493132515,0.9388861902036535,0.7559520078187805,0.051718558505529026,0.8981232275369814,1.8370094177406349
rbs_holdout,2,log_prot,promoter_recognition,2371,12,2012054,0.658138533384522,0.9212738531922501,0.7559520078187805,0.09781347443425852,0.8981232275369814,1.8193970807292315
rbs_holdout,2,log_prot,promoter_recognition,2371,13,2012055,0.5676352951428701,0.8002553464500436,0.7559520078187805,0.18831671267591035,0.8981232275369814,1.698378573987025
rbs_holdout,2,log_prot,promoter_recognition,2371,14,2012056,0.5168826954600986,0.747260327151834,0.7559520078187805,0.2390693123586819,0.8981232275369814,1.6453835546888154
rbs_holdout,2,log_prot,promoter_recognition,2371,15,2012057,0.5671349976092496,0.7963165494797474,0.7559520078187805,0.1888170102095309,0.8981232275369814,1.6944397770167288
rbs_holdout,2,log_prot,promoter_recognition,2371,16,2012058,0.575426392010739,0.8130034452842904,0.7559520078187805,0.18052561580804144,0.8981232275369814,1.7111266728212717
rbs_holdout,2,log_prot,promoter_recognition,2371,17,2012059,0.5735378336803314,0.7956652499379037,0.7559520078187805,0.18241417413844904,0.8981232275369814,1.693788477474885
rbs_holdout,2,log_prot,promoter_recognition,2371,18,2012060,0.6023058464632347,0.812720515248618,0.7559520078187805,0.15364616135554582,0.8981232275369814,1.7108437427855994
rbs_holdout,2,log_prot,promoter_recognition,2371,19,2012061,0.6056082023151983,0.8446276603000883,0.7559520078187805,0.15034380550358215,0.8981232275369814,1.7427508878370697
rbs_holdout,2,log_prot,promoter_recognition,2371,20,2012062,0.6038662744811878,0.8156428035438444,0.7559520078187805,0.1520857333375927,0.8981232275369814,1.7137660310808258
rbs_holdout,2,log_prot,promoter_recognition,2371,21,2012063,0.47106227774061127,0.6936046535095598,0.7559520078187805,0.2848897300781692,0.8981232275369814,1.5917278810465412
rbs_holdout,2,log_prot,promoter_recognition,2371,22,2012064,0.600945689751111,0.8061405715213111,0.7559520078187805,0.15500631806766949,0.8981232275369814,1.7042637990582925
rbs_holdout,2,log_prot,promoter_recognition,2371,23,2012065,0.6580820359717804,0.9140300746034801,0.7559520078187805,0.0978699718470001,0.8981232275369814,1.8121533021404614
rbs_holdout,2,log_prot,promoter_recognition,2371,24,2012066,0.6094677637090026,0.8532278484699088,0.7559520078187805,0.14648424410977792,0.8981232275369814,1.7513510760068902
rbs_holdout,2,log_prot,promoter_recognition,2371,25,2012067,0.5569348671224139,0.79028817284532,0.7559520078187805,0.19901714069636658,0.8981232275369814,1.6884114003823014
rbs_holdout,2,log_prot,promoter_recognition,2371,26,2012068,0.5671263213352147,0.8053082888405679,0.7559520078187805,0.18882568648356585,0.8981232275369814,1.7034315163775493
rbs_holdout,2,log_prot,promoter_recognition,2371,27,2012069,0.6819158224777078,0.8904316172840615,0.7559520078187805,0.07403618534107265,0.8981232275369814,1.7885548448210429
rbs_holdout,2,log_prot,promoter_recognition,2371,28,2012070,0.5846117045593037,0.8319205595932612,0.7559520078187805,0.17134030325947683,0.8981232275369814,1.7300437871302425
rbs_holdout,2,log_prot,promoter_recognition,2371,29,2012071,0.5540242828555437,0.8037495310761572,0.7559520078187805,0.20192772496323674,0.8981232275369814,1.7018727586131386
rbs_holdout,2,log_prot,rbs_recognition,2371,0,2112042,0.043302808036040585,0.04342781244988081,0.7559520078187805,0.7126491997827399,0.8981232275369814,0.9415510399868622
rbs_holdout,2,log_prot,rbs_recognition,2371,1,2112043,0.028836983890307866,0.06102047869188265,0.7559520078187805,0.7271150239284726,0.8981232275369814,0.959143706228864
rbs_holdout,2,log_prot,rbs_recognition,2371,2,2112044,0.20380668904873323,0.27860168962669885,0.7559520078187805,0.5521453187700472,0.8981232275369814,1.1767249171636802
rbs_holdout,2,log_prot,rbs_recognition,2371,3,2112045,0.20546819210358347,0.31960054021179485,0.7559520078187805,0.550483815715197,0.8981232275369814,1.2177237677487762
rbs_holdout,2,log_prot,rbs_recognition,2371,4,2112046,0.10302879867034642,0.15303758752223995,0.7559520078187805,0.652923209148434,0.8981232275369814,1.0511608150592213
rbs_holdout,2,log_prot,rbs_recognition,2371,5,2112047,0.09346821648937531,0.1451552651809379,0.7559520078187805,0.6624837913294052,0.8981232275369814,1.0432784927179193
rbs_holdout,2,log_prot,rbs_recognition,2371,6,2112048,0.06783581697168939,0.12656959351974806,0.7559520078187805,0.6881161908470911,0.8981232275369814,1.0246928210567294
rbs_holdout,2,log_prot,rbs_recognition,2371,7,2112049,0.12515320947282227,0.1730441884567796,0.7559520078187805,0.6307987983459582,0.8981232275369814,1.071167415993761
rbs_holdout,2,log_prot,rbs_recognition,2371,8,2112050,0.09381649326158004,0.14768272590783893,0.7559520078187805,0.6621355145572004,0.8981232275369814,1.0458059534448203
rbs_holdout,2,log_prot,rbs_recognition,2371,9,2112051,0.1624571279774747,0.24540319142997025,0.7559520078187805,0.5934948798413058,0.8981232275369814,1.1435264189669516
rbs_holdout,2,log_prot,rbs_recognition,2371,10,2112052,0.04544165188011051,0.11362627021823302,0.7559520078187805,0.71051035593867,0.8981232275369814,1.0117494977552144
rbs_holdout,2,log_prot,rbs_recognition,2371,11,2112053,0.014888663104998145,0.013212304219441529,0.7559520078187805,0.7410633447137823,0.8981232275369814,0.9113355317564229
rbs_holdout,2,log_prot,rbs_recognition,2371,12,2112054,0.186655172078796,0.2610716229645452,0.7559520078187805,0.5692968357399845,0.8981232275369814,1.1591948505015266
rbs_holdout,2,log_prot,rbs_recognition,2371,13,2112055,0.19836673149580186,0.305257633339414,0.7559520078187805,0.5575852763229786,0.8981232275369814,1.2033808608763954
rbs_holdout,2,log_prot,rbs_recognition,2371,14,2112056,0.08812489343972785,0.14338772230766905,0.7559520078187805,0.6678271143790526,0.8981232275369814,1.0415109498446504
rbs_holdout,2,log_prot,rbs_recognition,2371,15,2112057,0.1284786334840633,0.2263611620889604,0.7559520078187805,0.6274733743347172,0.8981232275369814,1.1244843896259418
rbs_holdout,2,log_prot,rbs_recognition,2371,16,2112058,0.1491878808638989,0.2897704303690537,0.7559520078187805,0.6067641269548816,0.8981232275369814,1.187893657906035
rbs_holdout,2,log_prot,rbs_recognition,2371,17,2112059,0.17393585154216407,0.26614827621611215,0.7559520078187805,0.5820161562766164,0.8981232275369814,1.1642715037530935
rbs_holdout,2,log_prot,rbs_recognition,2371,18,2112060,0.06118878946439499,0.11625726960101945,0.7559520078187805,0.6947632183543855,0.8981232275369814,1.0143804971380008
rbs_holdout,2,log_prot,rbs_recognition,2371,19,2112061,0.04415552803957057,0.06512090844175777,0.7559520078187805,0.7117964797792099,0.8981232275369814,0.9632441359787391
rbs_holdout,2,log_prot,rbs_recognition,2371,20,2112062,0.051166740469898775,0.14245381340066332,0.7559520078187805,0.7047852673488817,0.8981232275369814,1.0405770409376447
rbs_holdout,2,log_prot,rbs_recognition,2371,21,2112063,0.1692185363447195,0.26226636454156493,0.7559520078187805,0.586733471474061,0.8981232275369814,1.1603895920785463
rbs_holdout,2,log_prot,rbs_recognition,2371,22,2112064,0.10371805889032848,0.18304863647933634,0.7559520078187805,0.652233948928452,0.8981232275369814,1.0811718640163177
rbs_holdout,2,log_prot,rbs_recognition,2371,23,2112065,0.05629906532869122,0.06749202000127197,0.7559520078187805,0.6996529424900892,0.8981232275369814,0.9656152475382533
rbs_holdout,2,log_prot,rbs_recognition,2371,24,2112066,0.15343763481928496,0.30313353902865126,0.7559520078187805,0.6025143729994955,0.8981232275369814,1.2012567665656326
rbs_holdout,2,log_prot,rbs_recognition,2371,25,2112067,0.10070739907852144,0.1636082668644493,0.7559520078187805,0.655244608740259,0.8981232275369814,1.0617314944014307
rbs_holdout,2,log_prot,rbs_recognition,2371,26,2112068,0.14462920749290398,0.20903790633003505,0.7559520078187805,0.6113228003258765,0.8981232275369814,1.1071611338670164
rbs_holdout,2,log_prot,rbs_recognition,2371,27,2112069,0.13939606103231827,0.2572413405461057,0.7559520078187805,0.6165559467864622,0.8981232275369814,1.155364568083087
rbs_holdout,2,log_prot,rbs_recognition,2371,28,2112070,0.17574219714846784,0.2454453497283794,0.7559520078187805,0.5802098106703126,0.8981232275369814,1.1435685772653608
rbs_holdout,2,log_prot,rbs_recognition,2371,29,2112071,0.1557445435008039,0.24172986060649537,0.7559520078187805,0.6002074643179766,0.8981232275369814,1.1398530881434767
rbs_holdout,2,log_prot,transcript_accessibility,2371,0,2212042,0.1313579353793013,0.2236127421140489,0.7559520078187805,0.6245940724394792,0.8981232275369814,1.1217359696510303
rbs_holdout,2,log_prot,transcript_accessibility,2371,1,2212043,0.13532826806365916,0.2205612858153897,0.7559520078187805,0.6206237397551213,0.8981232275369814,1.118684513352371
rbs_holdout,2,log_prot,transcript_accessibility,2371,2,2212044,0.14135220335513832,0.2334315053114736,0.7559520078187805,0.6145998044636422,0.8981232275369814,1.131554732848455
rbs_holdout,2,log_prot,transcript_accessibility,2371,3,2212045,0.1304493121820759,0.2155412170045813,0.7559520078187805,0.6255026956367046,0.8981232275369814,1.1136644445415627
rbs_holdout,2,log_prot,transcript_accessibility,2371,4,2212046,0.1292214456635835,0.21854728122224165,0.7559520078187805,0.626730562155197,0.8981232275369814,1.116670508759223
rbs_holdout,2,log_prot,transcript_accessibility,2371,5,2212047,0.12707420169987382,0.2226303360722547,0.7559520078187805,0.6288778061189066,0.8981232275369814,1.120753563609236
rbs_holdout,2,log_prot,transcript_accessibility,2371,6,2212048,0.1277857935565282,0.21884169522659536,0.7559520078187805,0.6281662142622523,0.8981232275369814,1.1169649227635767
rbs_holdout,2,log_prot,transcript_accessibility,2371,7,2212049,0.13178425883795764,0.21757056729595192,0.7559520078187805,0.6241677489808228,0.8981232275369814,1.1156937948329333
rbs_holdout,2,log_prot,transcript_accessibility,2371,8,2212050,0.13315230650545018,0.22033480309415798,0.7559520078187805,0.6227997013133303,0.8981232275369814,1.1184580306311394
rbs_holdout,2,log_prot,transcript_accessibility,2371,9,2212051,0.1293338452227546,0.21567145272465027,0.7559520078187805,0.6266181625960259,0.8981232275369814,1.1137946802616316
rbs_holdout,2,log_prot,transcript_accessibility,2371,10,2212052,0.13742730080587995,0.22649126285724008,0.7559520078187805,0.6185247070129005,0.8981232275369814,1.1246144903942215
rbs_holdout,2,log_prot,transcript_accessibility,2371,11,2212053,0.13019283356968048,0.2205656572009601,0.7559520078187805,0.6257591742491,0.8981232275369814,1.1186888847379415
rbs_holdout,2,log_prot,transcript_accessibility,2371,12,2212054,0.13725043871380982,0.22547611307349735,0.7559520078187805,0.6187015691049707,0.8981232275369814,1.1235993406104787
rbs_holdout,2,log_prot,transcript_accessibility,2371,13,2212055,0.12088088628823335,0.20633079208505756,0.7559520078187805,0.6350711215305471,0.8981232275369814,1.104454019622039
rbs_holdout,2,log_prot,transcript_accessibility,2371,14,2212056,0.13000964805360904,0.2213344022688012,0.7559520078187805,0.6259423597651714,0.8981232275369814,1.1194576298057826
rbs_holdout,2,log_prot,transcript_accessibility,2371,15,2212057,0.12305882864890683,0.21607656529984276,0.7559520078187805,0.6328931791698736,0.8981232275369814,1.1141997928368241
rbs_holdout,2,log_prot,transcript_accessibility,2371,16,2212058,0.13071882679807523,0.2324098714367996,0.7559520078187805,0.6252331810207052,0.8981232275369814,1.130533098973781
rbs_holdout,2,log_prot,transcript_accessibility,2371,17,2212059,0.13275946429567242,0.22127385156966117,0.7559520078187805,0.623192543523108,0.8981232275369814,1.1193970791066425
rbs_holdout,2,log_prot,transcript_accessibility,2371,18,2212060,0.12918710372828734,0.221527145252005,0.7559520078187805,0.6267649040904931,0.8981232275369814,1.1196503727889864
rbs_holdout,2,log_prot,transcript_accessibility,2371,19,2212061,0.1348413344833046,0.21770414543820527,0.7559520078187805,0.6211106733354759,0.8981232275369814,1.1158273729751866
rbs_holdout,2,log_prot,transcript_accessibility,2371,20,2212062,0.12452857510742255,0.21393721385101372,0.7559520078187805,0.6314234327113579,0.8981232275369814,1.112060441387995
rbs_holdout,2,log_prot,transcript_accessibility,2371,21,2212063,0.12677871596658385,0.2154214794088013,0.7559520078187805,0.6291732918521966,0.8981232275369814,1.1135447069457827
rbs_holdout,2,log_prot,transcript_accessibility,2371,22,2212064,0.13407308031755427,0.22369045520112085,0.7559520078187805,0.6218789275012262,0.8981232275369814,1.1218136827381022
rbs_holdout,2,log_prot,transcript_accessibility,2371,23,2212065,0.13611115736302304,0.2236057281167968,0.7559520078187805,0.6198408504557574,0.8981232275369814,1.1217289556537782
rbs_holdout,2,log_prot,transcript_accessibility,2371,24,2212066,0.1288596349866158,0.2080977184400311,0.7559520078187805,0.6270923728321647,0.8981232275369814,1.1062209459770125
rbs_holdout,2,log_prot,transcript_accessibility,2371,25,2212067,0.13481131893863174,0.22180781397374238,0.7559520078187805,0.6211406888801487,0.8981232275369814,1.1199310415107238
rbs_holdout,2,log_prot,transcript_accessibility,2371,26,2212068,0.12494138762508888,0.21376467323857706,0.7559520078187805,0.6310106201936916,0.8981232275369814,1.1118879007755584
rbs_holdout,2,log_prot,transcript_accessibility,2371,27,2212069,0.12259747452582648,0.21024473782948194,0.7559520078187805,0.633354533292954,0.8981232275369814,1.1083679653664633
rbs_holdout,2,log_prot,transcript_accessibility,2371,28,2212070,0.12958736696839046,0.22066310318769278,0.7559520078187805,0.62636464085039,0.8981232275369814,1.1187863307246741
rbs_holdout,2,log_prot,transcript_accessibility,2371,29,2212071,0.12448186859701871,0.20579767674633287,0.7559520078187805,0.6314701392217618,0.8981232275369814,1.1039209042833142
rbs_holdout,3,log_translation_proxy,promoter_recognition,2245,0,2003042,0.39980470728212636,0.24245525418104086,0.5802056488617997,0.18040094157967332,0.7283601790270053,0.9708154332080462
rbs_holdout,3,log_translation_proxy,promoter_recognition,2245,1,2003043,0.39203737539925776,0.23429608290609671,0.5802056488617997,0.18816827346254192,0.7283601790270053,0.962656261933102
rbs_holdout,3,log_translation_proxy,promoter_recognition,2245,2,2003044,0.26295629418339106,0.16339200751036065,0.5802056488617997,0.31724935467840865,0.7283601790270053,0.891752186537366
rbs_holdout,3,log_translation_proxy,promoter_recognition,2245,3,2003045,0.4182217816490348,0.24699629928480715,0.5802056488617997,0.16198386721276495,0.7283601790270053,0.9753564783118125
rbs_holdout,3,log_translation_proxy,promoter_recognition,2245,4,2003046,0.3489866064843272,0.22585181580643832,0.5802056488617997,0.23121904237747246,0.7283601790270053,0.9542119948334437
rbs_holdout,3,log_translation_proxy,promoter_recognition,2245,5,2003047,0.3178447266115386,0.20518077582933947,0.5802056488617997,0.2623609222502611,0.7283601790270053,0.9335409548563448
rbs_holdout,3,log_translation_proxy,promoter_recognition,2245,6,2003048,0.31097021042493805,0.20179143867336757,0.5802056488617997,0.26923543843686165,0.7283601790270053,0.9301516177003729
rbs_holdout,3,log_translation_proxy,promoter_recognition,2245,7,2003049,0.33786690859031854,0.20274905488085326,0.5802056488617997,0.24233874027148117,0.7283601790270053,0.9311092339078586
rbs_holdout,3,log_translation_proxy,promoter_recognition,2245,8,2003050,0.37015572892754445,0.23296876153651902,0.5802056488617997,0.21004991993425526,0.7283601790270053,0.9613289405635244
rbs_holdout,3,log_translation_proxy,promoter_recognition,2245,9,2003051,0.37148227432170344,0.22971243879717895,0.5802056488617997,0.2087233745400963,0.7283601790270053,0.9580726178241843
rbs_holdout,3,log_translation_proxy,promoter_recognition,2245,10,2003052,0.3677420645763172,0.2262536190270623,0.5802056488617997,0.21246358428548248,0.7283601790270053,0.9546137980540677
rbs_holdout,3,log_translation_proxy,promoter_recognition,2245,11,2003053,0.33629693959056234,0.22124110786466478,0.5802056488617997,0.24390870927123737,0.7283601790270053,0.9496012868916701
rbs_holdout,3,log_translation_proxy,promoter_recognition,2245,12,2003054,0.3653302271425216,0.22846661454544115,0.5802056488617997,0.21487542171927812,0.7283601790270053,0.9568267935724465
rbs_holdout,3,log_translation_proxy,promoter_recognition,2245,13,2003055,0.3552102065543351,0.22408138073693673,0.5802056488617997,0.22499544230746457,0.7283601790270053,0.9524415597639421
rbs_holdout,3,log_translation_proxy,promoter_recognition,2245,14,2003056,0.3328505219292788,0.21721433405057322,0.5802056488617997,0.24735512693252096,0.7283601790270053,0.9455745130775786
rbs_holdout,3,log_translation_proxy,promoter_recognition,2245,15,2003057,0.4108934805063725,0.25856171136570716,0.5802056488617997,0.16931216835542723,0.7283601790270053,0.9869218903927125
rbs_holdout,3,log_translation_proxy,promoter_recognition,2245,16,2003058,0.31450242650941124,0.20989861534006726,0.5802056488617997,0.26570322235238847,0.7283601790270053,0.9382587943670726
rbs_holdout,3,log_translation_proxy,promoter_recognition,2245,17,2003059,0.3973464273029812,0.257040306085347,0.5802056488617997,0.18285922155881854,0.7283601790270053,0.9854004851123523
rbs_holdout,3,log_translation_proxy,promoter_recognition,2245,18,2003060,0.37886943022349984,0.23992929928283246,0.5802056488617997,0.20133621863829984,0.7283601790270053,0.9682894783098378
rbs_holdout,3,log_translation_proxy,promoter_recognition,2245,19,2003061,0.3918000931975021,0.23449866374667738,0.5802056488617997,0.1884055556642976,0.7283601790270053,0.9628588427736827
rbs_holdout,3,log_translation_proxy,promoter_recognition,2245,20,2003062,0.3704407459900294,0.23345874679219336,0.5802056488617997,0.2097649028717703,0.7283601790270053,0.9618189258191987
rbs_holdout,3,log_translation_proxy,promoter_recognition,2245,21,2003063,0.334171661841994,0.21901909202667036,0.5802056488617997,0.2460339870198057,0.7283601790270053,0.9473792710536757
rbs_holdout,3,log_translation_proxy,promoter_recognition,2245,22,2003064,0.3305887473136727,0.20625203025047523,0.5802056488617997,0.249616901548127,0.7283601790270053,0.9346122092774806
rbs_holdout,3,log_translation_proxy,promoter_recognition,2245,23,2003065,0.35784412008264127,0.2172239776350846,0.5802056488617997,0.22236152877915843,0.7283601790270053,0.94558415666209
rbs_holdout,3,log_translation_proxy,promoter_recognition,2245,24,2003066,0.2863616857673521,0.16822173241663796,0.5802056488617997,0.2938439630944476,0.7283601790270053,0.8965819114436433
rbs_holdout,3,log_translation_proxy,promoter_recognition,2245,25,2003067,0.36976831627146844,0.222725808235948,0.5802056488617997,0.21043733259033126,0.7283601790270053,0.9510859872629533
rbs_holdout,3,log_translation_proxy,promoter_recognition,2245,26,2003068,0.34718228840507404,0.23284163944242986,0.5802056488617997,0.23302336045672564,0.7283601790270053,0.9612018184694352
rbs_holdout,3,log_translation_proxy,promoter_recognition,2245,27,2003069,0.3898196084547002,0.23763017448967227,0.5802056488617997,0.19038604040709953,0.7283601790270053,0.9659903535166776
rbs_holdout,3,log_translation_proxy,promoter_recognition,2245,28,2003070,0.39454765467311836,0.23667287920608104,0.5802056488617997,0.1856579941886813,0.7283601790270053,0.9650330582330864
rbs_holdout,3,log_translation_proxy,promoter_recognition,2245,29,2003071,0.2926833289380888,0.18978900075321814,0.5802056488617997,0.2875223199237109,0.7283601790270053,0.9181491797802235
rbs_holdout,3,log_translation_proxy,rbs_recognition,2245,0,2103042,0.12335425467378536,0.07991702017725955,0.5802056488617997,0.45685139418801435,0.7283601790270053,0.8082771992042649
rbs_holdout,3,log_translation_proxy,rbs_recognition,2245,1,2103043,0.06420175589910115,0.042288894395270726,0.5802056488617997,0.5160038929626986,0.7283601790270053,0.7706490734222761
rbs_holdout,3,log_translation_proxy,rbs_recognition,2245,2,2103044,0.132020384150434,0.08193864673235363,0.5802056488617997,0.4481852647113657,0.7283601790270053,0.810298825759359
rbs_holdout,3,log_translation_proxy,rbs_recognition,2245,3,2103045,0.14432274671881207,0.08098508633318657,0.5802056488617997,0.43588290214298764,0.7283601790270053,0.8093452653601919
rbs_holdout,3,log_translation_proxy,rbs_recognition,2245,4,2103046,0.20793719855544746,0.10920575109897868,0.5802056488617997,0.37226845030635225,0.7283601790270053,0.837565930125984
rbs_holdout,3,log_translation_proxy,rbs_recognition,2245,5,2103047,0.12453595059186179,0.07260255924569214,0.5802056488617997,0.4556696982699379,0.7283601790270053,0.8009627382726975
rbs_holdout,3,log_translation_proxy,rbs_recognition,2245,6,2103048,0.17945630032372661,0.1069068784360836,0.5802056488617997,0.4007493485380731,0.7283601790270053,0.8352670574630889
rbs_holdout,3,log_translation_proxy,rbs_recognition,2245,7,2103049,0.29542990200331387,0.1663534214688276,0.5802056488617997,0.28477574685848583,0.7283601790270053,0.8947136004958329
rbs_holdout,3,log_translation_proxy,rbs_recognition,2245,8,2103050,0.1038284858085437,0.07811573649821923,0.5802056488617997,0.476377163053256,0.7283601790270053,0.8064759155252246
rbs_holdout,3,log_translation_proxy,rbs_recognition,2245,9,2103051,0.24466982239062035,0.14210936725850754,0.5802056488617997,0.33553582647117935,0.7283601790270053,0.8704695462855129
rbs_holdout,3,log_translation_proxy,rbs_recognition,2245,10,2103052,-0.026856610708973827,-0.012747438200367056,0.5802056488617997,0.6070622595707735,0.7283601790270053,0.7156127408266383
rbs_holdout,3,log_translation_proxy,rbs_recognition,2245,11,2103053,0.19241768140962545,0.14457371957851084,0.5802056488617997,0.38778796745217425,0.7283601790270053,0.8729338986055162
rbs_holdout,3,log_translation_proxy,rbs_recognition,2245,12,2103054,-0.05137356015616201,-0.02711226468579253,0.5802056488617997,0.6315792090179617,0.7283601790270053,0.7012479143412128
rbs_holdout,3,log_translation_proxy,rbs_recognition,2245,13,2103055,0.0816675438802732,0.06624027588891701,0.5802056488617997,0.4985381049815265,0.7283601790270053,0.7946004549159223
rbs_holdout,3,log_translation_proxy,rbs_recognition,2245,14,2103056,0.23266767622202794,0.13876402556026168,0.5802056488617997,0.34753797263977176,0.7283601790270053,0.867124204587267
rbs_holdout,3,log_translation_proxy,rbs_recognition,2245,15,2103057,0.19001540977386172,0.13273280569078272,0.5802056488617997,0.390190239087938,0.7283601790270053,0.8610929847177881
rbs_holdout,3,log_translation_proxy,rbs_recognition,2245,16,2103058,0.2274480563587058,0.12553579850119423,0.5802056488617997,0.3527575925030939,0.7283601790270053,0.8538959775281996
rbs_holdout,3,log_translation_proxy,rbs_recognition,2245,17,2103059,0.2507608443176979,0.15290899375688982,0.5802056488617997,0.3294448045441018,0.7283601790270053,0.8812691727838952
rbs_holdout,3,log_translation_proxy,rbs_recognition,2245,18,2103060,0.19264827051245553,0.11782624797811303,0.5802056488617997,0.3875573783493442,0.7283601790270053,0.8461864270051184
rbs_holdout,3,log_translation_proxy,rbs_recognition,2245,19,2103061,-0.022194424132231827,-0.045568732039100945,0.5802056488617997,0.6024000729940315,0.7283601790270053,0.6827914469879044
rbs_holdout,3,log_translation_proxy,rbs_recognition,2245,20,2103062,0.13304662488986052,0.09103084312869736,0.5802056488617997,0.4471590239719392,0.7283601790270053,0.8193910221557027
rbs_holdout,3,log_translation_proxy,rbs_recognition,2245,21,2103063,0.1795013687276535,0.1113105449517775,0.5802056488617997,0.4007042801341462,0.7283601790270053,0.8396707239787828
rbs_holdout,3,log_translation_proxy,rbs_recognition,2245,22,2103064,0.24801189356931802,0.142572652786369,0.5802056488617997,0.3321937552924817,0.7283601790270053,0.8709328318133743
rbs_holdout,3,log_translation_proxy,rbs_recognition,2245,23,2103065,0.16483390128264785,0.0915685803913534,0.5802056488617997,0.41537174757915185,0.7283601790270053,0.8199287594183587
rbs_holdout,3,log_translation_proxy,rbs_recognition,2245,24,2103066,0.07480726182150799,0.05102944864418768,0.5802056488617997,0.5053983870402917,0.7283601790270053,0.779389627671193
rbs_holdout,3,log_translation_proxy,rbs_recognition,2245,25,2103067,0.39872521271418926,0.2286115016402439,0.5802056488617997,0.18148043614761047,0.7283601790270053,0.9569716806672492
rbs_holdout,3,log_translation_proxy,rbs_recognition,2245,26,2103068,0.07687786191384305,0.05039227425898374,0.5802056488617997,0.5033277869479567,0.7283601790270053,0.7787524532859891
rbs_holdout,3,log_translation_proxy,rbs_recognition,2245,27,2103069,0.07793754493464466,0.023140683991464073,0.5802056488617997,0.502268103927155,0.7283601790270053,0.7515008630184694
rbs_holdout,3,log_translation_proxy,rbs_recognition,2245,28,2103070,-0.030205046192172014,-0.011414752259866656,0.5802056488617997,0.6104106950539717,0.7283601790270053,0.7169454267671387
rbs_holdout,3,log_translation_proxy,rbs_recognition,2245,29,2103071,0.2411144956962324,0.10802720648046371,0.5802056488617997,0.3390911531655673,0.7283601790270053,0.836387385507469
rbs_holdout,3,log_translation_proxy,transcript_accessibility,2245,0,2203042,0.07551163114795834,0.061600489866387664,0.5802056488617997,0.5046940177138414,0.7283601790270053,0.789960668893393
rbs_holdout,3,log_translation_proxy,transcript_accessibility,2245,1,2203043,0.10282157773562867,0.08536133129346668,0.5802056488617997,0.47738407112617104,0.7283601790270053,0.813721510320472
rbs_holdout,3,log_translation_proxy,transcript_accessibility,2245,2,2203044,0.0903263685117825,0.08243633722578869,0.5802056488617997,0.4898792803500172,0.7283601790270053,0.810796516252794
rbs_holdout,3,log_translation_proxy,transcript_accessibility,2245,3,2203045,0.10200733672994255,0.08332081789439294,0.5802056488617997,0.47819831213185715,0.7283601790270053,0.8116809969213983
rbs_holdout,3,log_translation_proxy,transcript_accessibility,2245,4,2203046,0.11774439192620556,0.09378959698985001,0.5802056488617997,0.46246125693559414,0.7283601790270053,0.8221497760168553
rbs_holdout,3,log_translation_proxy,transcript_accessibility,2245,5,2203047,0.10226669267020344,0.08715700533550119,0.5802056488617997,0.47793895619159626,0.7283601790270053,0.8155171843625065
rbs_holdout,3,log_translation_proxy,transcript_accessibility,2245,6,2203048,0.08924391238148999,0.07262629880250926,0.5802056488617997,0.4909617364803097,0.7283601790270053,0.8009864778295146
rbs_holdout,3,log_translation_proxy,transcript_accessibility,2245,7,2203049,0.08975467673287763,0.07500888891514457,0.5802056488617997,0.4904509721289221,0.7283601790270053,0.8033690679421499
rbs_holdout,3,log_translation_proxy,transcript_accessibility,2245,8,2203050,0.10834296039590252,0.08282175932184321,0.5802056488617997,0.4718626884658972,0.7283601790270053,0.8111819383488486
rbs_holdout,3,log_translation_proxy,transcript_accessibility,2245,9,2203051,0.09008565418181891,0.07763758537402377,0.5802056488617997,0.4901199946799808,0.7283601790270053,0.8059977644010291
rbs_holdout,3,log_translation_proxy,transcript_accessibility,2245,10,2203052,0.08873039589557657,0.07426865885824319,0.5802056488617997,0.49147525296622313,0.7283601790270053,0.8026288378852485
rbs_holdout,3,log_translation_proxy,transcript_accessibility,2245,11,2203053,0.09185584884961878,0.07364160274609555,0.5802056488617997,0.4883498000121809,0.7283601790270053,0.8020017817731009
rbs_holdout,3,log_translation_proxy,transcript_accessibility,2245,12,2203054,0.08522035308572479,0.07522416824615186,0.5802056488617997,0.4949852957760749,0.7283601790270053,0.8035843472731572
rbs_holdout,3,log_translation_proxy,transcript_accessibility,2245,13,2203055,0.08727545532070724,0.07210613337672844,0.5802056488617997,0.49293019354109247,0.7283601790270053,0.8004663124037338
rbs_holdout,3,log_translation_proxy,transcript_accessibility,2245,14,2203056,0.10361915215400846,0.08200319436929948,0.5802056488617997,0.47658649670779124,0.7283601790270053,0.8103633733963048
rbs_holdout,3,log_translation_proxy,transcript_accessibility,2245,15,2203057,0.09955077786845018,0.0678034097022252,0.5802056488617997,0.4806548709933495,0.7283601790270053,0.7961635887292305
rbs_holdout,3,log_translation_proxy,transcript_accessibility,2245,16,2203058,0.1034269721582875,0.08199383251694192,0.5802056488617997,0.4767786767035122,0.7283601790270053,0.8103540115439473
rbs_holdout,3,log_translation_proxy,transcript_accessibility,2245,17,2203059,0.0915059256858608,0.07883306610586227,0.5802056488617997,0.4886997231759389,0.7283601790270053,0.8071932451328676
rbs_holdout,3,log_translation_proxy,transcript_accessibility,2245,18,2203060,0.10633561458080898,0.08415403063212701,0.5802056488617997,0.4738700342809907,0.7283601790270053,0.8125142096591323
rbs_holdout,3,log_translation_proxy,transcript_accessibility,2245,19,2203061,0.09641844988372844,0.0802534077687973,0.5802056488617997,0.48378719897807126,0.7283601790270053,0.8086135867958026
rbs_holdout,3,log_translation_proxy,transcript_accessibility,2245,20,2203062,0.09795081028258829,0.0857585945815923,0.5802056488617997,0.4822548385792114,0.7283601790270053,0.8141187736085976
rbs_holdout,3,log_translation_proxy,transcript_accessibility,2245,21,2203063,0.085863734262627,0.06809817073983437,0.5802056488617997,0.4943419145991727,0.7283601790270053,0.7964583497668397
rbs_holdout,3,log_translation_proxy,transcript_accessibility,2245,22,2203064,0.1113099617339891,0.08156634588022982,0.5802056488617997,0.4688956871278106,0.7283601790270053,0.8099265249072352
rbs_holdout,3,log_translation_proxy,transcript_accessibility,2245,23,2203065,0.07967648842661657,0.07381012558405797,0.5802056488617997,0.5005291604351831,0.7283601790270053,0.8021703046110633
rbs_holdout,3,log_translation_proxy,transcript_accessibility,2245,24,2203066,0.09762782900154598,0.07960466010222078,0.5802056488617997,0.4825778198602537,0.7283601790270053,0.8079648391292261
rbs_holdout,3,log_translation_proxy,transcript_accessibility,2245,25,2203067,0.08909198155918663,0.0776725009681617,0.5802056488617997,0.4911136673026131,0.7283601790270053,0.806032679995167
rbs_holdout,3,log_translation_proxy,transcript_accessibility,2245,26,2203068,0.09235065718394292,0.08324228888626162,0.5802056488617997,0.4878549916778568,0.7283601790270053,0.811602467913267
rbs_holdout,3,log_translation_proxy,transcript_accessibility,2245,27,2203069,0.11699202263333613,0.086108538603064,0.5802056488617997,0.46321362622846357,0.7283601790270053,0.8144687176300693
rbs_holdout,3,log_translation_proxy,transcript_accessibility,2245,28,2203070,0.09030993087399602,0.08097256158462174,0.5802056488617997,0.4898957179878037,0.7283601790270053,0.8093327406116271
rbs_holdout,3,log_translation_proxy,transcript_accessibility,2245,29,2203071,0.09124707219119865,0.07389477476284567,0.5802056488617997,0.48895857667060105,0.7283601790270053,0.802254953789851
rbs_holdout,3,log_prot,promoter_recognition,2245,0,2013042,0.5803532073049172,0.78856818368588,0.6902854014215978,0.10993219411668052,0.9858711409608085,1.7744393246466885
rbs_holdout,3,log_prot,promoter_recognition,2245,1,2013043,0.5482194155929497,0.7637266531295814,0.6902854014215978,0.14206598582864802,0.9858711409608085,1.74959779409039
rbs_holdout,3,log_prot,promoter_recognition,2245,2,2013044,0.6060998944901852,0.7750779074108676,0.6902854014215978,0.08418550693141263,0.9858711409608085,1.760949048371676
rbs_holdout,3,log_prot,promoter_recognition,2245,3,2013045,0.6788575786442689,0.9039312769076457,0.6902854014215978,0.011427822777328867,0.9858711409608085,1.8898024178684543
rbs_holdout,3,log_prot,promoter_recognition,2245,4,2013046,0.6493001806352708,0.8525982751612118,0.6902854014215978,0.040985220786326944,0.9858711409608085,1.8384694161220203
rbs_holdout,3,log_prot,promoter_recognition,2245,5,2013047,0.6666153321182989,0.8504549121572582,0.6902854014215978,0.023670069303298846,0.9858711409608085,1.8363260531180667
rbs_holdout,3,log_prot,promoter_recognition,2245,6,2013048,0.6201781748107865,0.8436600986276079,0.6902854014215978,0.07010722661081126,0.9858711409608085,1.8295312395884165
rbs_holdout,3,log_prot,promoter_recognition,2245,7,2013049,0.599276833832165,0.8018478728494669,0.6902854014215978,0.09100856758943271,0.9858711409608085,1.7877190138102754
rbs_holdout,3,log_prot,promoter_recognition,2245,8,2013050,0.6408830239718663,0.8343929908694634,0.6902854014215978,0.04940237744973153,0.9858711409608085,1.820264131830272
rbs_holdout,3,log_prot,promoter_recognition,2245,9,2013051,0.6421420270856438,0.8567154564449031,0.6902854014215978,0.048143374335953906,0.9858711409608085,1.8425865974057116
rbs_holdout,3,log_prot,promoter_recognition,2245,10,2013052,0.584788833289008,0.7879227650163125,0.6902854014215978,0.10549656813258977,0.9858711409608085,1.773793905977121
rbs_holdout,3,log_prot,promoter_recognition,2245,11,2013053,0.687316312828219,0.9164867482396652,0.6902854014215978,0.0029690885933786955,0.9858711409608085,1.9023578892004738
rbs_holdout,3,log_prot,promoter_recognition,2245,12,2013054,0.6593414929605076,0.8662643125012652,0.6902854014215978,0.03094390846109015,0.9858711409608085,1.8521354534620738
rbs_holdout,3,log_prot,promoter_recognition,2245,13,2013055,0.6657216335520514,0.8821295281079835,0.6902854014215978,0.024563767869546418,0.9858711409608085,1.868000669068792
rbs_holdout,3,log_prot,promoter_recognition,2245,14,2013056,0.6113829715645374,0.8332333476978206,0.6902854014215978,0.07890242985706045,0.9858711409608085,1.8191044886586292
rbs_holdout,3,log_prot,promoter_recognition,2245,15,2013057,0.5548665353240236,0.7175647439897808,0.6902854014215978,0.1354188660975742,0.9858711409608085,1.7034358849505893
rbs_holdout,3,log_prot,promoter_recognition,2245,16,2013058,0.6928875367433704,0.8647357822324053,0.6902854014215978,-0.0026021353217726443,0.9858711409608085,1.8506069231932138
rbs_holdout,3,log_prot,promoter_recognition,2245,17,2013059,0.5857153636954829,0.7542866224140539,0.6902854014215978,0.1045700377261148,0.9858711409608085,1.7401577633748624
rbs_holdout,3,log_prot,promoter_recognition,2245,18,2013060,0.529431632191168,0.7236917128799278,0.6902854014215978,0.16085376923042982,0.9858711409608085,1.7095628538407364
rbs_holdout,3,log_prot,promoter_recognition,2245,19,2013061,0.6734958721040235,0.8896766736306501,0.6902854014215978,0.016789529317574308,0.9858711409608085,1.8755478145914586
rbs_holdout,3,log_prot,promoter_recognition,2245,20,2013062,0.6856032651641557,0.8643724149015051,0.6902854014215978,0.004682136257442088,0.9858711409608085,1.8502435558623136
rbs_holdout,3,log_prot,promoter_recognition,2245,21,2013063,0.6397509750726404,0.840367763651777,0.6902854014215978,0.050534426348957336,0.9858711409608085,1.8262389046125855
rbs_holdout,3,log_prot,promoter_recognition,2245,22,2013064,0.6678410722255325,0.8670439328592308,0.6902854014215978,0.022444329196065343,0.9858711409608085,1.8529150738200393
rbs_holdout,3,log_prot,promoter_recognition,2245,23,2013065,0.613200910724542,0.8045898058166017,0.6902854014215978,0.07708449069705585,0.9858711409608085,1.7904609467774102
rbs_holdout,3,log_prot,promoter_recognition,2245,24,2013066,0.6183068512015605,0.8082244207975937,0.6902854014215978,0.07197855022003727,0.9858711409608085,1.7940955617584022
rbs_holdout,3,log_prot,promoter_recognition,2245,25,2013067,0.5271734960168369,0.7338272373101367,0.6902854014215978,0.1631119054047608,0.9858711409608085,1.7196983782709452
rbs_holdout,3,log_prot,promoter_recognition,2245,26,2013068,0.5718406768376096,0.7448647275791316,0.6902854014215978,0.11844472458398814,0.9858711409608085,1.73073586853994
rbs_holdout,3,log_prot,promoter_recognition,2245,27,2013069,0.7232291653952212,0.9389811374004229,0.6902854014215978,-0.032943763973623384,0.9858711409608085,1.9248522783612314
rbs_holdout,3,log_prot,promoter_recognition,2245,28,2013070,0.6585837758023139,0.8651779553545869,0.6902854014215978,0.031701625619283906,0.9858711409608085,1.8510490963153954
rbs_holdout,3,log_prot,promoter_recognition,2245,29,2013071,0.5640671654680415,0.7500643939046501,0.6902854014215978,0.12621823595355633,0.9858711409608085,1.7359355348654586
rbs_holdout,3,log_prot,rbs_recognition,2245,0,2113042,0.1079956612148929,0.1643744991529381,0.6902854014215978,0.5822897402067049,0.9858711409608085,1.1502456401137466
rbs_holdout,3,log_prot,rbs_recognition,2245,1,2113043,0.06899371710688829,0.08522736790824048,0.6902854014215978,0.6212916843147095,0.9858711409608085,1.071098508869049
rbs_holdout,3,log_prot,rbs_recognition,2245,2,2113044,0.029593270558816,0.08062280236953168,0.6902854014215978,0.6606921308627818,0.9858711409608085,1.0664939433303402
rbs_holdout,3,log_prot,rbs_recognition,2245,3,2113045,0.11610918191021624,0.18863088348692236,0.6902854014215978,0.5741762195113815,0.9858711409608085,1.1745020244477309
rbs_holdout,3,log_prot,rbs_recognition,2245,4,2113046,0.019806695319264378,0.0404183821516102,0.6902854014215978,0.6704787061023334,0.9858711409608085,1.0262895231124187
rbs_holdout,3,log_prot,rbs_recognition,2245,5,2113047,0.07741098975747529,0.11963250702594364,0.6902854014215978,0.6128744116641225,0.9858711409608085,1.1055036479867522
rbs_holdout,3,log_prot,rbs_recognition,2245,6,2113048,-0.0502349340053071,-0.07202508391142115,0.6902854014215978,0.7405203354269049,0.9858711409608085,0.9138460570493874
rbs_holdout,3,log_prot,rbs_recognition,2245,7,2113049,0.07978643159918886,0.09449964721907689,0.6902854014215978,0.6104989698224089,0.9858711409608085,1.0803707881798854
rbs_holdout,3,log_prot,rbs_recognition,2245,8,2113050,0.07140441884305893,0.07805659839876444,0.6902854014215978,0.6188809825785389,0.9858711409608085,1.063927739359573
rbs_holdout,3,log_prot,rbs_recognition,2245,9,2113051,0.06355057359384686,0.08782515383418699,0.6902854014215978,0.6267348278277509,0.9858711409608085,1.0736962947949955
rbs_holdout,3,log_prot,rbs_recognition,2245,10,2113052,-0.006594618328939594,-0.008254460135721842,0.6902854014215978,0.6968800197505374,0.9858711409608085,0.9776166808250867
rbs_holdout,3,log_prot,rbs_recognition,2245,11,2113053,0.028005770479393455,0.01696780580607049,0.6902854014215978,0.6622796309422043,0.9858711409608085,1.002838946766879
rbs_holdout,3,log_prot,rbs_recognition,2245,12,2113054,0.037961859893410166,0.05332287754627929,0.6902854014215978,0.6523235415281876,0.9858711409608085,1.0391940185070878
rbs_holdout,3,log_prot,rbs_recognition,2245,13,2113055,0.05318918576391385,0.10779178148708679,0.6902854014215978,0.6370962156576839,0.9858711409608085,1.0936629224478953
rbs_holdout,3,log_prot,rbs_recognition,2245,14,2113056,-0.021103682291615522,-0.02529295983815172,0.6902854014215978,0.7113890837132133,0.9858711409608085,0.9605781811226568
rbs_holdout,3,log_prot,rbs_recognition,2245,15,2113057,0.021245867759254078,0.02282965138383397,0.6902854014215978,0.6690395336623437,0.9858711409608085,1.0087007923446425
rbs_holdout,3,log_prot,rbs_recognition,2245,16,2113058,-0.012434546424336945,-0.009052461450880789,0.6902854014215978,0.7027199478459347,0.9858711409608085,0.9768186795099277
rbs_holdout,3,log_prot,rbs_recognition,2245,17,2113059,0.062240601918911564,0.14137707690321788,0.6902854014215978,0.6280447995026862,0.9858711409608085,1.1272482178640264
rbs_holdout,3,log_prot,rbs_recognition,2245,18,2113060,0.012834550421860769,-0.0074191006784288804,0.6902854014215978,0.677450850999737,0.9858711409608085,0.9784520402823796
rbs_holdout,3,log_prot,rbs_recognition,2245,19,2113061,0.017707989969289017,0.05828205161418487,0.6902854014215978,0.6725774114523088,0.9858711409608085,1.0441531925749934
rbs_holdout,3,log_prot,rbs_recognition,2245,20,2113062,0.0009229366535072892,0.012963018032902118,0.6902854014215978,0.6893624647680905,0.9858711409608085,0.9988341589937106
rbs_holdout,3,log_prot,rbs_recognition,2245,21,2113063,0.008371406942524695,0.0013220066859367385,0.6902854014215978,0.6819139944790731,0.9858711409608085,0.9871931476467453
rbs_holdout,3,log_prot,rbs_recognition,2245,22,2113064,0.10004096463701617,0.13757936792339676,0.6902854014215978,0.5902444367845816,0.9858711409608085,1.1234505088842053
rbs_holdout,3,log_prot,rbs_recognition,2245,23,2113065,0.029056542742829317,0.08305138109584442,0.6902854014215978,0.6612288586787685,0.9858711409608085,1.068922522056653
rbs_holdout,3,log_prot,rbs_recognition,2245,24,2113066,0.12585452600568925,0.18054765907400472,0.6902854014215978,0.5644308754159085,0.9858711409608085,1.1664188000348132
rbs_holdout,3,log_prot,rbs_recognition,2245,25,2113067,0.14271219648864408,0.20099160005248407,0.6902854014215978,0.5475732049329537,0.9858711409608085,1.1868627410132926
rbs_holdout,3,log_prot,rbs_recognition,2245,26,2113068,0.045140186968981255,0.05768836620205198,0.6902854014215978,0.6451452144526165,0.9858711409608085,1.0435595071628605
rbs_holdout,3,log_prot,rbs_recognition,2245,27,2113069,0.06025736066146825,0.10426690649527148,0.6902854014215978,0.6300280407601295,0.9858711409608085,1.09013804745608
rbs_holdout,3,log_prot,rbs_recognition,2245,28,2113070,0.04454268199099709,0.06643008187643362,0.6902854014215978,0.6457427194306007,0.9858711409608085,1.0523012228372421
rbs_holdout,3,log_prot,rbs_recognition,2245,29,2113071,0.04501464715869563,0.07945518599063672,0.6902854014215978,0.6452707542629021,0.9858711409608085,1.0653263269514452
rbs_holdout,3,log_prot,transcript_accessibility,2245,0,2213042,0.041746683133713214,0.08757836063366442,0.6902854014215978,0.6485387182878846,0.9858711409608085,1.073449501594473
rbs_holdout,3,log_prot,transcript_accessibility,2245,1,2213043,0.04476955505164548,0.08857037173489735,0.6902854014215978,0.6455158463699523,0.9858711409608085,1.0744415126957059
rbs_holdout,3,log_prot,transcript_accessibility,2245,2,2213044,0.03654034223629943,0.08160387843811123,0.6902854014215978,0.6537450591852983,0.9858711409608085,1.0674750193989198
rbs_holdout,3,log_prot,transcript_accessibility,2245,3,2213045,0.044223826606469396,0.09102654373708519,0.6902854014215978,0.6460615748151284,0.9858711409608085,1.0768976846978937
rbs_holdout,3,log_prot,transcript_accessibility,2245,4,2213046,0.0417311364122126,0.08327834443689763,0.6902854014215978,0.6485542650093852,0.9858711409608085,1.0691494853977062
rbs_holdout,3,log_prot,transcript_accessibility,2245,5,2213047,0.045170015637795435,0.0928894289774429,0.6902854014215978,0.6451153857838023,0.9858711409608085,1.0787605699382514
rbs_holdout,3,log_prot,transcript_accessibility,2245,6,2213048,0.036261959008250466,0.07772186112848889,0.6902854014215978,0.6540234424133473,0.9858711409608085,1.0635930020892974
rbs_holdout,3,log_prot,transcript_accessibility,2245,7,2213049,0.03899916770434819,0.0848577978152647,0.6902854014215978,0.6512862337172496,0.9858711409608085,1.0707289387760732
rbs_holdout,3,log_prot,transcript_accessibility,2245,8,2213050,0.037883283698061376,0.08528504517948954,0.6902854014215978,0.6524021177235364,0.9858711409608085,1.071156186140298
rbs_holdout,3,log_prot,transcript_accessibility,2245,9,2213051,0.04968426906052503,0.09407259402462853,0.6902854014215978,0.6406011323610727,0.9858711409608085,1.079943734985437
rbs_holdout,3,log_prot,transcript_accessibility,2245,10,2213052,0.054058561263473526,0.09990581119735964,0.6902854014215978,0.6362268401581243,0.9858711409608085,1.0857769521581682
rbs_holdout,3,log_prot,transcript_accessibility,2245,11,2213053,0.05540595893601896,0.10117389639883778,0.6902854014215978,0.6348794424855788,0.9858711409608085,1.0870450373596463
rbs_holdout,3,log_prot,transcript_accessibility,2245,12,2213054,0.04029717638211694,0.07945197344712573,0.6902854014215978,0.6499882250394808,0.9858711409608085,1.0653231144079343
rbs_holdout,3,log_prot,transcript_accessibility,2245,13,2213055,0.04178820560488905,0.08195896342534015,0.6902854014215978,0.6484971958167087,0.9858711409608085,1.0678301043861487
rbs_holdout,3,log_prot,transcript_accessibility,2245,14,2213056,0.03419037839022998,0.07095273480154085,0.6902854014215978,0.6560950230313678,0.9858711409608085,1.0568238757623494
rbs_holdout,3,log_prot,transcript_accessibility,2245,15,2213057,0.04315136580923562,0.07986889774880401,0.6902854014215978,0.6471340356123622,0.9858711409608085,1.0657400387096125
rbs_holdout,3,log_prot,transcript_accessibility,2245,16,2213058,0.031536333964891194,0.08081953683315413,0.6902854014215978,0.6587490674567066,0.9858711409608085,1.0666906777939626
rbs_holdout,3,log_prot,transcript_accessibility,2245,17,2213059,0.04139554595552031,0.09267154923999121,0.6902854014215978,0.6488898554660775,0.9858711409608085,1.0785426902007997
rbs_holdout,3,log_prot,transcript_accessibility,2245,18,2213060,0.03695910579640771,0.07364261270139827,0.6902854014215978,0.6533262956251901,0.9858711409608085,1.0595137536622068
rbs_holdout,3,log_prot,transcript_accessibility,2245,19,2213061,0.03880997145589582,0.07632121961952998,0.6902854014215978,0.651475429965702,0.9858711409608085,1.0621923605803385
rbs_holdout,3,log_prot,transcript_accessibility,2245,20,2213062,0.042701329585166814,0.08812587862226162,0.6902854014215978,0.647584071836431,0.9858711409608085,1.0739970195830701
rbs_holdout,3,log_prot,transcript_accessibility,2245,21,2213063,0.03689691258893091,0.08443787087132315,0.6902854014215978,0.6533884888326669,0.9858711409608085,1.0703090118321317
rbs_holdout,3,log_prot,transcript_accessibility,2245,22,2213064,0.035825262420843496,0.0812272486407215,0.6902854014215978,0.6544601390007543,0.9858711409608085,1.06709838960153
rbs_holdout,3,log_prot,transcript_accessibility,2245,23,2213065,0.038237981582099345,0.08225361051639446,0.6902854014215978,0.6520474198394984,0.9858711409608085,1.068124751477203
rbs_holdout,3,log_prot,transcript_accessibility,2245,24,2213066,0.0454859239915395,0.08948684094480663,0.6902854014215978,0.6447994774300583,0.9858711409608085,1.0753579819056152
rbs_holdout,3,log_prot,transcript_accessibility,2245,25,2213067,0.042501411361005936,0.08741709725677893,0.6902854014215978,0.6477839900605918,0.9858711409608085,1.0732882382175875
rbs_holdout,3,log_prot,transcript_accessibility,2245,26,2213068,0.05149711481673702,0.09098976606153175,0.6902854014215978,0.6387882866048608,0.9858711409608085,1.0768609070223403
rbs_holdout,3,log_prot,transcript_accessibility,2245,27,2213069,0.04697599039499911,0.0924440007482672,0.6902854014215978,0.6433094110265987,0.9858711409608085,1.0783151417090757
rbs_holdout,3,log_prot,transcript_accessibility,2245,28,2213070,0.031000999222724035,0.062159158337879106,0.6902854014215978,0.6592844021988737,0.9858711409608085,1.0480302992986876
rbs_holdout,3,log_prot,transcript_accessibility,2245,29,2213071,0.041173632158584605,0.0830208366748395,0.6902854014215978,0.6491117692630132,0.9858711409608085,1.068891977635648
rbs_holdout,4,log_translation_proxy,promoter_recognition,2257,0,2004042,0.31687431672263955,0.3061756414111626,0.8178880353030841,0.5010137185804445,0.6723271797590853,0.9785028211702479
rbs_holdout,4,log_translation_proxy,promoter_recognition,2257,1,2004043,0.3242129962068948,0.30883722083240484,0.8178880353030841,0.49367503909618926,0.6723271797590853,0.9811644005914901
rbs_holdout,4,log_translation_proxy,promoter_recognition,2257,2,2004044,0.2817483287068242,0.27630432769221325,0.8178880353030841,0.5361397065962599,0.6723271797590853,0.9486315074512985
rbs_holdout,4,log_translation_proxy,promoter_recognition,2257,3,2004045,0.3334874598363072,0.31681681645050286,0.8178880353030841,0.4844005754667769,0.6723271797590853,0.9891439962095881
rbs_holdout,4,log_translation_proxy,promoter_recognition,2257,4,2004046,0.30981459986099313,0.3020848734752818,0.8178880353030841,0.5080734354420909,0.6723271797590853,0.9744120532343671
rbs_holdout,4,log_translation_proxy,promoter_recognition,2257,5,2004047,0.29998517410922376,0.27448581385850757,0.8178880353030841,0.5179028611938603,0.6723271797590853,0.9468129936175929
rbs_holdout,4,log_translation_proxy,promoter_recognition,2257,6,2004048,0.34022041809141873,0.3117585316183842,0.8178880353030841,0.47766761721166534,0.6723271797590853,0.9840857113774695
rbs_holdout,4,log_translation_proxy,promoter_recognition,2257,7,2004049,0.3125418054470659,0.30530288557971075,0.8178880353030841,0.5053462298560182,0.6723271797590853,0.977630065338796
rbs_holdout,4,log_translation_proxy,promoter_recognition,2257,8,2004050,0.3195354986631653,0.3161148650726079,0.8178880353030841,0.4983525366399188,0.6723271797590853,0.9884420448316932
rbs_holdout,4,log_translation_proxy,promoter_recognition,2257,9,2004051,0.30522528453283415,0.29266932953020863,0.8178880353030841,0.5126627507702499,0.6723271797590853,0.9649965092892939
rbs_holdout,4,log_translation_proxy,promoter_recognition,2257,10,2004052,0.2917603502051981,0.271450713628247,0.8178880353030841,0.526127685097886,0.6723271797590853,0.9437778933873323
rbs_holdout,4,log_translation_proxy,promoter_recognition,2257,11,2004053,0.3210453884492161,0.306227068615875,0.8178880353030841,0.496842646853868,0.6723271797590853,0.9785542483749603
rbs_holdout,4,log_translation_proxy,promoter_recognition,2257,12,2004054,0.3059325067467349,0.29193292269700966,0.8178880353030841,0.5119555285563492,0.6723271797590853,0.964260102456095
rbs_holdout,4,log_translation_proxy,promoter_recognition,2257,13,2004055,0.3669287801911778,0.337484811154771,0.8178880353030841,0.45095925511190627,0.6723271797590853,1.0098119909138563
rbs_holdout,4,log_translation_proxy,promoter_recognition,2257,14,2004056,0.3037300225635553,0.2904694067527793,0.8178880353030841,0.5141580127395288,0.6723271797590853,0.9627965865118646
rbs_holdout,4,log_translation_proxy,promoter_recognition,2257,15,2004057,0.30079276105627095,0.2875072911811928,0.8178880353030841,0.5170952742468131,0.6723271797590853,0.9598344709402781
rbs_holdout,4,log_translation_proxy,promoter_recognition,2257,16,2004058,0.34113970277748235,0.31880888361566984,0.8178880353030841,0.4767483325256017,0.6723271797590853,0.9911360633747551
rbs_holdout,4,log_translation_proxy,promoter_recognition,2257,17,2004059,0.2535420477040443,0.2556182340958292,0.8178880353030841,0.5643459875990398,0.6723271797590853,0.9279454138549145
rbs_holdout,4,log_translation_proxy,promoter_recognition,2257,18,2004060,0.3485106409957776,0.33415849262889585,0.8178880353030841,0.46937739430730646,0.6723271797590853,1.0064856723879811
rbs_holdout,4,log_translation_proxy,promoter_recognition,2257,19,2004061,0.27042396158510207,0.27203978926683847,0.8178880353030841,0.547464073717982,0.6723271797590853,0.9443669690259238
rbs_holdout,4,log_translation_proxy,promoter_recognition,2257,20,2004062,0.29094439325031884,0.2852920100273042,0.8178880353030841,0.5269436420527652,0.6723271797590853,0.9576191897863895
rbs_holdout,4,log_translation_proxy,promoter_recognition,2257,21,2004063,0.31998040163691677,0.3005278172044833,0.8178880353030841,0.4979076336661673,0.6723271797590853,0.9728549969635686
rbs_holdout,4,log_translation_proxy,promoter_recognition,2257,22,2004064,0.27542029729994033,0.2602642729787974,0.8178880353030841,0.5424677380031437,0.6723271797590853,0.9325914527378827
rbs_holdout,4,log_translation_proxy,promoter_recognition,2257,23,2004065,0.26295691018099543,0.2496349627871317,0.8178880353030841,0.5549311251220886,0.6723271797590853,0.921962142546217
rbs_holdout,4,log_translation_proxy,promoter_recognition,2257,24,2004066,0.3056188121656206,0.28460658960846286,0.8178880353030841,0.5122692231374635,0.6723271797590853,0.9569337693675481
rbs_holdout,4,log_translation_proxy,promoter_recognition,2257,25,2004067,0.3036662206293347,0.28189753389022765,0.8178880353030841,0.5142218146737494,0.6723271797590853,0.9542247136493129
rbs_holdout,4,log_translation_proxy,promoter_recognition,2257,26,2004068,0.29227089793924443,0.2887339759180556,0.8178880353030841,0.5256171373638396,0.6723271797590853,0.9610611556771409
rbs_holdout,4,log_translation_proxy,promoter_recognition,2257,27,2004069,0.26543082138529284,0.27534118576816113,0.8178880353030841,0.5524572139177912,0.6723271797590853,0.9476683655272464
rbs_holdout,4,log_translation_proxy,promoter_recognition,2257,28,2004070,0.3078355815507742,0.2936279754732559,0.8178880353030841,0.5100524537523099,0.6723271797590853,0.9659551552323412
rbs_holdout,4,log_translation_proxy,promoter_recognition,2257,29,2004071,0.33635037244732147,0.3190768719423448,0.8178880353030841,0.4815376628557626,0.6723271797590853,0.9914040517014301
rbs_holdout,4,log_translation_proxy,rbs_recognition,2257,0,2104042,0.4292938461341373,0.36821993470886105,0.8178880353030841,0.3885941891689468,0.6723271797590853,1.0405471144679463
rbs_holdout,4,log_translation_proxy,rbs_recognition,2257,1,2104043,0.4020151636125821,0.34243098139158223,0.8178880353030841,0.41587287169050197,0.6723271797590853,1.0147581611506675
rbs_holdout,4,log_translation_proxy,rbs_recognition,2257,2,2104044,0.30296525765529514,0.2664076973266576,0.8178880353030841,0.5149227776477889,0.6723271797590853,0.9387348770857429
rbs_holdout,4,log_translation_proxy,rbs_recognition,2257,3,2104045,0.3510333749570048,0.32118104276212334,0.8178880353030841,0.46685466034607925,0.6723271797590853,0.9935082225212086
rbs_holdout,4,log_translation_proxy,rbs_recognition,2257,4,2104046,0.2965363628691331,0.2766722072629594,0.8178880353030841,0.521351672433951,0.6723271797590853,0.9489993870220447
rbs_holdout,4,log_translation_proxy,rbs_recognition,2257,5,2104047,0.41715010291474974,0.34586080117340146,0.8178880353030841,0.40073793238833433,0.6723271797590853,1.0181879809324867
rbs_holdout,4,log_translation_proxy,rbs_recognition,2257,6,2104048,0.21280480353578546,0.19880321252845745,0.8178880353030841,0.6050832317672986,0.6723271797590853,0.8711303922875427
rbs_holdout,4,log_translation_proxy,rbs_recognition,2257,7,2104049,0.32782457698008455,0.28156264529387354,0.8178880353030841,0.4900634583229995,0.6723271797590853,0.9538898250529588
rbs_holdout,4,log_translation_proxy,rbs_recognition,2257,8,2104050,0.4486384340372152,0.36141158437126863,0.8178880353030841,0.36924960126586887,0.6723271797590853,1.033738764130354
rbs_holdout,4,log_translation_proxy,rbs_recognition,2257,9,2104051,0.14044933810212212,0.17002259886102644,0.8178880353030841,0.677438697200962,0.6723271797590853,0.8423497786201117
rbs_holdout,4,log_translation_proxy,rbs_recognition,2257,10,2104052,0.2573028312477341,0.22025781279461099,0.8178880353030841,0.56058520405535,0.6723271797590853,0.8925849925536963
rbs_holdout,4,log_translation_proxy,rbs_recognition,2257,11,2104053,0.5048007214424508,0.4130680933391211,0.8178880353030841,0.3130873138606332,0.6723271797590853,1.0853952730982064
rbs_holdout,4,log_translation_proxy,rbs_recognition,2257,12,2104054,0.5170523943931729,0.43387557171793256,0.8178880353030841,0.3008356409099113,0.6723271797590853,1.1062027514770179
rbs_holdout,4,log_translation_proxy,rbs_recognition,2257,13,2104055,0.46380574806931113,0.3914405959097944,0.8178880353030841,0.35408228723377294,0.6723271797590853,1.0637677756688797
rbs_holdout,4,log_translation_proxy,rbs_recognition,2257,14,2104056,0.4900970504003276,0.42090687927136794,0.8178880353030841,0.3277909849027565,0.6723271797590853,1.0932340590304532
rbs_holdout,4,log_translation_proxy,rbs_recognition,2257,15,2104057,0.30593592207409537,0.3004934100232338,0.8178880353030841,0.5119521132289887,0.6723271797590853,0.9728205897823191
rbs_holdout,4,log_translation_proxy,rbs_recognition,2257,16,2104058,0.3496343449495442,0.31905860010038023,0.8178880353030841,0.46825369035353986,0.6723271797590853,0.9913857798594655
rbs_holdout,4,log_translation_proxy,rbs_recognition,2257,17,2104059,0.5012923966030964,0.3976868939442886,0.8178880353030841,0.3165956386999877,0.6723271797590853,1.0700140737033739
rbs_holdout,4,log_translation_proxy,rbs_recognition,2257,18,2104060,0.37519151250278115,0.29353921317617204,0.8178880353030841,0.4426965228003029,0.6723271797590853,0.9658663929352573
rbs_holdout,4,log_translation_proxy,rbs_recognition,2257,19,2104061,0.3575586093255264,0.31694878709979457,0.8178880353030841,0.46032942597755766,0.6723271797590853,0.9892759668588799
rbs_holdout,4,log_translation_proxy,rbs_recognition,2257,20,2104062,0.5541752815261488,0.45266617334969816,0.8178880353030841,0.26371275377693526,0.6723271797590853,1.1249933531087835
rbs_holdout,4,log_translation_proxy,rbs_recognition,2257,21,2104063,0.3012995250367688,0.2605910606783278,0.8178880353030841,0.5165885102663152,0.6723271797590853,0.9329182404374131
rbs_holdout,4,log_translation_proxy,rbs_recognition,2257,22,2104064,0.4221087654679616,0.3792770059085546,0.8178880353030841,0.39577926983512246,0.6723271797590853,1.05160418566764
rbs_holdout,4,log_translation_proxy,rbs_recognition,2257,23,2104065,0.45508805614389897,0.38906077747709134,0.8178880353030841,0.3627999791591851,0.6723271797590853,1.0613879572361766
rbs_holdout,4,log_translation_proxy,rbs_recognition,2257,24,2104066,0.41221892000530747,0.3547734897945882,0.8178880353030841,0.4056691152977766,0.6723271797590853,1.0271006695536735
rbs_holdout,4,log_translation_proxy,rbs_recognition,2257,25,2104067,0.38481045409506764,0.324288215946015,0.8178880353030841,0.4330775812080164,0.6723271797590853,0.9966153957051003
rbs_holdout,4,log_translation_proxy,rbs_recognition,2257,26,2104068,0.46736229054097445,0.395257397128018,0.8178880353030841,0.3505257447621096,0.6723271797590853,1.0675845768871033
rbs_holdout,4,log_translation_proxy,rbs_recognition,2257,27,2104069,0.44444492248964634,0.38670063609880634,0.8178880353030841,0.3734431128134377,0.6723271797590853,1.0590278158578916
rbs_holdout,4,log_translation_proxy,rbs_recognition,2257,28,2104070,0.4089120903229525,0.35879572973785767,0.8178880353030841,0.40897594498013157,0.6723271797590853,1.031122909496943
rbs_holdout,4,log_translation_proxy,rbs_recognition,2257,29,2104071,0.5015208003796847,0.4207838061556033,0.8178880353030841,0.3163672349233994,0.6723271797590853,1.0931109859146886
rbs_holdout,4,log_translation_proxy,transcript_accessibility,2257,0,2204042,0.161894370413178,0.16783154630034325,0.8178880353030841,0.6559936648899061,0.6723271797590853,0.8401587260594285
rbs_holdout,4,log_translation_proxy,transcript_accessibility,2257,1,2204043,0.16527269921543553,0.17681187504264484,0.8178880353030841,0.6526153360876485,0.6723271797590853,0.8491390548017301
rbs_holdout,4,log_translation_proxy,transcript_accessibility,2257,2,2204044,0.1711785550922571,0.17338046952772856,0.8178880353030841,0.646709480210827,0.6723271797590853,0.8457076492868139
rbs_holdout,4,log_translation_proxy,transcript_accessibility,2257,3,2204045,0.16146485944983147,0.16286424026530288,0.8178880353030841,0.6564231758532526,0.6723271797590853,0.8351914200243882
rbs_holdout,4,log_translation_proxy,transcript_accessibility,2257,4,2204046,0.15562343853147853,0.1643354601741842,0.8178880353030841,0.6622645967716055,0.6723271797590853,0.8366626399332695
rbs_holdout,4,log_translation_proxy,transcript_accessibility,2257,5,2204047,0.15366853609151088,0.16162481144598306,0.8178880353030841,0.6642194992115732,0.6723271797590853,0.8339519912050684
rbs_holdout,4,log_translation_proxy,transcript_accessibility,2257,6,2204048,0.16600418874625678,0.1724984738133617,0.8178880353030841,0.6518838465568273,0.6723271797590853,0.844825653572447
rbs_holdout,4,log_translation_proxy,transcript_accessibility,2257,7,2204049,0.17059236705389724,0.17835769720184624,0.8178880353030841,0.6472956682491868,0.6723271797590853,0.8506848769609315
rbs_holdout,4,log_translation_proxy,transcript_accessibility,2257,8,2204050,0.1661810533974334,0.1786236927884176,0.8178880353030841,0.6517069819056507,0.6723271797590853,0.8509508725475029
rbs_holdout,4,log_translation_proxy,transcript_accessibility,2257,9,2204051,0.1693808606320284,0.17435020305960502,0.8178880353030841,0.6485071746710557,0.6723271797590853,0.8466773828186903
rbs_holdout,4,log_translation_proxy,transcript_accessibility,2257,10,2204052,0.16305386551213386,0.1743330513850968,0.8178880353030841,0.6548341697909502,0.6723271797590853,0.8466602311441821
rbs_holdout,4,log_translation_proxy,transcript_accessibility,2257,11,2204053,0.16367306470841758,0.16585637427715827,0.8178880353030841,0.6542149705946665,0.6723271797590853,0.8381835540362436
rbs_holdout,4,log_translation_proxy,transcript_accessibility,2257,12,2204054,0.16035191801980297,0.17060261054927617,0.8178880353030841,0.6575361172832811,0.6723271797590853,0.8429297903083615
rbs_holdout,4,log_translation_proxy,transcript_accessibility,2257,13,2204055,0.15808004527450337,0.15205365313277297,0.8178880353030841,0.6598079900285807,0.6723271797590853,0.8243808328918583
rbs_holdout,4,log_translation_proxy,transcript_accessibility,2257,14,2204056,0.16119749066821376,0.17626507411621095,0.8178880353030841,0.6566905446348703,0.6723271797590853,0.8485922538752962
rbs_holdout,4,log_translation_proxy,transcript_accessibility,2257,15,2204057,0.16497910960729,0.16277611928706948,0.8178880353030841,0.6529089256957941,0.6723271797590853,0.8351032990461548
rbs_holdout,4,log_translation_proxy,transcript_accessibility,2257,16,2204058,0.16630863433338217,0.16892705667675845,0.8178880353030841,0.6515794009697019,0.6723271797590853,0.8412542364358437
rbs_holdout,4,log_translation_proxy,transcript_accessibility,2257,17,2204059,0.1573369190590288,0.1621720774767187,0.8178880353030841,0.6605511162440553,0.6723271797590853,0.834499257235804
rbs_holdout,4,log_translation_proxy,transcript_accessibility,2257,18,2204060,0.16713834861232169,0.17605272411299167,0.8178880353030841,0.6507496866907624,0.6723271797590853,0.848379903872077
rbs_holdout,4,log_translation_proxy,transcript_accessibility,2257,19,2204061,0.146234853901129,0.15859523965142353,0.8178880353030841,0.6716531814019551,0.6723271797590853,0.8309224194105088
rbs_holdout,4,log_translation_proxy,transcript_accessibility,2257,20,2204062,0.15580882138267382,0.16613272709676208,0.8178880353030841,0.6620792139204102,0.6723271797590853,0.8384599068558474
rbs_holdout,4,log_translation_proxy,transcript_accessibility,2257,21,2204063,0.15160519344059564,0.16278331200459462,0.8178880353030841,0.6662828418624884,0.6723271797590853,0.8351104917636799
rbs_holdout,4,log_translation_proxy,transcript_accessibility,2257,22,2204064,0.16763595855572389,0.17235118418851747,0.8178880353030841,0.6502520767473602,0.6723271797590853,0.8446783639476028
rbs_holdout,4,log_translation_proxy,transcript_accessibility,2257,23,2204065,0.16416167807092785,0.1709956536426862,0.8178880353030841,0.6537263572321562,0.6723271797590853,0.8433228334017715
rbs_holdout,4,log_translation_proxy,transcript_accessibility,2257,24,2204066,0.15215669201577886,0.1570864025672306,0.8178880353030841,0.6657313432873052,0.6723271797590853,0.8294135823263159
rbs_holdout,4,log_translation_proxy,transcript_accessibility,2257,25,2204067,0.15970292148125886,0.1744612819672302,0.8178880353030841,0.6581851138218252,0.6723271797590853,0.8467884617263155
rbs_holdout,4,log_translation_proxy,transcript_accessibility,2257,26,2204068,0.18592742244459082,0.18496817416041877,0.8178880353030841,0.6319606128584933,0.6723271797590853,0.8572953539195041
rbs_holdout,4,log_translation_proxy,transcript_accessibility,2257,27,2204069,0.16320638072928773,0.16947361099124814,0.8178880353030841,0.6546816545737963,0.6723271797590853,0.8418007907503334
rbs_holdout,4,log_translation_proxy,transcript_accessibility,2257,28,2204070,0.17321502892714313,0.17805184627439574,0.8178880353030841,0.6446730063759409,0.6723271797590853,0.850379026033481
rbs_holdout,4,log_translation_proxy,transcript_accessibility,2257,29,2204071,0.18299700150589382,0.18745081077547643,0.8178880353030841,0.6348910337971903,0.6723271797590853,0.8597779905345617
rbs_holdout,4,log_prot,promoter_recognition,2257,0,2014042,0.5486207958685236,0.8543347776244616,0.8391663373898518,0.2905455415213282,0.8212644316463351,1.6755992092707968
rbs_holdout,4,log_prot,promoter_recognition,2257,1,2014043,0.49533966166608917,0.7702539133155735,0.8391663373898518,0.34382667572376263,0.8212644316463351,1.5915183449619086
rbs_holdout,4,log_prot,promoter_recognition,2257,2,2014044,0.5177064939193696,0.8341932555268103,0.8391663373898518,0.3214598434704821,0.8212644316463351,1.6554576871731455
rbs_holdout,4,log_prot,promoter_recognition,2257,3,2014045,0.5724774437572251,0.9185115939593822,0.8391663373898518,0.26668889363262666,0.8212644316463351,1.7397760256057173
rbs_holdout,4,log_prot,promoter_recognition,2257,4,2014046,0.5146831217642938,0.826265628571448,0.8391663373898518,0.32448321562555804,0.8212644316463351,1.6475300602177831
rbs_holdout,4,log_prot,promoter_recognition,2257,5,2014047,0.5203547047121517,0.8598421071329911,0.8391663373898518,0.3188116326777,0.8212644316463351,1.6811065387793263
rbs_holdout,4,log_prot,promoter_recognition,2257,6,2014048,0.5302065622955929,0.8580497401729443,0.8391663373898518,0.3089597750942588,0.8212644316463351,1.6793141718192794
rbs_holdout,4,log_prot,promoter_recognition,2257,7,2014049,0.5664769088761562,0.8653529849116723,0.8391663373898518,0.2726894285136956,0.8212644316463351,1.6866174165580075
rbs_holdout,4,log_prot,promoter_recognition,2257,8,2014050,0.5422032931004768,0.8403165747822248,0.8391663373898518,0.2969630442893751,0.8212644316463351,1.6615810064285599
rbs_holdout,4,log_prot,promoter_recognition,2257,9,2014051,0.5143771438179454,0.8316955641463459,0.8391663373898518,0.32478919357190644,0.8212644316463351,1.652959995792681
rbs_holdout,4,log_prot,promoter_recognition,2257,10,2014052,0.42933869159009946,0.6737264240184491,0.8391663373898518,0.40982764579975234,0.8212644316463351,1.4949908556647842
rbs_holdout,4,log_prot,promoter_recognition,2257,11,2014053,0.5026799760709608,0.7830768191948276,0.8391663373898518,0.336486361318891,0.8212644316463351,1.6043412508411627
rbs_holdout,4,log_prot,promoter_recognition,2257,12,2014054,0.5935598520864271,0.892647256816623,0.8391663373898518,0.24560648530342472,0.8212644316463351,1.7139116884629582
rbs_holdout,4,log_prot,promoter_recognition,2257,13,2014055,0.5696219790049167,0.8934528168909073,0.8391663373898518,0.26954435838493507,0.8212644316463351,1.7147172485372424
rbs_holdout,4,log_prot,promoter_recognition,2257,14,2014056,0.5935003239565082,0.9345175357384674,0.8391663373898518,0.24566601343334366,0.8212644316463351,1.7557819673848025
rbs_holdout,4,log_prot,promoter_recognition,2257,15,2014057,0.5967790895582847,0.9315448071403956,0.8391663373898518,0.24238724783156712,0.8212644316463351,1.7528092387867307
rbs_holdout,4,log_prot,promoter_recognition,2257,16,2014058,0.5469182763689499,0.8612292522507172,0.8391663373898518,0.29224806102090195,0.8212644316463351,1.6824936838970523
rbs_holdout,4,log_prot,promoter_recognition,2257,17,2014059,0.6230147422395081,0.9867067012227628,0.8391663373898518,0.21615159515034366,0.8212644316463351,1.807971132869098
rbs_holdout,4,log_prot,promoter_recognition,2257,18,2014060,0.6113480071344352,0.9741482386794829,0.8391663373898518,0.22781833025541662,0.8212644316463351,1.795412670325818
rbs_holdout,4,log_prot,promoter_recognition,2257,19,2014061,0.5317565794675678,0.8805351921886171,0.8391663373898518,0.3074097579222839,0.8212644316463351,1.7017996238349522
rbs_holdout,4,log_prot,promoter_recognition,2257,20,2014062,0.5302252175954438,0.8645456231540494,0.8391663373898518,0.30894111979440797,0.8212644316463351,1.6858100548003845
rbs_holdout,4,log_prot,promoter_recognition,2257,21,2014063,0.5105880662619073,0.8262005867088427,0.8391663373898518,0.3285782711279444,0.8212644316463351,1.6474650183551778
rbs_holdout,4,log_prot,promoter_recognition,2257,22,2014064,0.5383912180468041,0.8534008477423274,0.8391663373898518,0.3007751193430477,0.8212644316463351,1.6746652793886625
rbs_holdout,4,log_prot,promoter_recognition,2257,23,2014065,0.5176441399895501,0.8436152316342174,0.8391663373898518,0.32152219740030175,0.8212644316463351,1.6648796632805525
rbs_holdout,4,log_prot,promoter_recognition,2257,24,2014066,0.538506462204736,0.8842140641385561,0.8391663373898518,0.3006598751851158,0.8212644316463351,1.7054784957848912
rbs_holdout,4,log_prot,promoter_recognition,2257,25,2014067,0.5098730775169584,0.7901954597875414,0.8391663373898518,0.3292932598728934,0.8212644316463351,1.6114598914338765
rbs_holdout,4,log_prot,promoter_recognition,2257,26,2014068,0.5870604586373503,0.9107827001522026,0.8391663373898518,0.25210587875250146,0.8212644316463351,1.7320471317985378
rbs_holdout,4,log_prot,promoter_recognition,2257,27,2014069,0.6463975596593196,0.9679499023455074,0.8391663373898518,0.19276877773053228,0.8212644316463351,1.7892143339918425
rbs_holdout,4,log_prot,promoter_recognition,2257,28,2014070,0.6237950563573716,0.9576292731535823,0.8391663373898518,0.21537128103248016,0.8212644316463351,1.7788937047999174
rbs_holdout,4,log_prot,promoter_recognition,2257,29,2014071,0.6329257663240078,0.9951894102875722,0.8391663373898518,0.2062405710658441,0.8212644316463351,1.8164538419339074
rbs_holdout,4,log_prot,rbs_recognition,2257,0,2114042,0.2268959638168656,0.3420393524155583,0.8391663373898518,0.6122703735729862,0.8212644316463351,1.1633037840618934
rbs_holdout,4,log_prot,rbs_recognition,2257,1,2114043,0.23880780040776328,0.38236679084184955,0.8391663373898518,0.6003585369820885,0.8212644316463351,1.2036312224881847
rbs_holdout,4,log_prot,rbs_recognition,2257,2,2114044,0.3470116088383964,0.551518800688517,0.8391663373898518,0.4921547285514554,0.8212644316463351,1.372783232334852
rbs_holdout,4,log_prot,rbs_recognition,2257,3,2114045,0.3093816896869952,0.4481258113633695,0.8391663373898518,0.5297846477028566,0.8212644316463351,1.2693902430097046
rbs_holdout,4,log_prot,rbs_recognition,2257,4,2114046,0.17708359110356575,0.33515909474475825,0.8391663373898518,0.662082746286286,0.8212644316463351,1.1564235263910934
rbs_holdout,4,log_prot,rbs_recognition,2257,5,2114047,0.35679037083488807,0.6263058025295327,0.8391663373898518,0.48237596655496373,0.8212644316463351,1.4475702341758678
rbs_holdout,4,log_prot,rbs_recognition,2257,6,2114048,0.29422908922431135,0.506037262686968,0.8391663373898518,0.5449372481655405,0.8212644316463351,1.3273016943333031
rbs_holdout,4,log_prot,rbs_recognition,2257,7,2114049,0.3377848784967825,0.5306569498352505,0.8391663373898518,0.5013814588930693,0.8212644316463351,1.3519213814815856
rbs_holdout,4,log_prot,rbs_recognition,2257,8,2114050,0.2093902961224371,0.3622660590303295,0.8391663373898518,0.6297760412674147,0.8212644316463351,1.1835304906766646
rbs_holdout,4,log_prot,rbs_recognition,2257,9,2114051,0.27569012122507774,0.42642923011329903,0.8391663373898518,0.5634762161647741,0.8212644316463351,1.2476936617596341
rbs_holdout,4,log_prot,rbs_recognition,2257,10,2114052,0.2448057041629048,0.42044777342750694,0.8391663373898518,0.594360633226947,0.8212644316463351,1.241712205073842
rbs_holdout,4,log_prot,rbs_recognition,2257,11,2114053,0.39905185751952343,0.6626348894025984,0.8391663373898518,0.44011447987032837,0.8212644316463351,1.4838993210489335
rbs_holdout,4,log_prot,rbs_recognition,2257,12,2114054,0.3528613177301139,0.5007114050206511,0.8391663373898518,0.4863050196597379,0.8212644316463351,1.3219758366669863
rbs_holdout,4,log_prot,rbs_recognition,2257,13,2114055,0.3090428603476232,0.5344820393710787,0.8391663373898518,0.5301234770422286,0.8212644316463351,1.3557464710174139
rbs_holdout,4,log_prot,rbs_recognition,2257,14,2114056,0.15883155107472047,0.3022302323598467,0.8391663373898518,0.6803347863151313,0.8212644316463351,1.1234946640061818
rbs_holdout,4,log_prot,rbs_recognition,2257,15,2114057,0.3117488190558346,0.47430492435861127,0.8391663373898518,0.5274175183340172,0.8212644316463351,1.2955693560049464
rbs_holdout,4,log_prot,rbs_recognition,2257,16,2114058,0.3718807477844168,0.5385663463049253,0.8391663373898518,0.467285589605435,0.8212644316463351,1.3598307779512604
rbs_holdout,4,log_prot,rbs_recognition,2257,17,2114059,0.4146721245232979,0.6140904911425902,0.8391663373898518,0.4244942128665539,0.8212644316463351,1.4353549227889253
rbs_holdout,4,log_prot,rbs_recognition,2257,18,2114060,0.3058532388065155,0.4146170356486474,0.8391663373898518,0.5333130985833363,0.8212644316463351,1.2358814672949825
rbs_holdout,4,log_prot,rbs_recognition,2257,19,2114061,0.2620797651266169,0.47886823903514,0.8391663373898518,0.5770865722632349,0.8212644316463351,1.300132670681475
rbs_holdout,4,log_prot,rbs_recognition,2257,20,2114062,0.33113834712493884,0.46740905075435424,0.8391663373898518,0.508027990264913,0.8212644316463351,1.2886734824006894
rbs_holdout,4,log_prot,rbs_recognition,2257,21,2114063,0.31541563483806234,0.49994275204530325,0.8391663373898518,0.5237507025517895,0.8212644316463351,1.3212071836916384
rbs_holdout,4,log_prot,rbs_recognition,2257,22,2114064,0.3067806331827423,0.5152851085115013,0.8391663373898518,0.5323857042071095,0.8212644316463351,1.3365495401578364
rbs_holdout,4,log_prot,rbs_recognition,2257,23,2114065,0.19811904701189864,0.3213035928994652,0.8391663373898518,0.6410472903779532,0.8212644316463351,1.1425680245458003
rbs_holdout,4,log_prot,rbs_recognition,2257,24,2114066,0.3361861119311794,0.5593206422436914,0.8391663373898518,0.5029802254586724,0.8212644316463351,1.3805850738900265
rbs_holdout,4,log_prot,rbs_recognition,2257,25,2114067,0.3891635245661666,0.5278544153557629,0.8391663373898518,0.4500028128236852,0.8212644316463351,1.349118847002098
rbs_holdout,4,log_prot,rbs_recognition,2257,26,2114068,0.19539905818617997,0.32712292498534246,0.8391663373898518,0.6437672792036718,0.8212644316463351,1.1483873566316776
rbs_holdout,4,log_prot,rbs_recognition,2257,27,2114069,0.38034791151928116,0.562675394502314,0.8391663373898518,0.45881842587057065,0.8212644316463351,1.383939826148649
rbs_holdout,4,log_prot,rbs_recognition,2257,28,2114070,0.3183965055835203,0.527815435688797,0.8391663373898518,0.5207698318063315,0.8212644316463351,1.349079867335132
rbs_holdout,4,log_prot,rbs_recognition,2257,29,2114071,0.3003118168335792,0.4691013100223582,0.8391663373898518,0.5388545205562726,0.8212644316463351,1.2903657416686933
rbs_holdout,4,log_prot,transcript_accessibility,2257,0,2214042,0.10214086683198209,0.1797133928196777,0.8391663373898518,0.7370254705578697,0.8212644316463351,1.0009778244660128
rbs_holdout,4,log_prot,transcript_accessibility,2257,1,2214043,0.10313387441016719,0.18550421095564684,0.8391663373898518,0.7360324629796846,0.8212644316463351,1.006768642601982
rbs_holdout,4,log_prot,transcript_accessibility,2257,2,2214044,0.0986246344003684,0.17341341457796267,0.8391663373898518,0.7405417029894834,0.8212644316463351,0.9946778462242978
rbs_holdout,4,log_prot,transcript_accessibility,2257,3,2214045,0.08658999141382884,0.15722018669683646,0.8391663373898518,0.752576345976023,0.8212644316463351,0.9784846183431716
rbs_holdout,4,log_prot,transcript_accessibility,2257,4,2214046,0.09609242367476156,0.1726343153662917,0.8391663373898518,0.7430739137150902,0.8212644316463351,0.9938987470126268
rbs_holdout,4,log_prot,transcript_accessibility,2257,5,2214047,0.09573818915658361,0.17374448799749143,0.8391663373898518,0.7434281482332682,0.8212644316463351,0.9950089196438265
rbs_holdout,4,log_prot,transcript_accessibility,2257,6,2214048,0.10072883684658673,0.17600938097730956,0.8391663373898518,0.7384375005432651,0.8212644316463351,0.9972738126236447
rbs_holdout,4,log_prot,transcript_accessibility,2257,7,2214049,0.10393538103438582,0.19017888675968675,0.8391663373898518,0.735230956355466,0.8212644316463351,1.0114433184060219
rbs_holdout,4,log_prot,transcript_accessibility,2257,8,2214050,0.09158996602444924,0.16390975594057933,0.8391663373898518,0.7475763713654026,0.8212644316463351,0.9851741875869144
rbs_holdout,4,log_prot,transcript_accessibility,2257,9,2214051,0.09800656433803123,0.18592653126224468,0.8391663373898518,0.7411597730518206,0.8212644316463351,1.0071909629085798
rbs_holdout,4,log_prot,transcript_accessibility,2257,10,2214052,0.09948809674569115,0.1752827426129604,0.8391663373898518,0.7396782406441607,0.8212644316463351,0.9965471742592955
rbs_holdout,4,log_prot,transcript_accessibility,2257,11,2214053,0.10199569732058289,0.19413940713127698,0.8391663373898518,0.7371706400692689,0.8212644316463351,1.015403838777612
rbs_holdout,4,log_prot,transcript_accessibility,2257,12,2214054,0.08929369978482149,0.16568580775422448,0.8391663373898518,0.7498726376050303,0.8212644316463351,0.9869502394005596
rbs_holdout,4,log_prot,transcript_accessibility,2257,13,2214055,0.1014433334361341,0.19061747384375494,0.8391663373898518,0.7377230039537177,0.8212644316463351,1.01188190549009
rbs_holdout,4,log_prot,transcript_accessibility,2257,14,2214056,0.11528607408309555,0.19848994988018154,0.8391663373898518,0.7238802633067563,0.8212644316463351,1.0197543815265167
rbs_holdout,4,log_prot,transcript_accessibility,2257,15,2214057,0.09007191794995673,0.17117028480769914,0.8391663373898518,0.7490944194398951,0.8212644316463351,0.9924347164540342
rbs_holdout,4,log_prot,transcript_accessibility,2257,16,2214058,0.08891530529325176,0.1694340002022634,0.8391663373898518,0.7502510320966,0.8212644316463351,0.9906984318485985
rbs_holdout,4,log_prot,transcript_accessibility,2257,17,2214059,0.09185461202584566,0.17412367641506454,0.8391663373898518,0.7473117253640061,0.8212644316463351,0.9953881080613997
rbs_holdout,4,log_prot,transcript_accessibility,2257,18,2214060,0.09290676703358369,0.16961876040421986,0.8391663373898518,0.7462595703562681,0.8212644316463351,0.990883192050555
rbs_holdout,4,log_prot,transcript_accessibility,2257,19,2214061,0.09166724359295253,0.16762334779017207,0.8391663373898518,0.7474990937968993,0.8212644316463351,0.9888877794365072
rbs_holdout,4,log_prot,transcript_accessibility,2257,20,2214062,0.10198493886369853,0.1895923471062062,0.8391663373898518,0.7371813985261533,0.8212644316463351,1.0108567787525413
rbs_holdout,4,log_prot,transcript_accessibility,2257,21,2214063,0.09601117894305888,0.17953119826422093,0.8391663373898518,0.7431551584467929,0.8212644316463351,1.000795629910556
rbs_holdout,4,log_prot,transcript_accessibility,2257,22,2214064,0.09038118974398501,0.17211892788179028,0.8391663373898518,0.7487851476458668,0.8212644316463351,0.9933833595281254
rbs_holdout,4,log_prot,transcript_accessibility,2257,23,2214065,0.09257394271708463,0.17074772064694332,0.8391663373898518,0.7465923946727672,0.8212644316463351,0.9920121522932784
rbs_holdout,4,log_prot,transcript_accessibility,2257,24,2214066,0.08848543167075507,0.17363339112561404,0.8391663373898518,0.7506809057190967,0.8212644316463351,0.9948978227719492
rbs_holdout,4,log_prot,transcript_accessibility,2257,25,2214067,0.0889953066106699,0.1604112634821161,0.8391663373898518,0.7501710307791819,0.8212644316463351,0.9816756951284512
rbs_holdout,4,log_prot,transcript_accessibility,2257,26,2214068,0.0965904701971757,0.17321551673079827,0.8391663373898518,0.7425758671926761,0.8212644316463351,0.9944799483771334
rbs_holdout,4,log_prot,transcript_accessibility,2257,27,2214069,0.0941628008765818,0.17201022787420805,0.8391663373898518,0.74500353651327,0.8212644316463351,0.9932746595205432
rbs_holdout,4,log_prot,transcript_accessibility,2257,28,2214070,0.08790908843894796,0.16443363336927908,0.8391663373898518,0.7512572489509038,0.8212644316463351,0.9856980650156142
rbs_holdout,4,log_prot,transcript_accessibility,2257,29,2214071,0.0989308872004453,0.18833231064987577,0.8391663373898518,0.7402354501894065,0.8212644316463351,1.0095967422962109
double_unseen,0,log_translation_proxy,promoter_recognition,490,0,3000042,0.17778828697018273,0.1499984871061142,0.49195681271271524,0.3141685257425325,0.8547346388239843,1.0047331259300984
double_unseen,0,log_translation_proxy,promoter_recognition,490,1,3000043,0.342005963356442,0.25960113608490976,0.49195681271271524,0.14995084935627323,0.8547346388239843,1.114335774908894
double_unseen,0,log_translation_proxy,promoter_recognition,490,2,3000044,0.22388844182883894,0.15540192098556238,0.49195681271271524,0.2680683708838763,0.8547346388239843,1.0101365598095466
double_unseen,0,log_translation_proxy,promoter_recognition,490,3,3000045,0.20832056943487776,0.1317182170912793,0.49195681271271524,0.2836362432778375,0.8547346388239843,0.9864528559152635
double_unseen,0,log_translation_proxy,promoter_recognition,490,4,3000046,0.2114224821036833,0.1603369447344778,0.49195681271271524,0.28053433060903193,0.8547346388239843,1.015071583558462
double_unseen,0,log_translation_proxy,promoter_recognition,490,5,3000047,0.23457548251142324,0.18025167756302074,0.49195681271271524,0.257381330201292,0.8547346388239843,1.034986316387005
double_unseen,0,log_translation_proxy,promoter_recognition,490,6,3000048,0.09374367767173591,0.04399754448163562,0.49195681271271524,0.3982131350409793,0.8547346388239843,0.8987321833056199
double_unseen,0,log_translation_proxy,promoter_recognition,490,7,3000049,0.19947555855244098,0.13764410872429,0.49195681271271524,0.29248125416027426,0.8547346388239843,0.9923787475482743
double_unseen,0,log_translation_proxy,promoter_recognition,490,8,3000050,0.046880599378363086,0.04095439057603356,0.49195681271271524,0.44507621333435216,0.8547346388239843,0.8956890294000178
double_unseen,0,log_translation_proxy,promoter_recognition,490,9,3000051,0.2356072442477281,0.1486760612977942,0.49195681271271524,0.25634956846498713,0.8547346388239843,1.0034107001217785
double_unseen,0,log_translation_proxy,promoter_recognition,490,10,3000052,0.14374773599234497,0.11652886393291884,0.49195681271271524,0.34820907672037027,0.8547346388239843,0.9712635027569031
double_unseen,0,log_translation_proxy,promoter_recognition,490,11,3000053,0.036916404636148814,0.022450783850522238,0.49195681271271524,0.4550404080765664,0.8547346388239843,0.8771854226745065
double_unseen,0,log_translation_proxy,promoter_recognition,490,12,3000054,0.18364235190957034,0.14324687270807734,0.49195681271271524,0.3083144608031449,0.8547346388239843,0.9979815115320616
double_unseen,0,log_translation_proxy,promoter_recognition,490,13,3000055,0.1251989676707338,0.08010901235865486,0.49195681271271524,0.36675784504198145,0.8547346388239843,0.9348436511826391
double_unseen,0,log_translation_proxy,promoter_recognition,490,14,3000056,0.0717061329228853,0.05811073527454613,0.49195681271271524,0.42025067978982994,0.8547346388239843,0.9128453740985304
double_unseen,0,log_translation_proxy,promoter_recognition,490,15,3000057,0.2488143676739778,0.18740672706097117,0.49195681271271524,0.24314244503873744,0.8547346388239843,1.0421413658849554
double_unseen,0,log_translation_proxy,promoter_recognition,490,16,3000058,0.137366907579195,0.1169815303775944,0.49195681271271524,0.35458990513352023,0.8547346388239843,0.9717161692015787
double_unseen,0,log_translation_proxy,promoter_recognition,490,17,3000059,0.13817559558260734,0.09954045070182438,0.49195681271271524,0.3537812171301079,0.8547346388239843,0.9542750895258086
double_unseen,0,log_translation_proxy,promoter_recognition,490,18,3000060,0.20664516703186464,0.1228851493678701,0.49195681271271524,0.2853116456808506,0.8547346388239843,0.9776197881918544
double_unseen,0,log_translation_proxy,promoter_recognition,490,19,3000061,-0.026280995823916464,-0.026392542762345816,0.49195681271271524,0.5182378085366317,0.8547346388239843,0.8283420960616384
double_unseen,0,log_translation_proxy,promoter_recognition,490,20,3000062,0.15354609237947703,0.08110010829539926,0.49195681271271524,0.3384107203332382,0.8547346388239843,0.9358347471193835
double_unseen,0,log_translation_proxy,promoter_recognition,490,21,3000063,0.18906996009842736,0.12628091443215406,0.49195681271271524,0.3028868526142879,0.8547346388239843,0.9810155532561383
double_unseen,0,log_translation_proxy,promoter_recognition,490,22,3000064,0.27228700713660664,0.18336886478145664,0.49195681271271524,0.2196698055761086,0.8547346388239843,1.038103503605441
double_unseen,0,log_translation_proxy,promoter_recognition,490,23,3000065,0.08875002326846299,0.05784963924177111,0.49195681271271524,0.40320678944425226,0.8547346388239843,0.9125842780657554
double_unseen,0,log_translation_proxy,promoter_recognition,490,24,3000066,0.10783062190927872,0.07618696809564529,0.49195681271271524,0.3841261908034365,0.8547346388239843,0.9309216069196296
double_unseen,0,log_translation_proxy,promoter_recognition,490,25,3000067,0.048626704579762925,0.0026885297515026885,0.49195681271271524,0.4433301081329523,0.8547346388239843,0.857423168575487
double_unseen,0,log_translation_proxy,promoter_recognition,490,26,3000068,0.199641146064314,0.14613794627190435,0.49195681271271524,0.29231566664840125,0.8547346388239843,1.0008725850958886
double_unseen,0,log_translation_proxy,promoter_recognition,490,27,3000069,0.28296572561777456,0.1729390529591741,0.49195681271271524,0.20899108709494071,0.8547346388239843,1.0276736917831584
double_unseen,0,log_translation_proxy,promoter_recognition,490,28,3000070,0.289153978942725,0.22162716936785976,0.49195681271271524,0.20280283376999025,0.8547346388239843,1.076361808191844
double_unseen,0,log_translation_proxy,promoter_recognition,490,29,3000071,0.2228578464623922,0.17397255533843392,0.49195681271271524,0.26909896625032304,0.8547346388239843,1.0287071941624182
double_unseen,0,log_translation_proxy,rbs_recognition,490,0,3100042,0.12429423883056406,0.12336366739448101,0.49195681271271524,0.3676625738821512,0.8547346388239843,0.9780983062184653
double_unseen,0,log_translation_proxy,rbs_recognition,490,1,3100043,0.17148783269758366,0.11556972385312858,0.49195681271271524,0.3204689800151316,0.8547346388239843,0.9703043626771128
double_unseen,0,log_translation_proxy,rbs_recognition,490,2,3100044,0.1906680841091825,0.1414159450339385,0.49195681271271524,0.30128872860353273,0.8547346388239843,0.9961505838579228
double_unseen,0,log_translation_proxy,rbs_recognition,490,3,3100045,0.1721726522503345,0.12949129637996137,0.49195681271271524,0.31978416046238073,0.8547346388239843,0.9842259352039456
double_unseen,0,log_translation_proxy,rbs_recognition,490,4,3100046,0.1874768494730617,0.13228921073977673,0.49195681271271524,0.30447996323965354,0.8547346388239843,0.987023849563761
double_unseen,0,log_translation_proxy,rbs_recognition,490,5,3100047,0.273679352165191,0.17418052106016413,0.49195681271271524,0.2182774605475242,0.8547346388239843,1.0289151598841484
double_unseen,0,log_translation_proxy,rbs_recognition,490,6,3100048,0.16567482240106568,0.14740382750409187,0.49195681271271524,0.32628199031164956,0.8547346388239843,1.0021384663280761
double_unseen,0,log_translation_proxy,rbs_recognition,490,7,3100049,0.13916565539164072,0.11375061446135626,0.49195681271271524,0.3527911573210745,0.8547346388239843,0.9684852532853405
double_unseen,0,log_translation_proxy,rbs_recognition,490,8,3100050,0.2918476740589405,0.24405663158614677,0.49195681271271524,0.20010913865377475,0.8547346388239843,1.098791270410131
double_unseen,0,log_translation_proxy,rbs_recognition,490,9,3100051,0.174661523550107,0.1488998495339855,0.49195681271271524,0.31729528916260824,0.8547346388239843,1.0036344883579698
double_unseen,0,log_translation_proxy,rbs_recognition,490,10,3100052,0.16393819182240388,0.14331862078300717,0.49195681271271524,0.32801862089031136,0.8547346388239843,0.9980532596069914
double_unseen,0,log_translation_proxy,rbs_recognition,490,11,3100053,0.17089909595965136,0.12308432631487642,0.49195681271271524,0.3210577167530639,0.8547346388239843,0.9778189651388607
double_unseen,0,log_translation_proxy,rbs_recognition,490,12,3100054,0.16627335101821522,0.15324937652133164,0.49195681271271524,0.3256834616945,0.8547346388239843,1.007984015345316
double_unseen,0,log_translation_proxy,rbs_recognition,490,13,3100055,0.21056610066714831,0.17133822831709522,0.49195681271271524,0.2813907120455669,0.8547346388239843,1.0260728671410795
double_unseen,0,log_translation_proxy,rbs_recognition,490,14,3100056,0.2283662071028354,0.16631160344974694,0.49195681271271524,0.26359060560987985,0.8547346388239843,1.0210462422737312
double_unseen,0,log_translation_proxy,rbs_recognition,490,15,3100057,0.07835359750837467,0.10241247805839471,0.49195681271271524,0.41360321520434057,0.8547346388239843,0.957147116882379
double_unseen,0,log_translation_proxy,rbs_recognition,490,16,3100058,0.21312382111766653,0.1530300406819065,0.49195681271271524,0.2788329915950487,0.8547346388239843,1.0077646795058908
double_unseen,0,log_translation_proxy,rbs_recognition,490,17,3100059,0.24311838713469472,0.17132157601197617,0.49195681271271524,0.24883842557802052,0.8547346388239843,1.0260562148359604
double_unseen,0,log_translation_proxy,rbs_recognition,490,18,3100060,0.27437406559590094,0.20676153925880536,0.49195681271271524,0.21758274711681433,0.8547346388239843,1.0614961780827896
double_unseen,0,log_translation_proxy,rbs_recognition,490,19,3100061,0.12508493307735047,0.10063954133447661,0.49195681271271524,0.3668718796353648,0.8547346388239843,0.9553741801584609
double_unseen,0,log_translation_proxy,rbs_recognition,490,20,3100062,0.19080884237292933,0.194533828372913,0.49195681271271524,0.3011479703397859,0.8547346388239843,1.0492684671968973
double_unseen,0,log_translation_proxy,rbs_recognition,490,21,3100063,0.08480287595652503,0.0640894410767836,0.49195681271271524,0.4071539367561902,0.8547346388239843,0.9188240799007679
double_unseen,0,log_translation_proxy,rbs_recognition,490,22,3100064,0.14178692105832874,0.10235902705116673,0.49195681271271524,0.3501698916543865,0.8547346388239843,0.957093665875151
double_unseen,0,log_translation_proxy,rbs_recognition,490,23,3100065,0.17611357763901986,0.13514612298297424,0.49195681271271524,0.3158432350736954,0.8547346388239843,0.9898807618069585
double_unseen,0,log_translation_proxy,rbs_recognition,490,24,3100066,0.10559389149934834,0.06169987238533314,0.49195681271271524,0.3863629212133669,0.8547346388239843,0.9164345112093174
double_unseen,0,log_translation_proxy,rbs_recognition,490,25,3100067,0.1966295025750857,0.1867542829770925,0.49195681271271524,0.29532731013762953,0.8547346388239843,1.0414889218010768
double_unseen,0,log_translation_proxy,rbs_recognition,490,26,3100068,0.16543288138540813,0.1540431508869815,0.49195681271271524,0.3265239313273071,0.8547346388239843,1.0087777897109658
double_unseen,0,log_translation_proxy,rbs_recognition,490,27,3100069,0.05524374256843534,0.05894532340494385,0.49195681271271524,0.4367130701442799,0.8547346388239843,0.9136799622289281
double_unseen,0,log_translation_proxy,rbs_recognition,490,28,3100070,0.2648765547476972,0.18757818980383267,0.49195681271271524,0.22708025796501802,0.8547346388239843,1.042312828627817
double_unseen,0,log_translation_proxy,rbs_recognition,490,29,3100071,0.29362020819473195,0.23578002770521178,0.49195681271271524,0.1983366045179833,0.8547346388239843,1.090514666529196
double_unseen,0,log_translation_proxy,transcript_accessibility,490,0,3200042,0.14669051057255206,0.10572270311480492,0.49195681271271524,0.3452663021401632,0.8547346388239843,0.9604573419387892
double_unseen,0,log_translation_proxy,transcript_accessibility,490,1,3200043,0.09476091112416124,0.09442535254968387,0.49195681271271524,0.397195901588554,0.8547346388239843,0.9491599913736681
double_unseen,0,log_translation_proxy,transcript_accessibility,490,2,3200044,0.16186078344723615,0.13001675896465592,0.49195681271271524,0.3300960292654791,0.8547346388239843,0.9847513977886402
double_unseen,0,log_translation_proxy,transcript_accessibility,490,3,3200045,0.16246920594234476,0.13883497122326682,0.49195681271271524,0.3294876067703705,0.8547346388239843,0.9935696100472511
double_unseen,0,log_translation_proxy,transcript_accessibility,490,4,3200046,0.15573493443592573,0.15630565908872374,0.49195681271271524,0.3362218782767895,0.8547346388239843,1.011040297912708
double_unseen,0,log_translation_proxy,transcript_accessibility,490,5,3200047,0.14039168026862386,0.11796506655563621,0.49195681271271524,0.3515651324440914,0.8547346388239843,0.9726997053796205
double_unseen,0,log_translation_proxy,transcript_accessibility,490,6,3200048,0.17853553776414172,0.15391168951080791,0.49195681271271524,0.3134212749485735,0.8547346388239843,1.0086463283347922
double_unseen,0,log_translation_proxy,transcript_accessibility,490,7,3200049,0.10383216923019256,0.11296590998985889,0.49195681271271524,0.3881246434825227,0.8547346388239843,0.9677005488138432
double_unseen,0,log_translation_proxy,transcript_accessibility,490,8,3200050,0.165589449454141,0.1355246159973682,0.49195681271271524,0.32636736325857424,0.8547346388239843,0.9902592548213525
double_unseen,0,log_translation_proxy,transcript_accessibility,490,9,3200051,0.13472177420691517,0.11292068847112724,0.49195681271271524,0.3572350385058001,0.8547346388239843,0.9676553272951115
double_unseen,0,log_translation_proxy,transcript_accessibility,490,10,3200052,0.1548002265392056,0.15812746221170793,0.49195681271271524,0.33715658617350963,0.8547346388239843,1.0128621010356922
double_unseen,0,log_translation_proxy,transcript_accessibility,490,11,3200053,0.09865195912808411,0.08829114313747277,0.49195681271271524,0.39330485358463113,0.8547346388239843,0.943025781961457
double_unseen,0,log_translation_proxy,transcript_accessibility,490,12,3200054,0.11333019007210549,0.10696219897009651,0.49195681271271524,0.37862662264060976,0.8547346388239843,0.9616968377940808
double_unseen,0,log_translation_proxy,transcript_accessibility,490,13,3200055,0.13935996299485642,0.11042510457039656,0.49195681271271524,0.3525968497178588,0.8547346388239843,0.9651597433943808
double_unseen,0,log_translation_proxy,transcript_accessibility,490,14,3200056,0.12940396780205715,0.10769115782406513,0.49195681271271524,0.3625528449106581,0.8547346388239843,0.9624257966480494
double_unseen,0,log_translation_proxy,transcript_accessibility,490,15,3200057,0.12604637321798634,0.12682200350313078,0.49195681271271524,0.3659104394947289,0.8547346388239843,0.981556642327115
double_unseen,0,log_translation_proxy,transcript_accessibility,490,16,3200058,0.13559998337420504,0.12383463315837784,0.49195681271271524,0.3563568293385102,0.8547346388239843,0.9785692719823621
double_unseen,0,log_translation_proxy,transcript_accessibility,490,17,3200059,0.11708812971791993,0.11233200641626884,0.49195681271271524,0.3748686829947953,0.8547346388239843,0.9670666452402531
double_unseen,0,log_translation_proxy,transcript_accessibility,490,18,3200060,0.1173197688606511,0.09807211598215915,0.49195681271271524,0.37463704385206414,0.8547346388239843,0.9528067548061434
double_unseen,0,log_translation_proxy,transcript_accessibility,490,19,3200061,0.12711164807782094,0.11154947475216359,0.49195681271271524,0.3648451646348943,0.8547346388239843,0.9662841135761479
double_unseen,0,log_translation_proxy,transcript_accessibility,490,20,3200062,0.09450744425067514,0.06514011129890196,0.49195681271271524,0.3974493684620401,0.8547346388239843,0.9198747501228862
double_unseen,0,log_translation_proxy,transcript_accessibility,490,21,3200063,0.08252120466033236,0.08497139368136275,0.49195681271271524,0.4094356080523829,0.8547346388239843,0.939706032505347
double_unseen,0,log_translation_proxy,transcript_accessibility,490,22,3200064,0.12339777188848378,0.10273049712550408,0.49195681271271524,0.36855904082423147,0.8547346388239843,0.9574651359494883
double_unseen,0,log_translation_proxy,transcript_accessibility,490,23,3200065,0.09872346024611789,0.11613341195914406,0.49195681271271524,0.39323335246659735,0.8547346388239843,0.9708680507831283
double_unseen,0,log_translation_proxy,transcript_accessibility,490,24,3200066,0.09970387215273702,0.08493777170519856,0.49195681271271524,0.3922529405599782,0.8547346388239843,0.9396724105291828
double_unseen,0,log_translation_proxy,transcript_accessibility,490,25,3200067,0.11441576268156733,0.12276473047674197,0.49195681271271524,0.3775410500311479,0.8547346388239843,0.9774993693007262
double_unseen,0,log_translation_proxy,transcript_accessibility,490,26,3200068,0.10902757714483591,0.11911251624775088,0.49195681271271524,0.38292923556787933,0.8547346388239843,0.9738471550717351
double_unseen,0,log_translation_proxy,transcript_accessibility,490,27,3200069,0.127218635457308,0.10200882989024329,0.49195681271271524,0.36473817725540725,0.8547346388239843,0.9567434687142276
double_unseen,0,log_translation_proxy,transcript_accessibility,490,28,3200070,0.12756605247274272,0.12523217743530868,0.49195681271271524,0.3643907602399725,0.8547346388239843,0.9799668162592929
double_unseen,0,log_translation_proxy,transcript_accessibility,490,29,3200071,0.10728350065801939,0.09817413252197515,0.49195681271271524,0.38467331205469585,0.8547346388239843,0.9529087713459594
double_unseen,0,log_prot,promoter_recognition,490,0,3010042,0.17610894001205513,0.24177556921895738,0.5583346370574592,0.3822256970454041,1.3440928505825152,1.5858684198014725
double_unseen,0,log_prot,promoter_recognition,490,1,3010043,0.36369780372629334,0.4074989351003926,0.5583346370574592,0.1946368333311659,1.3440928505825152,1.7515917856829077
double_unseen,0,log_prot,promoter_recognition,490,2,3010044,0.34394669514853804,0.5307818370066377,0.5583346370574592,0.2143879419089212,1.3440928505825152,1.8748746875891529
double_unseen,0,log_prot,promoter_recognition,490,3,3010045,0.3655060683743352,0.466984647252757,0.5583346370574592,0.192828568683124,1.3440928505825152,1.8110774978352722
double_unseen,0,log_prot,promoter_recognition,490,4,3010046,0.5376915845979304,0.7696260636434131,0.5583346370574592,0.02064305245952878,1.3440928505825152,2.1137189142259283
double_unseen,0,log_prot,promoter_recognition,490,5,3010047,0.4117560449409903,0.5979937938434732,0.5583346370574592,0.14657859211646895,1.3440928505825152,1.9420866444259883
double_unseen,0,log_prot,promoter_recognition,490,6,3010048,0.3203094983948521,0.3728227631537062,0.5583346370574592,0.23802513866260713,1.3440928505825152,1.7169156137362214
double_unseen,0,log_prot,promoter_recognition,490,7,3010049,0.34647807691216914,0.47466609108531777,0.5583346370574592,0.2118565601452901,1.3440928505825152,1.818758941667833
double_unseen,0,log_prot,promoter_recognition,490,8,3010050,0.3381642283174642,0.4764003025079897,0.5583346370574592,0.22017040873999505,1.3440928505825152,1.8204931530905049
double_unseen,0,log_prot,promoter_recognition,490,9,3010051,0.1958584715468526,0.2707920837812976,0.5583346370574592,0.36247616551060663,1.3440928505825152,1.6148849343638128
double_unseen,0,log_prot,promoter_recognition,490,10,3010052,0.3366902783970333,0.40256943092136566,0.5583346370574592,0.22164435866042592,1.3440928505825152,1.7466622815038808
double_unseen,0,log_prot,promoter_recognition,490,11,3010053,0.3960853407568388,0.5219469881481404,0.5583346370574592,0.1622492963006204,1.3440928505825152,1.8660398387306556
double_unseen,0,log_prot,promoter_recognition,490,12,3010054,0.3385719674149396,0.3992686082446617,0.5583346370574592,0.21976266964251961,1.3440928505825152,1.7433614588271769
double_unseen,0,log_prot,promoter_recognition,490,13,3010055,0.3826277762704351,0.5197237158451011,0.5583346370574592,0.17570686078702413,1.3440928505825152,1.8638165664276163
double_unseen,0,log_prot,promoter_recognition,490,14,3010056,0.6028359804632205,0.7983763963148782,0.5583346370574592,-0.04450134340576129,1.3440928505825152,2.1424692468973934
double_unseen,0,log_prot,promoter_recognition,490,15,3010057,0.3508736740086507,0.49873420178358696,0.5583346370574592,0.2074609630488085,1.3440928505825152,1.8428270523661021
double_unseen,0,log_prot,promoter_recognition,490,16,3010058,0.29982811739608506,0.36426286759272264,0.5583346370574592,0.25850651966137417,1.3440928505825152,1.7083557181752378
double_unseen,0,log_prot,promoter_recognition,490,17,3010059,0.29363401893284524,0.386312815613322,0.5583346370574592,0.264700618124614,1.3440928505825152,1.7304056661958371
double_unseen,0,log_prot,promoter_recognition,490,18,3010060,0.3291309502444797,0.4639398863288169,0.5583346370574592,0.22920368681297953,1.3440928505825152,1.808032736911332
double_unseen,0,log_prot,promoter_recognition,490,19,3010061,0.18106876913897763,0.22710724770368862,0.5583346370574592,0.3772658679184816,1.3440928505825152,1.5712000982862038
double_unseen,0,log_prot,promoter_recognition,490,20,3010062,0.1821621988015918,0.24110494711032793,0.5583346370574592,0.37617243825586744,1.3440928505825152,1.585197797692843
double_unseen,0,log_prot,promoter_recognition,490,21,3010063,0.4784520654921021,0.6889335182753642,0.5583346370574592,0.07988257156535712,1.3440928505825152,2.0330263688578794
double_unseen,0,log_prot,promoter_recognition,490,22,3010064,0.4429682276719702,0.6572793468730922,0.5583346370574592,0.11536640938548906,1.3440928505825152,2.0013721974556073
double_unseen,0,log_prot,promoter_recognition,490,23,3010065,0.4606393101215085,0.5943060452842832,0.5583346370574592,0.09769532693595076,1.3440928505825152,1.9383988958667984
double_unseen,0,log_prot,promoter_recognition,490,24,3010066,0.34503813996579324,0.4789670461416615,0.5583346370574592,0.21329649709166595,1.3440928505825152,1.8230598967241767
double_unseen,0,log_prot,promoter_recognition,490,25,3010067,0.5081986635002328,0.6323761463720867,0.5583346370574592,0.05013597355722648,1.3440928505825152,1.9764689969546019
double_unseen,0,log_prot,promoter_recognition,490,26,3010068,0.4394679950260808,0.6143668894325398,0.5583346370574592,0.11886664203137844,1.3440928505825152,1.958459740015055
double_unseen,0,log_prot,promoter_recognition,490,27,3010069,0.5623369102281203,0.7757961400818474,0.5583346370574592,-0.0040022731706610745,1.3440928505825152,2.1198889906643625
double_unseen,0,log_prot,promoter_recognition,490,28,3010070,0.3472497535151217,0.4128808679519016,0.5583346370574592,0.2110848835423375,1.3440928505825152,1.7569737185344168
double_unseen,0,log_prot,promoter_recognition,490,29,3010071,0.5202956509484733,0.6909911628488119,0.5583346370574592,0.03803898610898594,1.3440928505825152,2.035084013431327
double_unseen,0,log_prot,rbs_recognition,490,0,3110042,0.13752772327019958,0.18163434923230737,0.5583346370574592,0.42080691378725965,1.3440928505825152,1.5257271998148225
double_unseen,0,log_prot,rbs_recognition,490,1,3110043,0.0978369513410185,0.13099876662290622,0.5583346370574592,0.46049768571644073,1.3440928505825152,1.4750916172054214
double_unseen,0,log_prot,rbs_recognition,490,2,3110044,0.14490731586514466,0.20884240429554346,0.5583346370574592,0.41342732119231457,1.3440928505825152,1.5529352548780586
double_unseen,0,log_prot,rbs_recognition,490,3,3110045,0.11502781474986806,0.12343718811905147,0.5583346370574592,0.44330682230759116,1.3440928505825152,1.4675300387015666
double_unseen,0,log_prot,rbs_recognition,490,4,3110046,0.11662467458027581,0.12888197067912155,0.5583346370574592,0.4417099624771834,1.3440928505825152,1.4729748212616367
double_unseen,0,log_prot,rbs_recognition,490,5,3110047,0.16718037655162687,0.21790965257954698,0.5583346370574592,0.39115426050583235,1.3440928505825152,1.5620025031620621
double_unseen,0,log_prot,rbs_recognition,490,6,3110048,0.10096972604647181,0.10225957942207287,0.5583346370574592,0.4573649110109874,1.3440928505825152,1.446352430004588
double_unseen,0,log_prot,rbs_recognition,490,7,3110049,0.056025141965354464,0.08304183121660169,0.5583346370574592,0.5023094950921048,1.3440928505825152,1.4271346817991168
double_unseen,0,log_prot,rbs_recognition,490,8,3110050,0.1254341531279256,0.20787051763404807,0.5583346370574592,0.4329004839295336,1.3440928505825152,1.5519633682165632
double_unseen,0,log_prot,rbs_recognition,490,9,3110051,0.1052581599054826,0.17061100409771002,0.5583346370574592,0.45307647715197663,1.3440928505825152,1.5147038546802252
double_unseen,0,log_prot,rbs_recognition,490,10,3110052,0.08460735703080574,0.09170717484137691,0.5583346370574592,0.4737272800266535,1.3440928505825152,1.435800025423892
double_unseen,0,log_prot,rbs_recognition,490,11,3110053,0.1980334159538522,0.2695094685652879,0.5583346370574592,0.360301221103607,1.3440928505825152,1.613602319147803
double_unseen,0,log_prot,rbs_recognition,490,12,3110054,0.08198901894856214,0.09170476425066698,0.5583346370574592,0.4763456181088971,1.3440928505825152,1.4357976148331821
double_unseen,0,log_prot,rbs_recognition,490,13,3110055,0.04702788155524218,0.0895949503068727,0.5583346370574592,0.511306755502217,1.3440928505825152,1.4336878008893879
double_unseen,0,log_prot,rbs_recognition,490,14,3110056,0.15963447307849327,0.24143791471314024,0.5583346370574592,0.39870016397896596,1.3440928505825152,1.5855307652956554
double_unseen,0,log_prot,rbs_recognition,490,15,3110057,0.08983266020362296,0.1258360405379142,0.5583346370574592,0.46850197685383627,1.3440928505825152,1.4699288911204293
double_unseen,0,log_prot,rbs_recognition,490,16,3110058,0.03520415221532802,0.06598270344043566,0.5583346370574592,0.5231304848421312,1.3440928505825152,1.4100755540229508
double_unseen,0,log_prot,rbs_recognition,490,17,3110059,0.1809283854821357,0.21361072784207158,0.5583346370574592,0.37740625157532354,1.3440928505825152,1.5577035784245867
double_unseen,0,log_prot,rbs_recognition,490,18,3110060,0.18855629689520403,0.2961745746725315,0.5583346370574592,0.3697783401622552,1.3440928505825152,1.6402674252550467
double_unseen,0,log_prot,rbs_recognition,490,19,3110061,0.13673610185000895,0.1902979240503908,0.5583346370574592,0.4215985352074503,1.3440928505825152,1.534390774632906
double_unseen,0,log_prot,rbs_recognition,490,20,3110062,0.11907466178582499,0.18279336735614105,0.5583346370574592,0.43925997527163424,1.3440928505825152,1.5268862179386562
double_unseen,0,log_prot,rbs_recognition,490,21,3110063,0.21567772003058705,0.31317994760908463,0.5583346370574592,0.3426569170268722,1.3440928505825152,1.6572727981915998
double_unseen,0,log_prot,rbs_recognition,490,22,3110064,0.06748177357414292,0.10335443842288128,0.5583346370574592,0.4908528634833163,1.3440928505825152,1.4474472890053964
double_unseen,0,log_prot,rbs_recognition,490,23,3110065,0.1333846393047296,0.14295682561945333,0.5583346370574592,0.4249499977527296,1.3440928505825152,1.4870496762019685
double_unseen,0,log_prot,rbs_recognition,490,24,3110066,0.07189005734537185,0.09865783551827567,0.5583346370574592,0.4864445797120874,1.3440928505825152,1.4427506861007908
double_unseen,0,log_prot,rbs_recognition,490,25,3110067,0.1339102449197589,0.15307455153932636,0.5583346370574592,0.42442439213770033,1.3440928505825152,1.4971674021218415
double_unseen,0,log_prot,rbs_recognition,490,26,3110068,0.1538250163335293,0.21477338858797212,0.5583346370574592,0.40450962072392993,1.3440928505825152,1.5588662391704873
double_unseen,0,log_prot,rbs_recognition,490,27,3110069,0.1396580427098839,0.17154520342854207,0.5583346370574592,0.4186765943475753,1.3440928505825152,1.5156380540110572
double_unseen,0,log_prot,rbs_recognition,490,28,3110070,0.07884558525091573,0.10083961898874394,0.5583346370574592,0.4794890518065435,1.3440928505825152,1.444932469571259
double_unseen,0,log_prot,rbs_recognition,490,29,3110071,0.154554825798993,0.22269329313234065,0.5583346370574592,0.40377981125846624,1.3440928505825152,1.5667861437148558
double_unseen,0,log_prot,transcript_accessibility,490,0,3210042,0.06007372300004138,0.08481408113775246,0.5583346370574592,0.49826091405741785,1.3440928505825152,1.4289069317202676
double_unseen,0,log_prot,transcript_accessibility,490,1,3210043,0.07527936186293444,0.10293314790660735,0.5583346370574592,0.4830552751945248,1.3440928505825152,1.4470259984891225
double_unseen,0,log_prot,transcript_accessibility,490,2,3210044,0.06186213869014723,0.05266518123890429,0.5583346370574592,0.496472498367312,1.3440928505825152,1.3967580318214194
double_unseen,0,log_prot,transcript_accessibility,490,3,3210045,0.08048079705323319,0.10257232620322188,0.5583346370574592,0.47785384000422604,1.3440928505825152,1.446665176785737
double_unseen,0,log_prot,transcript_accessibility,490,4,3210046,0.06580790380013996,0.10842920907828213,0.5583346370574592,0.49252673325731927,1.3440928505825152,1.4525220596607973
double_unseen,0,log_prot,transcript_accessibility,490,5,3210047,0.06474618657777631,0.1057867224518394,0.5583346370574592,0.4935884504796829,1.3440928505825152,1.4498795730343546
double_unseen,0,log_prot,transcript_accessibility,490,6,3210048,0.10560138965409,0.15015354956141236,0.5583346370574592,0.45273324740336923,1.3440928505825152,1.4942464001439275
double_unseen,0,log_prot,transcript_accessibility,490,7,3210049,0.07861552441941988,0.08476933003291554,0.5583346370574592,0.47971911263803935,1.3440928505825152,1.4288621806154307
double_unseen,0,log_prot,transcript_accessibility,490,8,3210050,0.08115965755601356,0.14505678365852237,0.5583346370574592,0.47717497950144566,1.3440928505825152,1.4891496342410375
double_unseen,0,log_prot,transcript_accessibility,490,9,3210051,0.07915651980427685,0.09733043105477424,0.5583346370574592,0.4791781172531824,1.3440928505825152,1.4414232816372894
double_unseen,0,log_prot,transcript_accessibility,490,10,3210052,0.06701583791540949,0.09154226760151096,0.5583346370574592,0.49131879914204973,1.3440928505825152,1.4356351181840261
double_unseen,0,log_prot,transcript_accessibility,490,11,3210053,0.06465219364661984,0.10347324474592101,0.5583346370574592,0.4936824434108394,1.3440928505825152,1.4475660953284362
double_unseen,0,log_prot,transcript_accessibility,490,12,3210054,0.062138150487987154,0.09577369816930226,0.5583346370574592,0.4961964865694721,1.3440928505825152,1.4398665487518174
double_unseen,0,log_prot,transcript_accessibility,490,13,3210055,0.09117013422401327,0.10983467966622174,0.5583346370574592,0.46716450283344596,1.3440928505825152,1.4539275302487369
double_unseen,0,log_prot,transcript_accessibility,490,14,3210056,0.08570635522586356,0.13146222454613454,0.5583346370574592,0.47262828183159566,1.3440928505825152,1.4755550751286497
double_unseen,0,log_prot,transcript_accessibility,490,15,3210057,0.08682789540441088,0.10661826381812478,0.5583346370574592,0.47150674165304834,1.3440928505825152,1.45071111440064
double_unseen,0,log_prot,transcript_accessibility,490,16,3210058,0.08381512361106347,0.1183066555817811,0.5583346370574592,0.47451951344639576,1.3440928505825152,1.4623995061642963
double_unseen,0,log_prot,transcript_accessibility,490,17,3210059,0.06468526744656916,0.10064014125339904,0.5583346370574592,0.49364936961089007,1.3440928505825152,1.4447329918359142
double_unseen,0,log_prot,transcript_accessibility,490,18,3210060,0.0989316655392139,0.14199395436495044,0.5583346370574592,0.45940297151824533,1.3440928505825152,1.4860868049474656
double_unseen,0,log_prot,transcript_accessibility,490,19,3210061,0.08788567363335009,0.1370479868721579,0.5583346370574592,0.47044896342410913,1.3440928505825152,1.481140837454673
double_unseen,0,log_prot,transcript_accessibility,490,20,3210062,0.05281724431492363,0.0773959498158201,0.5583346370574592,0.5055173927425356,1.3440928505825152,1.4214888003983353
double_unseen,0,log_prot,transcript_accessibility,490,21,3210063,0.07878601729454532,0.09749765835247914,0.5583346370574592,0.4795486197629139,1.3440928505825152,1.4415905089349943
double_unseen,0,log_prot,transcript_accessibility,490,22,3210064,0.0825646045269845,0.09946223158157785,0.5583346370574592,0.47577003253047473,1.3440928505825152,1.443555082164093
double_unseen,0,log_prot,transcript_accessibility,490,23,3210065,0.06937127119021319,0.10466932598059464,0.5583346370574592,0.48896336586724604,1.3440928505825152,1.4487621765631098
double_unseen,0,log_prot,transcript_accessibility,490,24,3210066,0.07120205542754998,0.09201619502531266,0.5583346370574592,0.48713258162990924,1.3440928505825152,1.4361090456078278
double_unseen,0,log_prot,transcript_accessibility,490,25,3210067,0.0755274766812069,0.11908798617595728,0.5583346370574592,0.4828071603762523,1.3440928505825152,1.4631808367584724
double_unseen,0,log_prot,transcript_accessibility,490,26,3210068,0.08386010557811718,0.10831526833467375,0.5583346370574592,0.47447453147934204,1.3440928505825152,1.452408118917189
double_unseen,0,log_prot,transcript_accessibility,490,27,3210069,0.07063024383178257,0.09816447395132943,0.5583346370574592,0.48770439322567666,1.3440928505825152,1.4422573245338446
double_unseen,0,log_prot,transcript_accessibility,490,28,3210070,0.0731214900706384,0.11271223187983725,0.5583346370574592,0.48521314698682083,1.3440928505825152,1.4568050824623524
double_unseen,0,log_prot,transcript_accessibility,490,29,3210071,0.07813177752870093,0.10872978279490964,0.5583346370574592,0.4802028595287583,1.3440928505825152,1.4528226333774248
double_unseen,1,log_translation_proxy,promoter_recognition,492,0,3001042,0.28378639533895333,0.1980155418108318,0.5392490177987584,0.2554626224598051,0.8302508593685611,1.028266401179393
double_unseen,1,log_translation_proxy,promoter_recognition,492,1,3001043,0.15016566789881808,0.10863467797083914,0.5392490177987584,0.38908334989994037,0.8302508593685611,0.9388855373394003
double_unseen,1,log_translation_proxy,promoter_recognition,492,2,3001044,0.2993225644656562,0.18191564681780203,0.5392490177987584,0.23992645333310228,0.8302508593685611,1.0121665061863632
double_unseen,1,log_translation_proxy,promoter_recognition,492,3,3001045,0.15892109873152915,0.09462337455299952,0.5392490177987584,0.3803279190672293,0.8302508593685611,0.9248742339215607
double_unseen,1,log_translation_proxy,promoter_recognition,492,4,3001046,0.1585633914937129,0.09268740762367922,0.5392490177987584,0.38068562630504554,0.8302508593685611,0.9229382669922404
double_unseen,1,log_translation_proxy,promoter_recognition,492,5,3001047,0.23721214632516607,0.1808481658203196,0.5392490177987584,0.30203687147359237,0.8302508593685611,1.0110990251888807
double_unseen,1,log_translation_proxy,promoter_recognition,492,6,3001048,0.27461240787771696,0.15337813756359264,0.5392490177987584,0.2646366099210415,0.8302508593685611,0.9836289969321538
double_unseen,1,log_translation_proxy,promoter_recognition,492,7,3001049,0.4165633593685755,0.2542312078928628,0.5392490177987584,0.12268565843018292,0.8302508593685611,1.084482067261424
double_unseen,1,log_translation_proxy,promoter_recognition,492,8,3001050,0.3672351407421607,0.2316207367047527,0.5392490177987584,0.17201387705659774,0.8302508593685611,1.0618715960733138
double_unseen,1,log_translation_proxy,promoter_recognition,492,9,3001051,0.341738553127346,0.23122762397357222,0.5392490177987584,0.1975104646714124,0.8302508593685611,1.0614784833421333
double_unseen,1,log_translation_proxy,promoter_recognition,492,10,3001052,0.22436122855864626,0.13256164183003483,0.5392490177987584,0.3148877892401122,0.8302508593685611,0.962812501198596
double_unseen,1,log_translation_proxy,promoter_recognition,492,11,3001053,0.30398240760465756,0.21405550221121916,0.5392490177987584,0.23526661019410086,0.8302508593685611,1.0443063615797803
double_unseen,1,log_translation_proxy,promoter_recognition,492,12,3001054,0.2792060517617975,0.18916284220946977,0.5392490177987584,0.2600429660369609,0.8302508593685611,1.019413701578031
double_unseen,1,log_translation_proxy,promoter_recognition,492,13,3001055,0.376151283616879,0.22661276044362433,0.5392490177987584,0.16309773418187948,0.8302508593685611,1.0568636198121855
double_unseen,1,log_translation_proxy,promoter_recognition,492,14,3001056,0.237646119218536,0.17295636717820861,0.5392490177987584,0.30160289858022243,0.8302508593685611,1.0032072265467697
double_unseen,1,log_translation_proxy,promoter_recognition,492,15,3001057,0.2450979184528212,0.1654090157432585,0.5392490177987584,0.29415109934593725,0.8302508593685611,0.9956598751118196
double_unseen,1,log_translation_proxy,promoter_recognition,492,16,3001058,0.31193629342535156,0.2035108149541418,0.5392490177987584,0.2273127243734069,0.8302508593685611,1.033761674322703
double_unseen,1,log_translation_proxy,promoter_recognition,492,17,3001059,0.39143081355233805,0.24009261226466516,0.5392490177987584,0.1478182042464204,0.8302508593685611,1.0703434716332263
double_unseen,1,log_translation_proxy,promoter_recognition,492,18,3001060,0.285813483026164,0.2003702302109749,0.5392490177987584,0.25343553477259445,0.8302508593685611,1.030621089579536
double_unseen,1,log_translation_proxy,promoter_recognition,492,19,3001061,0.0643050327466913,0.029041182382602115,0.5392490177987584,0.47494398505206714,0.8302508593685611,0.8592920417511632
double_unseen,1,log_translation_proxy,promoter_recognition,492,20,3001062,0.3867434666839156,0.2554581363943944,0.5392490177987584,0.15250555111484282,0.8302508593685611,1.0857089957629555
double_unseen,1,log_translation_proxy,promoter_recognition,492,21,3001063,0.3620897356405055,0.21935497465268283,0.5392490177987584,0.1771592821582529,0.8302508593685611,1.049605834021244
double_unseen,1,log_translation_proxy,promoter_recognition,492,22,3001064,0.2059315373565071,0.10679690209007398,0.5392490177987584,0.33331748044225135,0.8302508593685611,0.9370477614586351
double_unseen,1,log_translation_proxy,promoter_recognition,492,23,3001065,0.24308151131511074,0.1494306521701817,0.5392490177987584,0.2961675064836477,0.8302508593685611,0.9796815115387428
double_unseen,1,log_translation_proxy,promoter_recognition,492,24,3001066,0.3401800997394304,0.197975189215287,0.5392490177987584,0.19906891805932803,0.8302508593685611,1.0282260485838481
double_unseen,1,log_translation_proxy,promoter_recognition,492,25,3001067,0.13924772807202634,0.10280952283834688,0.5392490177987584,0.4000012897267321,0.8302508593685611,0.933060382206908
double_unseen,1,log_translation_proxy,promoter_recognition,492,26,3001068,0.30273933270669967,0.19154088136962244,0.5392490177987584,0.23650968509205877,0.8302508593685611,1.0217917407381836
double_unseen,1,log_translation_proxy,promoter_recognition,492,27,3001069,0.24445859688132537,0.16745630665132683,0.5392490177987584,0.29479042091743307,0.8302508593685611,0.997707166019888
double_unseen,1,log_translation_proxy,promoter_recognition,492,28,3001070,0.19146977105358037,0.12626756899826896,0.5392490177987584,0.34777924674517807,0.8302508593685611,0.9565184283668301
double_unseen,1,log_translation_proxy,promoter_recognition,492,29,3001071,0.16216828805928224,0.08386583806327175,0.5392490177987584,0.3770807297394762,0.8302508593685611,0.9141166974318329
double_unseen,1,log_translation_proxy,rbs_recognition,492,0,3101042,0.24767596127839886,0.193037840039056,0.5392490177987584,0.2915730565203596,0.8302508593685611,1.0232886994076171
double_unseen,1,log_translation_proxy,rbs_recognition,492,1,3101043,0.18197268797018196,0.12440964837189727,0.5392490177987584,0.3572763298285765,0.8302508593685611,0.9546605077404584
double_unseen,1,log_translation_proxy,rbs_recognition,492,2,3101044,0.22480688960052586,0.15855554476812062,0.5392490177987584,0.3144421281982326,0.8302508593685611,0.9888064041366817
double_unseen,1,log_translation_proxy,rbs_recognition,492,3,3101045,0.1565589843736765,0.13529931948538154,0.5392490177987584,0.38269003342508195,0.8302508593685611,0.9655501788539427
double_unseen,1,log_translation_proxy,rbs_recognition,492,4,3101046,0.2024377885511417,0.128739273469215,0.5392490177987584,0.33681122924761675,0.8302508593685611,0.9589901328377761
double_unseen,1,log_translation_proxy,rbs_recognition,492,5,3101047,0.1808720461919917,0.15108136117000648,0.5392490177987584,0.35837697160676674,0.8302508593685611,0.9813322205385676
double_unseen,1,log_translation_proxy,rbs_recognition,492,6,3101048,0.24735806379091752,0.1887241924342049,0.5392490177987584,0.29189095400784093,0.8302508593685611,1.018975051802766
double_unseen,1,log_translation_proxy,rbs_recognition,492,7,3101049,0.21603312046584278,0.16571302837639934,0.5392490177987584,0.32321589733291567,0.8302508593685611,0.9959638877449605
double_unseen,1,log_translation_proxy,rbs_recognition,492,8,3101050,0.22346406240063243,0.19415759729924953,0.5392490177987584,0.315784955398126,0.8302508593685611,1.0244084566678107
double_unseen,1,log_translation_proxy,rbs_recognition,492,9,3101051,0.11938069688290737,0.09668846503300632,0.5392490177987584,0.4198683209158511,0.8302508593685611,0.9269393244015675
double_unseen,1,log_translation_proxy,rbs_recognition,492,10,3101052,0.21860823317735956,0.21675687485884132,0.5392490177987584,0.3206407846213989,0.8302508593685611,1.0470077342274025
double_unseen,1,log_translation_proxy,rbs_recognition,492,11,3101053,0.2540213160404075,0.17484035325474356,0.5392490177987584,0.28522770175835094,0.8302508593685611,1.0050912126233047
double_unseen,1,log_translation_proxy,rbs_recognition,492,12,3101054,0.27484022601375346,0.19107566978842905,0.5392490177987584,0.264408791785005,0.8302508593685611,1.0213265291569902
double_unseen,1,log_translation_proxy,rbs_recognition,492,13,3101055,0.1669766512922765,0.15148454379642284,0.5392490177987584,0.37227236650648193,0.8302508593685611,0.981735403164984
double_unseen,1,log_translation_proxy,rbs_recognition,492,14,3101056,0.14944251408973608,0.14369015026730358,0.5392490177987584,0.38980650370902237,0.8302508593685611,0.9739410096358647
double_unseen,1,log_translation_proxy,rbs_recognition,492,15,3101057,0.23219803137444217,0.1684332656787627,0.5392490177987584,0.3070509864243163,0.8302508593685611,0.9986841250473238
double_unseen,1,log_translation_proxy,rbs_recognition,492,16,3101058,0.1819022154192529,0.16243702893717982,0.5392490177987584,0.35734680237950556,0.8302508593685611,0.992687888305741
double_unseen,1,log_translation_proxy,rbs_recognition,492,17,3101059,0.14521331876737348,0.11041274256362132,0.5392490177987584,0.39403569903138497,0.8302508593685611,0.9406636019321825
double_unseen,1,log_translation_proxy,rbs_recognition,492,18,3101060,0.20330512977847587,0.1775159724017208,0.5392490177987584,0.3359438880202826,0.8302508593685611,1.007766831770282
double_unseen,1,log_translation_proxy,rbs_recognition,492,19,3101061,0.2481449986172976,0.20648909454097808,0.5392490177987584,0.29110401918146084,0.8302508593685611,1.0367399539095392
double_unseen,1,log_translation_proxy,rbs_recognition,492,20,3101062,0.11609824158982357,0.12966387834237547,0.5392490177987584,0.4231507762089349,0.8302508593685611,0.9599147377109366
double_unseen,1,log_translation_proxy,rbs_recognition,492,21,3101063,0.2627611290884721,0.2043437940628119,0.5392490177987584,0.27648788871028634,0.8302508593685611,1.034594653431373
double_unseen,1,log_translation_proxy,rbs_recognition,492,22,3101064,0.19050398740302293,0.15269380615200756,0.5392490177987584,0.3487450303957355,0.8302508593685611,0.9829446655205687
double_unseen,1,log_translation_proxy,rbs_recognition,492,23,3101065,0.1262716665085329,0.11259613786744549,0.5392490177987584,0.41297735129022556,0.8302508593685611,0.9428469972360066
double_unseen,1,log_translation_proxy,rbs_recognition,492,24,3101066,0.061863116547290264,0.05733631952065421,0.5392490177987584,0.4773859012514682,0.8302508593685611,0.8875871788892153
double_unseen,1,log_translation_proxy,rbs_recognition,492,25,3101067,0.13174010785261764,0.11345626763315197,0.5392490177987584,0.4075089099461408,0.8302508593685611,0.9437071270017131
double_unseen,1,log_translation_proxy,rbs_recognition,492,26,3101068,0.1512499857991511,0.1377681037922025,0.5392490177987584,0.38799903199960734,0.8302508593685611,0.9680189631607636
double_unseen,1,log_translation_proxy,rbs_recognition,492,27,3101069,0.26366766591727386,0.21100659149707468,0.5392490177987584,0.2755813518814846,0.8302508593685611,1.0412574508656358
double_unseen,1,log_translation_proxy,rbs_recognition,492,28,3101070,0.16654590271573683,0.13579182084663255,0.5392490177987584,0.3727031150830216,0.8302508593685611,0.9660426802151937
double_unseen,1,log_translation_proxy,rbs_recognition,492,29,3101071,0.242760591030601,0.18912415027826834,0.5392490177987584,0.29648842676815745,0.8302508593685611,1.0193750096468295
double_unseen,1,log_translation_proxy,transcript_accessibility,492,0,3201042,0.041912656160188855,0.08293104023143794,0.5392490177987584,0.4973363616385696,0.8302508593685611,0.9131818995999991
double_unseen,1,log_translation_proxy,transcript_accessibility,492,1,3201043,0.10519168763183856,0.11108533965626488,0.5392490177987584,0.4340573301669199,0.8302508593685611,0.941336199024826
double_unseen,1,log_translation_proxy,transcript_accessibility,492,2,3201044,0.07323981620308434,0.09027548341053859,0.5392490177987584,0.4660092015956741,0.8302508593685611,0.9205263427790997
double_unseen,1,log_translation_proxy,transcript_accessibility,492,3,3201045,0.0841280318590974,0.10370818567859108,0.5392490177987584,0.45512098593966105,0.8302508593685611,0.9339590450471522
double_unseen,1,log_translation_proxy,transcript_accessibility,492,4,3201046,0.0937110037582693,0.14059898589052822,0.5392490177987584,0.44553801404048915,0.8302508593685611,0.9708498452590894
double_unseen,1,log_translation_proxy,transcript_accessibility,492,5,3201047,0.12118409759002025,0.12391821179203688,0.5392490177987584,0.4180649202087382,0.8302508593685611,0.954169071160598
double_unseen,1,log_translation_proxy,transcript_accessibility,492,6,3201048,0.0942728409659383,0.10216233967983368,0.5392490177987584,0.44497617683282015,0.8302508593685611,0.9324131990483948
double_unseen,1,log_translation_proxy,transcript_accessibility,492,7,3201049,0.07208097658231638,0.09892902511489032,0.5392490177987584,0.46716804121644206,0.8302508593685611,0.9291798844834515
double_unseen,1,log_translation_proxy,transcript_accessibility,492,8,3201050,0.08564084101188485,0.09345719746955794,0.5392490177987584,0.4536081767868736,0.8302508593685611,0.9237080568381191
double_unseen,1,log_translation_proxy,transcript_accessibility,492,9,3201051,0.0696702959522083,0.09653329129152455,0.5392490177987584,0.46957872184655014,0.8302508593685611,0.9267841506600857
double_unseen,1,log_translation_proxy,transcript_accessibility,492,10,3201052,0.10078847996054396,0.09398022455261945,0.5392490177987584,0.4384605378382145,0.8302508593685611,0.9242310839211806
double_unseen,1,log_translation_proxy,transcript_accessibility,492,11,3201053,0.07770388285454966,0.08395623039615796,0.5392490177987584,0.4615451349442088,0.8302508593685611,0.9142070897647191
double_unseen,1,log_translation_proxy,transcript_accessibility,492,12,3201054,0.08865315901053528,0.07858889270932867,0.5392490177987584,0.45059585878822317,0.8302508593685611,0.9088397520778898
double_unseen,1,log_translation_proxy,transcript_accessibility,492,13,3201055,0.06560936966442371,0.09429445189032348,0.5392490177987584,0.47363964813433473,0.8302508593685611,0.9245453112588846
double_unseen,1,log_translation_proxy,transcript_accessibility,492,14,3201056,0.09944625732005624,0.12242167172423357,0.5392490177987584,0.4398027604787022,0.8302508593685611,0.9526725310927947
double_unseen,1,log_translation_proxy,transcript_accessibility,492,15,3201057,0.06797400301979994,0.09957524356033876,0.5392490177987584,0.4712750147789585,0.8302508593685611,0.9298261029288999
double_unseen,1,log_translation_proxy,transcript_accessibility,492,16,3201058,0.09789898828114552,0.11360053789948166,0.5392490177987584,0.44135002951761293,0.8302508593685611,0.9438513972680428
double_unseen,1,log_translation_proxy,transcript_accessibility,492,17,3201059,0.06137996078474933,0.07931390052134335,0.5392490177987584,0.4778690570140091,0.8302508593685611,0.9095647598899045
double_unseen,1,log_translation_proxy,transcript_accessibility,492,18,3201060,0.12003291572172409,0.11153956186920044,0.5392490177987584,0.41921610207703436,0.8302508593685611,0.9417904212377616
double_unseen,1,log_translation_proxy,transcript_accessibility,492,19,3201061,0.07640468469176542,0.10242387076425696,0.5392490177987584,0.462844333106993,0.8302508593685611,0.9326747301328181
double_unseen,1,log_translation_proxy,transcript_accessibility,492,20,3201062,0.0741189463388291,0.09390098242109124,0.5392490177987584,0.46513007145992935,0.8302508593685611,0.9241518417896524
double_unseen,1,log_translation_proxy,transcript_accessibility,492,21,3201063,0.11156243388888537,0.11552574903338231,0.5392490177987584,0.4276865839098731,0.8302508593685611,0.9457766084019434
double_unseen,1,log_translation_proxy,transcript_accessibility,492,22,3201064,0.10816833662555447,0.12054970760003092,0.5392490177987584,0.431080681173204,0.8302508593685611,0.950800566968592
double_unseen,1,log_translation_proxy,transcript_accessibility,492,23,3201065,0.08814855342660294,0.0996519061061597,0.5392490177987584,0.4511004643721555,0.8302508593685611,0.9299027654747208
double_unseen,1,log_translation_proxy,transcript_accessibility,492,24,3201066,0.040889640885894696,0.06678627648649738,0.5392490177987584,0.49835937691286375,0.8302508593685611,0.8970371358550585
double_unseen,1,log_translation_proxy,transcript_accessibility,492,25,3201067,0.0970850498013121,0.10332960636968591,0.5392490177987584,0.44216396799744634,0.8302508593685611,0.933580465738247
double_unseen,1,log_translation_proxy,transcript_accessibility,492,26,3201068,0.0535208013084536,0.07336683618683792,0.5392490177987584,0.48572821649030484,0.8302508593685611,0.9036176955553991
double_unseen,1,log_translation_proxy,transcript_accessibility,492,27,3201069,0.07501046994239013,0.08616906016723469,0.5392490177987584,0.4642385478563683,0.8302508593685611,0.9164199195357958
double_unseen,1,log_translation_proxy,transcript_accessibility,492,28,3201070,0.08705994345679358,0.10637679648658749,0.5392490177987584,0.45218907434196487,0.8302508593685611,0.9366276558551486
double_unseen,1,log_translation_proxy,transcript_accessibility,492,29,3201071,0.09174830164776249,0.09786078230789097,0.5392490177987584,0.44750071615099596,0.8302508593685611,0.9281116416764521
double_unseen,1,log_prot,promoter_recognition,492,0,3011042,0.6210938074661431,0.8994630711849985,0.7617326588333998,0.14063885136725676,0.9232387300154898,1.8227018012004883
double_unseen,1,log_prot,promoter_recognition,492,1,3011043,0.42094190151760374,0.537039744161175,0.7617326588333998,0.34079075731579606,0.9232387300154898,1.4602784741766648
double_unseen,1,log_prot,promoter_recognition,492,2,3011044,0.7516364450155785,0.995554054015164,0.7617326588333998,0.010096213817821312,0.9232387300154898,1.9187927840306538
double_unseen,1,log_prot,promoter_recognition,492,3,3011045,0.6282499419132006,0.8854846453168781,0.7617326588333998,0.13348271692019914,0.9232387300154898,1.808723375332368
double_unseen,1,log_prot,promoter_recognition,492,4,3011046,0.725315233056745,1.0471426919872693,0.7617326588333998,0.03641742577665484,0.9232387300154898,1.9703814220027591
double_unseen,1,log_prot,promoter_recognition,492,5,3011047,0.6521060576793705,0.8494568318163045,0.7617326588333998,0.10962660115402934,0.9232387300154898,1.7726955618317943
double_unseen,1,log_prot,promoter_recognition,492,6,3011048,0.6663609940685347,1.027598939132152,0.7617326588333998,0.09537166476486508,0.9232387300154898,1.950837669147642
double_unseen,1,log_prot,promoter_recognition,492,7,3011049,0.5266701946153092,0.8119596275691732,0.7617326588333998,0.23506246421809068,0.9232387300154898,1.735198357584663
double_unseen,1,log_prot,promoter_recognition,492,8,3011050,0.7301493002931738,0.9596500453005674,0.7617326588333998,0.03158335854022593,0.9232387300154898,1.8828887753160573
double_unseen,1,log_prot,promoter_recognition,492,9,3011051,0.34524788096519227,0.5936232678430937,0.7617326588333998,0.41648477786820753,0.9232387300154898,1.5168619978585836
double_unseen,1,log_prot,promoter_recognition,492,10,3011052,0.5710803660668036,0.9012099042406199,0.7617326588333998,0.19065229276659623,0.9232387300154898,1.8244486342561097
double_unseen,1,log_prot,promoter_recognition,492,11,3011053,0.49128928813290856,0.759839693211225,0.7617326588333998,0.27044337070049124,0.9232387300154898,1.6830784232267149
double_unseen,1,log_prot,promoter_recognition,492,12,3011054,0.32586949429176215,0.5023243566699802,0.7617326588333998,0.43586316454163765,0.9232387300154898,1.42556308668547
double_unseen,1,log_prot,promoter_recognition,492,13,3011055,0.5976064737177598,0.85184656137239,0.7617326588333998,0.16412618511564,0.9232387300154898,1.7750852913878798
double_unseen,1,log_prot,promoter_recognition,492,14,3011056,0.5087951488449873,0.7403957182804615,0.7617326588333998,0.2529375099884125,0.9232387300154898,1.6636344482959513
double_unseen,1,log_prot,promoter_recognition,492,15,3011057,0.6758250389301831,0.9800097994241734,0.7617326588333998,0.08590761990321676,0.9232387300154898,1.9032485294396633
double_unseen,1,log_prot,promoter_recognition,492,16,3011058,0.8100750944996865,1.1392870899919894,0.7617326588333998,-0.04834243566628674,0.9232387300154898,2.062525820007479
double_unseen,1,log_prot,promoter_recognition,492,17,3011059,0.7828849273164291,1.0825418336802346,0.7617326588333998,-0.02115226848302927,0.9232387300154898,2.0057805636957244
double_unseen,1,log_prot,promoter_recognition,492,18,3011060,0.7355139199106562,0.9892554510004532,0.7617326588333998,0.026218738922743644,0.9232387300154898,1.912494181015943
double_unseen,1,log_prot,promoter_recognition,492,19,3011061,0.6807056069592918,0.9463290273598641,0.7617326588333998,0.08102705187410793,0.9232387300154898,1.869567757375354
double_unseen,1,log_prot,promoter_recognition,492,20,3011062,0.6687359099590348,1.012977483407925,0.7617326588333998,0.09299674887436506,0.9232387300154898,1.9362162134234149
double_unseen,1,log_prot,promoter_recognition,492,21,3011063,0.6453718058302561,0.8501397661996357,0.7617326588333998,0.11636085300314365,0.9232387300154898,1.7733784962151256
double_unseen,1,log_prot,promoter_recognition,492,22,3011064,0.5218846433738431,0.7316537443817417,0.7617326588333998,0.2398480154595567,0.9232387300154898,1.6548924743972315
double_unseen,1,log_prot,promoter_recognition,492,23,3011065,0.7566089566488486,1.0143959798022524,0.7617326588333998,0.005123702184551201,0.9232387300154898,1.9376347098177422
double_unseen,1,log_prot,promoter_recognition,492,24,3011066,0.6595513736540367,0.9307253414505032,0.7617326588333998,0.10218128517936309,0.9232387300154898,1.853964071465993
double_unseen,1,log_prot,promoter_recognition,492,25,3011067,0.5288348241475794,0.8065653701733868,0.7617326588333998,0.23289783468582034,0.9232387300154898,1.7298041001888766
double_unseen,1,log_prot,promoter_recognition,492,26,3011068,0.5580488034727922,0.8500437443023252,0.7617326588333998,0.20368385536060757,0.9232387300154898,1.773282474317815
double_unseen,1,log_prot,promoter_recognition,492,27,3011069,0.8070993964285711,1.145699119327996,0.7617326588333998,-0.04536673759517125,0.9232387300154898,2.068937849343486
double_unseen,1,log_prot,promoter_recognition,492,28,3011070,0.4433302950810171,0.6095559475203336,0.7617326588333998,0.3184023637523827,0.9232387300154898,1.5327946775358234
double_unseen,1,log_prot,promoter_recognition,492,29,3011071,0.8331937487905005,1.141798976183161,0.7617326588333998,-0.07146108995710063,0.9232387300154898,2.065037706198651
double_unseen,1,log_prot,rbs_recognition,492,0,3111042,0.24257055374387193,0.34333957208901467,0.7617326588333998,0.5191621050895279,0.9232387300154898,1.2665783021045045
double_unseen,1,log_prot,rbs_recognition,492,1,3111043,0.18920280814450086,0.28410347147179515,0.7617326588333998,0.572529850688899,0.9232387300154898,1.207342201487285
double_unseen,1,log_prot,rbs_recognition,492,2,3111044,0.1686362078249647,0.26114994558585436,0.7617326588333998,0.5930964510084351,0.9232387300154898,1.1843886756013442
double_unseen,1,log_prot,rbs_recognition,492,3,3111045,0.09100240393500714,0.13506452221149257,0.7617326588333998,0.6707302548983927,0.9232387300154898,1.0583032522269824
double_unseen,1,log_prot,rbs_recognition,492,4,3111046,0.21599295767458548,0.31832904284858055,0.7617326588333998,0.5457397011588143,0.9232387300154898,1.2415677728640704
double_unseen,1,log_prot,rbs_recognition,492,5,3111047,0.21517453364740735,0.34659437104650226,0.7617326588333998,0.5465581251859924,0.9232387300154898,1.269833101061992
double_unseen,1,log_prot,rbs_recognition,492,6,3111048,0.11981475857601198,0.21689716116481095,0.7617326588333998,0.6419179002573878,0.9232387300154898,1.1401358911803008
double_unseen,1,log_prot,rbs_recognition,492,7,3111049,0.186568283819895,0.2816731153717169,0.7617326588333998,0.5751643750135048,0.9232387300154898,1.2049118453872067
double_unseen,1,log_prot,rbs_recognition,492,8,3111050,0.15964310057022912,0.2261077794046893,0.7617326588333998,0.6020895582631707,0.9232387300154898,1.1493465094201791
double_unseen,1,log_prot,rbs_recognition,492,9,3111051,0.11975072552346999,0.2082001132271032,0.7617326588333998,0.6419819333099298,0.9232387300154898,1.131438843242593
double_unseen,1,log_prot,rbs_recognition,492,10,3111052,0.13660683463945666,0.2505989198025309,0.7617326588333998,0.6251258241939431,0.9232387300154898,1.1738376498180207
double_unseen,1,log_prot,rbs_recognition,492,11,3111053,0.22674098867083892,0.3287190786781957,0.7617326588333998,0.5349916701625609,0.9232387300154898,1.2519578086936856
double_unseen,1,log_prot,rbs_recognition,492,12,3111054,0.07474375191586902,0.14534239221528167,0.7617326588333998,0.6869889069175308,0.9232387300154898,1.0685811222307715
double_unseen,1,log_prot,rbs_recognition,492,13,3111055,0.16690286697756263,0.24554443088879085,0.7617326588333998,0.5948297918558372,0.9232387300154898,1.1687831609042807
double_unseen,1,log_prot,rbs_recognition,492,14,3111056,0.17223213477872645,0.25448514200801875,0.7617326588333998,0.5895005240546733,0.9232387300154898,1.1777238720235086
double_unseen,1,log_prot,rbs_recognition,492,15,3111057,0.07451593329777739,0.11683291904135817,0.7617326588333998,0.6872167255356224,0.9232387300154898,1.040071649056848
double_unseen,1,log_prot,rbs_recognition,492,16,3111058,0.13864909101309275,0.21252907276695043,0.7617326588333998,0.623083567820307,0.9232387300154898,1.1357678027824403
double_unseen,1,log_prot,rbs_recognition,492,17,3111059,0.1294093381655408,0.20122212342568657,0.7617326588333998,0.632323320667859,0.9232387300154898,1.1244608534411764
double_unseen,1,log_prot,rbs_recognition,492,18,3111060,0.1916503216972455,0.2996020373195385,0.7617326588333998,0.5700823371361543,0.9232387300154898,1.2228407673350283
double_unseen,1,log_prot,rbs_recognition,492,19,3111061,0.1103325768938167,0.19203292896566437,0.7617326588333998,0.6514000819395831,0.9232387300154898,1.1152716589811542
double_unseen,1,log_prot,rbs_recognition,492,20,3111062,0.1078488904600925,0.1786880978970924,0.7617326588333998,0.6538837683733073,0.9232387300154898,1.1019268279125822
double_unseen,1,log_prot,rbs_recognition,492,21,3111063,0.102125867116581,0.12557637292205648,0.7617326588333998,0.6596067917168188,0.9232387300154898,1.0488151029375463
double_unseen,1,log_prot,rbs_recognition,492,22,3111064,0.19706416263048965,0.3163611603546137,0.7617326588333998,0.5646684962029102,0.9232387300154898,1.2395998903701035
double_unseen,1,log_prot,rbs_recognition,492,23,3111065,0.22312052662928172,0.3365391287073849,0.7617326588333998,0.5386121322041181,0.9232387300154898,1.2597778587228747
double_unseen,1,log_prot,rbs_recognition,492,24,3111066,0.16838057941536788,0.2923292970757254,0.7617326588333998,0.5933520794180319,0.9232387300154898,1.2155680270912153
double_unseen,1,log_prot,rbs_recognition,492,25,3111067,0.21623558802945697,0.3458633106785036,0.7617326588333998,0.5454970708039428,0.9232387300154898,1.2691020406939935
double_unseen,1,log_prot,rbs_recognition,492,26,3111068,0.15634906608507992,0.25731962057310476,0.7617326588333998,0.6053835927483199,0.9232387300154898,1.1805583505885946
double_unseen,1,log_prot,rbs_recognition,492,27,3111069,0.11354853745712135,0.20127250941002073,0.7617326588333998,0.6481841213762785,0.9232387300154898,1.1245112394255106
double_unseen,1,log_prot,rbs_recognition,492,28,3111070,0.15622508076461916,0.2288975719918076,0.7617326588333998,0.6055075780687806,0.9232387300154898,1.1521363020072974
double_unseen,1,log_prot,rbs_recognition,492,29,3111071,0.19216354333866514,0.3014348416037764,0.7617326588333998,0.5695691154947347,0.9232387300154898,1.2246735716192663
double_unseen,1,log_prot,transcript_accessibility,492,0,3211042,0.024094312676018914,0.03334889892940385,0.7617326588333998,0.7376383461573809,0.9232387300154898,0.9565876289448937
double_unseen,1,log_prot,transcript_accessibility,492,1,3211043,0.04712328866513671,0.08890759410026683,0.7617326588333998,0.7146093701682631,0.9232387300154898,1.0121463241157567
double_unseen,1,log_prot,transcript_accessibility,492,2,3211044,0.04918272463823525,0.1168861783553401,0.7617326588333998,0.7125499341951645,0.9232387300154898,1.04012490837083
double_unseen,1,log_prot,transcript_accessibility,492,3,3211045,0.04599868700179477,0.09277853186522855,0.7617326588333998,0.715733971831605,0.9232387300154898,1.0160172618807184
double_unseen,1,log_prot,transcript_accessibility,492,4,3211046,0.02648741576712299,0.044599060945497815,0.7617326588333998,0.7352452430662768,0.9232387300154898,0.9678377909609877
double_unseen,1,log_prot,transcript_accessibility,492,5,3211047,0.03235644051603681,0.06113570916983724,0.7617326588333998,0.729376218317363,0.9232387300154898,0.9843744391853271
double_unseen,1,log_prot,transcript_accessibility,492,6,3211048,0.05294122803617696,0.10211790600223969,0.7617326588333998,0.7087914307972228,0.9232387300154898,1.0253566360177295
double_unseen,1,log_prot,transcript_accessibility,492,7,3211049,0.04941729418397489,0.09647543421748206,0.7617326588333998,0.7123153646494249,0.9232387300154898,1.019714164232972
double_unseen,1,log_prot,transcript_accessibility,492,8,3211050,0.038942071196780836,0.06396962665869543,0.7617326588333998,0.722790587636619,0.9232387300154898,0.9872083566741853
double_unseen,1,log_prot,transcript_accessibility,492,9,3211051,0.05309403074928443,0.07867845961960818,0.7617326588333998,0.7086386280841154,0.9232387300154898,1.001917189635098
double_unseen,1,log_prot,transcript_accessibility,492,10,3211052,0.02923257469706475,0.066494925038871,0.7617326588333998,0.732500084136335,0.9232387300154898,0.9897336550543608
double_unseen,1,log_prot,transcript_accessibility,492,11,3211053,0.0533529338625911,0.08342739452347492,0.7617326588333998,0.7083797249708087,0.9232387300154898,1.0066661245389648
double_unseen,1,log_prot,transcript_accessibility,492,12,3211054,0.0598254613152025,0.09081439758015541,0.7617326588333998,0.7019071975181973,0.9232387300154898,1.0140531275956453
double_unseen,1,log_prot,transcript_accessibility,492,13,3211055,0.03998443457765577,0.08263143753549906,0.7617326588333998,0.721748224255744,0.9232387300154898,1.005870167550989
double_unseen,1,log_prot,transcript_accessibility,492,14,3211056,0.07056215679861422,0.10463969680823948,0.7617326588333998,0.6911705020347856,0.9232387300154898,1.0278784268237293
double_unseen,1,log_prot,transcript_accessibility,492,15,3211057,0.019449825594362036,0.039563710839009225,0.7617326588333998,0.7422828332390378,0.9232387300154898,0.9628024408544991
double_unseen,1,log_prot,transcript_accessibility,492,16,3211058,0.03248138305758208,0.054364275337506984,0.7617326588333998,0.7292512757758177,0.9232387300154898,0.9776030053529968
double_unseen,1,log_prot,transcript_accessibility,492,17,3211059,0.056185351051386334,0.09531383285289374,0.7617326588333998,0.7055473077820135,0.9232387300154898,1.0185525628683836
double_unseen,1,log_prot,transcript_accessibility,492,18,3211060,0.04704368817495885,0.053847129396778604,0.7617326588333998,0.714688970658441,0.9232387300154898,0.9770858594122684
double_unseen,1,log_prot,transcript_accessibility,492,19,3211061,0.03296140424138949,0.05282522689117364,0.7617326588333998,0.7287712545920103,0.9232387300154898,0.9760639569066635
double_unseen,1,log_prot,transcript_accessibility,492,20,3211062,0.033271443112627086,0.04751445519431474,0.7617326588333998,0.7284612157207727,0.9232387300154898,0.9707531852098046
double_unseen,1,log_prot,transcript_accessibility,492,21,3211063,0.01578840456640318,0.03253574164776418,0.7617326588333998,0.7459442542669966,0.9232387300154898,0.955774471663254
double_unseen,1,log_prot,transcript_accessibility,492,22,3211064,0.056051995040309555,0.08323076380601879,0.7617326588333998,0.7056806637930902,0.9232387300154898,1.0064694938215086
double_unseen,1,log_prot,transcript_accessibility,492,23,3211065,0.035308107299927616,0.06926346453006926,0.7617326588333998,0.7264245515334722,0.9232387300154898,0.9925021945455591
double_unseen,1,log_prot,transcript_accessibility,492,24,3211066,0.030655742513557405,0.043638080660556744,0.7617326588333998,0.7310769163198424,0.9232387300154898,0.9668768106760466
double_unseen,1,log_prot,transcript_accessibility,492,25,3211067,0.04176884581918361,0.07062309093100827,0.7617326588333998,0.7199638130142162,0.9232387300154898,0.9938618209464981
double_unseen,1,log_prot,transcript_accessibility,492,26,3211068,0.04856889402283737,0.0899713845959822,0.7617326588333998,0.7131637648105624,0.9232387300154898,1.013210114611472
double_unseen,1,log_prot,transcript_accessibility,492,27,3211069,0.0707264965447918,0.11547686219669151,0.7617326588333998,0.691006162288608,0.9232387300154898,1.0387155922121813
double_unseen,1,log_prot,transcript_accessibility,492,28,3211070,0.02975038092367821,0.05693250521901527,0.7617326588333998,0.7319822779097216,0.9232387300154898,0.9801712352345051
double_unseen,1,log_prot,transcript_accessibility,492,29,3211071,0.040587030440325966,0.07981997023909426,0.7617326588333998,0.7211456283930738,0.9232387300154898,1.003058700254584
double_unseen,2,log_translation_proxy,promoter_recognition,465,0,3002042,0.21228069337890937,0.1722860463936683,0.4153018136508377,0.2030211202719283,0.8681317216002599,1.0404177679939282
double_unseen,2,log_translation_proxy,promoter_recognition,465,1,3002043,0.18257028553423693,0.17492398210224136,0.4153018136508377,0.23273152811660075,0.8681317216002599,1.0430557037025012
double_unseen,2,log_translation_proxy,promoter_recognition,465,2,3002044,0.26781772307809826,0.1957221748760517,0.4153018136508377,0.14748409057273942,0.8681317216002599,1.0638538964763116
double_unseen,2,log_translation_proxy,promoter_recognition,465,3,3002045,0.25258692299980434,0.17826080821919243,0.4153018136508377,0.16271489065103337,0.8681317216002599,1.0463925298194523
double_unseen,2,log_translation_proxy,promoter_recognition,465,4,3002046,0.18042985291239197,0.15335950250072494,0.4153018136508377,0.2348719607384457,0.8681317216002599,1.0214912241009848
double_unseen,2,log_translation_proxy,promoter_recognition,465,5,3002047,0.18983097576229194,0.13044157469613016,0.4153018136508377,0.22547083788854574,0.8681317216002599,0.99857329629639
double_unseen,2,log_translation_proxy,promoter_recognition,465,6,3002048,0.20735390300142748,0.18485752307416858,0.4153018136508377,0.2079479106494102,0.8681317216002599,1.0529892446744284
double_unseen,2,log_translation_proxy,promoter_recognition,465,7,3002049,0.22025283218836386,0.1492785779934852,0.4153018136508377,0.19504898146247382,0.8681317216002599,1.017410299593745
double_unseen,2,log_translation_proxy,promoter_recognition,465,8,3002050,0.23483794583395,0.19561254680645612,0.4153018136508377,0.18046386781688767,0.8681317216002599,1.063744268406716
double_unseen,2,log_translation_proxy,promoter_recognition,465,9,3002051,0.1698971675729352,0.12330261097817508,0.4153018136508377,0.2454046460779025,0.8681317216002599,0.9914343325784349
double_unseen,2,log_translation_proxy,promoter_recognition,465,10,3002052,0.2749952259783165,0.22454479583518194,0.4153018136508377,0.14030658767252122,0.8681317216002599,1.0926765174354418
double_unseen,2,log_translation_proxy,promoter_recognition,465,11,3002053,0.32916593067165717,0.2101118860772716,0.4153018136508377,0.08613588297918051,0.8681317216002599,1.0782436076775315
double_unseen,2,log_translation_proxy,promoter_recognition,465,12,3002054,0.43629473855070255,0.29440831816525226,0.4153018136508377,-0.0209929248998649,0.8681317216002599,1.1625400397655121
double_unseen,2,log_translation_proxy,promoter_recognition,465,13,3002055,0.12734881866833442,0.125305357302965,0.4153018136508377,0.28795299498250326,0.8681317216002599,0.9934370789032249
double_unseen,2,log_translation_proxy,promoter_recognition,465,14,3002056,0.20366835826168325,0.17691909578155174,0.4153018136508377,0.21163345538915443,0.8681317216002599,1.0450508173818116
double_unseen,2,log_translation_proxy,promoter_recognition,465,15,3002057,0.196681338826641,0.16554492344844707,0.4153018136508377,0.2186204748241967,0.8681317216002599,1.033676645048707
double_unseen,2,log_translation_proxy,promoter_recognition,465,16,3002058,0.21885857915566656,0.18068290428757516,0.4153018136508377,0.19644323449517112,0.8681317216002599,1.048814625887835
double_unseen,2,log_translation_proxy,promoter_recognition,465,17,3002059,0.4675398750161124,0.3036272440400748,0.4153018136508377,-0.05223806136527473,0.8681317216002599,1.1717589656403347
double_unseen,2,log_translation_proxy,promoter_recognition,465,18,3002060,0.23940931029708742,0.1604680176630614,0.4153018136508377,0.17589250335375026,0.8681317216002599,1.0285997392633213
double_unseen,2,log_translation_proxy,promoter_recognition,465,19,3002061,0.22900838795609813,0.1651494046388443,0.4153018136508377,0.18629342569473956,0.8681317216002599,1.0332811262391042
double_unseen,2,log_translation_proxy,promoter_recognition,465,20,3002062,0.39506258742427214,0.27286828914454786,0.4153018136508377,0.020239226226565526,0.8681317216002599,1.1410000107448077
double_unseen,2,log_translation_proxy,promoter_recognition,465,21,3002063,0.32452904276091227,0.25263371609957985,0.4153018136508377,0.0907727708899254,0.8681317216002599,1.1207654376998397
double_unseen,2,log_translation_proxy,promoter_recognition,465,22,3002064,0.18937815980560188,0.15934208192220567,0.4153018136508377,0.2259236538452358,0.8681317216002599,1.0274738035224655
double_unseen,2,log_translation_proxy,promoter_recognition,465,23,3002065,0.3150370941484817,0.2528035518281403,0.4153018136508377,0.10026471950235599,0.8681317216002599,1.1209352734284002
double_unseen,2,log_translation_proxy,promoter_recognition,465,24,3002066,0.18793234733872166,0.1578653844038499,0.4153018136508377,0.22736946631211602,0.8681317216002599,1.0259971060041098
double_unseen,2,log_translation_proxy,promoter_recognition,465,25,3002067,0.14608422806456395,0.10597638380561958,0.4153018136508377,0.26921758558627373,0.8681317216002599,0.9741081054058794
double_unseen,2,log_translation_proxy,promoter_recognition,465,26,3002068,0.2584590890211824,0.1685235168609408,0.4153018136508377,0.1568427246296553,0.8681317216002599,1.0366552384612007
double_unseen,2,log_translation_proxy,promoter_recognition,465,27,3002069,0.37239660662538737,0.25430743443297665,0.4153018136508377,0.042905207025450316,0.8681317216002599,1.1224391560332365
double_unseen,2,log_translation_proxy,promoter_recognition,465,28,3002070,0.21672297430565313,0.15519884651949278,0.4153018136508377,0.19857883934518455,0.8681317216002599,1.0233305681197526
double_unseen,2,log_translation_proxy,promoter_recognition,465,29,3002071,0.3543151188492699,0.2771231969051605,0.4153018136508377,0.060986694801567785,0.8681317216002599,1.1452549185054204
double_unseen,2,log_translation_proxy,rbs_recognition,465,0,3102042,0.10028274143421162,0.0883709432348262,0.4153018136508377,0.31501907221662606,0.8681317216002599,0.9565026648350861
double_unseen,2,log_translation_proxy,rbs_recognition,465,1,3102043,0.01419042140289406,0.025182868284115645,0.4153018136508377,0.4011113922479436,0.8681317216002599,0.8933145898843755
double_unseen,2,log_translation_proxy,rbs_recognition,465,2,3102044,0.010044183570681764,0.04578669869818497,0.4153018136508377,0.4052576300801559,0.8681317216002599,0.9139184202984448
double_unseen,2,log_translation_proxy,rbs_recognition,465,3,3102045,0.08135219390166476,0.066969595443933,0.4153018136508377,0.3339496197491729,0.8681317216002599,0.9351013170441929
double_unseen,2,log_translation_proxy,rbs_recognition,465,4,3102046,0.034683744933569516,0.0718077831446533,0.4153018136508377,0.38061806871726817,0.8681317216002599,0.9399395047449132
double_unseen,2,log_translation_proxy,rbs_recognition,465,5,3102047,0.024048776179541376,0.04424112376489664,0.4153018136508377,0.3912530374712963,0.8681317216002599,0.9123728453651565
double_unseen,2,log_translation_proxy,rbs_recognition,465,6,3102048,-0.010111377925878517,0.009925811693528908,0.4153018136508377,0.4254131915767162,0.8681317216002599,0.8780575332937888
double_unseen,2,log_translation_proxy,rbs_recognition,465,7,3102049,0.12448774747334906,0.09906536467590521,0.4153018136508377,0.2908140661774886,0.8681317216002599,0.9671970862761651
double_unseen,2,log_translation_proxy,rbs_recognition,465,8,3102050,-0.0322900504614092,0.014895595413124463,0.4153018136508377,0.4475918641122469,0.8681317216002599,0.8830273170133843
double_unseen,2,log_translation_proxy,rbs_recognition,465,9,3102051,-0.04101469443874217,-0.04196251429622189,0.4153018136508377,0.45631650808957985,0.8681317216002599,0.826169207304038
double_unseen,2,log_translation_proxy,rbs_recognition,465,10,3102052,0.09332985625420714,0.09776772370177966,0.4153018136508377,0.32197195739663054,0.8681317216002599,0.9658994453020395
double_unseen,2,log_translation_proxy,rbs_recognition,465,11,3102053,0.08177367038936484,0.0876303457698635,0.4153018136508377,0.33352814326147284,0.8681317216002599,0.9557620673701234
double_unseen,2,log_translation_proxy,rbs_recognition,465,12,3102054,-0.05202716895740134,0.03392368689661285,0.4153018136508377,0.467328982608239,0.8681317216002599,0.9020554084968727
double_unseen,2,log_translation_proxy,rbs_recognition,465,13,3102055,-0.020623296271011615,0.012740745693816558,0.4153018136508377,0.4359251099218493,0.8681317216002599,0.8808724672940764
double_unseen,2,log_translation_proxy,rbs_recognition,465,14,3102056,0.026887767524240158,0.05124525915622258,0.4153018136508377,0.3884140461265975,0.8681317216002599,0.9193769807564824
double_unseen,2,log_translation_proxy,rbs_recognition,465,15,3102057,0.13631347658581067,0.07145265884942986,0.4153018136508377,0.278988337065027,0.8681317216002599,0.9395843804496897
double_unseen,2,log_translation_proxy,rbs_recognition,465,16,3102058,0.07172108255715698,0.029249313463157622,0.4153018136508377,0.3435807310936807,0.8681317216002599,0.8973810350634175
double_unseen,2,log_translation_proxy,rbs_recognition,465,17,3102059,0.055465658075018964,0.06922014600346649,0.4153018136508377,0.3598361555758187,0.8681317216002599,0.9373518676037264
double_unseen,2,log_translation_proxy,rbs_recognition,465,18,3102060,0.14266089646579178,0.12322750656080506,0.4153018136508377,0.2726409171850459,0.8681317216002599,0.9913592281610649
double_unseen,2,log_translation_proxy,rbs_recognition,465,19,3102061,0.09506986780733961,0.07584398644728418,0.4153018136508377,0.32023194584349807,0.8681317216002599,0.943975708047544
double_unseen,2,log_translation_proxy,rbs_recognition,465,20,3102062,0.043667856989406506,0.059667238482851936,0.4153018136508377,0.3716339566614312,0.8681317216002599,0.9277989600831118
double_unseen,2,log_translation_proxy,rbs_recognition,465,21,3102063,0.0449330920861043,0.0658840109163128,0.4153018136508377,0.3703687215647334,0.8681317216002599,0.9340157325165727
double_unseen,2,log_translation_proxy,rbs_recognition,465,22,3102064,0.05699931254087759,0.08397251065767275,0.4153018136508377,0.3583025011099601,0.8681317216002599,0.9521042322579326
double_unseen,2,log_translation_proxy,rbs_recognition,465,23,3102065,0.047104317147808494,0.0570782657417761,0.4153018136508377,0.3681974965030292,0.8681317216002599,0.925209987342036
double_unseen,2,log_translation_proxy,rbs_recognition,465,24,3102066,-0.031255758663655875,0.019451383187177096,0.4153018136508377,0.44655757231449356,0.8681317216002599,0.887583104787437
double_unseen,2,log_translation_proxy,rbs_recognition,465,25,3102067,0.06693297750958388,0.08175170914113516,0.4153018136508377,0.3483688361412538,0.8681317216002599,0.949883430741395
double_unseen,2,log_translation_proxy,rbs_recognition,465,26,3102068,0.045875603316990254,0.0732450554611972,0.4153018136508377,0.3694262103338474,0.8681317216002599,0.9413767770614571
double_unseen,2,log_translation_proxy,rbs_recognition,465,27,3102069,0.09235917829538781,0.0517485957134749,0.4153018136508377,0.32294263535544987,0.8681317216002599,0.9198803173137348
double_unseen,2,log_translation_proxy,rbs_recognition,465,28,3102070,0.0892151269651067,0.06689486430733593,0.4153018136508377,0.326086686685731,0.8681317216002599,0.9350265859075958
double_unseen,2,log_translation_proxy,rbs_recognition,465,29,3102071,0.005628332863887864,0.07483517146483876,0.4153018136508377,0.4096734807869498,0.8681317216002599,0.9429668930650986
double_unseen,2,log_translation_proxy,transcript_accessibility,465,0,3202042,0.1220544286212148,0.13196986732320093,0.4153018136508377,0.2932473850296229,0.8681317216002599,1.0001015889234608
double_unseen,2,log_translation_proxy,transcript_accessibility,465,1,3202043,0.1301830359913495,0.1493947572231501,0.4153018136508377,0.2851187776594882,0.8681317216002599,1.01752647882341
double_unseen,2,log_translation_proxy,transcript_accessibility,465,2,3202044,0.11554385655019644,0.14718689810519103,0.4153018136508377,0.29975795710064124,0.8681317216002599,1.015318619705451
double_unseen,2,log_translation_proxy,transcript_accessibility,465,3,3202045,0.11844252316594023,0.12086414955483737,0.4153018136508377,0.29685929048489745,0.8681317216002599,0.9889958711550972
double_unseen,2,log_translation_proxy,transcript_accessibility,465,4,3202046,0.12101445889187323,0.14992840492835835,0.4153018136508377,0.29428735475896445,0.8681317216002599,1.0180601265286182
double_unseen,2,log_translation_proxy,transcript_accessibility,465,5,3202047,0.17119999809039138,0.1564405721765959,0.4153018136508377,0.2441018155604463,0.8681317216002599,1.0245722937768558
double_unseen,2,log_translation_proxy,transcript_accessibility,465,6,3202048,0.14433836833486902,0.16694481131435135,0.4153018136508377,0.27096344531596867,0.8681317216002599,1.0350765329146112
double_unseen,2,log_translation_proxy,transcript_accessibility,465,7,3202049,0.18111206061097937,0.19301199307090988,0.4153018136508377,0.2341897530398583,0.8681317216002599,1.0611437146711697
double_unseen,2,log_translation_proxy,transcript_accessibility,465,8,3202050,0.14554989568762627,0.16690347052206744,0.4153018136508377,0.2697519179632114,0.8681317216002599,1.0350351921223273
double_unseen,2,log_translation_proxy,transcript_accessibility,465,9,3202051,0.12524037199176963,0.15570094290592962,0.4153018136508377,0.29006144165906805,0.8681317216002599,1.0238326645061895
double_unseen,2,log_translation_proxy,transcript_accessibility,465,10,3202052,0.12950178309709887,0.18832845758074657,0.4153018136508377,0.2858000305537388,0.8681317216002599,1.0564601791810064
double_unseen,2,log_translation_proxy,transcript_accessibility,465,11,3202053,0.14457420500603912,0.1380832109662261,0.4153018136508377,0.27072760864479856,0.8681317216002599,1.006214932566486
double_unseen,2,log_translation_proxy,transcript_accessibility,465,12,3202054,0.14126843369122583,0.1456381495548048,0.4153018136508377,0.27403337995961186,0.8681317216002599,1.0137698711550647
double_unseen,2,log_translation_proxy,transcript_accessibility,465,13,3202055,0.13234304210209724,0.14555237772800245,0.4153018136508377,0.28295877154874044,0.8681317216002599,1.0136840993282623
double_unseen,2,log_translation_proxy,transcript_accessibility,465,14,3202056,0.12410546768703423,0.15214900324930214,0.4153018136508377,0.29119634596380345,0.8681317216002599,1.020280724849562
double_unseen,2,log_translation_proxy,transcript_accessibility,465,15,3202057,0.18999353120061876,0.1669026113624118,0.4153018136508377,0.22530828245021892,0.8681317216002599,1.0350343329626717
double_unseen,2,log_translation_proxy,transcript_accessibility,465,16,3202058,0.15284901679023427,0.1788377749393234,0.4153018136508377,0.2624527968606034,0.8681317216002599,1.0469694965395833
double_unseen,2,log_translation_proxy,transcript_accessibility,465,17,3202059,0.10987279619224039,0.11951368421128794,0.4153018136508377,0.3054290174585973,0.8681317216002599,0.9876454058115478
double_unseen,2,log_translation_proxy,transcript_accessibility,465,18,3202060,0.12546618321740421,0.1483354109622349,0.4153018136508377,0.28983563043343347,0.8681317216002599,1.0164671325624948
double_unseen,2,log_translation_proxy,transcript_accessibility,465,19,3202061,0.1780317424701743,0.1585031694493969,0.4153018136508377,0.23727007118066337,0.8681317216002599,1.0266348910496568
double_unseen,2,log_translation_proxy,transcript_accessibility,465,20,3202062,0.09998023807683376,0.12359679929122036,0.4153018136508377,0.3153215755740039,0.8681317216002599,0.9917285208914802
double_unseen,2,log_translation_proxy,transcript_accessibility,465,21,3202063,0.11894451154597147,0.13093269136179508,0.4153018136508377,0.2963573021048662,0.8681317216002599,0.999064412962055
double_unseen,2,log_translation_proxy,transcript_accessibility,465,22,3202064,0.15658838862446112,0.16462514423705843,0.4153018136508377,0.25871342502637656,0.8681317216002599,1.0327568658373183
double_unseen,2,log_translation_proxy,transcript_accessibility,465,23,3202065,0.1459362333923721,0.14970466396490456,0.4153018136508377,0.2693655802584656,0.8681317216002599,1.0178363855651644
double_unseen,2,log_translation_proxy,transcript_accessibility,465,24,3202066,0.11995851375156952,0.13328775399438586,0.4153018136508377,0.29534329989926816,0.8681317216002599,1.0014194755946457
double_unseen,2,log_translation_proxy,transcript_accessibility,465,25,3202067,0.15342333159877214,0.16004916102619948,0.4153018136508377,0.26187848205206554,0.8681317216002599,1.0281808826264593
double_unseen,2,log_translation_proxy,transcript_accessibility,465,26,3202068,0.12102908811411822,0.16813018904126864,0.4153018136508377,0.29427272553671946,0.8681317216002599,1.0362619106415285
double_unseen,2,log_translation_proxy,transcript_accessibility,465,27,3202069,0.10096650068984614,0.11580664032498245,0.4153018136508377,0.31433531296099154,0.8681317216002599,0.9839383619252423
double_unseen,2,log_translation_proxy,transcript_accessibility,465,28,3202070,0.14882964858426395,0.14873457887282837,0.4153018136508377,0.26647216506657373,0.8681317216002599,1.0168663004730882
double_unseen,2,log_translation_proxy,transcript_accessibility,465,29,3202071,0.10231468441329666,0.13453957936244987,0.4153018136508377,0.312987129237541,0.8681317216002599,1.0026713009627097
double_unseen,2,log_prot,promoter_recognition,465,0,3012042,0.38395713404652987,0.4519786519291029,0.44858147362757045,0.06462433958104058,1.2819240523461235,1.7339027042752264
double_unseen,2,log_prot,promoter_recognition,465,1,3012043,0.5051195131928863,0.5875488044285131,0.44858147362757045,-0.05653803956531578,1.2819240523461235,1.8694728567746366
double_unseen,2,log_prot,promoter_recognition,465,2,3012044,0.430821570587979,0.5610683212814287,0.44858147362757045,0.01775990303959147,1.2819240523461235,1.8429923736275522
double_unseen,2,log_prot,promoter_recognition,465,3,3012045,0.18476352622476155,0.2445403953154177,0.44858147362757045,0.2638179474028089,1.2819240523461235,1.5264644476615412
double_unseen,2,log_prot,promoter_recognition,465,4,3012046,0.19423369618893588,0.2984791295373932,0.44858147362757045,0.25434777743863457,1.2819240523461235,1.5804031818835167
double_unseen,2,log_prot,promoter_recognition,465,5,3012047,0.44012894636416844,0.5613576588476892,0.44858147362757045,0.008452527263402029,1.2819240523461235,1.8432817111938127
double_unseen,2,log_prot,promoter_recognition,465,6,3012048,0.37796173680155865,0.47733990036432594,0.44858147362757045,0.07061973682601179,1.2819240523461235,1.7592639527104494
double_unseen,2,log_prot,promoter_recognition,465,7,3012049,0.3873549853184044,0.5429260356186252,0.44858147362757045,0.06122648830916608,1.2819240523461235,1.8248500879647487
double_unseen,2,log_prot,promoter_recognition,465,8,3012050,0.3796488765679479,0.4848467307689144,0.44858147362757045,0.06893259705962257,1.2819240523461235,1.7667707831150379
double_unseen,2,log_prot,promoter_recognition,465,9,3012051,0.27799470739864424,0.34270378482268127,0.44858147362757045,0.1705867662289262,1.2819240523461235,1.6246278371688048
double_unseen,2,log_prot,promoter_recognition,465,10,3012052,0.31699411989542725,0.427326217373986,0.44858147362757045,0.1315873537321432,1.2819240523461235,1.7092502697201095
double_unseen,2,log_prot,promoter_recognition,465,11,3012053,0.26254614764682116,0.3374482761742068,0.44858147362757045,0.1860353259807493,1.2819240523461235,1.6193723285203303
double_unseen,2,log_prot,promoter_recognition,465,12,3012054,0.21144709293323194,0.28653150739822886,0.44858147362757045,0.2371343806943385,1.2819240523461235,1.5684555597443524
double_unseen,2,log_prot,promoter_recognition,465,13,3012055,0.33645124782522373,0.43731471353310214,0.44858147362757045,0.11213022580234672,1.2819240523461235,1.7192387658792256
double_unseen,2,log_prot,promoter_recognition,465,14,3012056,0.26121156948696234,0.3488313258812419,0.44858147362757045,0.1873699041406081,1.2819240523461235,1.6307553782273654
double_unseen,2,log_prot,promoter_recognition,465,15,3012057,0.30200267285620114,0.3851322686213958,0.44858147362757045,0.1465788007713693,1.2819240523461235,1.6670563209675193
double_unseen,2,log_prot,promoter_recognition,465,16,3012058,0.2093669913897603,0.2971563201656551,0.44858147362757045,0.23921448223781014,1.2819240523461235,1.5790803725117786
double_unseen,2,log_prot,promoter_recognition,465,17,3012059,0.06477311007614561,0.1166529012286246,0.44858147362757045,0.38380836355142484,1.2819240523461235,1.398576953574748
double_unseen,2,log_prot,promoter_recognition,465,18,3012060,0.20317269640704946,0.28308179523508503,0.44858147362757045,0.24540877722052098,1.2819240523461235,1.5650058475812085
double_unseen,2,log_prot,promoter_recognition,465,19,3012061,0.3927993409461275,0.4960900686545513,0.44858147362757045,0.05578213268144296,1.2819240523461235,1.7780141210006748
double_unseen,2,log_prot,promoter_recognition,465,20,3012062,0.19667787666968606,0.308056365193792,0.44858147362757045,0.2519035969578844,1.2819240523461235,1.5899804175399155
double_unseen,2,log_prot,promoter_recognition,465,21,3012063,0.27631413191402865,0.3296407602912814,0.44858147362757045,0.17226734171354183,1.2819240523461235,1.611564812637405
double_unseen,2,log_prot,promoter_recognition,465,22,3012064,0.18730223236305132,0.2819683332055325,0.44858147362757045,0.2612792412645191,1.2819240523461235,1.563892385551656
double_unseen,2,log_prot,promoter_recognition,465,23,3012065,0.45753742162771766,0.5383489326861088,0.44858147362757045,-0.0089559480001472,1.2819240523461235,1.8202729850322323
double_unseen,2,log_prot,promoter_recognition,465,24,3012066,0.47195192797433444,0.5410783902617387,0.44858147362757045,-0.023370454346764002,1.2819240523461235,1.8230024426078622
double_unseen,2,log_prot,promoter_recognition,465,25,3012067,0.3471059125977972,0.4592205962588425,0.44858147362757045,0.10147556102977325,1.2819240523461235,1.741144648604966
double_unseen,2,log_prot,promoter_recognition,465,26,3012068,0.15621618089490363,0.26539105584072287,0.44858147362757045,0.2923652927326668,1.2819240523461235,1.5473151081868464
double_unseen,2,log_prot,promoter_recognition,465,27,3012069,0.3198065565836756,0.44417122151384536,0.44858147362757045,0.12877491704389485,1.2819240523461235,1.7260952738599689
double_unseen,2,log_prot,promoter_recognition,465,28,3012070,0.3283259798458794,0.4210276380110707,0.44858147362757045,0.12025549378169106,1.2819240523461235,1.7029516903571942
double_unseen,2,log_prot,promoter_recognition,465,29,3012071,0.1430727582008084,0.16237319928746285,0.44858147362757045,0.30550871542676206,1.2819240523461235,1.4442972516335864
double_unseen,2,log_prot,rbs_recognition,465,0,3112042,0.02305566719807617,0.031552750163427845,0.44858147362757045,0.4255258064294943,1.2819240523461235,1.3134768025095513
double_unseen,2,log_prot,rbs_recognition,465,1,3112043,0.12905330226638373,0.2168956081568647,0.44858147362757045,0.3195281713611867,1.2819240523461235,1.4988196605029882
double_unseen,2,log_prot,rbs_recognition,465,2,3112044,0.07429740552730763,0.1386955080918244,0.44858147362757045,0.3742840681002628,1.2819240523461235,1.420619560437948
double_unseen,2,log_prot,rbs_recognition,465,3,3112045,0.0863740130826175,0.13195226093811052,0.44858147362757045,0.36220746054495295,1.2819240523461235,1.413876313284234
double_unseen,2,log_prot,rbs_recognition,465,4,3112046,0.074416040001543,0.13070553383646333,0.44858147362757045,0.37416543362602744,1.2819240523461235,1.4126295861825868
double_unseen,2,log_prot,rbs_recognition,465,5,3112047,0.159490922045879,0.21041202741289444,0.44858147362757045,0.28909055158169145,1.2819240523461235,1.492336079759018
double_unseen,2,log_prot,rbs_recognition,465,6,3112048,0.028942515092627796,0.06925320830613213,0.44858147362757045,0.41963895853494265,1.2819240523461235,1.3511772606522556
double_unseen,2,log_prot,rbs_recognition,465,7,3112049,0.04586624798484218,0.09993809697503053,0.44858147362757045,0.40271522564272827,1.2819240523461235,1.381862149321154
double_unseen,2,log_prot,rbs_recognition,465,8,3112050,0.029126971410465607,0.0604876060125501,0.44858147362757045,0.41945450221710484,1.2819240523461235,1.3424116583586736
double_unseen,2,log_prot,rbs_recognition,465,9,3112051,0.07317007964562755,0.10608729274628237,0.44858147362757045,0.3754113939819429,1.2819240523461235,1.3880113450924059
double_unseen,2,log_prot,rbs_recognition,465,10,3112052,0.04198944284465128,0.07950422100402932,0.44858147362757045,0.40659203078291917,1.2819240523461235,1.3614282733501528
double_unseen,2,log_prot,rbs_recognition,465,11,3112053,-0.020361029530019226,-0.014064623315263702,0.44858147362757045,0.4689425031575897,1.2819240523461235,1.2678594290308598
double_unseen,2,log_prot,rbs_recognition,465,12,3112054,0.117592543692014,0.165578426348989,0.44858147362757045,0.33098892993555645,1.2819240523461235,1.4475024786951125
double_unseen,2,log_prot,rbs_recognition,465,13,3112055,0.008097578645317627,0.02134312361063806,0.44858147362757045,0.4404838949822528,1.2819240523461235,1.3032671759567616
double_unseen,2,log_prot,rbs_recognition,465,14,3112056,0.004090800726009758,0.031188619312905175,0.44858147362757045,0.4444906729015607,1.2819240523461235,1.3131126716590287
double_unseen,2,log_prot,rbs_recognition,465,15,3112057,-0.017587441454812724,0.03997150850163189,0.44858147362757045,0.4661689150823832,1.2819240523461235,1.3218955608477554
double_unseen,2,log_prot,rbs_recognition,465,16,3112058,0.14961328920943145,0.21664695678568302,0.44858147362757045,0.298968184418139,1.2819240523461235,1.4985710091318065
double_unseen,2,log_prot,rbs_recognition,465,17,3112059,0.08622888278013235,0.1363637590102449,0.44858147362757045,0.3623525908474381,1.2819240523461235,1.4182878113563684
double_unseen,2,log_prot,rbs_recognition,465,18,3112060,0.1621156799506916,0.2092237661497709,0.44858147362757045,0.28646579367687885,1.2819240523461235,1.4911478184958944
double_unseen,2,log_prot,rbs_recognition,465,19,3112061,0.12367321692475297,0.20635154852353588,0.44858147362757045,0.3249082567028175,1.2819240523461235,1.4882756008696594
double_unseen,2,log_prot,rbs_recognition,465,20,3112062,0.10455140444300898,0.13165567039765103,0.44858147362757045,0.34403006918456147,1.2819240523461235,1.4135797227437745
double_unseen,2,log_prot,rbs_recognition,465,21,3112063,-0.00848290198542706,0.0027051756585099174,0.44858147362757045,0.4570643756129975,1.2819240523461235,1.2846292280046334
double_unseen,2,log_prot,rbs_recognition,465,22,3112064,0.09720239262103558,0.1461466169495076,0.44858147362757045,0.35137908100653487,1.2819240523461235,1.428070669295631
double_unseen,2,log_prot,rbs_recognition,465,23,3112065,0.009144402562338005,0.03231494940435131,0.44858147362757045,0.43943707106523244,1.2819240523461235,1.3142390017504748
double_unseen,2,log_prot,rbs_recognition,465,24,3112066,0.1494766327979632,0.19026856076062826,0.44858147362757045,0.29910484082960725,1.2819240523461235,1.4721926131067518
double_unseen,2,log_prot,rbs_recognition,465,25,3112067,0.11035220057103778,0.1913267154311762,0.44858147362757045,0.33822927305653266,1.2819240523461235,1.4732507677772997
double_unseen,2,log_prot,rbs_recognition,465,26,3112068,0.0700461379495782,0.10967288191484781,0.44858147362757045,0.37853533567799225,1.2819240523461235,1.3915969342609713
double_unseen,2,log_prot,rbs_recognition,465,27,3112069,0.012266792700877271,0.05616613197618325,0.44858147362757045,0.4363146809266932,1.2819240523461235,1.3380901843223068
double_unseen,2,log_prot,rbs_recognition,465,28,3112070,0.16534715651725013,0.2566002246232588,0.44858147362757045,0.2832343171103203,1.2819240523461235,1.5385242769693823
double_unseen,2,log_prot,rbs_recognition,465,29,3112071,0.05475547901205419,0.07348213768170497,0.44858147362757045,0.39382599461551626,1.2819240523461235,1.3554061900278285
double_unseen,2,log_prot,transcript_accessibility,465,0,3212042,0.08280077613681047,0.1245950763967607,0.44858147362757045,0.36578069749076,1.2819240523461235,1.4065191287428842
double_unseen,2,log_prot,transcript_accessibility,465,1,3212043,0.09257099345332664,0.1279876239357638,0.44858147362757045,0.3560104801742438,1.2819240523461235,1.4099116762818873
double_unseen,2,log_prot,transcript_accessibility,465,2,3212044,0.05396484111007027,0.08262639978609321,0.44858147362757045,0.3946166325175002,1.2819240523461235,1.3645504521322167
double_unseen,2,log_prot,transcript_accessibility,465,3,3212045,0.1114213430460883,0.1463084915768671,0.44858147362757045,0.33716013058148214,1.2819240523461235,1.4282325439229906
double_unseen,2,log_prot,transcript_accessibility,465,4,3212046,0.08136445160946115,0.11544614411721543,0.44858147362757045,0.3672170220181093,1.2819240523461235,1.397370196463339
double_unseen,2,log_prot,transcript_accessibility,465,5,3212047,0.08163639190075411,0.1186174025938409,0.44858147362757045,0.36694508172681634,1.2819240523461235,1.4005414549399644
double_unseen,2,log_prot,transcript_accessibility,465,6,3212048,0.08007677822663906,0.10529494087621338,0.44858147362757045,0.3685046954009314,1.2819240523461235,1.3872189932223369
double_unseen,2,log_prot,transcript_accessibility,465,7,3212049,0.06608566805441851,0.10135304838126324,0.44858147362757045,0.38249580557315194,1.2819240523461235,1.3832771007273867
double_unseen,2,log_prot,transcript_accessibility,465,8,3212050,0.0760245277372269,0.12291793653601579,0.44858147362757045,0.37255694589034355,1.2819240523461235,1.4048419888821393
double_unseen,2,log_prot,transcript_accessibility,465,9,3212051,0.12237377777676073,0.14413114898264467,0.44858147362757045,0.3262076958508097,1.2819240523461235,1.4260552013287682
double_unseen,2,log_prot,transcript_accessibility,465,10,3212052,0.10510137190505775,0.15972220432674278,0.44858147362757045,0.3434801017225127,1.2819240523461235,1.4416462566728663
double_unseen,2,log_prot,transcript_accessibility,465,11,3212053,0.11197709901115566,0.1654839205640226,0.44858147362757045,0.3366043746164148,1.2819240523461235,1.4474079729101461
double_unseen,2,log_prot,transcript_accessibility,465,12,3212054,0.09398118020415935,0.12909081551980872,0.44858147362757045,0.3546002934234111,1.2819240523461235,1.4110148678659322
double_unseen,2,log_prot,transcript_accessibility,465,13,3212055,0.07496283352538569,0.09239711159068587,0.44858147362757045,0.37361864010218476,1.2819240523461235,1.3743211639368094
double_unseen,2,log_prot,transcript_accessibility,465,14,3212056,0.09409359787127408,0.14544289176737024,0.44858147362757045,0.35448787575629637,1.2819240523461235,1.4273669441134937
double_unseen,2,log_prot,transcript_accessibility,465,15,3212057,0.11262963827073036,0.15401778886187278,0.44858147362757045,0.3359518353568401,1.2819240523461235,1.4359418412079963
double_unseen,2,log_prot,transcript_accessibility,465,16,3212058,0.0878604051773127,0.13691095162995826,0.44858147362757045,0.36072106845025775,1.2819240523461235,1.4188350039760818
double_unseen,2,log_prot,transcript_accessibility,465,17,3212059,0.07770528224770906,0.11726475057856534,0.44858147362757045,0.3708761913798614,1.2819240523461235,1.3991888029246888
double_unseen,2,log_prot,transcript_accessibility,465,18,3212060,0.0792120236159024,0.12056631672528484,0.44858147362757045,0.36936945001166804,1.2819240523461235,1.4024903690714083
double_unseen,2,log_prot,transcript_accessibility,465,19,3212061,0.07097379031476353,0.10990258618723736,0.44858147362757045,0.3776076833128069,1.2819240523461235,1.3918266385333609
double_unseen,2,log_prot,transcript_accessibility,465,20,3212062,0.09113049165575765,0.14232944818430893,0.44858147362757045,0.3574509819718128,1.2819240523461235,1.4242535005304324
double_unseen,2,log_prot,transcript_accessibility,465,21,3212063,0.09092419418220055,0.12482456322612179,0.44858147362757045,0.3576572794453699,1.2819240523461235,1.4067486155722453
double_unseen,2,log_prot,transcript_accessibility,465,22,3212064,0.05937303351274981,0.09366580598254615,0.44858147362757045,0.38920844011482064,1.2819240523461235,1.3755898583286696
double_unseen,2,log_prot,transcript_accessibility,465,23,3212065,0.08364792653733616,0.11772361878065785,0.44858147362757045,0.3649335470902343,1.2819240523461235,1.3996476711267813
double_unseen,2,log_prot,transcript_accessibility,465,24,3212066,0.07069916463547221,0.0830459097710583,0.44858147362757045,0.37788230899209824,1.2819240523461235,1.3649699621171818
double_unseen,2,log_prot,transcript_accessibility,465,25,3212067,0.04685190473079048,0.07546691110095205,0.44858147362757045,0.40172956889677996,1.2819240523461235,1.3573909634470755
double_unseen,2,log_prot,transcript_accessibility,465,26,3212068,0.07808022208755855,0.09985766445201105,0.44858147362757045,0.3705012515400119,1.2819240523461235,1.3817817167981346
double_unseen,2,log_prot,transcript_accessibility,465,27,3212069,0.09193950954670765,0.1023981862916683,0.44858147362757045,0.3566419640808628,1.2819240523461235,1.3843222386377918
double_unseen,2,log_prot,transcript_accessibility,465,28,3212070,0.09054251103471095,0.11626227851056314,0.44858147362757045,0.3580389625928595,1.2819240523461235,1.3981863308566866
double_unseen,2,log_prot,transcript_accessibility,465,29,3212071,0.06925967731781374,0.11146365829031457,0.44858147362757045,0.3793217963097567,1.2819240523461235,1.393387710636438
double_unseen,3,log_translation_proxy,promoter_recognition,440,0,3003042,0.04571882180082637,0.032315111311913114,0.3637301845567384,0.318011362755912,0.8519895016636133,0.8843046129755264
double_unseen,3,log_translation_proxy,promoter_recognition,440,1,3003043,0.11996244345739954,0.08117803349922192,0.3637301845567384,0.24376774109933885,0.8519895016636133,0.9331675351628352
double_unseen,3,log_translation_proxy,promoter_recognition,440,2,3003044,0.025966418872373942,0.025537950979197976,0.3637301845567384,0.33776376568436445,0.8519895016636133,0.8775274526428113
double_unseen,3,log_translation_proxy,promoter_recognition,440,3,3003045,0.07415543562631094,0.04803423998971812,0.3637301845567384,0.28957474893042745,0.8519895016636133,0.9000237416533314
double_unseen,3,log_translation_proxy,promoter_recognition,440,4,3003046,0.11657080309862608,0.060107270012210945,0.3637301845567384,0.2471593814581123,0.8519895016636133,0.9120967716758243
double_unseen,3,log_translation_proxy,promoter_recognition,440,5,3003047,0.14458649063269952,0.06294087736919507,0.3637301845567384,0.21914369392403887,0.8519895016636133,0.9149303790328084
double_unseen,3,log_translation_proxy,promoter_recognition,440,6,3003048,0.11025027880450489,0.06980309543707441,0.3637301845567384,0.2534799057522335,0.8519895016636133,0.9217925971006877
double_unseen,3,log_translation_proxy,promoter_recognition,440,7,3003049,0.1512067042329476,0.09129111277157387,0.3637301845567384,0.2125234803237908,0.8519895016636133,0.9432806144351872
double_unseen,3,log_translation_proxy,promoter_recognition,440,8,3003050,0.12548660797928612,0.05186788120401853,0.3637301845567384,0.23824357657745227,0.8519895016636133,0.9038573828676318
double_unseen,3,log_translation_proxy,promoter_recognition,440,9,3003051,0.05386925681924071,0.027420148199925443,0.3637301845567384,0.3098609277374977,0.8519895016636133,0.8794096498635388
double_unseen,3,log_translation_proxy,promoter_recognition,440,10,3003052,0.10764767286081961,0.052346881402005385,0.3637301845567384,0.2560825116959188,0.8519895016636133,0.9043363830656187
double_unseen,3,log_translation_proxy,promoter_recognition,440,11,3003053,0.02004992512639764,0.011951451317363193,0.3637301845567384,0.34368025943034075,0.8519895016636133,0.8639409529809765
double_unseen,3,log_translation_proxy,promoter_recognition,440,12,3003054,0.14441518997327651,0.07608522142823892,0.3637301845567384,0.21931499458346188,0.8519895016636133,0.9280747230918522
double_unseen,3,log_translation_proxy,promoter_recognition,440,13,3003055,0.09578031253918007,0.05266713622600527,0.3637301845567384,0.2679498720175583,0.8519895016636133,0.9046566378896186
double_unseen,3,log_translation_proxy,promoter_recognition,440,14,3003056,-0.017171623256881985,-0.013182294992663435,0.3637301845567384,0.3809018078136204,0.8519895016636133,0.8388072066709499
double_unseen,3,log_translation_proxy,promoter_recognition,440,15,3003057,0.09789226935338224,0.05998877790032586,0.3637301845567384,0.26583791520335615,0.8519895016636133,0.9119782795639392
double_unseen,3,log_translation_proxy,promoter_recognition,440,16,3003058,0.021572331562569158,0.007924877090559224,0.3637301845567384,0.34215785299416923,0.8519895016636133,0.8599143787541725
double_unseen,3,log_translation_proxy,promoter_recognition,440,17,3003059,0.10173343307088833,0.0457625586446071,0.3637301845567384,0.26199675148585005,0.8519895016636133,0.8977520603082204
double_unseen,3,log_translation_proxy,promoter_recognition,440,18,3003060,0.020759921280585125,0.017993471409601947,0.3637301845567384,0.34297026327615326,0.8519895016636133,0.8699829730732153
double_unseen,3,log_translation_proxy,promoter_recognition,440,19,3003061,0.08853609781042254,0.05324736294492005,0.3637301845567384,0.27519408674631585,0.8519895016636133,0.9052368646085334
double_unseen,3,log_translation_proxy,promoter_recognition,440,20,3003062,0.14855401676098062,0.09777502122175752,0.3637301845567384,0.21517616779575777,0.8519895016636133,0.9497645228853708
double_unseen,3,log_translation_proxy,promoter_recognition,440,21,3003063,0.1595443064365941,0.09138104674521663,0.3637301845567384,0.2041858781201443,0.8519895016636133,0.94337054840883
double_unseen,3,log_translation_proxy,promoter_recognition,440,22,3003064,0.13207322287339365,0.06470490601475398,0.3637301845567384,0.23165696168334474,0.8519895016636133,0.9166944076783673
double_unseen,3,log_translation_proxy,promoter_recognition,440,23,3003065,0.07168157799462715,0.04042257896796975,0.3637301845567384,0.29204860656211123,0.8519895016636133,0.8924120806315831
double_unseen,3,log_translation_proxy,promoter_recognition,440,24,3003066,0.08385581866239084,0.05098173406067197,0.3637301845567384,0.27987436589434755,0.8519895016636133,0.9029712357242853
double_unseen,3,log_translation_proxy,promoter_recognition,440,25,3003067,0.004752748065471768,0.006847142863421141,0.3637301845567384,0.3589774364912666,0.8519895016636133,0.8588366445270345
double_unseen,3,log_translation_proxy,promoter_recognition,440,26,3003068,0.046297665887643114,0.033347688357373784,0.3637301845567384,0.3174325186690953,0.8519895016636133,0.8853371900209871
double_unseen,3,log_translation_proxy,promoter_recognition,440,27,3003069,0.0400889916913123,0.026815448532566455,0.3637301845567384,0.3236411928654261,0.8519895016636133,0.8788049501961798
double_unseen,3,log_translation_proxy,promoter_recognition,440,28,3003070,0.07312431093725552,0.042335585776903883,0.3637301845567384,0.29060587361948287,0.8519895016636133,0.8943250874405172
double_unseen,3,log_translation_proxy,promoter_recognition,440,29,3003071,0.14525647906708755,0.08182564989812613,0.3637301845567384,0.21847370548965084,0.8519895016636133,0.9338151515617394
double_unseen,3,log_translation_proxy,rbs_recognition,440,0,3103042,0.14060797646869888,0.027402522822953745,0.3637301845567384,0.2231222080880395,0.8519895016636133,0.8793920244865671
double_unseen,3,log_translation_proxy,rbs_recognition,440,1,3103043,0.0493555798794979,0.053163523476610686,0.3637301845567384,0.3143746046772405,0.8519895016636133,0.905153025140224
double_unseen,3,log_translation_proxy,rbs_recognition,440,2,3103044,0.09576383048560072,0.046483664206873,0.3637301845567384,0.26796635407113767,0.8519895016636133,0.8984731658704863
double_unseen,3,log_translation_proxy,rbs_recognition,440,3,3103045,0.1455528742870103,0.04673699947771781,0.3637301845567384,0.2181773102697281,0.8519895016636133,0.8987265011413311
double_unseen,3,log_translation_proxy,rbs_recognition,440,4,3103046,0.10709348141824548,0.04501969887042401,0.3637301845567384,0.2566367031384929,0.8519895016636133,0.8970092005340373
double_unseen,3,log_translation_proxy,rbs_recognition,440,5,3103047,-0.031234759383148625,-0.031644054067686445,0.3637301845567384,0.394964943939887,0.8519895016636133,0.8203454475959269
double_unseen,3,log_translation_proxy,rbs_recognition,440,6,3103048,0.2490643969329293,0.0824837243107368,0.3637301845567384,0.11466578762380909,0.8519895016636133,0.9344732259743501
double_unseen,3,log_translation_proxy,rbs_recognition,440,7,3103049,0.18011109185856988,0.07581708499994289,0.3637301845567384,0.1836190926981685,0.8519895016636133,0.9278065866635562
double_unseen,3,log_translation_proxy,rbs_recognition,440,8,3103050,0.059112251237210534,0.05993776330004663,0.3637301845567384,0.30461793331952786,0.8519895016636133,0.91192726496366
double_unseen,3,log_translation_proxy,rbs_recognition,440,9,3103051,0.08085278426964077,0.0385918656393931,0.3637301845567384,0.2828774002870976,0.8519895016636133,0.8905813673030064
double_unseen,3,log_translation_proxy,rbs_recognition,440,10,3103052,0.2643712941792994,0.1176585407649926,0.3637301845567384,0.09935889037743903,0.8519895016636133,0.9696480424286059
double_unseen,3,log_translation_proxy,rbs_recognition,440,11,3103053,0.14365673376412066,0.053036243989552534,0.3637301845567384,0.22007345079261773,0.8519895016636133,0.9050257456531658
double_unseen,3,log_translation_proxy,rbs_recognition,440,12,3103054,0.19438469113054208,0.11543591290168376,0.3637301845567384,0.16934549342619631,0.8519895016636133,0.9674254145652971
double_unseen,3,log_translation_proxy,rbs_recognition,440,13,3103055,-0.1340000817059066,-0.09048449983684492,0.3637301845567384,0.497730266262645,0.8519895016636133,0.7615050018267684
double_unseen,3,log_translation_proxy,rbs_recognition,440,14,3103056,0.04234634006843574,0.005473690051830737,0.3637301845567384,0.32138384448830265,0.8519895016636133,0.857463191715444
double_unseen,3,log_translation_proxy,rbs_recognition,440,15,3103057,0.11059133945564142,0.03569846277117328,0.3637301845567384,0.25313884510109697,0.8519895016636133,0.8876879644347866
double_unseen,3,log_translation_proxy,rbs_recognition,440,16,3103058,0.34024311733390805,0.13509267120216917,0.3637301845567384,0.023487067222830317,0.8519895016636133,0.9870821728657825
double_unseen,3,log_translation_proxy,rbs_recognition,440,17,3103059,0.13838149051295814,0.0731011869234105,0.3637301845567384,0.22534869404378025,0.8519895016636133,0.9250906885870238
double_unseen,3,log_translation_proxy,rbs_recognition,440,18,3103060,0.18243886496408462,0.06298138611090642,0.3637301845567384,0.18129131959265377,0.8519895016636133,0.9149708877745197
double_unseen,3,log_translation_proxy,rbs_recognition,440,19,3103061,0.07100553205336801,0.03137735136244535,0.3637301845567384,0.2927246525033704,0.8519895016636133,0.8833668530260587
double_unseen,3,log_translation_proxy,rbs_recognition,440,20,3103062,-0.01170859729271706,-0.01386229531742511,0.3637301845567384,0.37543878184945545,0.8519895016636133,0.8381272063461882
double_unseen,3,log_translation_proxy,rbs_recognition,440,21,3103063,0.12067835624620524,0.03972932608163282,0.3637301845567384,0.24305182831053315,0.8519895016636133,0.8917188277452461
double_unseen,3,log_translation_proxy,rbs_recognition,440,22,3103064,0.16809525218246335,0.09102021778853508,0.3637301845567384,0.19563493237427504,0.8519895016636133,0.9430097194521484
double_unseen,3,log_translation_proxy,rbs_recognition,440,23,3103065,0.1620685963347857,0.0822315595394787,0.3637301845567384,0.20166158822195268,0.8519895016636133,0.934221061203092
double_unseen,3,log_translation_proxy,rbs_recognition,440,24,3103066,0.20630445593022875,0.10986481910103518,0.3637301845567384,0.15742572862650964,0.8519895016636133,0.9618543207646485
double_unseen,3,log_translation_proxy,rbs_recognition,440,25,3103067,0.03135816347661452,-0.008800974805828643,0.3637301845567384,0.33237202108012387,0.8519895016636133,0.8431885268577847
double_unseen,3,log_translation_proxy,rbs_recognition,440,26,3103068,-0.04750620894454283,0.002456875183520335,0.3637301845567384,0.4112363935012812,0.8519895016636133,0.8544463768471336
double_unseen,3,log_translation_proxy,rbs_recognition,440,27,3103069,0.32356539219539543,0.17968694842327915,0.3637301845567384,0.04016479236134296,0.8519895016636133,1.0316764500868925
double_unseen,3,log_translation_proxy,rbs_recognition,440,28,3103070,0.06326093908261166,-0.012669034519838807,0.3637301845567384,0.30046924547412673,0.8519895016636133,0.8393204671437745
double_unseen,3,log_translation_proxy,rbs_recognition,440,29,3103071,0.17136489717029904,0.10031201893984942,0.3637301845567384,0.19236528738643935,0.8519895016636133,0.9523015206034627
double_unseen,3,log_translation_proxy,transcript_accessibility,440,0,3203042,0.13191523463629765,0.07912087177185012,0.3637301845567384,0.23181494992044074,0.8519895016636133,0.9311103734354634
double_unseen,3,log_translation_proxy,transcript_accessibility,440,1,3203043,0.15883473289916505,0.11520587873330401,0.3637301845567384,0.20489545165757334,0.8519895016636133,0.9671953803969173
double_unseen,3,log_translation_proxy,transcript_accessibility,440,2,3203044,0.12884105806331644,0.07931586494739484,0.3637301845567384,0.23488912649342195,0.8519895016636133,0.9313053666110082
double_unseen,3,log_translation_proxy,transcript_accessibility,440,3,3203045,0.1462534320002592,0.08540808316333659,0.3637301845567384,0.2174767525564792,0.8519895016636133,0.9373975848269499
double_unseen,3,log_translation_proxy,transcript_accessibility,440,4,3203046,0.1707850669777126,0.08487440555699788,0.3637301845567384,0.1929451175790258,0.8519895016636133,0.9368639072206112
double_unseen,3,log_translation_proxy,transcript_accessibility,440,5,3203047,0.13226727440848043,0.0912902166396492,0.3637301845567384,0.23146291014825796,0.8519895016636133,0.9432797183032625
double_unseen,3,log_translation_proxy,transcript_accessibility,440,6,3203048,0.1152537884070588,0.07104623240930974,0.3637301845567384,0.2484763961496796,0.8519895016636133,0.923035734072923
double_unseen,3,log_translation_proxy,transcript_accessibility,440,7,3203049,0.08378504021198457,0.0710180129686423,0.3637301845567384,0.2799451443447538,0.8519895016636133,0.9230075146322556
double_unseen,3,log_translation_proxy,transcript_accessibility,440,8,3203050,0.16292636748217612,0.11570790175044554,0.3637301845567384,0.20080381707456227,0.8519895016636133,0.9676974034140589
double_unseen,3,log_translation_proxy,transcript_accessibility,440,9,3203051,0.16774307155042592,0.10768702022956567,0.3637301845567384,0.19598711300631247,0.8519895016636133,0.959676521893179
double_unseen,3,log_translation_proxy,transcript_accessibility,440,10,3203052,0.14234803053546952,0.1055369127822493,0.3637301845567384,0.22138215402126887,0.8519895016636133,0.9575264144458626
double_unseen,3,log_translation_proxy,transcript_accessibility,440,11,3203053,0.1382235727175525,0.0905941485977163,0.3637301845567384,0.22550661183918588,0.8519895016636133,0.9425836502613296
double_unseen,3,log_translation_proxy,transcript_accessibility,440,12,3203054,0.12920986162118603,0.08681058751659354,0.3637301845567384,0.23452032293555236,0.8519895016636133,0.9388000891802069
double_unseen,3,log_translation_proxy,transcript_accessibility,440,13,3203055,0.1629855338283584,0.0936452893903934,0.3637301845567384,0.20074465072838,0.8519895016636133,0.9456347910540067
double_unseen,3,log_translation_proxy,transcript_accessibility,440,14,3203056,0.15965221458225037,0.1033028285372033,0.3637301845567384,0.20407796997448802,0.8519895016636133,0.9552923302008166
double_unseen,3,log_translation_proxy,transcript_accessibility,440,15,3203057,0.15290020750482838,0.09725677381201414,0.3637301845567384,0.21082997705191,0.8519895016636133,0.9492462754756275
double_unseen,3,log_translation_proxy,transcript_accessibility,440,16,3203058,0.08938922017347012,0.08521867570574326,0.3637301845567384,0.27434096438326827,0.8519895016636133,0.9372081773693566
double_unseen,3,log_translation_proxy,transcript_accessibility,440,17,3203059,0.1530114965845522,0.09265223015830659,0.3637301845567384,0.21071868797218618,0.8519895016636133,0.9446417318219199
double_unseen,3,log_translation_proxy,transcript_accessibility,440,18,3203060,0.18398395183295932,0.11008724556149974,0.3637301845567384,0.17974623272377907,0.8519895016636133,0.962076747225113
double_unseen,3,log_translation_proxy,transcript_accessibility,440,19,3203061,0.1587534496092908,0.08627876428080605,0.3637301845567384,0.2049767349474476,0.8519895016636133,0.9382682659444194
double_unseen,3,log_translation_proxy,transcript_accessibility,440,20,3203062,0.1452353482291653,0.08663622099585111,0.3637301845567384,0.21849483632757308,0.8519895016636133,0.9386257226594644
double_unseen,3,log_translation_proxy,transcript_accessibility,440,21,3203063,0.14509250376481095,0.0784947104967032,0.3637301845567384,0.21863768079192744,0.8519895016636133,0.9304842121603165
double_unseen,3,log_translation_proxy,transcript_accessibility,440,22,3203064,0.10996657101440699,0.08558470809399776,0.3637301845567384,0.2537636135423314,0.8519895016636133,0.9375742097576111
double_unseen,3,log_translation_proxy,transcript_accessibility,440,23,3203065,0.1353089258068106,0.08516777320240076,0.3637301845567384,0.2284212587499278,0.8519895016636133,0.9371572748660141
double_unseen,3,log_translation_proxy,transcript_accessibility,440,24,3203066,0.06056576046489148,0.05802464569192467,0.3637301845567384,0.3031644240918469,0.8519895016636133,0.910014147355538
double_unseen,3,log_translation_proxy,transcript_accessibility,440,25,3203067,0.10013171555638195,0.10038110605516459,0.3637301845567384,0.26359846900035644,0.8519895016636133,0.9523706077187779
double_unseen,3,log_translation_proxy,transcript_accessibility,440,26,3203068,0.15631819097487826,0.09009795768513784,0.3637301845567384,0.20741199358186013,0.8519895016636133,0.9420874593487512
double_unseen,3,log_translation_proxy,transcript_accessibility,440,27,3203069,0.12679263463513382,0.09447161872279997,0.3637301845567384,0.23693754992160457,0.8519895016636133,0.9464611203864133
double_unseen,3,log_translation_proxy,transcript_accessibility,440,28,3203070,0.23278900294845623,0.1362402305227941,0.3637301845567384,0.13094118160828216,0.8519895016636133,0.9882297321864074
double_unseen,3,log_translation_proxy,transcript_accessibility,440,29,3203071,0.17930572518922666,0.12227786290028142,0.3637301845567384,0.18442445936751173,0.8519895016636133,0.9742673645638947
double_unseen,3,log_prot,promoter_recognition,440,0,3013042,0.15722671545175534,0.039170722632199784,0.25990450555559436,0.10267779010383901,1.258175854832616,1.2973465774648159
double_unseen,3,log_prot,promoter_recognition,440,1,3013043,0.0007134809446288082,-0.008708927081514606,0.25990450555559436,0.25919102461096555,1.258175854832616,1.2494669277511015
double_unseen,3,log_prot,promoter_recognition,440,2,3013044,0.00649853011241186,-0.025304996498113574,0.25990450555559436,0.2534059754431825,1.258175854832616,1.2328708583345025
double_unseen,3,log_prot,promoter_recognition,440,3,3013045,-0.016448944289542078,-0.054435886376166254,0.25990450555559436,0.27635344984513643,1.258175854832616,1.2037399684564498
double_unseen,3,log_prot,promoter_recognition,440,4,3013046,0.14384180757308895,0.051948860878936465,0.25990450555559436,0.11606269798250542,1.258175854832616,1.3101247157115525
double_unseen,3,log_prot,promoter_recognition,440,5,3013047,0.0845511133933381,0.008539317274352198,0.25990450555559436,0.17535339216225626,1.258175854832616,1.2667151721069683
double_unseen,3,log_prot,promoter_recognition,440,6,3013048,0.05327924741968307,-0.005214616607733369,0.25990450555559436,0.2066252581359113,1.258175854832616,1.2529612382248827
double_unseen,3,log_prot,promoter_recognition,440,7,3013049,0.18444140761519928,0.10242292686848642,0.25990450555559436,0.07546309794039506,1.258175854832616,1.3605987817011025
double_unseen,3,log_prot,promoter_recognition,440,8,3013050,0.09513182572875273,0.064245317628282,0.25990450555559436,0.16477267982684163,1.258175854832616,1.322421172460898
double_unseen,3,log_prot,promoter_recognition,440,9,3013051,-0.0011258333436668377,-0.033535765166046616,0.25990450555559436,0.2610303388992612,1.258175854832616,1.2246400896665695
double_unseen,3,log_prot,promoter_recognition,440,10,3013052,0.18528309097257417,0.07626696181100456,0.25990450555559436,0.07462141458302018,1.258175854832616,1.3344428166436206
double_unseen,3,log_prot,promoter_recognition,440,11,3013053,0.11677870657145839,0.07348689865195501,0.25990450555559436,0.14312579898413597,1.258175854832616,1.331662753484571
double_unseen,3,log_prot,promoter_recognition,440,12,3013054,0.21939542569306883,0.11976346616149414,0.25990450555559436,0.04050907986252552,1.258175854832616,1.3779393209941102
double_unseen,3,log_prot,promoter_recognition,440,13,3013055,0.07000763218858971,0.018478696954078666,0.25990450555559436,0.18989687336700464,1.258175854832616,1.2766545517866947
double_unseen,3,log_prot,promoter_recognition,440,14,3013056,0.03955856248968953,0.010509233020021158,0.25990450555559436,0.22034594306590483,1.258175854832616,1.2686850878526372
double_unseen,3,log_prot,promoter_recognition,440,15,3013057,0.05881614576707048,0.04240214897433203,0.25990450555559436,0.20108835978852388,1.258175854832616,1.300578003806948
double_unseen,3,log_prot,promoter_recognition,440,16,3013058,0.08018704493922077,0.03351912650091471,0.25990450555559436,0.1797174606163736,1.258175854832616,1.2916949813335308
double_unseen,3,log_prot,promoter_recognition,440,17,3013059,0.19367207439646272,0.1022004056259247,0.25990450555559436,0.06623243115913165,1.258175854832616,1.3603762604585408
double_unseen,3,log_prot,promoter_recognition,440,18,3013060,0.11326131384068153,0.059521795475663275,0.25990450555559436,0.14664319171491283,1.258175854832616,1.3176976503082793
double_unseen,3,log_prot,promoter_recognition,440,19,3013061,0.09953492380040854,0.004618905216995817,0.25990450555559436,0.1603695817551858,1.258175854832616,1.2627947600496119
double_unseen,3,log_prot,promoter_recognition,440,20,3013062,0.04397736870893593,0.039573583883875774,0.25990450555559436,0.21592713684665843,1.258175854832616,1.2977494387164918
double_unseen,3,log_prot,promoter_recognition,440,21,3013063,0.09334167815971373,0.02026085439197023,0.25990450555559436,0.16656282739588063,1.258175854832616,1.2784367092245863
double_unseen,3,log_prot,promoter_recognition,440,22,3013064,0.1510810164235222,0.060268589446488496,0.25990450555559436,0.10882348913207215,1.258175854832616,1.3184444442791046
double_unseen,3,log_prot,promoter_recognition,440,23,3013065,0.30431896007077525,0.17043820178760005,0.25990450555559436,-0.044414454515180876,1.258175854832616,1.4286140566202161
double_unseen,3,log_prot,promoter_recognition,440,24,3013066,-0.015091858310746775,-0.07270344457422362,0.25990450555559436,0.27499636386634113,1.258175854832616,1.1854724102583925
double_unseen,3,log_prot,promoter_recognition,440,25,3013067,0.0982177008423589,0.07387542370489619,0.25990450555559436,0.16168680471323546,1.258175854832616,1.3320512785375123
double_unseen,3,log_prot,promoter_recognition,440,26,3013068,0.06560728125454282,0.0020838433473699958,0.25990450555559436,0.19429722430105154,1.258175854832616,1.260259698179986
double_unseen,3,log_prot,promoter_recognition,440,27,3013069,0.023898970166594757,-0.01738976566578776,0.25990450555559436,0.2360055353889996,1.258175854832616,1.2407860891668283
double_unseen,3,log_prot,promoter_recognition,440,28,3013070,0.016779234757442724,-0.014061513626552946,0.25990450555559436,0.24312527079815163,1.258175854832616,1.2441143412060631
double_unseen,3,log_prot,promoter_recognition,440,29,3013071,0.11402952108177614,0.02533561945191587,0.25990450555559436,0.14587498447381822,1.258175854832616,1.283511474284532
double_unseen,3,log_prot,rbs_recognition,440,0,3113042,0.12006259260547902,0.12060012039521384,0.25990450555559436,0.13984191295011533,1.258175854832616,1.37877597522783
double_unseen,3,log_prot,rbs_recognition,440,1,3113043,0.1491040634970781,0.15879172977836697,0.25990450555559436,0.11080044205851623,1.258175854832616,1.416967584610983
double_unseen,3,log_prot,rbs_recognition,440,2,3113044,-0.011344973930488111,0.008367709301487558,0.25990450555559436,0.27124947948608247,1.258175854832616,1.2665435641341036
double_unseen,3,log_prot,rbs_recognition,440,3,3113045,0.08244709391823302,0.036153072761539784,0.25990450555559436,0.17745741163736134,1.258175854832616,1.2943289275941559
double_unseen,3,log_prot,rbs_recognition,440,4,3113046,0.07810626429904557,0.07837167176950066,0.25990450555559436,0.18179824125654878,1.258175854832616,1.3365475266021167
double_unseen,3,log_prot,rbs_recognition,440,5,3113047,-0.022505467004624913,-0.022999244128405927,0.25990450555559436,0.28240997256021927,1.258175854832616,1.2351766107042101
double_unseen,3,log_prot,rbs_recognition,440,6,3113048,0.03499536336319056,0.05080288107868003,0.25990450555559436,0.2249091421924038,1.258175854832616,1.308978735911296
double_unseen,3,log_prot,rbs_recognition,440,7,3113049,0.004723033943953625,0.027493568754808573,0.25990450555559436,0.25518147161164073,1.258175854832616,1.2856694235874246
double_unseen,3,log_prot,rbs_recognition,440,8,3113050,0.110479167837127,0.07543286962094786,0.25990450555559436,0.14942533771846736,1.258175854832616,1.333608724453564
double_unseen,3,log_prot,rbs_recognition,440,9,3113051,0.157031457363246,0.13564494545115147,0.25990450555559436,0.10287304819234835,1.258175854832616,1.3938208002837675
double_unseen,3,log_prot,rbs_recognition,440,10,3113052,0.04775130943326403,0.02732052604666202,0.25990450555559436,0.21215319612233033,1.258175854832616,1.285496380879278
double_unseen,3,log_prot,rbs_recognition,440,11,3113053,0.06261353521567736,0.06698040542686279,0.25990450555559436,0.197290970339917,1.258175854832616,1.3251562602594789
double_unseen,3,log_prot,rbs_recognition,440,12,3113054,0.1295783955249966,0.14174477890125292,0.25990450555559436,0.13032611003059777,1.258175854832616,1.399920633733869
double_unseen,3,log_prot,rbs_recognition,440,13,3113055,0.0625468995188051,0.0941997454409953,0.25990450555559436,0.19735760603678926,1.258175854832616,1.3523756002736114
double_unseen,3,log_prot,rbs_recognition,440,14,3113056,0.04577513134050454,0.05949363803025021,0.25990450555559436,0.21412937421508982,1.258175854832616,1.3176694928628663
double_unseen,3,log_prot,rbs_recognition,440,15,3113057,0.047638317118565726,0.028847262104874316,0.25990450555559436,0.21226618843702863,1.258175854832616,1.2870231169374904
double_unseen,3,log_prot,rbs_recognition,440,16,3113058,0.12538992638396415,0.13432176988880906,0.25990450555559436,0.1345145791716302,1.258175854832616,1.3924976247214251
double_unseen,3,log_prot,rbs_recognition,440,17,3113059,0.11755621695420224,0.1101597470395781,0.25990450555559436,0.14234828860139212,1.258175854832616,1.3683356018721942
double_unseen,3,log_prot,rbs_recognition,440,18,3113060,0.09900155646772718,0.09556054839926542,0.25990450555559436,0.16090294908786718,1.258175854832616,1.3537364032318815
double_unseen,3,log_prot,rbs_recognition,440,19,3113061,0.04625799360483768,0.0656462305053831,0.25990450555559436,0.21364651195075668,1.258175854832616,1.3238220853379992
double_unseen,3,log_prot,rbs_recognition,440,20,3113062,-0.012047184566977842,-0.03726466693482555,0.25990450555559436,0.2719516901225722,1.258175854832616,1.2209111878977905
double_unseen,3,log_prot,rbs_recognition,440,21,3113063,0.14425311155574616,0.11498282597714882,0.25990450555559436,0.1156513939998482,1.258175854832616,1.3731586808097649
double_unseen,3,log_prot,rbs_recognition,440,22,3113064,0.061752201916149135,0.05851079909644241,0.25990450555559436,0.19815230363944522,1.258175854832616,1.3166866539290585
double_unseen,3,log_prot,rbs_recognition,440,23,3113065,0.16556723655064587,0.14515071566860072,0.25990450555559436,0.09433726900494847,1.258175854832616,1.4033265705012168
double_unseen,3,log_prot,rbs_recognition,440,24,3113066,0.03296262241145814,0.03949437494993924,0.25990450555559436,0.22694188314413621,1.258175854832616,1.2976702297825553
double_unseen,3,log_prot,rbs_recognition,440,25,3113067,0.060446748036515896,0.0432088501020198,0.25990450555559436,0.19945775751907846,1.258175854832616,1.3013847049346359
double_unseen,3,log_prot,rbs_recognition,440,26,3113068,0.07248393020502031,0.06329881046768371,0.25990450555559436,0.18742057535057405,1.258175854832616,1.3214746653002998
double_unseen,3,log_prot,rbs_recognition,440,27,3113069,0.14198320105711223,0.1289287243668793,0.25990450555559436,0.11792130449848212,1.258175854832616,1.3871045791994954
double_unseen,3,log_prot,rbs_recognition,440,28,3113070,0.04101215824208315,0.05003422891599585,0.25990450555559436,0.2188923473135112,1.258175854832616,1.308210083748612
double_unseen,3,log_prot,rbs_recognition,440,29,3113071,0.006294951240012503,-0.02233779114446177,0.25990450555559436,0.25360955431558185,1.258175854832616,1.2358380636881543
double_unseen,3,log_prot,transcript_accessibility,440,0,3213042,0.11603803600844409,0.08924088607938718,0.25990450555559436,0.14386646954715027,1.258175854832616,1.3474167409120033
double_unseen,3,log_prot,transcript_accessibility,440,1,3213043,0.10455161971081067,0.07240929268977525,0.25990450555559436,0.15535288584478368,1.258175854832616,1.3305851475223913
double_unseen,3,log_prot,transcript_accessibility,440,2,3213044,0.08544330533700395,0.08406577299288842,0.25990450555559436,0.1744612002185904,1.258175854832616,1.3422416278255045
double_unseen,3,log_prot,transcript_accessibility,440,3,3213045,0.09198085889134724,0.07836111775838206,0.25990450555559436,0.1679236466642471,1.258175854832616,1.3365369725909981
double_unseen,3,log_prot,transcript_accessibility,440,4,3213046,0.11044563867041327,0.09224248367112331,0.25990450555559436,0.1494588668851811,1.258175854832616,1.3504183385037394
double_unseen,3,log_prot,transcript_accessibility,440,5,3213047,0.07695486144378816,0.07234681566794054,0.25990450555559436,0.1829496441118062,1.258175854832616,1.3305226705005566
double_unseen,3,log_prot,transcript_accessibility,440,6,3213048,0.12840487469001627,0.12557642791296963,0.25990450555559436,0.1314996308655781,1.258175854832616,1.3837522827455857
double_unseen,3,log_prot,transcript_accessibility,440,7,3213049,0.1309161061189563,0.10438047811656714,0.25990450555559436,0.12898839943663806,1.258175854832616,1.3625563329491832
double_unseen,3,log_prot,transcript_accessibility,440,8,3213050,0.10724043347508855,0.0913392210309687,0.25990450555559436,0.1526640720805058,1.258175854832616,1.3495150758635848
double_unseen,3,log_prot,transcript_accessibility,440,9,3213051,0.11128795332495678,0.10695088265813357,0.25990450555559436,0.14861655223063758,1.258175854832616,1.3651267374907496
double_unseen,3,log_prot,transcript_accessibility,440,10,3213052,0.1193347420179729,0.09442166168679256,0.25990450555559436,0.14056976353762146,1.258175854832616,1.3525975165194086
double_unseen,3,log_prot,transcript_accessibility,440,11,3213053,0.10938630014476683,0.08007127228018729,0.25990450555559436,0.15051820541082753,1.258175854832616,1.3382471271128034
double_unseen,3,log_prot,transcript_accessibility,440,12,3213054,0.1409430924947281,0.12550423055153437,0.25990450555559436,0.11896141306086624,1.258175854832616,1.3836800853841504
double_unseen,3,log_prot,transcript_accessibility,440,13,3213055,0.10203925670833505,0.09691689555412997,0.25990450555559436,0.1578652488472593,1.258175854832616,1.355092750386746
double_unseen,3,log_prot,transcript_accessibility,440,14,3213056,0.09582558363413815,0.07630722249644206,0.25990450555559436,0.1640789219214562,1.258175854832616,1.3344830773290581
double_unseen,3,log_prot,transcript_accessibility,440,15,3213057,0.12790045796136715,0.09782707857160489,0.25990450555559436,0.1320040475942272,1.258175854832616,1.356002933404221
double_unseen,3,log_prot,transcript_accessibility,440,16,3213058,0.13537675774426886,0.11532570021946276,0.25990450555559436,0.1245277478113255,1.258175854832616,1.3735015550520788
double_unseen,3,log_prot,transcript_accessibility,440,17,3213059,0.0829552439364532,0.08348097443984903,0.25990450555559436,0.17694926161914115,1.258175854832616,1.341656829272465
double_unseen,3,log_prot,transcript_accessibility,440,18,3213060,0.11660725700889285,0.10736773965633528,0.25990450555559436,0.1432972485467015,1.258175854832616,1.3655435944889514
double_unseen,3,log_prot,transcript_accessibility,440,19,3213061,0.11440200990320681,0.0956055580300248,0.25990450555559436,0.14550249565238754,1.258175854832616,1.3537814128626409
double_unseen,3,log_prot,transcript_accessibility,440,20,3213062,0.10260868902706138,0.10163810635188009,0.25990450555559436,0.15729581652853297,1.258175854832616,1.3598139611844962
double_unseen,3,log_prot,transcript_accessibility,440,21,3213063,0.12628443665307668,0.10778668981798156,0.25990450555559436,0.13362006890251768,1.258175854832616,1.3659625446505976
double_unseen,3,log_prot,transcript_accessibility,440,22,3213064,0.12568809647366833,0.133203816838402,0.25990450555559436,0.13421640908192603,1.258175854832616,1.391379671671018
double_unseen,3,log_prot,transcript_accessibility,440,23,3213065,0.11904150268807953,0.10743132324206695,0.25990450555559436,0.14086300286751482,1.258175854832616,1.365607178074683
double_unseen,3,log_prot,transcript_accessibility,440,24,3213066,0.13829619018884237,0.09094795432612779,0.25990450555559436,0.12160831536675197,1.258175854832616,1.3491238091587439
double_unseen,3,log_prot,transcript_accessibility,440,25,3213067,0.1582859835379759,0.1250507642402665,0.25990450555559436,0.10161852201761847,1.258175854832616,1.3832266190728826
double_unseen,3,log_prot,transcript_accessibility,440,26,3213068,0.09170903314691814,0.08286511645495187,0.25990450555559436,0.16819547240867622,1.258175854832616,1.341040971287568
double_unseen,3,log_prot,transcript_accessibility,440,27,3213069,0.09322002927123768,0.09242997192613411,0.25990450555559436,0.16668447628435668,1.258175854832616,1.3506058267587502
double_unseen,3,log_prot,transcript_accessibility,440,28,3213070,0.09614164533801312,0.08692708718985553,0.25990450555559436,0.16376286021758124,1.258175854832616,1.3451029420224716
double_unseen,3,log_prot,transcript_accessibility,440,29,3213071,0.17410195612485807,0.14417593347670277,0.25990450555559436,0.0858025494307363,1.258175854832616,1.4023517883093188
double_unseen,4,log_translation_proxy,promoter_recognition,450,0,3004042,0.05546259487701177,0.016515787359065226,0.4968616470534012,0.4413990521763894,0.9882614038876406,1.0047771912467058
double_unseen,4,log_translation_proxy,promoter_recognition,450,1,3004043,-0.023103850718604324,-0.026799864197808332,0.4968616470534012,0.5199654977720055,0.9882614038876406,0.9614615396898323
double_unseen,4,log_translation_proxy,promoter_recognition,450,2,3004044,-0.05216881729457101,-0.055471353528106504,0.4968616470534012,0.5490304643479722,0.9882614038876406,0.9327900503595341
double_unseen,4,log_translation_proxy,promoter_recognition,450,3,3004045,0.14357970492035355,0.08225302060259454,0.4968616470534012,0.35328194213304764,0.9882614038876406,1.0705144244902352
double_unseen,4,log_translation_proxy,promoter_recognition,450,4,3004046,0.051612831009865134,0.04465825377055521,0.4968616470534012,0.44524881604353606,0.9882614038876406,1.0329196576581958
double_unseen,4,log_translation_proxy,promoter_recognition,450,5,3004047,0.11309006023826973,0.06288201503512536,0.4968616470534012,0.38377158681513146,0.9882614038876406,1.051143418922766
double_unseen,4,log_translation_proxy,promoter_recognition,450,6,3004048,0.08441325636175984,0.04766248201013579,0.4968616470534012,0.41244839069164135,0.9882614038876406,1.0359238858977764
double_unseen,4,log_translation_proxy,promoter_recognition,450,7,3004049,0.0720767345353146,0.04332025747939905,0.4968616470534012,0.4247849125180866,0.9882614038876406,1.0315816613670397
double_unseen,4,log_translation_proxy,promoter_recognition,450,8,3004050,0.1335550957453288,0.08112554327228583,0.4968616470534012,0.3633065513080724,0.9882614038876406,1.0693869471599264
double_unseen,4,log_translation_proxy,promoter_recognition,450,9,3004051,0.17482883628946927,0.1110655281868359,0.4968616470534012,0.3220328107639319,0.9882614038876406,1.0993269320744765
double_unseen,4,log_translation_proxy,promoter_recognition,450,10,3004052,0.06253397136117544,0.047058885034122366,0.4968616470534012,0.43432767569222575,0.9882614038876406,1.035320288921763
double_unseen,4,log_translation_proxy,promoter_recognition,450,11,3004053,0.04869949975061605,0.022367425726237955,0.4968616470534012,0.44816214730278514,0.9882614038876406,1.0106288296138786
double_unseen,4,log_translation_proxy,promoter_recognition,450,12,3004054,-0.01506812379320388,-0.025003879336730095,0.4968616470534012,0.5119297708466051,0.9882614038876406,0.9632575245509105
double_unseen,4,log_translation_proxy,promoter_recognition,450,13,3004055,0.09816068227497426,0.055293952021705395,0.4968616470534012,0.3987009647784269,0.9882614038876406,1.043555355909346
double_unseen,4,log_translation_proxy,promoter_recognition,450,14,3004056,0.09578964175954785,0.043970442721515846,0.4968616470534012,0.40107200529385334,0.9882614038876406,1.0322318466091565
double_unseen,4,log_translation_proxy,promoter_recognition,450,15,3004057,0.008187694754048236,-0.0038874829897594942,0.4968616470534012,0.48867395229935295,0.9882614038876406,0.9843739208978811
double_unseen,4,log_translation_proxy,promoter_recognition,450,16,3004058,0.07067623379210108,0.03598173459159637,0.4968616470534012,0.4261854132613001,0.9882614038876406,1.024243138479237
double_unseen,4,log_translation_proxy,promoter_recognition,450,17,3004059,0.12501065848884851,0.08816984768584823,0.4968616470534012,0.3718509885645527,0.9882614038876406,1.0764312515734888
double_unseen,4,log_translation_proxy,promoter_recognition,450,18,3004060,0.0632677363015785,0.04244437341787599,0.4968616470534012,0.4335939107518227,0.9882614038876406,1.0307057773055166
double_unseen,4,log_translation_proxy,promoter_recognition,450,19,3004061,0.0934793093628446,0.05950444602826821,0.4968616470534012,0.4033823376905566,0.9882614038876406,1.0477658499159088
double_unseen,4,log_translation_proxy,promoter_recognition,450,20,3004062,0.04452407172381101,0.007426149118128111,0.4968616470534012,0.4523375753295902,0.9882614038876406,0.9956875530057687
double_unseen,4,log_translation_proxy,promoter_recognition,450,21,3004063,0.058163908628355354,0.023679083074771623,0.4968616470534012,0.43869773842504584,0.9882614038876406,1.0119404869624122
double_unseen,4,log_translation_proxy,promoter_recognition,450,22,3004064,0.04325446874634775,0.017743009670501464,0.4968616470534012,0.45360717830705344,0.9882614038876406,1.006004413558142
double_unseen,4,log_translation_proxy,promoter_recognition,450,23,3004065,0.10949769299272266,0.07669687946641479,0.4968616470534012,0.38736395406067853,0.9882614038876406,1.0649582833540554
double_unseen,4,log_translation_proxy,promoter_recognition,450,24,3004066,0.046209808443498535,0.035558272456223894,0.4968616470534012,0.45065183860990266,0.9882614038876406,1.0238196763438645
double_unseen,4,log_translation_proxy,promoter_recognition,450,25,3004067,0.1244354457717487,0.07557504125210668,0.4968616470534012,0.3724262012816525,0.9882614038876406,1.0638364451397473
double_unseen,4,log_translation_proxy,promoter_recognition,450,26,3004068,0.08682920244873638,0.05605290684646225,0.4968616470534012,0.4100324446046648,0.9882614038876406,1.0443143107341029
double_unseen,4,log_translation_proxy,promoter_recognition,450,27,3004069,-0.050041794445075394,-0.060399107451831746,0.4968616470534012,0.5469034414984766,0.9882614038876406,0.9278622964358089
double_unseen,4,log_translation_proxy,promoter_recognition,450,28,3004070,-0.00999168720174759,-0.014068688995425571,0.4968616470534012,0.5068533342551488,0.9882614038876406,0.974192714892215
double_unseen,4,log_translation_proxy,promoter_recognition,450,29,3004071,0.082636391620041,0.052516631981124884,0.4968616470534012,0.4142252554333602,0.9882614038876406,1.0407780358687655
double_unseen,4,log_translation_proxy,rbs_recognition,450,0,3104042,0.34720856234681,0.19463055009768804,0.4968616470534012,0.14965308470659117,0.9882614038876406,1.1828919539853286
double_unseen,4,log_translation_proxy,rbs_recognition,450,1,3104043,0.2180515788555335,0.11129091880472142,0.4968616470534012,0.2788100681978677,0.9882614038876406,1.099552322692362
double_unseen,4,log_translation_proxy,rbs_recognition,450,2,3104044,0.11872124471396572,0.09426875227040188,0.4968616470534012,0.37814040233943547,0.9882614038876406,1.0825301561580425
double_unseen,4,log_translation_proxy,rbs_recognition,450,3,3104045,0.3315245342775356,0.17782711923660044,0.4968616470534012,0.1653371127758656,0.9882614038876406,1.166088523124241
double_unseen,4,log_translation_proxy,rbs_recognition,450,4,3104046,0.3700680003358042,0.19352644497279836,0.4968616470534012,0.126793646717597,0.9882614038876406,1.181787848860439
double_unseen,4,log_translation_proxy,rbs_recognition,450,5,3104047,0.3119990386783804,0.21121086805163924,0.4968616470534012,0.1848626083750208,0.9882614038876406,1.1994722719392799
double_unseen,4,log_translation_proxy,rbs_recognition,450,6,3104048,0.2916112507551478,0.19647833286154837,0.4968616470534012,0.20525039629825337,0.9882614038876406,1.184739736749189
double_unseen,4,log_translation_proxy,rbs_recognition,450,7,3104049,0.39865256947770944,0.21954166521384988,0.4968616470534012,0.09820907757569175,0.9882614038876406,1.2078030691014905
double_unseen,4,log_translation_proxy,rbs_recognition,450,8,3104050,0.25077233303209734,0.15563756364168457,0.4968616470534012,0.24608931402130382,0.9882614038876406,1.1438989675293252
double_unseen,4,log_translation_proxy,rbs_recognition,450,9,3104051,0.16252682729297435,0.11547148272510055,0.4968616470534012,0.33433481976042684,0.9882614038876406,1.1037328866127412
double_unseen,4,log_translation_proxy,rbs_recognition,450,10,3104052,0.36403406107355274,0.22017526326228498,0.4968616470534012,0.13282758597984848,0.9882614038876406,1.2084366671499256
double_unseen,4,log_translation_proxy,rbs_recognition,450,11,3104053,0.18339106201347505,0.10908481237689893,0.4968616470534012,0.31347058503992614,0.9882614038876406,1.0973462162645395
double_unseen,4,log_translation_proxy,rbs_recognition,450,12,3104054,0.2639208424074523,0.1565720359973496,0.4968616470534012,0.2329408046459489,0.9882614038876406,1.1448334398849902
double_unseen,4,log_translation_proxy,rbs_recognition,450,13,3104055,0.14480927477831174,0.09074356815420381,0.4968616470534012,0.35205237227508945,0.9882614038876406,1.0790049720418444
double_unseen,4,log_translation_proxy,rbs_recognition,450,14,3104056,0.2965343301999082,0.19320831734685606,0.4968616470534012,0.20032731685349298,0.9882614038876406,1.1814697212344967
double_unseen,4,log_translation_proxy,rbs_recognition,450,15,3104057,0.2017387410966639,0.1333524410274859,0.4968616470534012,0.2951229059567373,0.9882614038876406,1.1216138449151265
double_unseen,4,log_translation_proxy,rbs_recognition,450,16,3104058,0.3626388278460635,0.21539334636508023,0.4968616470534012,0.13422281920733767,0.9882614038876406,1.2036547502527208
double_unseen,4,log_translation_proxy,rbs_recognition,450,17,3104059,0.2983959426960134,0.15979123661916195,0.4968616470534012,0.1984657043573878,0.9882614038876406,1.1480526405068026
double_unseen,4,log_translation_proxy,rbs_recognition,450,18,3104060,0.35152726680131763,0.20661796077065142,0.4968616470534012,0.1453343802520836,0.9882614038876406,1.194879364658292
double_unseen,4,log_translation_proxy,rbs_recognition,450,19,3104061,0.5051828074871153,0.311426080474578,0.4968616470534012,-0.008321160433714078,0.9882614038876406,1.2996874843622186
double_unseen,4,log_translation_proxy,rbs_recognition,450,20,3104062,0.33539879209280055,0.2098790951625923,0.4968616470534012,0.16146285496060064,0.9882614038876406,1.198140499050233
double_unseen,4,log_translation_proxy,rbs_recognition,450,21,3104063,0.31364632253328006,0.19647390697363287,0.4968616470534012,0.1832153245201211,0.9882614038876406,1.1847353108612735
double_unseen,4,log_translation_proxy,rbs_recognition,450,22,3104064,0.3216503126764413,0.2250217385934722,0.4968616470534012,0.1752113343769599,0.9882614038876406,1.2132831424811128
double_unseen,4,log_translation_proxy,rbs_recognition,450,23,3104065,0.3323744479396607,0.19934923082255052,0.4968616470534012,0.1644871991137405,0.9882614038876406,1.1876106347101911
double_unseen,4,log_translation_proxy,rbs_recognition,450,24,3104066,0.3680813567803628,0.24368422442859428,0.4968616470534012,0.12878029027303842,0.9882614038876406,1.2319456283162349
double_unseen,4,log_translation_proxy,rbs_recognition,450,25,3104067,0.40736820099523136,0.28638420002370546,0.4968616470534012,0.08949344605816985,0.9882614038876406,1.274645603911346
double_unseen,4,log_translation_proxy,rbs_recognition,450,26,3104068,0.3987847841223908,0.24016960250084007,0.4968616470534012,0.09807686293101037,0.9882614038876406,1.2284310063884807
double_unseen,4,log_translation_proxy,rbs_recognition,450,27,3104069,0.18188968834414004,0.0964740579022475,0.4968616470534012,0.31497195870926115,0.9882614038876406,1.0847354617898881
double_unseen,4,log_translation_proxy,rbs_recognition,450,28,3104070,0.3942066545184586,0.24681427594711314,0.4968616470534012,0.10265499253494258,0.9882614038876406,1.2350756798347537
double_unseen,4,log_translation_proxy,rbs_recognition,450,29,3104071,0.16731012663437028,0.08847452363163166,0.4968616470534012,0.3295515204190309,0.9882614038876406,1.0767359275192723
double_unseen,4,log_translation_proxy,transcript_accessibility,450,0,3204042,0.11897250521401759,0.08937602037756831,0.4968616470534012,0.3778891418393836,0.9882614038876406,1.077637424265209
double_unseen,4,log_translation_proxy,transcript_accessibility,450,1,3204043,0.15097108298477196,0.09595976072355439,0.4968616470534012,0.3458905640686292,0.9882614038876406,1.084221164611195
double_unseen,4,log_translation_proxy,transcript_accessibility,450,2,3204044,0.10327833717697377,0.0597121053448183,0.4968616470534012,0.3935833098764274,0.9882614038876406,1.047973509232459
double_unseen,4,log_translation_proxy,transcript_accessibility,450,3,3204045,0.15682223945138835,0.12694675320236237,0.4968616470534012,0.34003940760201284,0.9882614038876406,1.115208157090003
double_unseen,4,log_translation_proxy,transcript_accessibility,450,4,3204046,0.12455133111768457,0.1006071189936516,0.4968616470534012,0.3723103159357166,0.9882614038876406,1.0888685228812922
double_unseen,4,log_translation_proxy,transcript_accessibility,450,5,3204047,0.12423883574733707,0.07319409749723105,0.4968616470534012,0.3726228113060641,0.9882614038876406,1.0614555013848717
double_unseen,4,log_translation_proxy,transcript_accessibility,450,6,3204048,0.15754652286348741,0.1305668312659466,0.4968616470534012,0.3393151241899138,0.9882614038876406,1.1188282351535872
double_unseen,4,log_translation_proxy,transcript_accessibility,450,7,3204049,0.12439703422636655,0.0656364383423863,0.4968616470534012,0.37246461282703464,0.9882614038876406,1.053897842230027
double_unseen,4,log_translation_proxy,transcript_accessibility,450,8,3204050,0.14343629680475795,0.10838300159658398,0.4968616470534012,0.35342535024864324,0.9882614038876406,1.0966444054842246
double_unseen,4,log_translation_proxy,transcript_accessibility,450,9,3204051,0.14308719220012617,0.08132010306094284,0.4968616470534012,0.353774454853275,0.9882614038876406,1.0695815069485834
double_unseen,4,log_translation_proxy,transcript_accessibility,450,10,3204052,0.11171900437368426,0.0698215960496601,0.4968616470534012,0.38514264267971693,0.9882614038876406,1.0580829999373007
double_unseen,4,log_translation_proxy,transcript_accessibility,450,11,3204053,0.12999794237667023,0.10373112278582608,0.4968616470534012,0.36686370467673096,0.9882614038876406,1.0919925266734667
double_unseen,4,log_translation_proxy,transcript_accessibility,450,12,3204054,0.14152524209996103,0.10936590103879829,0.4968616470534012,0.35533640495344015,0.9882614038876406,1.097627304926439
double_unseen,4,log_translation_proxy,transcript_accessibility,450,13,3204055,0.11558470247589708,0.06971208651514782,0.4968616470534012,0.3812769445775041,0.9882614038876406,1.0579734904027884
double_unseen,4,log_translation_proxy,transcript_accessibility,450,14,3204056,0.11837424711562367,0.07545728179619704,0.4968616470534012,0.3784873999377775,0.9882614038876406,1.0637186856838377
double_unseen,4,log_translation_proxy,transcript_accessibility,450,15,3204057,0.12567831610691088,0.07891935661336114,0.4968616470534012,0.3711833309464903,0.9882614038876406,1.0671807605010017
double_unseen,4,log_translation_proxy,transcript_accessibility,450,16,3204058,0.13034657400727645,0.09032568547001663,0.4968616470534012,0.36651507304612474,0.9882614038876406,1.0785870893576572
double_unseen,4,log_translation_proxy,transcript_accessibility,450,17,3204059,0.10943632643453388,0.08320185339754638,0.4968616470534012,0.3874253206188673,0.9882614038876406,1.071463257285187
double_unseen,4,log_translation_proxy,transcript_accessibility,450,18,3204060,0.10096826815605675,0.07068855072873326,0.4968616470534012,0.39589337889734444,0.9882614038876406,1.0589499546163739
double_unseen,4,log_translation_proxy,transcript_accessibility,450,19,3204061,0.10934928073718891,0.07629412342522868,0.4968616470534012,0.3875123663162123,0.9882614038876406,1.0645555273128693
double_unseen,4,log_translation_proxy,transcript_accessibility,450,20,3204062,0.13830112741297496,0.09900051870470794,0.4968616470534012,0.35856051964042623,0.9882614038876406,1.0872619225923486
double_unseen,4,log_translation_proxy,transcript_accessibility,450,21,3204063,0.13399282630202292,0.0912186356601693,0.4968616470534012,0.3628688207513783,0.9882614038876406,1.07948003954781
double_unseen,4,log_translation_proxy,transcript_accessibility,450,22,3204064,0.11461482114314969,0.08725238886717357,0.4968616470534012,0.3822468259102515,0.9882614038876406,1.0755137927548142
double_unseen,4,log_translation_proxy,transcript_accessibility,450,23,3204065,0.12655404059608533,0.10326003230151548,0.4968616470534012,0.37030760645731586,0.9882614038876406,1.091521436189156
double_unseen,4,log_translation_proxy,transcript_accessibility,450,24,3204066,0.11361180768794438,0.08065640213525127,0.4968616470534012,0.3832498393654568,0.9882614038876406,1.0689178060228919
double_unseen,4,log_translation_proxy,transcript_accessibility,450,25,3204067,0.07673664232086752,0.059657928112592296,0.4968616470534012,0.42012500473253367,0.9882614038876406,1.047919332000233
double_unseen,4,log_translation_proxy,transcript_accessibility,450,26,3204068,0.11981596616938034,0.08338129385293425,0.4968616470534012,0.37704568088402085,0.9882614038876406,1.0716426977405749
double_unseen,4,log_translation_proxy,transcript_accessibility,450,27,3204069,0.12175467533173007,0.07950624089306435,0.4968616470534012,0.3751069717216711,0.9882614038876406,1.067767644780705
double_unseen,4,log_translation_proxy,transcript_accessibility,450,28,3204070,0.13395384668566268,0.10924274853014959,0.4968616470534012,0.3629078003677385,0.9882614038876406,1.0975041524177902
double_unseen,4,log_translation_proxy,transcript_accessibility,450,29,3204071,0.1432119006349003,0.10165691418690226,0.4968616470534012,0.3536497464185009,0.9882614038876406,1.0899183180745429
double_unseen,4,log_prot,promoter_recognition,450,0,3014042,0.5909460923649388,0.8060375635977775,0.6818889912819516,0.09094289891701282,1.1594554610190948,1.9654930246168723
double_unseen,4,log_prot,promoter_recognition,450,1,3014043,0.30546299506439745,0.46532942110072484,0.6818889912819516,0.3764259962175541,1.1594554610190948,1.6247848821198196
double_unseen,4,log_prot,promoter_recognition,450,2,3014044,0.42575509313501453,0.6185392666114864,0.6818889912819516,0.25613389814693704,1.1594554610190948,1.7779947276305812
double_unseen,4,log_prot,promoter_recognition,450,3,3014045,0.2591251346122722,0.39545759891412113,0.6818889912819516,0.42276385666967936,1.1594554610190948,1.554913059933216
double_unseen,4,log_prot,promoter_recognition,450,4,3014046,0.44458666793434487,0.6320181730380903,0.6818889912819516,0.2373023233476067,1.1594554610190948,1.791473634057185
double_unseen,4,log_prot,promoter_recognition,450,5,3014047,0.5716429413573553,0.719467069480203,0.6818889912819516,0.11024604992459629,1.1594554610190948,1.8789225304992978
double_unseen,4,log_prot,promoter_recognition,450,6,3014048,0.5157013082954891,0.7189279201081042,0.6818889912819516,0.16618768298646253,1.1594554610190948,1.878383381127199
double_unseen,4,log_prot,promoter_recognition,450,7,3014049,0.42738579075768923,0.6206934786438518,0.6818889912819516,0.25450320052426234,1.1594554610190948,1.7801489396629466
double_unseen,4,log_prot,promoter_recognition,450,8,3014050,0.5503968594990133,0.7915374138322697,0.6818889912819516,0.13149213178293828,1.1594554610190948,1.9509928748513645
double_unseen,4,log_prot,promoter_recognition,450,9,3014051,0.6481845929216044,0.82000914261398,0.6818889912819516,0.033704398360347214,1.1594554610190948,1.9794646036330747
double_unseen,4,log_prot,promoter_recognition,450,10,3014052,0.6697899207716008,0.9400285493409539,0.6818889912819516,0.012099070510350805,1.1594554610190948,2.0994840103600487
double_unseen,4,log_prot,promoter_recognition,450,11,3014053,0.46497032237357216,0.6733028240202841,0.6818889912819516,0.21691866890837938,1.1594554610190948,1.8327582850393789
double_unseen,4,log_prot,promoter_recognition,450,12,3014054,0.4820662438847775,0.6407632167611925,0.6818889912819516,0.19982274739717407,1.1594554610190948,1.8002186777802873
double_unseen,4,log_prot,promoter_recognition,450,13,3014055,0.4155039402851808,0.5400139618701767,0.6818889912819516,0.2663850509967708,1.1594554610190948,1.6994694228892715
double_unseen,4,log_prot,promoter_recognition,450,14,3014056,0.5113906197724628,0.6679045292311334,0.6818889912819516,0.1704983715094888,1.1594554610190948,1.8273599902502282
double_unseen,4,log_prot,promoter_recognition,450,15,3014057,0.3472356132904657,0.4105354719239471,0.6818889912819516,0.33465337799148587,1.1594554610190948,1.569990932943042
double_unseen,4,log_prot,promoter_recognition,450,16,3014058,0.4534462693201712,0.6102534659616574,0.6818889912819516,0.2284427219617804,1.1594554610190948,1.7697089269807522
double_unseen,4,log_prot,promoter_recognition,450,17,3014059,0.4889089055315352,0.6403109101711313,0.6818889912819516,0.19298008575041634,1.1594554610190948,1.799766371190226
double_unseen,4,log_prot,promoter_recognition,450,18,3014060,0.305764956596239,0.4494004254111681,0.6818889912819516,0.3761240346857126,1.1594554610190948,1.608855886430263
double_unseen,4,log_prot,promoter_recognition,450,19,3014061,0.5541065221034506,0.7659281067127983,0.6818889912819516,0.127782469178501,1.1594554610190948,1.9253835677318931
double_unseen,4,log_prot,promoter_recognition,450,20,3014062,0.6855002167973999,0.9681617360466848,0.6818889912819516,-0.0036112255154484006,1.1594554610190948,2.1276171970657796
double_unseen,4,log_prot,promoter_recognition,450,21,3014063,0.25901161919995325,0.38612837146365275,0.6818889912819516,0.4228773720819983,1.1594554610190948,1.5455838324827476
double_unseen,4,log_prot,promoter_recognition,450,22,3014064,0.11184863207101803,0.16660041022359162,0.6818889912819516,0.5700403592109335,1.1594554610190948,1.3260558712426864
double_unseen,4,log_prot,promoter_recognition,450,23,3014065,0.361874097319903,0.45342249124256706,0.6818889912819516,0.3200148939620486,1.1594554610190948,1.6128779522616619
double_unseen,4,log_prot,promoter_recognition,450,24,3014066,0.4871012186813005,0.6298039477595858,0.6818889912819516,0.19478777260065103,1.1594554610190948,1.7892594087786806
double_unseen,4,log_prot,promoter_recognition,450,25,3014067,0.5113814015835274,0.6965326336088409,0.6818889912819516,0.17050758969842422,1.1594554610190948,1.8559880946279357
double_unseen,4,log_prot,promoter_recognition,450,26,3014068,0.4673436109592012,0.7401431743200797,0.6818889912819516,0.21454538032275036,1.1594554610190948,1.8995986353391745
double_unseen,4,log_prot,promoter_recognition,450,27,3014069,0.46693893246493656,0.6270268175561604,0.6818889912819516,0.21495005881701504,1.1594554610190948,1.7864822785752552
double_unseen,4,log_prot,promoter_recognition,450,28,3014070,0.3597801198590171,0.5250612227709854,0.6818889912819516,0.3221088714229345,1.1594554610190948,1.6845166837900802
double_unseen,4,log_prot,promoter_recognition,450,29,3014071,0.5724497962660308,0.6583585357120791,0.6818889912819516,0.10943919501592084,1.1594554610190948,1.817813996731174
double_unseen,4,log_prot,rbs_recognition,450,0,3114042,0.24813046898059066,0.35959204370964715,0.6818889912819516,0.4337585223013609,1.1594554610190948,1.519047504728742
double_unseen,4,log_prot,rbs_recognition,450,1,3114043,0.13995041272904063,0.19447546180652786,0.6818889912819516,0.5419385785529109,1.1594554610190948,1.3539309228256227
double_unseen,4,log_prot,rbs_recognition,450,2,3114044,0.2274592070465784,0.3007769065999053,0.6818889912819516,0.45442978423537317,1.1594554610190948,1.460232367619
double_unseen,4,log_prot,rbs_recognition,450,3,3114045,0.21145340222119247,0.3154780820147678,0.6818889912819516,0.4704355890607591,1.1594554610190948,1.4749335430338626
double_unseen,4,log_prot,rbs_recognition,450,4,3114046,0.23377050594541626,0.34772062856473696,0.6818889912819516,0.4481184853365353,1.1594554610190948,1.5071760895838318
double_unseen,4,log_prot,rbs_recognition,450,5,3114047,0.24562601873525203,0.34258096038133656,0.6818889912819516,0.43626297254669955,1.1594554610190948,1.5020364214004314
double_unseen,4,log_prot,rbs_recognition,450,6,3114048,0.23487365978415853,0.28652863881120805,0.6818889912819516,0.44701533149779304,1.1594554610190948,1.4459840998303028
double_unseen,4,log_prot,rbs_recognition,450,7,3114049,0.26829920792920947,0.35949600721873987,0.6818889912819516,0.4135897833527421,1.1594554610190948,1.5189514682378347
double_unseen,4,log_prot,rbs_recognition,450,8,3114050,0.2994024309046029,0.40956075775989453,0.6818889912819516,0.3824865603773487,1.1594554610190948,1.5690162187789893
double_unseen,4,log_prot,rbs_recognition,450,9,3114051,0.16124377072777996,0.23590496446535036,0.6818889912819516,0.5206452205541716,1.1594554610190948,1.3953604254844452
double_unseen,4,log_prot,rbs_recognition,450,10,3114052,0.30710975867350254,0.43489956714096256,0.6818889912819516,0.37477923260844903,1.1594554610190948,1.5943550281600574
double_unseen,4,log_prot,rbs_recognition,450,11,3114053,0.23881061659006042,0.3367829619378506,0.6818889912819516,0.44307837469189115,1.1594554610190948,1.4962384229569454
double_unseen,4,log_prot,rbs_recognition,450,12,3114054,0.22846425301736517,0.35528314430153474,0.6818889912819516,0.4534247382645864,1.1594554610190948,1.5147386053206295
double_unseen,4,log_prot,rbs_recognition,450,13,3114055,0.255665416616398,0.36196472196788365,0.6818889912819516,0.42622357466555355,1.1594554610190948,1.5214201829869785
double_unseen,4,log_prot,rbs_recognition,450,14,3114056,0.18125817085593732,0.26473623993955586,0.6818889912819516,0.5006308204260143,1.1594554610190948,1.4241917009586507
double_unseen,4,log_prot,rbs_recognition,450,15,3114057,0.29020057133244603,0.38471530714950486,0.6818889912819516,0.39168841994950554,1.1594554610190948,1.5441707681685997
double_unseen,4,log_prot,rbs_recognition,450,16,3114058,0.19285030681904697,0.2598205240557119,0.6818889912819516,0.4890386844629046,1.1594554610190948,1.4192759850748067
double_unseen,4,log_prot,rbs_recognition,450,17,3114059,0.09408083627483443,0.17974917310774208,0.6818889912819516,0.5878081550071171,1.1594554610190948,1.3392046341268369
double_unseen,4,log_prot,rbs_recognition,450,18,3114060,0.19973550382332106,0.28462227228273607,0.6818889912819516,0.4821534874586305,1.1594554610190948,1.4440777333018309
double_unseen,4,log_prot,rbs_recognition,450,19,3114061,0.20652707036569395,0.3077541567241342,0.6818889912819516,0.4753619209162576,1.1594554610190948,1.467209617743229
double_unseen,4,log_prot,rbs_recognition,450,20,3114062,0.2287691116943007,0.3433527339575022,0.6818889912819516,0.4531198795876509,1.1594554610190948,1.502808194976597
double_unseen,4,log_prot,rbs_recognition,450,21,3114063,0.1802041367953795,0.24830741354348862,0.6818889912819516,0.5016848544865721,1.1594554610190948,1.4077628745625834
double_unseen,4,log_prot,rbs_recognition,450,22,3114064,0.2396277431949782,0.3756599831875087,0.6818889912819516,0.44226124808697337,1.1594554610190948,1.5351154442066035
double_unseen,4,log_prot,rbs_recognition,450,23,3114065,0.2133240361330147,0.2907441383322156,0.6818889912819516,0.46856495514893687,1.1594554610190948,1.4501995993513104
double_unseen,4,log_prot,rbs_recognition,450,24,3114066,0.3159669896678882,0.46690902555573444,0.6818889912819516,0.36592200161406335,1.1594554610190948,1.6263644865748292
double_unseen,4,log_prot,rbs_recognition,450,25,3114067,0.3413864090341188,0.4993982058408917,0.6818889912819516,0.34050258224783275,1.1594554610190948,1.6588536668599865
double_unseen,4,log_prot,rbs_recognition,450,26,3114068,0.18709104574902713,0.2869897919435729,0.6818889912819516,0.49479794553292444,1.1594554610190948,1.4464452529626677
double_unseen,4,log_prot,rbs_recognition,450,27,3114069,0.2629066990904057,0.41336864029547926,0.6818889912819516,0.41898229219154587,1.1594554610190948,1.572824101314574
double_unseen,4,log_prot,rbs_recognition,450,28,3114070,0.2749406496803485,0.3714703232461434,0.6818889912819516,0.4069483416016031,1.1594554610190948,1.5309257842652382
double_unseen,4,log_prot,rbs_recognition,450,29,3114071,0.20617664749773484,0.2936206023338188,0.6818889912819516,0.47571234378421673,1.1594554610190948,1.4530760633529136
double_unseen,4,log_prot,transcript_accessibility,450,0,3214042,0.06942336606832245,0.10867747793762139,0.6818889912819516,0.6124656252136291,1.1594554610190948,1.2681329389567162
double_unseen,4,log_prot,transcript_accessibility,450,1,3214043,0.06700385484960303,0.10540870794045709,0.6818889912819516,0.6148851364323485,1.1594554610190948,1.264864168959552
double_unseen,4,log_prot,transcript_accessibility,450,2,3214044,0.08362043053616675,0.11527018615348905,0.6818889912819516,0.5982685607457848,1.1594554610190948,1.2747256471725839
double_unseen,4,log_prot,transcript_accessibility,450,3,3214045,0.07748875463315608,0.10985164800067926,0.6818889912819516,0.6044002366487955,1.1594554610190948,1.269307109019774
double_unseen,4,log_prot,transcript_accessibility,450,4,3214046,0.09431379307807364,0.15049494834650257,0.6818889912819516,0.5875751982038779,1.1594554610190948,1.3099504093655974
double_unseen,4,log_prot,transcript_accessibility,450,5,3214047,0.0789020346853685,0.12009677927145157,0.6818889912819516,0.6029869565965831,1.1594554610190948,1.2795522402905464
double_unseen,4,log_prot,transcript_accessibility,450,6,3214048,0.07209782605531279,0.12271565058889311,0.6818889912819516,0.6097911652266388,1.1594554610190948,1.282171111607988
double_unseen,4,log_prot,transcript_accessibility,450,7,3214049,0.04522430322872728,0.06456631699134552,0.6818889912819516,0.6366646880532243,1.1594554610190948,1.2240217780104403
double_unseen,4,log_prot,transcript_accessibility,450,8,3214050,0.05879308227641655,0.09606966104731973,0.6818889912819516,0.623095909005535,1.1594554610190948,1.2555251220664145
double_unseen,4,log_prot,transcript_accessibility,450,9,3214051,0.07569489506632465,0.1078656138633649,0.6818889912819516,0.6061940962156269,1.1594554610190948,1.2673210748824597
double_unseen,4,log_prot,transcript_accessibility,450,10,3214052,0.057453679424100734,0.07606423449251576,0.6818889912819516,0.6244353118578508,1.1594554610190948,1.2355196955116106
double_unseen,4,log_prot,transcript_accessibility,450,11,3214053,0.05090626320010316,0.08801887877971715,0.6818889912819516,0.6309827280818484,1.1594554610190948,1.247474339798812
double_unseen,4,log_prot,transcript_accessibility,450,12,3214054,0.07019901082303082,0.11264907767032484,0.6818889912819516,0.6116899804589208,1.1594554610190948,1.2721045386894196
double_unseen,4,log_prot,transcript_accessibility,450,13,3214055,0.07850762788734611,0.12892281776619519,0.6818889912819516,0.6033813633946055,1.1594554610190948,1.28837827878529
double_unseen,4,log_prot,transcript_accessibility,450,14,3214056,0.06963801818210424,0.10170057131322174,0.6818889912819516,0.6122509730998473,1.1594554610190948,1.2611560323323165
double_unseen,4,log_prot,transcript_accessibility,450,15,3214057,0.07850907645989313,0.13902479926600741,0.6818889912819516,0.6033799148220584,1.1594554610190948,1.2984802602851022
double_unseen,4,log_prot,transcript_accessibility,450,16,3214058,0.06552736435897644,0.08400729826401832,0.6818889912819516,0.6163616269229751,1.1594554610190948,1.2434627592831131
double_unseen,4,log_prot,transcript_accessibility,450,17,3214059,0.0932064252101037,0.13887854768949204,0.6818889912819516,0.5886825660718479,1.1594554610190948,1.2983340087085868
double_unseen,4,log_prot,transcript_accessibility,450,18,3214060,0.066175403041136,0.0996799561128392,0.6818889912819516,0.6157135882408156,1.1594554610190948,1.259135417131934
double_unseen,4,log_prot,transcript_accessibility,450,19,3214061,0.059029594666816454,0.09323946956820173,0.6818889912819516,0.6228593966151351,1.1594554610190948,1.2526949305872965
double_unseen,4,log_prot,transcript_accessibility,450,20,3214062,0.07681371982625718,0.11674866438624809,0.6818889912819516,0.6050752714556944,1.1594554610190948,1.276204125405343
double_unseen,4,log_prot,transcript_accessibility,450,21,3214063,0.07024036098482689,0.11434656534704501,0.6818889912819516,0.6116486302971247,1.1594554610190948,1.2738020263661398
double_unseen,4,log_prot,transcript_accessibility,450,22,3214064,0.07236278314299927,0.114950936905301,0.6818889912819516,0.6095262081389523,1.1594554610190948,1.2744063979243958
double_unseen,4,log_prot,transcript_accessibility,450,23,3214065,0.05674638095592788,0.08646015873720403,0.6818889912819516,0.6251426103260237,1.1594554610190948,1.2459156197562988
double_unseen,4,log_prot,transcript_accessibility,450,24,3214066,0.04829264326008653,0.0697291086852887,0.6818889912819516,0.633596348021865,1.1594554610190948,1.2291845697043835
double_unseen,4,log_prot,transcript_accessibility,450,25,3214067,0.05789997145698822,0.10421411348194032,0.6818889912819516,0.6239890198249634,1.1594554610190948,1.2636695745010351
double_unseen,4,log_prot,transcript_accessibility,450,26,3214068,0.05649024699193672,0.09300580779583978,0.6818889912819516,0.6253987442900149,1.1594554610190948,1.2524612688149346
double_unseen,4,log_prot,transcript_accessibility,450,27,3214069,0.08604204876949995,0.12644930743259497,0.6818889912819516,0.5958469425124516,1.1594554610190948,1.2859047684516898
double_unseen,4,log_prot,transcript_accessibility,450,28,3214070,0.06776619907456172,0.09124503503032111,0.6818889912819516,0.6141227922073899,1.1594554610190948,1.250700496049416
double_unseen,4,log_prot,transcript_accessibility,450,29,3214071,0.08632675911919097,0.11896090174160934,0.6818889912819516,0.5955622321627606,1.1594554610190948,1.2784163627607041
