scenario,fold,target,feature_set,feature,standardized_coefficient,selected_alpha
random,0,log_translation_proxy,B4_sequence_only,gc_promoter,0.3271802631018537,31.622776601683793
random,0,log_translation_proxy,B4_sequence_only,gc_rbs,-0.2209025296754401,31.622776601683793
random,0,log_translation_proxy,B4_sequence_only,score_minus10,-0.1741911643485401,31.622776601683793
random,0,log_translation_proxy,B4_sequence_only,score_minus35,-0.11990081804150513,31.622776601683793
random,0,log_translation_proxy,B4_sequence_only,spacer_length,0.026251549051265637,31.622776601683793
random,0,log_translation_proxy,B4_sequence_only,spacer_optimal,0.03885316839676462,31.622776601683793
random,0,log_translation_proxy,B4_sequence_only,score_sd,0.3390369859334016,31.622776601683793
random,0,log_translation_proxy,B4_sequence_only,sd_spacing,-0.38337477656840824,31.622776601683793
random,0,log_translation_proxy,B4_sequence_only,sd_spacing_optimal,-0.37583060214652814,31.622776601683793
random,0,log_translation_proxy,B3_historical_MFE,gc_promoter,0.40222522480631145,31.622776601683793
random,0,log_translation_proxy,B3_historical_MFE,gc_rbs,-0.19529781379906233,31.622776601683793
random,0,log_translation_proxy,B3_historical_MFE,score_minus10,-0.14507568964676498,31.622776601683793
random,0,log_translation_proxy,B3_historical_MFE,score_minus35,-0.11985864212892282,31.622776601683793
random,0,log_translation_proxy,B3_historical_MFE,spacer_length,0.021941178480460902,31.622776601683793
random,0,log_translation_proxy,B3_historical_MFE,spacer_optimal,0.03046394605087332,31.622776601683793
random,0,log_translation_proxy,B3_historical_MFE,score_sd,0.34338369332270613,31.622776601683793
random,0,log_translation_proxy,B3_historical_MFE,sd_spacing,-0.38576020324443444,31.622776601683793
random,0,log_translation_proxy,B3_historical_MFE,sd_spacing_optimal,-0.369757556112218,31.622776601683793
random,0,log_translation_proxy,B3_historical_MFE,legacy_promoter_tail_mfe,0.15639639410477033,31.622776601683793
random,0,log_translation_proxy,B6_TSS_accessibility,gc_promoter,0.33195370927063794,3.1622776601683795
random,0,log_translation_proxy,B6_TSS_accessibility,gc_rbs,-0.15637300762224557,3.1622776601683795
random,0,log_translation_proxy,B6_TSS_accessibility,score_minus10,-0.1683110038012881,3.1622776601683795
random,0,log_translation_proxy,B6_TSS_accessibility,score_minus35,-0.12757505912720668,3.1622776601683795
random,0,log_translation_proxy,B6_TSS_accessibility,spacer_length,0.031957459235121284,3.1622776601683795
random,0,log_translation_proxy,B6_TSS_accessibility,spacer_optimal,0.02321961196499079,3.1622776601683795
random,0,log_translation_proxy,B6_TSS_accessibility,score_sd,0.3708049854491012,3.1622776601683795
random,0,log_translation_proxy,B6_TSS_accessibility,sd_spacing,-0.3343274302830481,3.1622776601683795
random,0,log_translation_proxy,B6_TSS_accessibility,sd_spacing_optimal,-0.39126305479556,3.1622776601683795
random,0,log_translation_proxy,B6_TSS_accessibility,sd_unpaired_probability,-0.023779290005193656,3.1622776601683795
random,0,log_translation_proxy,B6_TSS_accessibility,start_unpaired_probability,-0.10216915347333838,3.1622776601683795
random,0,log_translation_proxy,B6_TSS_accessibility,sd_start_opening_energy,-0.2672730514766896,3.1622776601683795
random,0,log_prot,B4_sequence_only,gc_promoter,-0.893919204291631,1e-05
random,0,log_prot,B4_sequence_only,gc_rbs,-0.2507589360646879,1e-05
random,0,log_prot,B4_sequence_only,score_minus10,0.34836980463239764,1e-05
random,0,log_prot,B4_sequence_only,score_minus35,0.4639870087866632,1e-05
random,0,log_prot,B4_sequence_only,spacer_length,-0.17700076178269916,1e-05
random,0,log_prot,B4_sequence_only,spacer_optimal,0.20668326166357737,1e-05
random,0,log_prot,B4_sequence_only,score_sd,0.4196207364700499,1e-05
random,0,log_prot,B4_sequence_only,sd_spacing,-0.5421645395245098,1e-05
random,0,log_prot,B4_sequence_only,sd_spacing_optimal,-0.4799834756259125,1e-05
random,0,log_prot,B3_historical_MFE,gc_promoter,-0.9234575403224975,1e-05
random,0,log_prot,B3_historical_MFE,gc_rbs,-0.26081659586799133,1e-05
random,0,log_prot,B3_historical_MFE,score_minus10,0.336839972508471,1e-05
random,0,log_prot,B3_historical_MFE,score_minus35,0.463945449377293,1e-05
random,0,log_prot,B3_historical_MFE,spacer_length,-0.17535993949625547,1e-05
random,0,log_prot,B3_historical_MFE,spacer_optimal,0.21012301854567647,1e-05
random,0,log_prot,B3_historical_MFE,score_sd,0.41791578738071533,1e-05
random,0,log_prot,B3_historical_MFE,sd_spacing,-0.5412319490667958,1e-05
random,0,log_prot,B3_historical_MFE,sd_spacing_optimal,-0.48236852154282855,1e-05
random,0,log_prot,B3_historical_MFE,legacy_promoter_tail_mfe,-0.0611852365734291,1e-05
random,0,log_prot,B6_TSS_accessibility,gc_promoter,-0.8927844320552647,1e-05
random,0,log_prot,B6_TSS_accessibility,gc_rbs,-0.18390078534502285,1e-05
random,0,log_prot,B6_TSS_accessibility,score_minus10,0.35246523703470395,1e-05
random,0,log_prot,B6_TSS_accessibility,score_minus35,0.45855106343713725,1e-05
random,0,log_prot,B6_TSS_accessibility,spacer_length,-0.17547888157993724,1e-05
random,0,log_prot,B6_TSS_accessibility,spacer_optimal,0.19348527991300918,1e-05
random,0,log_prot,B6_TSS_accessibility,score_sd,0.4431110056466646,1e-05
random,0,log_prot,B6_TSS_accessibility,sd_spacing,-0.5532365915259541,1e-05
random,0,log_prot,B6_TSS_accessibility,sd_spacing_optimal,-0.515692391306656,1e-05
random,0,log_prot,B6_TSS_accessibility,sd_unpaired_probability,0.014589462349702436,1e-05
random,0,log_prot,B6_TSS_accessibility,start_unpaired_probability,0.0026320939760195,1e-05
random,0,log_prot,B6_TSS_accessibility,sd_start_opening_energy,-0.2713971057291541,1e-05
random,1,log_translation_proxy,B4_sequence_only,gc_promoter,0.3238680890041525,31.622776601683793
random,1,log_translation_proxy,B4_sequence_only,gc_rbs,-0.22312602648216653,31.622776601683793
random,1,log_translation_proxy,B4_sequence_only,score_minus10,-0.1776510256534041,31.622776601683793
random,1,log_translation_proxy,B4_sequence_only,score_minus35,-0.1341424386628808,31.622776601683793
random,1,log_translation_proxy,B4_sequence_only,spacer_length,0.004634926925731971,31.622776601683793
random,1,log_translation_proxy,B4_sequence_only,spacer_optimal,0.04979653047181998,31.622776601683793
random,1,log_translation_proxy,B4_sequence_only,score_sd,0.33365692670022234,31.622776601683793
random,1,log_translation_proxy,B4_sequence_only,sd_spacing,-0.3971836374873916,31.622776601683793
random,1,log_translation_proxy,B4_sequence_only,sd_spacing_optimal,-0.39154520211891575,31.622776601683793
random,1,log_translation_proxy,B3_historical_MFE,gc_promoter,0.39627678676602235,100.0
random,1,log_translation_proxy,B3_historical_MFE,gc_rbs,-0.19798488978466072,100.0
random,1,log_translation_proxy,B3_historical_MFE,score_minus10,-0.14715924741949749,100.0
random,1,log_translation_proxy,B3_historical_MFE,score_minus35,-0.13200588063721183,100.0
random,1,log_translation_proxy,B3_historical_MFE,spacer_length,-0.0005155834369954456,100.0
random,1,log_translation_proxy,B3_historical_MFE,spacer_optimal,0.042144496637668845,100.0
random,1,log_translation_proxy,B3_historical_MFE,score_sd,0.3389362516188492,100.0
random,1,log_translation_proxy,B3_historical_MFE,sd_spacing,-0.3730476394393227,100.0
random,1,log_translation_proxy,B3_historical_MFE,sd_spacing_optimal,-0.35991184595239784,100.0
random,1,log_translation_proxy,B3_historical_MFE,legacy_promoter_tail_mfe,0.15956970892377212,100.0
random,1,log_translation_proxy,B6_TSS_accessibility,gc_promoter,0.3257712381013796,31.622776601683793
random,1,log_translation_proxy,B6_TSS_accessibility,gc_rbs,-0.16732552487257754,31.622776601683793
random,1,log_translation_proxy,B6_TSS_accessibility,score_minus10,-0.1744111678973869,31.622776601683793
random,1,log_translation_proxy,B6_TSS_accessibility,score_minus35,-0.14063519476364023,31.622776601683793
random,1,log_translation_proxy,B6_TSS_accessibility,spacer_length,0.01605965601318835,31.622776601683793
random,1,log_translation_proxy,B6_TSS_accessibility,spacer_optimal,0.03553693706094528,31.622776601683793
random,1,log_translation_proxy,B6_TSS_accessibility,score_sd,0.3678477188890743,31.622776601683793
random,1,log_translation_proxy,B6_TSS_accessibility,sd_spacing,-0.31029294201912916,31.622776601683793
random,1,log_translation_proxy,B6_TSS_accessibility,sd_spacing_optimal,-0.3821758687297522,31.622776601683793
random,1,log_translation_proxy,B6_TSS_accessibility,sd_unpaired_probability,-0.04317583811887367,31.622776601683793
random,1,log_translation_proxy,B6_TSS_accessibility,start_unpaired_probability,-0.1018097030103079,31.622776601683793
random,1,log_translation_proxy,B6_TSS_accessibility,sd_start_opening_energy,-0.2609266988968249,31.622776601683793
random,1,log_prot,B4_sequence_only,gc_promoter,-0.8967951748685047,1e-05
random,1,log_prot,B4_sequence_only,gc_rbs,-0.25671614847680674,1e-05
random,1,log_prot,B4_sequence_only,score_minus10,0.3127808530041513,1e-05
random,1,log_prot,B4_sequence_only,score_minus35,0.44865011431037866,1e-05
random,1,log_prot,B4_sequence_only,spacer_length,-0.18791024618529764,1e-05
random,1,log_prot,B4_sequence_only,spacer_optimal,0.21880943785292928,1e-05
random,1,log_prot,B4_sequence_only,score_sd,0.4206980427834941,1e-05
random,1,log_prot,B4_sequence_only,sd_spacing,-0.534958648299612,1e-05
random,1,log_prot,B4_sequence_only,sd_spacing_optimal,-0.4781410166747581,1e-05
random,1,log_prot,B3_historical_MFE,gc_promoter,-0.9252963165437574,1e-05
random,1,log_prot,B3_historical_MFE,gc_rbs,-0.26708711433609666,1e-05
random,1,log_prot,B3_historical_MFE,score_minus10,0.30142662979628077,1e-05
random,1,log_prot,B3_historical_MFE,score_minus35,0.448414697057646,1e-05
random,1,log_prot,B3_historical_MFE,spacer_length,-0.18618327212103208,1e-05
random,1,log_prot,B3_historical_MFE,spacer_optimal,0.2219268113340307,1e-05
random,1,log_prot,B3_historical_MFE,score_sd,0.41827389846102697,1e-05
random,1,log_prot,B3_historical_MFE,sd_spacing,-0.5346300768498095,1e-05
random,1,log_prot,B3_historical_MFE,sd_spacing_optimal,-0.480639483551452,1e-05
random,1,log_prot,B3_historical_MFE,legacy_promoter_tail_mfe,-0.060057311259619765,1e-05
random,1,log_prot,B6_TSS_accessibility,gc_promoter,-0.8950063365124147,1e-05
random,1,log_prot,B6_TSS_accessibility,gc_rbs,-0.19793161346675217,1e-05
random,1,log_prot,B6_TSS_accessibility,score_minus10,0.3148768612500286,1e-05
random,1,log_prot,B6_TSS_accessibility,score_minus35,0.4450040048634424,1e-05
random,1,log_prot,B6_TSS_accessibility,spacer_length,-0.17913738699149948,1e-05
random,1,log_prot,B6_TSS_accessibility,spacer_optimal,0.20446301166557185,1e-05
random,1,log_prot,B6_TSS_accessibility,score_sd,0.4493480612048677,1e-05
random,1,log_prot,B6_TSS_accessibility,sd_spacing,-0.5096163228280736,1e-05
random,1,log_prot,B6_TSS_accessibility,sd_spacing_optimal,-0.496230226940722,1e-05
random,1,log_prot,B6_TSS_accessibility,sd_unpaired_probability,-0.016284778508117097,1e-05
random,1,log_prot,B6_TSS_accessibility,start_unpaired_probability,0.006707445300011417,1e-05
random,1,log_prot,B6_TSS_accessibility,sd_start_opening_energy,-0.2725234095494807,1e-05
random,2,log_translation_proxy,B4_sequence_only,gc_promoter,0.3243316729757372,10.0
random,2,log_translation_proxy,B4_sequence_only,gc_rbs,-0.227083286315129,10.0
random,2,log_translation_proxy,B4_sequence_only,score_minus10,-0.17826416108663598,10.0
random,2,log_translation_proxy,B4_sequence_only,score_minus35,-0.1391207343913645,10.0
random,2,log_translation_proxy,B4_sequence_only,spacer_length,0.007425486598009839,10.0
random,2,log_translation_proxy,B4_sequence_only,spacer_optimal,0.04349223416378756,10.0
random,2,log_translation_proxy,B4_sequence_only,score_sd,0.33348791671062916,10.0
random,2,log_translation_proxy,B4_sequence_only,sd_spacing,-0.36571061856473935,10.0
random,2,log_translation_proxy,B4_sequence_only,sd_spacing_optimal,-0.36484468494851174,10.0
random,2,log_translation_proxy,B3_historical_MFE,gc_promoter,0.3989447588020617,100.0
random,2,log_translation_proxy,B3_historical_MFE,gc_rbs,-0.20070631122986454,100.0
random,2,log_translation_proxy,B3_historical_MFE,score_minus10,-0.14419541710122044,100.0
random,2,log_translation_proxy,B3_historical_MFE,score_minus35,-0.13401837044492843,100.0
random,2,log_translation_proxy,B3_historical_MFE,spacer_length,0.004063964508484799,100.0
random,2,log_translation_proxy,B3_historical_MFE,spacer_optimal,0.032752198418719666,100.0
random,2,log_translation_proxy,B3_historical_MFE,score_sd,0.3368684596899138,100.0
random,2,log_translation_proxy,B3_historical_MFE,sd_spacing,-0.3411604403852848,100.0
random,2,log_translation_proxy,B3_historical_MFE,sd_spacing_optimal,-0.3305318911623071,100.0
random,2,log_translation_proxy,B3_historical_MFE,legacy_promoter_tail_mfe,0.1657616471182034,100.0
random,2,log_translation_proxy,B6_TSS_accessibility,gc_promoter,0.32585221326469255,10.0
random,2,log_translation_proxy,B6_TSS_accessibility,gc_rbs,-0.1655869597144127,10.0
random,2,log_translation_proxy,B6_TSS_accessibility,score_minus10,-0.1720826359055688,10.0
random,2,log_translation_proxy,B6_TSS_accessibility,score_minus35,-0.14589873002661596,10.0
random,2,log_translation_proxy,B6_TSS_accessibility,spacer_length,0.017227186297666498,10.0
random,2,log_translation_proxy,B6_TSS_accessibility,spacer_optimal,0.02830995972883804,10.0
random,2,log_translation_proxy,B6_TSS_accessibility,score_sd,0.36648671695540297,10.0
random,2,log_translation_proxy,B6_TSS_accessibility,sd_spacing,-0.3060027361799528,10.0
random,2,log_translation_proxy,B6_TSS_accessibility,sd_spacing_optimal,-0.3685900072534075,10.0
random,2,log_translation_proxy,B6_TSS_accessibility,sd_unpaired_probability,-0.021755819647858405,10.0
random,2,log_translation_proxy,B6_TSS_accessibility,start_unpaired_probability,-0.09193570132878512,10.0
random,2,log_translation_proxy,B6_TSS_accessibility,sd_start_opening_energy,-0.2642885084394894,10.0
random,2,log_prot,B4_sequence_only,gc_promoter,-0.8954722367811648,1e-05
random,2,log_prot,B4_sequence_only,gc_rbs,-0.24973344993306293,1e-05
random,2,log_prot,B4_sequence_only,score_minus10,0.33094804759624263,1e-05
random,2,log_prot,B4_sequence_only,score_minus35,0.46674866971691803,1e-05
random,2,log_prot,B4_sequence_only,spacer_length,-0.1934435621682274,1e-05
random,2,log_prot,B4_sequence_only,spacer_optimal,0.2176266767084822,1e-05
random,2,log_prot,B4_sequence_only,score_sd,0.4269531682345565,1e-05
random,2,log_prot,B4_sequence_only,sd_spacing,-0.5329118151432133,1e-05
random,2,log_prot,B4_sequence_only,sd_spacing_optimal,-0.48224488336531957,1e-05
random,2,log_prot,B3_historical_MFE,gc_promoter,-0.9196401155240639,1e-05
random,2,log_prot,B3_historical_MFE,gc_rbs,-0.2587030624372031,1e-05
random,2,log_prot,B3_historical_MFE,score_minus10,0.3207462872336933,1e-05
random,2,log_prot,B3_historical_MFE,score_minus35,0.46581155936672003,1e-05
random,2,log_prot,B3_historical_MFE,spacer_length,-0.19275566601388883,1e-05
random,2,log_prot,B3_historical_MFE,spacer_optimal,0.22114755872694267,1e-05
random,2,log_prot,B3_historical_MFE,score_sd,0.42540866397100346,1e-05
random,2,log_prot,B3_historical_MFE,sd_spacing,-0.5312243515471753,1e-05
random,2,log_prot,B3_historical_MFE,sd_spacing_optimal,-0.4835101414922548,1e-05
random,2,log_prot,B3_historical_MFE,legacy_promoter_tail_mfe,-0.05103768109685937,1e-05
random,2,log_prot,B6_TSS_accessibility,gc_promoter,-0.8948933092038444,1e-05
random,2,log_prot,B6_TSS_accessibility,gc_rbs,-0.18633322469906477,1e-05
random,2,log_prot,B6_TSS_accessibility,score_minus10,0.3363206423188488,1e-05
random,2,log_prot,B6_TSS_accessibility,score_minus35,0.4626253647822368,1e-05
random,2,log_prot,B6_TSS_accessibility,spacer_length,-0.18822095934553015,1e-05
random,2,log_prot,B6_TSS_accessibility,spacer_optimal,0.2039226523796071,1e-05
random,2,log_prot,B6_TSS_accessibility,score_sd,0.4513375814420628,1e-05
random,2,log_prot,B6_TSS_accessibility,sd_spacing,-0.5348150529237279,1e-05
random,2,log_prot,B6_TSS_accessibility,sd_spacing_optimal,-0.5121363856103393,1e-05
random,2,log_prot,B6_TSS_accessibility,sd_unpaired_probability,0.005059944273391802,1e-05
random,2,log_prot,B6_TSS_accessibility,start_unpaired_probability,0.01982611869785779,1e-05
random,2,log_prot,B6_TSS_accessibility,sd_start_opening_energy,-0.2712086453011618,1e-05
random,3,log_translation_proxy,B4_sequence_only,gc_promoter,0.3269374290823172,10.0
random,3,log_translation_proxy,B4_sequence_only,gc_rbs,-0.22706605314222156,10.0
random,3,log_translation_proxy,B4_sequence_only,score_minus10,-0.17010349985798306,10.0
random,3,log_translation_proxy,B4_sequence_only,score_minus35,-0.14225276731410727,10.0
random,3,log_translation_proxy,B4_sequence_only,spacer_length,0.006617989749239284,10.0
random,3,log_translation_proxy,B4_sequence_only,spacer_optimal,0.0349326498155319,10.0
random,3,log_translation_proxy,B4_sequence_only,score_sd,0.32844373241003294,10.0
random,3,log_translation_proxy,B4_sequence_only,sd_spacing,-0.3791745086266739,10.0
random,3,log_translation_proxy,B4_sequence_only,sd_spacing_optimal,-0.379743758417254,10.0
random,3,log_translation_proxy,B3_historical_MFE,gc_promoter,0.3943435883869855,100.0
random,3,log_translation_proxy,B3_historical_MFE,gc_rbs,-0.20359029075753912,100.0
random,3,log_translation_proxy,B3_historical_MFE,score_minus10,-0.14221139007153227,100.0
random,3,log_translation_proxy,B3_historical_MFE,score_minus35,-0.13823958070513676,100.0
random,3,log_translation_proxy,B3_historical_MFE,spacer_length,0.0038113007576715944,100.0
random,3,log_translation_proxy,B3_historical_MFE,spacer_optimal,0.02760783016809556,100.0
random,3,log_translation_proxy,B3_historical_MFE,score_sd,0.3330430387485774,100.0
random,3,log_translation_proxy,B3_historical_MFE,sd_spacing,-0.3522104905196058,100.0
random,3,log_translation_proxy,B3_historical_MFE,sd_spacing_optimal,-0.34539557118683223,100.0
random,3,log_translation_proxy,B3_historical_MFE,legacy_promoter_tail_mfe,0.1504898515724774,100.0
random,3,log_translation_proxy,B6_TSS_accessibility,gc_promoter,0.32679099959548974,31.622776601683793
random,3,log_translation_proxy,B6_TSS_accessibility,gc_rbs,-0.1613345935167704,31.622776601683793
random,3,log_translation_proxy,B6_TSS_accessibility,score_minus10,-0.16797378434308602,31.622776601683793
random,3,log_translation_proxy,B6_TSS_accessibility,score_minus35,-0.14836361105534354,31.622776601683793
random,3,log_translation_proxy,B6_TSS_accessibility,spacer_length,0.012387147693561692,31.622776601683793
random,3,log_translation_proxy,B6_TSS_accessibility,spacer_optimal,0.02266744242506512,31.622776601683793
random,3,log_translation_proxy,B6_TSS_accessibility,score_sd,0.3629547716010519,31.622776601683793
random,3,log_translation_proxy,B6_TSS_accessibility,sd_spacing,-0.31016320286386934,31.622776601683793
random,3,log_translation_proxy,B6_TSS_accessibility,sd_spacing_optimal,-0.37598702378099086,31.622776601683793
random,3,log_translation_proxy,B6_TSS_accessibility,sd_unpaired_probability,-0.01884462487253228,31.622776601683793
random,3,log_translation_proxy,B6_TSS_accessibility,start_unpaired_probability,-0.10720342072764694,31.622776601683793
random,3,log_translation_proxy,B6_TSS_accessibility,sd_start_opening_energy,-0.27576877508717557,31.622776601683793
random,3,log_prot,B4_sequence_only,gc_promoter,-0.900888669159869,1e-05
random,3,log_prot,B4_sequence_only,gc_rbs,-0.2540343159887359,1e-05
random,3,log_prot,B4_sequence_only,score_minus10,0.34627559796492896,1e-05
random,3,log_prot,B4_sequence_only,score_minus35,0.47731444924659894,1e-05
random,3,log_prot,B4_sequence_only,spacer_length,-0.181839121748395,1e-05
random,3,log_prot,B4_sequence_only,spacer_optimal,0.20037784610931703,1e-05
random,3,log_prot,B4_sequence_only,score_sd,0.4137962392741744,1e-05
random,3,log_prot,B4_sequence_only,sd_spacing,-0.538813065066522,1e-05
random,3,log_prot,B4_sequence_only,sd_spacing_optimal,-0.47942221116021294,1e-05
random,3,log_prot,B3_historical_MFE,gc_promoter,-0.9278345018207074,1e-05
random,3,log_prot,B3_historical_MFE,gc_rbs,-0.2640089330956847,1e-05
random,3,log_prot,B3_historical_MFE,score_minus10,0.3359544079442819,1e-05
random,3,log_prot,B3_historical_MFE,score_minus35,0.47655292929855164,1e-05
random,3,log_prot,B3_historical_MFE,spacer_length,-0.18113545225044564,1e-05
random,3,log_prot,B3_historical_MFE,spacer_optimal,0.2035171561832771,1e-05
random,3,log_prot,B3_historical_MFE,score_sd,0.41151068096429894,1e-05
random,3,log_prot,B3_historical_MFE,sd_spacing,-0.5369067957320569,1e-05
random,3,log_prot,B3_historical_MFE,sd_spacing_optimal,-0.4802710971829961,1e-05
random,3,log_prot,B3_historical_MFE,legacy_promoter_tail_mfe,-0.056656197250508744,1e-05
random,3,log_prot,B6_TSS_accessibility,gc_promoter,-0.9012215198374091,1e-05
random,3,log_prot,B6_TSS_accessibility,gc_rbs,-0.18514780295672306,1e-05
random,3,log_prot,B6_TSS_accessibility,score_minus10,0.34651405843374816,1e-05
random,3,log_prot,B6_TSS_accessibility,score_minus35,0.47266637220850327,1e-05
random,3,log_prot,B6_TSS_accessibility,spacer_length,-0.18092805982798382,1e-05
random,3,log_prot,B6_TSS_accessibility,spacer_optimal,0.1908026783493255,1e-05
random,3,log_prot,B6_TSS_accessibility,score_sd,0.4402614626606908,1e-05
random,3,log_prot,B6_TSS_accessibility,sd_spacing,-0.5456640180279466,1e-05
random,3,log_prot,B6_TSS_accessibility,sd_spacing_optimal,-0.5117258882223591,1e-05
random,3,log_prot,B6_TSS_accessibility,sd_unpaired_probability,0.013364552678243307,1e-05
random,3,log_prot,B6_TSS_accessibility,start_unpaired_probability,0.007936403288026967,1e-05
random,3,log_prot,B6_TSS_accessibility,sd_start_opening_energy,-0.2786255488146091,1e-05
random,4,log_translation_proxy,B4_sequence_only,gc_promoter,0.3201708184968604,10.0
random,4,log_translation_proxy,B4_sequence_only,gc_rbs,-0.23067215826566134,10.0
random,4,log_translation_proxy,B4_sequence_only,score_minus10,-0.18501549181907284,10.0
random,4,log_translation_proxy,B4_sequence_only,score_minus35,-0.13441444138735462,10.0
random,4,log_translation_proxy,B4_sequence_only,spacer_length,0.019353526922944925,10.0
random,4,log_translation_proxy,B4_sequence_only,spacer_optimal,0.04735335924353657,10.0
random,4,log_translation_proxy,B4_sequence_only,score_sd,0.32795351574797477,10.0
random,4,log_translation_proxy,B4_sequence_only,sd_spacing,-0.37554098953085835,10.0
random,4,log_translation_proxy,B4_sequence_only,sd_spacing_optimal,-0.37849048917906375,10.0
random,4,log_translation_proxy,B3_historical_MFE,gc_promoter,0.39333926029675503,31.622776601683793
random,4,log_translation_proxy,B3_historical_MFE,gc_rbs,-0.2040012647275272,31.622776601683793
random,4,log_translation_proxy,B3_historical_MFE,score_minus10,-0.15569085367384863,31.622776601683793
random,4,log_translation_proxy,B3_historical_MFE,score_minus35,-0.13297440536911967,31.622776601683793
random,4,log_translation_proxy,B3_historical_MFE,spacer_length,0.016227697803626925,31.622776601683793
random,4,log_translation_proxy,B3_historical_MFE,spacer_optimal,0.03762943064444068,31.622776601683793
random,4,log_translation_proxy,B3_historical_MFE,score_sd,0.33244657340863987,31.622776601683793
random,4,log_translation_proxy,B3_historical_MFE,sd_spacing,-0.37157985419147516,31.622776601683793
random,4,log_translation_proxy,B3_historical_MFE,sd_spacing_optimal,-0.3659549631793929,31.622776601683793
random,4,log_translation_proxy,B3_historical_MFE,legacy_promoter_tail_mfe,0.15212932602159526,31.622776601683793
random,4,log_translation_proxy,B6_TSS_accessibility,gc_promoter,0.32445983178347737,31.622776601683793
random,4,log_translation_proxy,B6_TSS_accessibility,gc_rbs,-0.17149869206947863,31.622776601683793
random,4,log_translation_proxy,B6_TSS_accessibility,score_minus10,-0.17941625840122657,31.622776601683793
random,4,log_translation_proxy,B6_TSS_accessibility,score_minus35,-0.14322117634108372,31.622776601683793
random,4,log_translation_proxy,B6_TSS_accessibility,spacer_length,0.025582241943107764,31.622776601683793
random,4,log_translation_proxy,B6_TSS_accessibility,spacer_optimal,0.03514099676148344,31.622776601683793
random,4,log_translation_proxy,B6_TSS_accessibility,score_sd,0.36338057608276275,31.622776601683793
random,4,log_translation_proxy,B6_TSS_accessibility,sd_spacing,-0.28273861316914994,31.622776601683793
random,4,log_translation_proxy,B6_TSS_accessibility,sd_spacing_optimal,-0.3636100791380106,31.622776601683793
random,4,log_translation_proxy,B6_TSS_accessibility,sd_unpaired_probability,-0.04040786023418401,31.622776601683793
random,4,log_translation_proxy,B6_TSS_accessibility,start_unpaired_probability,-0.10960810262246386,31.622776601683793
random,4,log_translation_proxy,B6_TSS_accessibility,sd_start_opening_energy,-0.26723726654583363,31.622776601683793
random,4,log_prot,B4_sequence_only,gc_promoter,-0.9040308249162624,1e-05
random,4,log_prot,B4_sequence_only,gc_rbs,-0.2471241893295879,1e-05
random,4,log_prot,B4_sequence_only,score_minus10,0.3226553971318146,1e-05
random,4,log_prot,B4_sequence_only,score_minus35,0.4741482298532937,1e-05
random,4,log_prot,B4_sequence_only,spacer_length,-0.1614227499864694,1e-05
random,4,log_prot,B4_sequence_only,spacer_optimal,0.1953832045959171,1e-05
random,4,log_prot,B4_sequence_only,score_sd,0.41835305526814903,1e-05
random,4,log_prot,B4_sequence_only,sd_spacing,-0.585153619334443,1e-05
random,4,log_prot,B4_sequence_only,sd_spacing_optimal,-0.5227476357501046,1e-05
random,4,log_prot,B3_historical_MFE,gc_promoter,-0.9349417248917459,1e-05
random,4,log_prot,B3_historical_MFE,gc_rbs,-0.2585639295170233,1e-05
random,4,log_prot,B3_historical_MFE,score_minus10,0.31048957787357023,1e-05
random,4,log_prot,B3_historical_MFE,score_minus35,0.47373754416485403,1e-05
random,4,log_prot,B3_historical_MFE,spacer_length,-0.16025299656086928,1e-05
random,4,log_prot,B3_historical_MFE,spacer_optimal,0.19956385090723835,1e-05
random,4,log_prot,B3_historical_MFE,score_sd,0.4163414457748272,1e-05
random,4,log_prot,B3_historical_MFE,sd_spacing,-0.5834596950448051,1e-05
random,4,log_prot,B3_historical_MFE,sd_spacing_optimal,-0.52462330386262,1e-05
random,4,log_prot,B3_historical_MFE,legacy_promoter_tail_mfe,-0.06337308364425497,1e-05
random,4,log_prot,B6_TSS_accessibility,gc_promoter,-0.9004657238863848,1e-05
random,4,log_prot,B6_TSS_accessibility,gc_rbs,-0.1846390614270306,1e-05
random,4,log_prot,B6_TSS_accessibility,score_minus10,0.3270824719741445,1e-05
random,4,log_prot,B6_TSS_accessibility,score_minus35,0.4668926915728238,1e-05
random,4,log_prot,B6_TSS_accessibility,spacer_length,-0.16100210527705502,1e-05
random,4,log_prot,B6_TSS_accessibility,spacer_optimal,0.18519673894337318,1e-05
random,4,log_prot,B6_TSS_accessibility,score_sd,0.44323738175435234,1e-05
random,4,log_prot,B6_TSS_accessibility,sd_spacing,-0.5834189954874126,1e-05
random,4,log_prot,B6_TSS_accessibility,sd_spacing_optimal,-0.5513385817697865,1e-05
random,4,log_prot,B6_TSS_accessibility,sd_unpaired_probability,0.0011965609835127016,1e-05
random,4,log_prot,B6_TSS_accessibility,start_unpaired_probability,0.020677570134442606,1e-05
random,4,log_prot,B6_TSS_accessibility,sd_start_opening_energy,-0.26763345407545014,1e-05
promoter_holdout,0,log_translation_proxy,B4_sequence_only,gc_promoter,0.349221725778246,100.0
promoter_holdout,0,log_translation_proxy,B4_sequence_only,gc_rbs,-0.23192106755349623,100.0
promoter_holdout,0,log_translation_proxy,B4_sequence_only,score_minus10,-0.15321017907993076,100.0
promoter_holdout,0,log_translation_proxy,B4_sequence_only,score_minus35,-0.20078669500365925,100.0
promoter_holdout,0,log_translation_proxy,B4_sequence_only,spacer_length,-0.0038383284609682677,100.0
promoter_holdout,0,log_translation_proxy,B4_sequence_only,spacer_optimal,0.02994872227413547,100.0
promoter_holdout,0,log_translation_proxy,B4_sequence_only,score_sd,0.3353861712528728,100.0
promoter_holdout,0,log_translation_proxy,B4_sequence_only,sd_spacing,-0.36712755621223636,100.0
promoter_holdout,0,log_translation_proxy,B4_sequence_only,sd_spacing_optimal,-0.3566467674421964,100.0
promoter_holdout,0,log_translation_proxy,B3_historical_MFE,gc_promoter,0.41468014747792464,316.22776601683796
promoter_holdout,0,log_translation_proxy,B3_historical_MFE,gc_rbs,-0.20571562529816653,316.22776601683796
promoter_holdout,0,log_translation_proxy,B3_historical_MFE,score_minus10,-0.1205633353927172,316.22776601683796
promoter_holdout,0,log_translation_proxy,B3_historical_MFE,score_minus35,-0.1911740710592443,316.22776601683796
promoter_holdout,0,log_translation_proxy,B3_historical_MFE,spacer_length,-0.012865721771361513,316.22776601683796
promoter_holdout,0,log_translation_proxy,B3_historical_MFE,spacer_optimal,0.023639377647552664,316.22776601683796
promoter_holdout,0,log_translation_proxy,B3_historical_MFE,score_sd,0.33890105518039915,316.22776601683796
promoter_holdout,0,log_translation_proxy,B3_historical_MFE,sd_spacing,-0.30867175520023765,316.22776601683796
promoter_holdout,0,log_translation_proxy,B3_historical_MFE,sd_spacing_optimal,-0.29047386818406107,316.22776601683796
promoter_holdout,0,log_translation_proxy,B3_historical_MFE,legacy_promoter_tail_mfe,0.1752833834620786,316.22776601683796
promoter_holdout,0,log_translation_proxy,B6_TSS_accessibility,gc_promoter,0.35385394049415864,100.0
promoter_holdout,0,log_translation_proxy,B6_TSS_accessibility,gc_rbs,-0.1681538563426068,100.0
promoter_holdout,0,log_translation_proxy,B6_TSS_accessibility,score_minus10,-0.15711497197926466,100.0
promoter_holdout,0,log_translation_proxy,B6_TSS_accessibility,score_minus35,-0.2026087751035784,100.0
promoter_holdout,0,log_translation_proxy,B6_TSS_accessibility,spacer_length,0.013640021660659281,100.0
promoter_holdout,0,log_translation_proxy,B6_TSS_accessibility,spacer_optimal,0.014036090497616534,100.0
promoter_holdout,0,log_translation_proxy,B6_TSS_accessibility,score_sd,0.36909760373286177,100.0
promoter_holdout,0,log_translation_proxy,B6_TSS_accessibility,sd_spacing,-0.28748976180994906,100.0
promoter_holdout,0,log_translation_proxy,B6_TSS_accessibility,sd_spacing_optimal,-0.35463044966732804,100.0
promoter_holdout,0,log_translation_proxy,B6_TSS_accessibility,sd_unpaired_probability,-0.04662458104500289,100.0
promoter_holdout,0,log_translation_proxy,B6_TSS_accessibility,start_unpaired_probability,-0.059581589636251646,100.0
promoter_holdout,0,log_translation_proxy,B6_TSS_accessibility,sd_start_opening_energy,-0.30001895008166574,100.0
promoter_holdout,0,log_prot,B4_sequence_only,gc_promoter,-0.9211331561427962,10.0
promoter_holdout,0,log_prot,B4_sequence_only,gc_rbs,-0.2598771380646853,10.0
promoter_holdout,0,log_prot,B4_sequence_only,score_minus10,0.27753842950168134,10.0
promoter_holdout,0,log_prot,B4_sequence_only,score_minus35,0.5810318179059302,10.0
promoter_holdout,0,log_prot,B4_sequence_only,spacer_length,-0.2387293534020896,10.0
promoter_holdout,0,log_prot,B4_sequence_only,spacer_optimal,0.24501473749087316,10.0
promoter_holdout,0,log_prot,B4_sequence_only,score_sd,0.42384889193925673,10.0
promoter_holdout,0,log_prot,B4_sequence_only,sd_spacing,-0.5686257067422497,10.0
promoter_holdout,0,log_prot,B4_sequence_only,sd_spacing_optimal,-0.49947681736111316,10.0
promoter_holdout,0,log_prot,B3_historical_MFE,gc_promoter,-0.965630103738366,1e-05
promoter_holdout,0,log_prot,B3_historical_MFE,gc_rbs,-0.27672043228665116,1e-05
promoter_holdout,0,log_prot,B3_historical_MFE,score_minus10,0.26102170618118464,1e-05
promoter_holdout,0,log_prot,B3_historical_MFE,score_minus35,0.5799556784708152,1e-05
promoter_holdout,0,log_prot,B3_historical_MFE,spacer_length,-0.23618540195238077,1e-05
promoter_holdout,0,log_prot,B3_historical_MFE,spacer_optimal,0.2506780400116715,1e-05
promoter_holdout,0,log_prot,B3_historical_MFE,score_sd,0.41940271387336214,1e-05
promoter_holdout,0,log_prot,B3_historical_MFE,sd_spacing,-0.5745334827657296,1e-05
promoter_holdout,0,log_prot,B3_historical_MFE,sd_spacing_optimal,-0.5090953118391832,1e-05
promoter_holdout,0,log_prot,B3_historical_MFE,legacy_promoter_tail_mfe,-0.09769340694100546,1e-05
promoter_holdout,0,log_prot,B6_TSS_accessibility,gc_promoter,-0.9233479596315365,1e-05
promoter_holdout,0,log_prot,B6_TSS_accessibility,gc_rbs,-0.1890846438702575,1e-05
promoter_holdout,0,log_prot,B6_TSS_accessibility,score_minus10,0.2780239389727963,1e-05
promoter_holdout,0,log_prot,B6_TSS_accessibility,score_minus35,0.5797926040745907,1e-05
promoter_holdout,0,log_prot,B6_TSS_accessibility,spacer_length,-0.2318465983450024,1e-05
promoter_holdout,0,log_prot,B6_TSS_accessibility,spacer_optimal,0.23402878977438524,1e-05
promoter_holdout,0,log_prot,B6_TSS_accessibility,score_sd,0.44617245789624327,1e-05
promoter_holdout,0,log_prot,B6_TSS_accessibility,sd_spacing,-0.6199513048632568,1e-05
promoter_holdout,0,log_prot,B6_TSS_accessibility,sd_spacing_optimal,-0.5526065154145783,1e-05
promoter_holdout,0,log_prot,B6_TSS_accessibility,sd_unpaired_probability,0.06288065572457355,1e-05
promoter_holdout,0,log_prot,B6_TSS_accessibility,start_unpaired_probability,-0.003558782060266349,1e-05
promoter_holdout,0,log_prot,B6_TSS_accessibility,sd_start_opening_energy,-0.24194899030176312,1e-05
promoter_holdout,1,log_translation_proxy,B4_sequence_only,gc_promoter,0.2838394841369516,100.0
promoter_holdout,1,log_translation_proxy,B4_sequence_only,gc_rbs,-0.2345842023273028,100.0
promoter_holdout,1,log_translation_proxy,B4_sequence_only,score_minus10,-0.1820513156657544,100.0
promoter_holdout,1,log_translation_proxy,B4_sequence_only,score_minus35,-0.10911154973646177,100.0
promoter_holdout,1,log_translation_proxy,B4_sequence_only,spacer_length,-0.018273320889407182,100.0
promoter_holdout,1,log_translation_proxy,B4_sequence_only,spacer_optimal,0.098792894306111,100.0
promoter_holdout,1,log_translation_proxy,B4_sequence_only,score_sd,0.33434167539669885,100.0
promoter_holdout,1,log_translation_proxy,B4_sequence_only,sd_spacing,-0.35856733322813156,100.0
promoter_holdout,1,log_translation_proxy,B4_sequence_only,sd_spacing_optimal,-0.3596363057412801,100.0
promoter_holdout,1,log_translation_proxy,B3_historical_MFE,gc_promoter,0.3350912540145363,100.0
promoter_holdout,1,log_translation_proxy,B3_historical_MFE,gc_rbs,-0.21565054252511837,100.0
promoter_holdout,1,log_translation_proxy,B3_historical_MFE,score_minus10,-0.16359623698231146,100.0
promoter_holdout,1,log_translation_proxy,B3_historical_MFE,score_minus35,-0.11174487524768363,100.0
promoter_holdout,1,log_translation_proxy,B3_historical_MFE,spacer_length,-0.02665173946577998,100.0
promoter_holdout,1,log_translation_proxy,B3_historical_MFE,spacer_optimal,0.09636005954924866,100.0
promoter_holdout,1,log_translation_proxy,B3_historical_MFE,score_sd,0.3367596304577308,100.0
promoter_holdout,1,log_translation_proxy,B3_historical_MFE,sd_spacing,-0.3616194970996848,100.0
promoter_holdout,1,log_translation_proxy,B3_historical_MFE,sd_spacing_optimal,-0.356465022860906,100.0
promoter_holdout,1,log_translation_proxy,B3_historical_MFE,legacy_promoter_tail_mfe,0.110272224723132,100.0
promoter_holdout,1,log_translation_proxy,B6_TSS_accessibility,gc_promoter,0.2765667942641308,316.22776601683796
promoter_holdout,1,log_translation_proxy,B6_TSS_accessibility,gc_rbs,-0.17279985833663053,316.22776601683796
promoter_holdout,1,log_translation_proxy,B6_TSS_accessibility,score_minus10,-0.17334085133693472,316.22776601683796
promoter_holdout,1,log_translation_proxy,B6_TSS_accessibility,score_minus35,-0.10943652459778626,316.22776601683796
promoter_holdout,1,log_translation_proxy,B6_TSS_accessibility,spacer_length,-0.0011401241458780878,316.22776601683796
promoter_holdout,1,log_translation_proxy,B6_TSS_accessibility,spacer_optimal,0.0840491553059905,316.22776601683796
promoter_holdout,1,log_translation_proxy,B6_TSS_accessibility,score_sd,0.36522402700936374,316.22776601683796
promoter_holdout,1,log_translation_proxy,B6_TSS_accessibility,sd_spacing,-0.22526590186513523,316.22776601683796
promoter_holdout,1,log_translation_proxy,B6_TSS_accessibility,sd_spacing_optimal,-0.30401762179622543,316.22776601683796
promoter_holdout,1,log_translation_proxy,B6_TSS_accessibility,sd_unpaired_probability,-0.04015480665706453,316.22776601683796
promoter_holdout,1,log_translation_proxy,B6_TSS_accessibility,start_unpaired_probability,-0.12774738480286701,316.22776601683796
promoter_holdout,1,log_translation_proxy,B6_TSS_accessibility,sd_start_opening_energy,-0.2872953424250371,316.22776601683796
promoter_holdout,1,log_prot,B4_sequence_only,gc_promoter,-0.8490725997367976,1e-05
promoter_holdout,1,log_prot,B4_sequence_only,gc_rbs,-0.2617933413437507,1e-05
promoter_holdout,1,log_prot,B4_sequence_only,score_minus10,0.3537218229609403,1e-05
promoter_holdout,1,log_prot,B4_sequence_only,score_minus35,0.4308144049126387,1e-05
promoter_holdout,1,log_prot,B4_sequence_only,spacer_length,-0.10988652790397323,1e-05
promoter_holdout,1,log_prot,B4_sequence_only,spacer_optimal,0.14749029465640737,1e-05
promoter_holdout,1,log_prot,B4_sequence_only,score_sd,0.42801259985498075,1e-05
promoter_holdout,1,log_prot,B4_sequence_only,sd_spacing,-0.548199612786099,1e-05
promoter_holdout,1,log_prot,B4_sequence_only,sd_spacing_optimal,-0.49270601670725633,1e-05
promoter_holdout,1,log_prot,B3_historical_MFE,gc_promoter,-0.8592107611447124,1e-05
promoter_holdout,1,log_prot,B3_historical_MFE,gc_rbs,-0.26551762237895826,1e-05
promoter_holdout,1,log_prot,B3_historical_MFE,score_minus10,0.35000313497329943,1e-05
promoter_holdout,1,log_prot,B3_historical_MFE,score_minus35,0.4313227835651563,1e-05
promoter_holdout,1,log_prot,B3_historical_MFE,spacer_length,-0.10827347056864188,1e-05
promoter_holdout,1,log_prot,B3_historical_MFE,spacer_optimal,0.14809773806472373,1e-05
promoter_holdout,1,log_prot,B3_historical_MFE,score_sd,0.4275412471535943,1e-05
promoter_holdout,1,log_prot,B3_historical_MFE,sd_spacing,-0.5475797148520807,1e-05
promoter_holdout,1,log_prot,B3_historical_MFE,sd_spacing_optimal,-0.49330649973626345,1e-05
promoter_holdout,1,log_prot,B3_historical_MFE,legacy_promoter_tail_mfe,-0.02139425091228565,1e-05
promoter_holdout,1,log_prot,B6_TSS_accessibility,gc_promoter,-0.8539691633628702,1e-05
promoter_holdout,1,log_prot,B6_TSS_accessibility,gc_rbs,-0.19263560209286784,1e-05
promoter_holdout,1,log_prot,B6_TSS_accessibility,score_minus10,0.3542155994404593,1e-05
promoter_holdout,1,log_prot,B6_TSS_accessibility,score_minus35,0.42660084538246185,1e-05
promoter_holdout,1,log_prot,B6_TSS_accessibility,spacer_length,-0.09774124248157454,1e-05
promoter_holdout,1,log_prot,B6_TSS_accessibility,spacer_optimal,0.13717874338355734,1e-05
promoter_holdout,1,log_prot,B6_TSS_accessibility,score_sd,0.4590527160427911,1e-05
promoter_holdout,1,log_prot,B6_TSS_accessibility,sd_spacing,-0.5277774085507446,1e-05
promoter_holdout,1,log_prot,B6_TSS_accessibility,sd_spacing_optimal,-0.5169394504807995,1e-05
promoter_holdout,1,log_prot,B6_TSS_accessibility,sd_unpaired_probability,-0.012597584338469374,1e-05
promoter_holdout,1,log_prot,B6_TSS_accessibility,start_unpaired_probability,-0.0024172550342077812,1e-05
promoter_holdout,1,log_prot,B6_TSS_accessibility,sd_start_opening_energy,-0.30333915916434834,1e-05
promoter_holdout,2,log_translation_proxy,B4_sequence_only,gc_promoter,0.31992310003882646,316.22776601683796
promoter_holdout,2,log_translation_proxy,B4_sequence_only,gc_rbs,-0.22631535676406872,316.22776601683796
promoter_holdout,2,log_translation_proxy,B4_sequence_only,score_minus10,-0.16162996539700555,316.22776601683796
promoter_holdout,2,log_translation_proxy,B4_sequence_only,score_minus35,-0.09030384851477118,316.22776601683796
promoter_holdout,2,log_translation_proxy,B4_sequence_only,spacer_length,-0.002341075818637868,316.22776601683796
promoter_holdout,2,log_translation_proxy,B4_sequence_only,spacer_optimal,0.03174971023486932,316.22776601683796
promoter_holdout,2,log_translation_proxy,B4_sequence_only,score_sd,0.31914452132328425,316.22776601683796
promoter_holdout,2,log_translation_proxy,B4_sequence_only,sd_spacing,-0.300621814741769,316.22776601683796
promoter_holdout,2,log_translation_proxy,B4_sequence_only,sd_spacing_optimal,-0.29154722275713973,316.22776601683796
promoter_holdout,2,log_translation_proxy,B3_historical_MFE,gc_promoter,0.36282445953329706,1000.0
promoter_holdout,2,log_translation_proxy,B3_historical_MFE,gc_rbs,-0.20714264072746488,1000.0
promoter_holdout,2,log_translation_proxy,B3_historical_MFE,score_minus10,-0.1292435202678332,1000.0
promoter_holdout,2,log_translation_proxy,B3_historical_MFE,score_minus35,-0.07931759916155816,1000.0
promoter_holdout,2,log_translation_proxy,B3_historical_MFE,spacer_length,-0.005539669559352696,1000.0
promoter_holdout,2,log_translation_proxy,B3_historical_MFE,spacer_optimal,0.025621425998923572,1000.0
promoter_holdout,2,log_translation_proxy,B3_historical_MFE,score_sd,0.3073596536878137,1000.0
promoter_holdout,2,log_translation_proxy,B3_historical_MFE,sd_spacing,-0.2089556220882249,1000.0
promoter_holdout,2,log_translation_proxy,B3_historical_MFE,sd_spacing_optimal,-0.18832988028962225,1000.0
promoter_holdout,2,log_translation_proxy,B3_historical_MFE,legacy_promoter_tail_mfe,0.13028364326986533,1000.0
promoter_holdout,2,log_translation_proxy,B6_TSS_accessibility,gc_promoter,0.2981657097203696,1000.0
promoter_holdout,2,log_translation_proxy,B6_TSS_accessibility,gc_rbs,-0.17579641006251942,1000.0
promoter_holdout,2,log_translation_proxy,B6_TSS_accessibility,score_minus10,-0.15048058958114238,1000.0
promoter_holdout,2,log_translation_proxy,B6_TSS_accessibility,score_minus35,-0.09393908597835009,1000.0
promoter_holdout,2,log_translation_proxy,B6_TSS_accessibility,spacer_length,-0.004906987987892218,1000.0
promoter_holdout,2,log_translation_proxy,B6_TSS_accessibility,spacer_optimal,0.01588768474040095,1000.0
promoter_holdout,2,log_translation_proxy,B6_TSS_accessibility,score_sd,0.3277133028886589,1000.0
promoter_holdout,2,log_translation_proxy,B6_TSS_accessibility,sd_spacing,-0.14114070904465137,1000.0
promoter_holdout,2,log_translation_proxy,B6_TSS_accessibility,sd_spacing_optimal,-0.2020336009787198,1000.0
promoter_holdout,2,log_translation_proxy,B6_TSS_accessibility,sd_unpaired_probability,-0.04922161521503262,1000.0
promoter_holdout,2,log_translation_proxy,B6_TSS_accessibility,start_unpaired_probability,-0.10376747095408813,1000.0
promoter_holdout,2,log_translation_proxy,B6_TSS_accessibility,sd_start_opening_energy,-0.24522058163358731,1000.0
promoter_holdout,2,log_prot,B4_sequence_only,gc_promoter,-0.862463436104745,1e-05
promoter_holdout,2,log_prot,B4_sequence_only,gc_rbs,-0.24812788254417403,1e-05
promoter_holdout,2,log_prot,B4_sequence_only,score_minus10,0.33494449337391186,1e-05
promoter_holdout,2,log_prot,B4_sequence_only,score_minus35,0.43234249335360764,1e-05
promoter_holdout,2,log_prot,B4_sequence_only,spacer_length,-0.16595785983568334,1e-05
promoter_holdout,2,log_prot,B4_sequence_only,spacer_optimal,0.22948612465674367,1e-05
promoter_holdout,2,log_prot,B4_sequence_only,score_sd,0.41536978964982013,1e-05
promoter_holdout,2,log_prot,B4_sequence_only,sd_spacing,-0.5454793777565814,1e-05
promoter_holdout,2,log_prot,B4_sequence_only,sd_spacing_optimal,-0.48531608040044194,1e-05
promoter_holdout,2,log_prot,B3_historical_MFE,gc_promoter,-0.8673576727439449,1e-05
promoter_holdout,2,log_prot,B3_historical_MFE,gc_rbs,-0.24949788040083642,1e-05
promoter_holdout,2,log_prot,B3_historical_MFE,score_minus10,0.3325201224282555,1e-05
promoter_holdout,2,log_prot,B3_historical_MFE,score_minus35,0.4320769992498445,1e-05
promoter_holdout,2,log_prot,B3_historical_MFE,spacer_length,-0.16634004024983784,1e-05
promoter_holdout,2,log_prot,B3_historical_MFE,spacer_optimal,0.23059533174520924,1e-05
promoter_holdout,2,log_prot,B3_historical_MFE,score_sd,0.41500741823213605,1e-05
promoter_holdout,2,log_prot,B3_historical_MFE,sd_spacing,-0.545333624551974,1e-05
promoter_holdout,2,log_prot,B3_historical_MFE,sd_spacing_optimal,-0.48553334560629013,1e-05
promoter_holdout,2,log_prot,B3_historical_MFE,legacy_promoter_tail_mfe,-0.008397106334404313,1e-05
promoter_holdout,2,log_prot,B6_TSS_accessibility,gc_promoter,-0.8595843118122461,1e-05
promoter_holdout,2,log_prot,B6_TSS_accessibility,gc_rbs,-0.1768403150464406,1e-05
promoter_holdout,2,log_prot,B6_TSS_accessibility,score_minus10,0.34583512236315844,1e-05
promoter_holdout,2,log_prot,B6_TSS_accessibility,score_minus35,0.41948343125512216,1e-05
promoter_holdout,2,log_prot,B6_TSS_accessibility,spacer_length,-0.16388010749408863,1e-05
promoter_holdout,2,log_prot,B6_TSS_accessibility,spacer_optimal,0.20603186681376912,1e-05
promoter_holdout,2,log_prot,B6_TSS_accessibility,score_sd,0.44903154141877516,1e-05
promoter_holdout,2,log_prot,B6_TSS_accessibility,sd_spacing,-0.49235080031624845,1e-05
promoter_holdout,2,log_prot,B6_TSS_accessibility,sd_spacing_optimal,-0.4997921176865314,1e-05
promoter_holdout,2,log_prot,B6_TSS_accessibility,sd_unpaired_probability,-0.03209351839886336,1e-05
promoter_holdout,2,log_prot,B6_TSS_accessibility,start_unpaired_probability,0.00022759800050991367,1e-05
promoter_holdout,2,log_prot,B6_TSS_accessibility,sd_start_opening_energy,-0.34004738942240437,1e-05
promoter_holdout,3,log_translation_proxy,B4_sequence_only,gc_promoter,0.2907912667911859,1000.0
promoter_holdout,3,log_translation_proxy,B4_sequence_only,gc_rbs,-0.2208805833600255,1000.0
promoter_holdout,3,log_translation_proxy,B4_sequence_only,score_minus10,-0.1349980278870041,1000.0
promoter_holdout,3,log_translation_proxy,B4_sequence_only,score_minus35,-0.12719382342175767,1000.0
promoter_holdout,3,log_translation_proxy,B4_sequence_only,spacer_length,0.004600868456958531,1000.0
promoter_holdout,3,log_translation_proxy,B4_sequence_only,spacer_optimal,0.014862295558828245,1000.0
promoter_holdout,3,log_translation_proxy,B4_sequence_only,score_sd,0.3067544990544661,1000.0
promoter_holdout,3,log_translation_proxy,B4_sequence_only,sd_spacing,-0.18075144214694305,1000.0
promoter_holdout,3,log_translation_proxy,B4_sequence_only,sd_spacing_optimal,-0.18173704838985766,1000.0
promoter_holdout,3,log_translation_proxy,B3_historical_MFE,gc_promoter,0.33628875453118307,1000.0
promoter_holdout,3,log_translation_proxy,B3_historical_MFE,gc_rbs,-0.20311462294812982,1000.0
promoter_holdout,3,log_translation_proxy,B3_historical_MFE,score_minus10,-0.12266690870616091,1000.0
promoter_holdout,3,log_translation_proxy,B3_historical_MFE,score_minus35,-0.1299622448955611,1000.0
promoter_holdout,3,log_translation_proxy,B3_historical_MFE,spacer_length,0.005697815033929559,1000.0
promoter_holdout,3,log_translation_proxy,B3_historical_MFE,spacer_optimal,0.014723035337510983,1000.0
promoter_holdout,3,log_translation_proxy,B3_historical_MFE,score_sd,0.31003491327000937,1000.0
promoter_holdout,3,log_translation_proxy,B3_historical_MFE,sd_spacing,-0.1845165802186265,1000.0
promoter_holdout,3,log_translation_proxy,B3_historical_MFE,sd_spacing_optimal,-0.1785070929236802,1000.0
promoter_holdout,3,log_translation_proxy,B3_historical_MFE,legacy_promoter_tail_mfe,0.11555859777215209,1000.0
promoter_holdout,3,log_translation_proxy,B6_TSS_accessibility,gc_promoter,0.29595786556971954,1000.0
promoter_holdout,3,log_translation_proxy,B6_TSS_accessibility,gc_rbs,-0.1772982380312215,1000.0
promoter_holdout,3,log_translation_proxy,B6_TSS_accessibility,score_minus10,-0.13285737608825798,1000.0
promoter_holdout,3,log_translation_proxy,B6_TSS_accessibility,score_minus35,-0.13203824291836874,1000.0
promoter_holdout,3,log_translation_proxy,B6_TSS_accessibility,spacer_length,0.01077025778981593,1000.0
promoter_holdout,3,log_translation_proxy,B6_TSS_accessibility,spacer_optimal,0.008683281561165459,1000.0
promoter_holdout,3,log_translation_proxy,B6_TSS_accessibility,score_sd,0.3278166785739022,1000.0
promoter_holdout,3,log_translation_proxy,B6_TSS_accessibility,sd_spacing,-0.14421523429422115,1000.0
promoter_holdout,3,log_translation_proxy,B6_TSS_accessibility,sd_spacing_optimal,-0.19166551187578754,1000.0
promoter_holdout,3,log_translation_proxy,B6_TSS_accessibility,sd_unpaired_probability,-0.0212862892169454,1000.0
promoter_holdout,3,log_translation_proxy,B6_TSS_accessibility,start_unpaired_probability,-0.09984765872863567,1000.0
promoter_holdout,3,log_translation_proxy,B6_TSS_accessibility,sd_start_opening_energy,-0.19117833018334032,1000.0
promoter_holdout,3,log_prot,B4_sequence_only,gc_promoter,-0.9512272216924639,1e-05
promoter_holdout,3,log_prot,B4_sequence_only,gc_rbs,-0.23680161676907227,1e-05
promoter_holdout,3,log_prot,B4_sequence_only,score_minus10,0.32217045335209393,1e-05
promoter_holdout,3,log_prot,B4_sequence_only,score_minus35,0.4860409017020707,1e-05
promoter_holdout,3,log_prot,B4_sequence_only,spacer_length,-0.15225586512743616,1e-05
promoter_holdout,3,log_prot,B4_sequence_only,spacer_optimal,0.1986984888141817,1e-05
promoter_holdout,3,log_prot,B4_sequence_only,score_sd,0.4133174100972543,1e-05
promoter_holdout,3,log_prot,B4_sequence_only,sd_spacing,-0.5042741101144741,1e-05
promoter_holdout,3,log_prot,B4_sequence_only,sd_spacing_optimal,-0.45690316981374895,1e-05
promoter_holdout,3,log_prot,B3_historical_MFE,gc_promoter,-1.0131915915678662,1e-05
promoter_holdout,3,log_prot,B3_historical_MFE,gc_rbs,-0.2601324114707129,1e-05
promoter_holdout,3,log_prot,B3_historical_MFE,score_minus10,0.30208277538442124,1e-05
promoter_holdout,3,log_prot,B3_historical_MFE,score_minus35,0.4878666479329804,1e-05
promoter_holdout,3,log_prot,B3_historical_MFE,spacer_length,-0.15637204277265246,1e-05
promoter_holdout,3,log_prot,B3_historical_MFE,spacer_optimal,0.20626874703787723,1e-05
promoter_holdout,3,log_prot,B3_historical_MFE,score_sd,0.4092947597583024,1e-05
promoter_holdout,3,log_prot,B3_historical_MFE,sd_spacing,-0.4979375111093471,1e-05
promoter_holdout,3,log_prot,B3_historical_MFE,sd_spacing_optimal,-0.4593790503181723,1e-05
promoter_holdout,3,log_prot,B3_historical_MFE,legacy_promoter_tail_mfe,-0.1331670296875209,1e-05
promoter_holdout,3,log_prot,B6_TSS_accessibility,gc_promoter,-0.9485279151134328,1e-05
promoter_holdout,3,log_prot,B6_TSS_accessibility,gc_rbs,-0.18759770316253493,1e-05
promoter_holdout,3,log_prot,B6_TSS_accessibility,score_minus10,0.323508500788487,1e-05
promoter_holdout,3,log_prot,B6_TSS_accessibility,score_minus35,0.4822440312709938,1e-05
promoter_holdout,3,log_prot,B6_TSS_accessibility,spacer_length,-0.15495798798035665,1e-05
promoter_holdout,3,log_prot,B6_TSS_accessibility,spacer_optimal,0.19384217755415986,1e-05
promoter_holdout,3,log_prot,B6_TSS_accessibility,score_sd,0.426361037960895,1e-05
promoter_holdout,3,log_prot,B6_TSS_accessibility,sd_spacing,-0.5593642919820417,1e-05
promoter_holdout,3,log_prot,B6_TSS_accessibility,sd_spacing_optimal,-0.5008088470072493,1e-05
promoter_holdout,3,log_prot,B6_TSS_accessibility,sd_unpaired_probability,0.037369824918101265,1e-05
promoter_holdout,3,log_prot,B6_TSS_accessibility,start_unpaired_probability,0.043371852804813184,1e-05
promoter_holdout,3,log_prot,B6_TSS_accessibility,sd_start_opening_energy,-0.17870352936415299,1e-05
promoter_holdout,4,log_translation_proxy,B4_sequence_only,gc_promoter,0.3208475567940513,100.0
promoter_holdout,4,log_translation_proxy,B4_sequence_only,gc_rbs,-0.23225900950516404,100.0
promoter_holdout,4,log_translation_proxy,B4_sequence_only,score_minus10,-0.24111274449369272,100.0
promoter_holdout,4,log_translation_proxy,B4_sequence_only,score_minus35,-0.1167419983431546,100.0
promoter_holdout,4,log_translation_proxy,B4_sequence_only,spacer_length,0.08370790679938764,100.0
promoter_holdout,4,log_translation_proxy,B4_sequence_only,spacer_optimal,0.042248875752383945,100.0
promoter_holdout,4,log_translation_proxy,B4_sequence_only,score_sd,0.33239183955632784,100.0
promoter_holdout,4,log_translation_proxy,B4_sequence_only,sd_spacing,-0.3625946726104736,100.0
promoter_holdout,4,log_translation_proxy,B4_sequence_only,sd_spacing_optimal,-0.35794763961929277,100.0
promoter_holdout,4,log_translation_proxy,B3_historical_MFE,gc_promoter,0.400519488123583,100.0
promoter_holdout,4,log_translation_proxy,B3_historical_MFE,gc_rbs,-0.20094736229585816,100.0
promoter_holdout,4,log_translation_proxy,B3_historical_MFE,score_minus10,-0.20636501665747584,100.0
promoter_holdout,4,log_translation_proxy,B3_historical_MFE,score_minus35,-0.10866169555162891,100.0
promoter_holdout,4,log_translation_proxy,B3_historical_MFE,spacer_length,0.07243718925990066,100.0
promoter_holdout,4,log_translation_proxy,B3_historical_MFE,spacer_optimal,0.03496438035578683,100.0
promoter_holdout,4,log_translation_proxy,B3_historical_MFE,score_sd,0.3373606141779066,100.0
promoter_holdout,4,log_translation_proxy,B3_historical_MFE,sd_spacing,-0.3665425582188041,100.0
promoter_holdout,4,log_translation_proxy,B3_historical_MFE,sd_spacing_optimal,-0.3516570082847788,100.0
promoter_holdout,4,log_translation_proxy,B3_historical_MFE,legacy_promoter_tail_mfe,0.17520731923386698,100.0
promoter_holdout,4,log_translation_proxy,B6_TSS_accessibility,gc_promoter,0.3185406226179619,316.22776601683796
promoter_holdout,4,log_translation_proxy,B6_TSS_accessibility,gc_rbs,-0.18214873108251925,316.22776601683796
promoter_holdout,4,log_translation_proxy,B6_TSS_accessibility,score_minus10,-0.22385954914972483,316.22776601683796
promoter_holdout,4,log_translation_proxy,B6_TSS_accessibility,score_minus35,-0.11668386596043014,316.22776601683796
promoter_holdout,4,log_translation_proxy,B6_TSS_accessibility,spacer_length,0.07099509403185798,316.22776601683796
promoter_holdout,4,log_translation_proxy,B6_TSS_accessibility,spacer_optimal,0.03758396856911912,316.22776601683796
promoter_holdout,4,log_translation_proxy,B6_TSS_accessibility,score_sd,0.3577370142227322,316.22776601683796
promoter_holdout,4,log_translation_proxy,B6_TSS_accessibility,sd_spacing,-0.23732619108702163,316.22776601683796
promoter_holdout,4,log_translation_proxy,B6_TSS_accessibility,sd_spacing_optimal,-0.3002478982831472,316.22776601683796
promoter_holdout,4,log_translation_proxy,B6_TSS_accessibility,sd_unpaired_probability,-0.037851970502092845,316.22776601683796
promoter_holdout,4,log_translation_proxy,B6_TSS_accessibility,start_unpaired_probability,-0.1029734883131995,316.22776601683796
promoter_holdout,4,log_translation_proxy,B6_TSS_accessibility,sd_start_opening_energy,-0.24757562288296958,316.22776601683796
promoter_holdout,4,log_prot,B4_sequence_only,gc_promoter,-0.8714623040087314,100.0
promoter_holdout,4,log_prot,B4_sequence_only,gc_rbs,-0.25731747555641094,100.0
promoter_holdout,4,log_prot,B4_sequence_only,score_minus10,0.3645210214112701,100.0
promoter_holdout,4,log_prot,B4_sequence_only,score_minus35,0.39393968088125986,100.0
promoter_holdout,4,log_prot,B4_sequence_only,spacer_length,-0.20734911113198573,100.0
promoter_holdout,4,log_prot,B4_sequence_only,spacer_optimal,0.19109729727317865,100.0
promoter_holdout,4,log_prot,B4_sequence_only,score_sd,0.41821002669087665,100.0
promoter_holdout,4,log_prot,B4_sequence_only,sd_spacing,-0.5128332215877561,100.0
promoter_holdout,4,log_prot,B4_sequence_only,sd_spacing_optimal,-0.45443683705366184,100.0
promoter_holdout,4,log_prot,B3_historical_MFE,gc_promoter,-0.8784028439934705,100.0
promoter_holdout,4,log_prot,B3_historical_MFE,gc_rbs,-0.26004515813944473,100.0
promoter_holdout,4,log_prot,B3_historical_MFE,score_minus10,0.36149400812815274,100.0
promoter_holdout,4,log_prot,B3_historical_MFE,score_minus35,0.3932357734488991,100.0
promoter_holdout,4,log_prot,B3_historical_MFE,spacer_length,-0.20636727393494378,100.0
promoter_holdout,4,log_prot,B3_historical_MFE,spacer_optimal,0.19173187874654127,100.0
promoter_holdout,4,log_prot,B3_historical_MFE,score_sd,0.417777176898475,100.0
promoter_holdout,4,log_prot,B3_historical_MFE,sd_spacing,-0.5124893055126398,100.0
promoter_holdout,4,log_prot,B3_historical_MFE,sd_spacing_optimal,-0.4549848390611175,100.0
promoter_holdout,4,log_prot,B3_historical_MFE,legacy_promoter_tail_mfe,-0.01526300899788599,100.0
promoter_holdout,4,log_prot,B6_TSS_accessibility,gc_promoter,-0.866695636773475,100.0
promoter_holdout,4,log_prot,B6_TSS_accessibility,gc_rbs,-0.2008668711532235,100.0
promoter_holdout,4,log_prot,B6_TSS_accessibility,score_minus10,0.3699360442394537,100.0
promoter_holdout,4,log_prot,B6_TSS_accessibility,score_minus35,0.3896906227027593,100.0
promoter_holdout,4,log_prot,B6_TSS_accessibility,spacer_length,-0.21736565661466106,100.0
promoter_holdout,4,log_prot,B6_TSS_accessibility,spacer_optimal,0.18556102006238917,100.0
promoter_holdout,4,log_prot,B6_TSS_accessibility,score_sd,0.4464990249685407,100.0
promoter_holdout,4,log_prot,B6_TSS_accessibility,sd_spacing,-0.4643356369900762,100.0
promoter_holdout,4,log_prot,B6_TSS_accessibility,sd_spacing_optimal,-0.4624753117591046,100.0
promoter_holdout,4,log_prot,B6_TSS_accessibility,sd_unpaired_probability,-0.04693773876882967,100.0
promoter_holdout,4,log_prot,B6_TSS_accessibility,start_unpaired_probability,0.017744611169075736,100.0
promoter_holdout,4,log_prot,B6_TSS_accessibility,sd_start_opening_energy,-0.29569282116079637,100.0
rbs_holdout,0,log_translation_proxy,B4_sequence_only,gc_promoter,0.3068364226813789,1000.0
rbs_holdout,0,log_translation_proxy,B4_sequence_only,gc_rbs,-0.25642657609560565,1000.0
rbs_holdout,0,log_translation_proxy,B4_sequence_only,score_minus10,-0.15942689869798815,1000.0
rbs_holdout,0,log_translation_proxy,B4_sequence_only,score_minus35,-0.10917253718530567,1000.0
rbs_holdout,0,log_translation_proxy,B4_sequence_only,spacer_length,0.00639292945515462,1000.0
rbs_holdout,0,log_translation_proxy,B4_sequence_only,spacer_optimal,0.04145808858397043,1000.0
rbs_holdout,0,log_translation_proxy,B4_sequence_only,score_sd,0.3157523101530827,1000.0
rbs_holdout,0,log_translation_proxy,B4_sequence_only,sd_spacing,-0.21518493721272358,1000.0
rbs_holdout,0,log_translation_proxy,B4_sequence_only,sd_spacing_optimal,-0.17206890560373647,1000.0
rbs_holdout,0,log_translation_proxy,B3_historical_MFE,gc_promoter,0.34900235738309904,1000.0
rbs_holdout,0,log_translation_proxy,B3_historical_MFE,gc_rbs,-0.2413843790305255,1000.0
rbs_holdout,0,log_translation_proxy,B3_historical_MFE,score_minus10,-0.1438194062658399,1000.0
rbs_holdout,0,log_translation_proxy,B3_historical_MFE,score_minus35,-0.10891029018019192,1000.0
rbs_holdout,0,log_translation_proxy,B3_historical_MFE,spacer_length,0.0023464105360243913,1000.0
rbs_holdout,0,log_translation_proxy,B3_historical_MFE,spacer_optimal,0.04055653983072237,1000.0
rbs_holdout,0,log_translation_proxy,B3_historical_MFE,score_sd,0.3186398216391124,1000.0
rbs_holdout,0,log_translation_proxy,B3_historical_MFE,sd_spacing,-0.21540398411156467,1000.0
rbs_holdout,0,log_translation_proxy,B3_historical_MFE,sd_spacing_optimal,-0.16961749181337848,1000.0
rbs_holdout,0,log_translation_proxy,B3_historical_MFE,legacy_promoter_tail_mfe,0.10561749632371246,1000.0
rbs_holdout,0,log_translation_proxy,B6_TSS_accessibility,gc_promoter,0.3081249879059524,1000.0
rbs_holdout,0,log_translation_proxy,B6_TSS_accessibility,gc_rbs,-0.21663581762150078,1000.0
rbs_holdout,0,log_translation_proxy,B6_TSS_accessibility,score_minus10,-0.1580566501383332,1000.0
rbs_holdout,0,log_translation_proxy,B6_TSS_accessibility,score_minus35,-0.11475952841736606,1000.0
rbs_holdout,0,log_translation_proxy,B6_TSS_accessibility,spacer_length,0.010898367663950413,1000.0
rbs_holdout,0,log_translation_proxy,B6_TSS_accessibility,spacer_optimal,0.03293406089232172,1000.0
rbs_holdout,0,log_translation_proxy,B6_TSS_accessibility,score_sd,0.33581373702980927,1000.0
rbs_holdout,0,log_translation_proxy,B6_TSS_accessibility,sd_spacing,-0.16776916293734245,1000.0
rbs_holdout,0,log_translation_proxy,B6_TSS_accessibility,sd_spacing_optimal,-0.18453482198680402,1000.0
rbs_holdout,0,log_translation_proxy,B6_TSS_accessibility,sd_unpaired_probability,-0.034252710719566884,1000.0
rbs_holdout,0,log_translation_proxy,B6_TSS_accessibility,start_unpaired_probability,-0.06761388534166753,1000.0
rbs_holdout,0,log_translation_proxy,B6_TSS_accessibility,sd_start_opening_energy,-0.19655373208973775,1000.0
rbs_holdout,0,log_prot,B4_sequence_only,gc_promoter,-0.8795515884816928,31.622776601683793
rbs_holdout,0,log_prot,B4_sequence_only,gc_rbs,-0.28996824772141294,31.622776601683793
rbs_holdout,0,log_prot,B4_sequence_only,score_minus10,0.33885038092983133,31.622776601683793
rbs_holdout,0,log_prot,B4_sequence_only,score_minus35,0.4725566279856902,31.622776601683793
rbs_holdout,0,log_prot,B4_sequence_only,spacer_length,-0.1790021267709662,31.622776601683793
rbs_holdout,0,log_prot,B4_sequence_only,spacer_optimal,0.20117933806610105,31.622776601683793
rbs_holdout,0,log_prot,B4_sequence_only,score_sd,0.41543188473540915,31.622776601683793
rbs_holdout,0,log_prot,B4_sequence_only,sd_spacing,-0.5562198287451061,31.622776601683793
rbs_holdout,0,log_prot,B4_sequence_only,sd_spacing_optimal,-0.4672254617602981,31.622776601683793
rbs_holdout,0,log_prot,B3_historical_MFE,gc_promoter,-0.9218384053784465,31.622776601683793
rbs_holdout,0,log_prot,B3_historical_MFE,gc_rbs,-0.30434564034260575,31.622776601683793
rbs_holdout,0,log_prot,B3_historical_MFE,score_minus10,0.3207669496638156,31.622776601683793
rbs_holdout,0,log_prot,B3_historical_MFE,score_minus35,0.4716565555910109,31.622776601683793
rbs_holdout,0,log_prot,B3_historical_MFE,spacer_length,-0.17649427012618002,31.622776601683793
rbs_holdout,0,log_prot,B3_historical_MFE,spacer_optimal,0.20665709054482329,31.622776601683793
rbs_holdout,0,log_prot,B3_historical_MFE,score_sd,0.41279013313443713,31.622776601683793
rbs_holdout,0,log_prot,B3_historical_MFE,sd_spacing,-0.5561506702063839,31.622776601683793
rbs_holdout,0,log_prot,B3_historical_MFE,sd_spacing_optimal,-0.46965604872489336,31.622776601683793
rbs_holdout,0,log_prot,B3_historical_MFE,legacy_promoter_tail_mfe,-0.09021866334515961,31.622776601683793
rbs_holdout,0,log_prot,B6_TSS_accessibility,gc_promoter,-0.8668574861077729,100.0
rbs_holdout,0,log_prot,B6_TSS_accessibility,gc_rbs,-0.2545541015084511,100.0
rbs_holdout,0,log_prot,B6_TSS_accessibility,score_minus10,0.3390550050159731,100.0
rbs_holdout,0,log_prot,B6_TSS_accessibility,score_minus35,0.46528601614990656,100.0
rbs_holdout,0,log_prot,B6_TSS_accessibility,spacer_length,-0.16887040430561964,100.0
rbs_holdout,0,log_prot,B6_TSS_accessibility,spacer_optimal,0.18284119322797313,100.0
rbs_holdout,0,log_prot,B6_TSS_accessibility,score_sd,0.43763337834620897,100.0
rbs_holdout,0,log_prot,B6_TSS_accessibility,sd_spacing,-0.49421948465096,100.0
rbs_holdout,0,log_prot,B6_TSS_accessibility,sd_spacing_optimal,-0.44145849103076856,100.0
rbs_holdout,0,log_prot,B6_TSS_accessibility,sd_unpaired_probability,-0.01195166116972186,100.0
rbs_holdout,0,log_prot,B6_TSS_accessibility,start_unpaired_probability,0.024536273087024756,100.0
rbs_holdout,0,log_prot,B6_TSS_accessibility,sd_start_opening_energy,-0.2118955727105228,100.0
rbs_holdout,1,log_translation_proxy,B4_sequence_only,gc_promoter,0.2923692097866032,1000.0
rbs_holdout,1,log_translation_proxy,B4_sequence_only,gc_rbs,-0.20888748260723647,1000.0
rbs_holdout,1,log_translation_proxy,B4_sequence_only,score_minus10,-0.1543307412214827,1000.0
rbs_holdout,1,log_translation_proxy,B4_sequence_only,score_minus35,-0.11581776159214917,1000.0
rbs_holdout,1,log_translation_proxy,B4_sequence_only,spacer_length,0.007578329903838703,1000.0
rbs_holdout,1,log_translation_proxy,B4_sequence_only,spacer_optimal,0.03655818184292545,1000.0
rbs_holdout,1,log_translation_proxy,B4_sequence_only,score_sd,0.33989065434914956,1000.0
rbs_holdout,1,log_translation_proxy,B4_sequence_only,sd_spacing,-0.15751016334776707,1000.0
rbs_holdout,1,log_translation_proxy,B4_sequence_only,sd_spacing_optimal,-0.20657870409738943,1000.0
rbs_holdout,1,log_translation_proxy,B3_historical_MFE,gc_promoter,0.34265029273425296,1000.0
rbs_holdout,1,log_translation_proxy,B3_historical_MFE,gc_rbs,-0.18876174343917868,1000.0
rbs_holdout,1,log_translation_proxy,B3_historical_MFE,score_minus10,-0.13675789034287453,1000.0
rbs_holdout,1,log_translation_proxy,B3_historical_MFE,score_minus35,-0.11561878037429447,1000.0
rbs_holdout,1,log_translation_proxy,B3_historical_MFE,spacer_length,0.0032056876189756624,1000.0
rbs_holdout,1,log_translation_proxy,B3_historical_MFE,spacer_optimal,0.035530453590805255,1000.0
rbs_holdout,1,log_translation_proxy,B3_historical_MFE,score_sd,0.34757919471620274,1000.0
rbs_holdout,1,log_translation_proxy,B3_historical_MFE,sd_spacing,-0.15916716701598782,1000.0
rbs_holdout,1,log_translation_proxy,B3_historical_MFE,sd_spacing_optimal,-0.20307627255133892,1000.0
rbs_holdout,1,log_translation_proxy,B3_historical_MFE,legacy_promoter_tail_mfe,0.12273407177015001,1000.0
rbs_holdout,1,log_translation_proxy,B6_TSS_accessibility,gc_promoter,0.2923632124284214,1000.0
rbs_holdout,1,log_translation_proxy,B6_TSS_accessibility,gc_rbs,-0.1536516504911937,1000.0
rbs_holdout,1,log_translation_proxy,B6_TSS_accessibility,score_minus10,-0.1495549354527217,1000.0
rbs_holdout,1,log_translation_proxy,B6_TSS_accessibility,score_minus35,-0.1253022786461415,1000.0
rbs_holdout,1,log_translation_proxy,B6_TSS_accessibility,spacer_length,0.01080764209816464,1000.0
rbs_holdout,1,log_translation_proxy,B6_TSS_accessibility,spacer_optimal,0.027537605743054538,1000.0
rbs_holdout,1,log_translation_proxy,B6_TSS_accessibility,score_sd,0.3743207324487578,1000.0
rbs_holdout,1,log_translation_proxy,B6_TSS_accessibility,sd_spacing,-0.11314858763298206,1000.0
rbs_holdout,1,log_translation_proxy,B6_TSS_accessibility,sd_spacing_optimal,-0.2269185655357105,1000.0
rbs_holdout,1,log_translation_proxy,B6_TSS_accessibility,sd_unpaired_probability,-0.002080407388001162,1000.0
rbs_holdout,1,log_translation_proxy,B6_TSS_accessibility,start_unpaired_probability,-0.1179949740950235,1000.0
rbs_holdout,1,log_translation_proxy,B6_TSS_accessibility,sd_start_opening_energy,-0.24381226445195925,1000.0
rbs_holdout,1,log_prot,B4_sequence_only,gc_promoter,-0.8984358863936344,31.622776601683793
rbs_holdout,1,log_prot,B4_sequence_only,gc_rbs,-0.23059627062054203,31.622776601683793
rbs_holdout,1,log_prot,B4_sequence_only,score_minus10,0.3320080257162356,31.622776601683793
rbs_holdout,1,log_prot,B4_sequence_only,score_minus35,0.460957909795799,31.622776601683793
rbs_holdout,1,log_prot,B4_sequence_only,spacer_length,-0.17696701064443857,31.622776601683793
rbs_holdout,1,log_prot,B4_sequence_only,spacer_optimal,0.20592017094457168,31.622776601683793
rbs_holdout,1,log_prot,B4_sequence_only,score_sd,0.45648209940077367,31.622776601683793
rbs_holdout,1,log_prot,B4_sequence_only,sd_spacing,-0.4605253416527732,31.622776601683793
rbs_holdout,1,log_prot,B4_sequence_only,sd_spacing_optimal,-0.4869970604564437,31.622776601683793
rbs_holdout,1,log_prot,B3_historical_MFE,gc_promoter,-0.9237346423804581,31.622776601683793
rbs_holdout,1,log_prot,B3_historical_MFE,gc_rbs,-0.2403378666112253,31.622776601683793
rbs_holdout,1,log_prot,B3_historical_MFE,score_minus10,0.32172272246780503,31.622776601683793
rbs_holdout,1,log_prot,B3_historical_MFE,score_minus35,0.4604826480705647,31.622776601683793
rbs_holdout,1,log_prot,B3_historical_MFE,spacer_length,-0.17569879576895275,31.622776601683793
rbs_holdout,1,log_prot,B3_historical_MFE,spacer_optimal,0.20914560159133788,31.622776601683793
rbs_holdout,1,log_prot,B3_historical_MFE,score_sd,0.4527401624450829,31.622776601683793
rbs_holdout,1,log_prot,B3_historical_MFE,sd_spacing,-0.4598401131714436,31.622776601683793
rbs_holdout,1,log_prot,B3_historical_MFE,sd_spacing_optimal,-0.4886580131038033,31.622776601683793
rbs_holdout,1,log_prot,B3_historical_MFE,legacy_promoter_tail_mfe,-0.052686960966454824,31.622776601683793
rbs_holdout,1,log_prot,B6_TSS_accessibility,gc_promoter,-0.8872656707428445,100.0
rbs_holdout,1,log_prot,B6_TSS_accessibility,gc_rbs,-0.15318431082770945,100.0
rbs_holdout,1,log_prot,B6_TSS_accessibility,score_minus10,0.3351735190961993,100.0
rbs_holdout,1,log_prot,B6_TSS_accessibility,score_minus35,0.44926016117407874,100.0
rbs_holdout,1,log_prot,B6_TSS_accessibility,spacer_length,-0.16904902617224268,100.0
rbs_holdout,1,log_prot,B6_TSS_accessibility,spacer_optimal,0.18661984341283477,100.0
rbs_holdout,1,log_prot,B6_TSS_accessibility,score_sd,0.4929078464325035,100.0
rbs_holdout,1,log_prot,B6_TSS_accessibility,sd_spacing,-0.4398748487266502,100.0
rbs_holdout,1,log_prot,B6_TSS_accessibility,sd_spacing_optimal,-0.4989440178564705,100.0
rbs_holdout,1,log_prot,B6_TSS_accessibility,sd_unpaired_probability,0.029297231101614068,100.0
rbs_holdout,1,log_prot,B6_TSS_accessibility,start_unpaired_probability,-0.0033425534313369764,100.0
rbs_holdout,1,log_prot,B6_TSS_accessibility,sd_start_opening_energy,-0.29131222214877567,100.0
rbs_holdout,2,log_translation_proxy,B4_sequence_only,gc_promoter,0.31529842348129533,316.22776601683796
rbs_holdout,2,log_translation_proxy,B4_sequence_only,gc_rbs,-0.2384091136285437,316.22776601683796
rbs_holdout,2,log_translation_proxy,B4_sequence_only,score_minus10,-0.17760689367138355,316.22776601683796
rbs_holdout,2,log_translation_proxy,B4_sequence_only,score_minus35,-0.13262657568287547,316.22776601683796
rbs_holdout,2,log_translation_proxy,B4_sequence_only,spacer_length,0.016687569541705003,316.22776601683796
rbs_holdout,2,log_translation_proxy,B4_sequence_only,spacer_optimal,0.03598509651017706,316.22776601683796
rbs_holdout,2,log_translation_proxy,B4_sequence_only,score_sd,0.40016694737979225,316.22776601683796
rbs_holdout,2,log_translation_proxy,B4_sequence_only,sd_spacing,-0.26118303235888884,316.22776601683796
rbs_holdout,2,log_translation_proxy,B4_sequence_only,sd_spacing_optimal,-0.2829551148799414,316.22776601683796
rbs_holdout,2,log_translation_proxy,B3_historical_MFE,gc_promoter,0.35077239470517224,1000.0
rbs_holdout,2,log_translation_proxy,B3_historical_MFE,gc_rbs,-0.21749904547691515,1000.0
rbs_holdout,2,log_translation_proxy,B3_historical_MFE,score_minus10,-0.14658252112670925,1000.0
rbs_holdout,2,log_translation_proxy,B3_historical_MFE,score_minus35,-0.1182694362500368,1000.0
rbs_holdout,2,log_translation_proxy,B3_historical_MFE,spacer_length,0.0073324352256595,1000.0
rbs_holdout,2,log_translation_proxy,B3_historical_MFE,spacer_optimal,0.033381412948752485,1000.0
rbs_holdout,2,log_translation_proxy,B3_historical_MFE,score_sd,0.3805762686821689,1000.0
rbs_holdout,2,log_translation_proxy,B3_historical_MFE,sd_spacing,-0.17533146691532778,1000.0
rbs_holdout,2,log_translation_proxy,B3_historical_MFE,sd_spacing_optimal,-0.1802523153814297,1000.0
rbs_holdout,2,log_translation_proxy,B3_historical_MFE,legacy_promoter_tail_mfe,0.13182096904745977,1000.0
rbs_holdout,2,log_translation_proxy,B6_TSS_accessibility,gc_promoter,0.29958300554055195,1000.0
rbs_holdout,2,log_translation_proxy,B6_TSS_accessibility,gc_rbs,-0.18523280530172795,1000.0
rbs_holdout,2,log_translation_proxy,B6_TSS_accessibility,score_minus10,-0.16264722003036597,1000.0
rbs_holdout,2,log_translation_proxy,B6_TSS_accessibility,score_minus35,-0.12468483749247551,1000.0
rbs_holdout,2,log_translation_proxy,B6_TSS_accessibility,spacer_length,0.018172123541692654,1000.0
rbs_holdout,2,log_translation_proxy,B6_TSS_accessibility,spacer_optimal,0.02535457683291979,1000.0
rbs_holdout,2,log_translation_proxy,B6_TSS_accessibility,score_sd,0.40344800926505586,1000.0
rbs_holdout,2,log_translation_proxy,B6_TSS_accessibility,sd_spacing,-0.10364386729378126,1000.0
rbs_holdout,2,log_translation_proxy,B6_TSS_accessibility,sd_spacing_optimal,-0.1882260935976117,1000.0
rbs_holdout,2,log_translation_proxy,B6_TSS_accessibility,sd_unpaired_probability,-0.06788942232086718,1000.0
rbs_holdout,2,log_translation_proxy,B6_TSS_accessibility,start_unpaired_probability,-0.1140219834892996,1000.0
rbs_holdout,2,log_translation_proxy,B6_TSS_accessibility,sd_start_opening_energy,-0.24266988951385865,1000.0
rbs_holdout,2,log_prot,B4_sequence_only,gc_promoter,-0.9017152465013605,1e-05
rbs_holdout,2,log_prot,B4_sequence_only,gc_rbs,-0.23299117507215128,1e-05
rbs_holdout,2,log_prot,B4_sequence_only,score_minus10,0.32757676117075796,1e-05
rbs_holdout,2,log_prot,B4_sequence_only,score_minus35,0.4635116140925298,1e-05
rbs_holdout,2,log_prot,B4_sequence_only,spacer_length,-0.1729280315792986,1e-05
rbs_holdout,2,log_prot,B4_sequence_only,spacer_optimal,0.20161286506092202,1e-05
rbs_holdout,2,log_prot,B4_sequence_only,score_sd,0.5301419522746567,1e-05
rbs_holdout,2,log_prot,B4_sequence_only,sd_spacing,-0.515134536224369,1e-05
rbs_holdout,2,log_prot,B4_sequence_only,sd_spacing_optimal,-0.48489325631772856,1e-05
rbs_holdout,2,log_prot,B3_historical_MFE,gc_promoter,-0.9283745851564709,1e-05
rbs_holdout,2,log_prot,B3_historical_MFE,gc_rbs,-0.24393282745946088,1e-05
rbs_holdout,2,log_prot,B3_historical_MFE,score_minus10,0.3167610148713076,1e-05
rbs_holdout,2,log_prot,B3_historical_MFE,score_minus35,0.4630002031792562,1e-05
rbs_holdout,2,log_prot,B3_historical_MFE,spacer_length,-0.17191527627123332,1e-05
rbs_holdout,2,log_prot,B3_historical_MFE,spacer_optimal,0.20505179111123148,1e-05
rbs_holdout,2,log_prot,B3_historical_MFE,score_sd,0.5277471419689163,1e-05
rbs_holdout,2,log_prot,B3_historical_MFE,sd_spacing,-0.5134305908451354,1e-05
rbs_holdout,2,log_prot,B3_historical_MFE,sd_spacing_optimal,-0.48652007271164305,1e-05
rbs_holdout,2,log_prot,B3_historical_MFE,legacy_promoter_tail_mfe,-0.05506426797996144,1e-05
rbs_holdout,2,log_prot,B6_TSS_accessibility,gc_promoter,-0.8806444397256447,100.0
rbs_holdout,2,log_prot,B6_TSS_accessibility,gc_rbs,-0.180356494094372,100.0
rbs_holdout,2,log_prot,B6_TSS_accessibility,score_minus10,0.3282034447379178,100.0
rbs_holdout,2,log_prot,B6_TSS_accessibility,score_minus35,0.4543937603864737,100.0
rbs_holdout,2,log_prot,B6_TSS_accessibility,spacer_length,-0.15634878502358762,100.0
rbs_holdout,2,log_prot,B6_TSS_accessibility,spacer_optimal,0.17845495443941084,100.0
rbs_holdout,2,log_prot,B6_TSS_accessibility,score_sd,0.5617264446889247,100.0
rbs_holdout,2,log_prot,B6_TSS_accessibility,sd_spacing,-0.3839646294402019,100.0
rbs_holdout,2,log_prot,B6_TSS_accessibility,sd_spacing_optimal,-0.43005122420060254,100.0
rbs_holdout,2,log_prot,B6_TSS_accessibility,sd_unpaired_probability,-0.07939182841102013,100.0
rbs_holdout,2,log_prot,B6_TSS_accessibility,start_unpaired_probability,-0.007999028053398574,100.0
rbs_holdout,2,log_prot,B6_TSS_accessibility,sd_start_opening_energy,-0.2942604562467921,100.0
rbs_holdout,3,log_translation_proxy,B4_sequence_only,gc_promoter,0.3205244254253276,316.22776601683796
rbs_holdout,3,log_translation_proxy,B4_sequence_only,gc_rbs,-0.2481215911598804,316.22776601683796
rbs_holdout,3,log_translation_proxy,B4_sequence_only,score_minus10,-0.17651176215630865,316.22776601683796
rbs_holdout,3,log_translation_proxy,B4_sequence_only,score_minus35,-0.13040664833552462,316.22776601683796
rbs_holdout,3,log_translation_proxy,B4_sequence_only,spacer_length,0.003765089282540487,316.22776601683796
rbs_holdout,3,log_translation_proxy,B4_sequence_only,spacer_optimal,0.04906550394534238,316.22776601683796
rbs_holdout,3,log_translation_proxy,B4_sequence_only,score_sd,0.3200925734227197,316.22776601683796
rbs_holdout,3,log_translation_proxy,B4_sequence_only,sd_spacing,-0.32338296410832845,316.22776601683796
rbs_holdout,3,log_translation_proxy,B4_sequence_only,sd_spacing_optimal,-0.30724919669712075,316.22776601683796
rbs_holdout,3,log_translation_proxy,B3_historical_MFE,gc_promoter,0.36251962880381217,1000.0
rbs_holdout,3,log_translation_proxy,B3_historical_MFE,gc_rbs,-0.2219038879332568,1000.0
rbs_holdout,3,log_translation_proxy,B3_historical_MFE,score_minus10,-0.14538685749290248,1000.0
rbs_holdout,3,log_translation_proxy,B3_historical_MFE,score_minus35,-0.11564109365483373,1000.0
rbs_holdout,3,log_translation_proxy,B3_historical_MFE,spacer_length,-0.0031387305737171564,1000.0
rbs_holdout,3,log_translation_proxy,B3_historical_MFE,spacer_optimal,0.04470629727124503,1000.0
rbs_holdout,3,log_translation_proxy,B3_historical_MFE,score_sd,0.3111007969507097,1000.0
rbs_holdout,3,log_translation_proxy,B3_historical_MFE,sd_spacing,-0.22307865546778038,1000.0
rbs_holdout,3,log_translation_proxy,B3_historical_MFE,sd_spacing_optimal,-0.19596633682373946,1000.0
rbs_holdout,3,log_translation_proxy,B3_historical_MFE,legacy_promoter_tail_mfe,0.14933751238541185,1000.0
rbs_holdout,3,log_translation_proxy,B6_TSS_accessibility,gc_promoter,0.30287173217930685,1000.0
rbs_holdout,3,log_translation_proxy,B6_TSS_accessibility,gc_rbs,-0.1884163596534284,1000.0
rbs_holdout,3,log_translation_proxy,B6_TSS_accessibility,score_minus10,-0.16077122676207223,1000.0
rbs_holdout,3,log_translation_proxy,B6_TSS_accessibility,score_minus35,-0.12059497211411624,1000.0
rbs_holdout,3,log_translation_proxy,B6_TSS_accessibility,spacer_length,0.006637896833136371,1000.0
rbs_holdout,3,log_translation_proxy,B6_TSS_accessibility,spacer_optimal,0.03465561608500236,1000.0
rbs_holdout,3,log_translation_proxy,B6_TSS_accessibility,score_sd,0.33185327190710684,1000.0
rbs_holdout,3,log_translation_proxy,B6_TSS_accessibility,sd_spacing,-0.17523942562030068,1000.0
rbs_holdout,3,log_translation_proxy,B6_TSS_accessibility,sd_spacing_optimal,-0.21340311586702448,1000.0
rbs_holdout,3,log_translation_proxy,B6_TSS_accessibility,sd_unpaired_probability,-0.0269155663224143,1000.0
rbs_holdout,3,log_translation_proxy,B6_TSS_accessibility,start_unpaired_probability,-0.09612057916479629,1000.0
rbs_holdout,3,log_translation_proxy,B6_TSS_accessibility,sd_start_opening_energy,-0.26980589048450376,1000.0
rbs_holdout,3,log_prot,B4_sequence_only,gc_promoter,-0.8501403026377812,316.22776601683796
rbs_holdout,3,log_prot,B4_sequence_only,gc_rbs,-0.28754967636984763,316.22776601683796
rbs_holdout,3,log_prot,B4_sequence_only,score_minus10,0.3224843537092487,316.22776601683796
rbs_holdout,3,log_prot,B4_sequence_only,score_minus35,0.44411481059623503,316.22776601683796
rbs_holdout,3,log_prot,B4_sequence_only,spacer_length,-0.1586488243893522,316.22776601683796
rbs_holdout,3,log_prot,B4_sequence_only,spacer_optimal,0.18408664439604816,316.22776601683796
rbs_holdout,3,log_prot,B4_sequence_only,score_sd,0.40315026578646695,316.22776601683796
rbs_holdout,3,log_prot,B4_sequence_only,sd_spacing,-0.43334787665183944,316.22776601683796
rbs_holdout,3,log_prot,B4_sequence_only,sd_spacing_optimal,-0.34740506418032086,316.22776601683796
rbs_holdout,3,log_prot,B3_historical_MFE,gc_promoter,-0.8581402482495769,316.22776601683796
rbs_holdout,3,log_prot,B3_historical_MFE,gc_rbs,-0.290585953714955,316.22776601683796
rbs_holdout,3,log_prot,B3_historical_MFE,score_minus10,0.3196831733217271,316.22776601683796
rbs_holdout,3,log_prot,B3_historical_MFE,score_minus35,0.4440350507768757,316.22776601683796
rbs_holdout,3,log_prot,B3_historical_MFE,spacer_length,-0.15830202312266053,316.22776601683796
rbs_holdout,3,log_prot,B3_historical_MFE,spacer_optimal,0.18465611497134116,316.22776601683796
rbs_holdout,3,log_prot,B3_historical_MFE,score_sd,0.40221946178412266,316.22776601683796
rbs_holdout,3,log_prot,B3_historical_MFE,sd_spacing,-0.43332310865532625,316.22776601683796
rbs_holdout,3,log_prot,B3_historical_MFE,sd_spacing_optimal,-0.34803018694810195,316.22776601683796
rbs_holdout,3,log_prot,B3_historical_MFE,legacy_promoter_tail_mfe,-0.017922170604803257,316.22776601683796
rbs_holdout,3,log_prot,B6_TSS_accessibility,gc_promoter,-0.8503289287703503,316.22776601683796
rbs_holdout,3,log_prot,B6_TSS_accessibility,gc_rbs,-0.22767255341374812,316.22776601683796
rbs_holdout,3,log_prot,B6_TSS_accessibility,score_minus10,0.326835098137551,316.22776601683796
rbs_holdout,3,log_prot,B6_TSS_accessibility,score_minus35,0.44174294371759815,316.22776601683796
rbs_holdout,3,log_prot,B6_TSS_accessibility,spacer_length,-0.1549111031491134,316.22776601683796
rbs_holdout,3,log_prot,B6_TSS_accessibility,spacer_optimal,0.17173509946304175,316.22776601683796
rbs_holdout,3,log_prot,B6_TSS_accessibility,score_sd,0.42115824532876794,316.22776601683796
rbs_holdout,3,log_prot,B6_TSS_accessibility,sd_spacing,-0.4367209719252691,316.22776601683796
rbs_holdout,3,log_prot,B6_TSS_accessibility,sd_spacing_optimal,-0.37348410332985393,316.22776601683796
rbs_holdout,3,log_prot,B6_TSS_accessibility,sd_unpaired_probability,0.012494232316858554,316.22776601683796
rbs_holdout,3,log_prot,B6_TSS_accessibility,start_unpaired_probability,0.014785571711544973,316.22776601683796
rbs_holdout,3,log_prot,B6_TSS_accessibility,sd_start_opening_energy,-0.27592120011491644,316.22776601683796
rbs_holdout,4,log_translation_proxy,B4_sequence_only,gc_promoter,0.31244453459706506,100.0
rbs_holdout,4,log_translation_proxy,B4_sequence_only,gc_rbs,-0.19280001641773695,100.0
rbs_holdout,4,log_translation_proxy,B4_sequence_only,score_minus10,-0.169020056148096,100.0
rbs_holdout,4,log_translation_proxy,B4_sequence_only,score_minus35,-0.12380901104513492,100.0
rbs_holdout,4,log_translation_proxy,B4_sequence_only,spacer_length,0.012108043333288701,100.0
rbs_holdout,4,log_translation_proxy,B4_sequence_only,spacer_optimal,0.04137910745238552,100.0
rbs_holdout,4,log_translation_proxy,B4_sequence_only,score_sd,0.20374702129893302,100.0
rbs_holdout,4,log_translation_proxy,B4_sequence_only,sd_spacing,-0.41093069024298823,100.0
rbs_holdout,4,log_translation_proxy,B4_sequence_only,sd_spacing_optimal,-0.3540591693743673,100.0
rbs_holdout,4,log_translation_proxy,B3_historical_MFE,gc_promoter,0.37760877122855335,316.22776601683796
rbs_holdout,4,log_translation_proxy,B3_historical_MFE,gc_rbs,-0.1739145924266489,316.22776601683796
rbs_holdout,4,log_translation_proxy,B3_historical_MFE,score_minus10,-0.14023805258623542,316.22776601683796
rbs_holdout,4,log_translation_proxy,B3_historical_MFE,score_minus35,-0.11874647797753735,316.22776601683796
rbs_holdout,4,log_translation_proxy,B3_historical_MFE,spacer_length,0.006797420238779193,316.22776601683796
rbs_holdout,4,log_translation_proxy,B3_historical_MFE,spacer_optimal,0.035376734122038636,316.22776601683796
rbs_holdout,4,log_translation_proxy,B3_historical_MFE,score_sd,0.19855161131067514,316.22776601683796
rbs_holdout,4,log_translation_proxy,B3_historical_MFE,sd_spacing,-0.3641276734426939,316.22776601683796
rbs_holdout,4,log_translation_proxy,B3_historical_MFE,sd_spacing_optimal,-0.29305109870131346,316.22776601683796
rbs_holdout,4,log_translation_proxy,B3_historical_MFE,legacy_promoter_tail_mfe,0.15576875401180618,316.22776601683796
rbs_holdout,4,log_translation_proxy,B6_TSS_accessibility,gc_promoter,0.30718943964760886,316.22776601683796
rbs_holdout,4,log_translation_proxy,B6_TSS_accessibility,gc_rbs,-0.14459839661097934,316.22776601683796
rbs_holdout,4,log_translation_proxy,B6_TSS_accessibility,score_minus10,-0.16297783744297742,316.22776601683796
rbs_holdout,4,log_translation_proxy,B6_TSS_accessibility,score_minus35,-0.12636640889426545,316.22776601683796
rbs_holdout,4,log_translation_proxy,B6_TSS_accessibility,spacer_length,0.01841272291899467,316.22776601683796
rbs_holdout,4,log_translation_proxy,B6_TSS_accessibility,spacer_optimal,0.02946417100469175,316.22776601683796
rbs_holdout,4,log_translation_proxy,B6_TSS_accessibility,score_sd,0.22276434016479443,316.22776601683796
rbs_holdout,4,log_translation_proxy,B6_TSS_accessibility,sd_spacing,-0.27136158195496074,316.22776601683796
rbs_holdout,4,log_translation_proxy,B6_TSS_accessibility,sd_spacing_optimal,-0.2875695264553134,316.22776601683796
rbs_holdout,4,log_translation_proxy,B6_TSS_accessibility,sd_unpaired_probability,-0.06399759382023028,316.22776601683796
rbs_holdout,4,log_translation_proxy,B6_TSS_accessibility,start_unpaired_probability,-0.09462932149914742,316.22776601683796
rbs_holdout,4,log_translation_proxy,B6_TSS_accessibility,sd_start_opening_energy,-0.28098738552535024,316.22776601683796
rbs_holdout,4,log_prot,B4_sequence_only,gc_promoter,-0.9075446240421507,1e-05
rbs_holdout,4,log_prot,B4_sequence_only,gc_rbs,-0.21553258417770554,1e-05
rbs_holdout,4,log_prot,B4_sequence_only,score_minus10,0.3369245156322918,1e-05
rbs_holdout,4,log_prot,B4_sequence_only,score_minus35,0.47204125441018885,1e-05
rbs_holdout,4,log_prot,B4_sequence_only,spacer_length,-0.17857034049616313,1e-05
rbs_holdout,4,log_prot,B4_sequence_only,spacer_optimal,0.20550484503273236,1e-05
rbs_holdout,4,log_prot,B4_sequence_only,score_sd,0.26784938238418093,1e-05
rbs_holdout,4,log_prot,B4_sequence_only,sd_spacing,-0.6210100869539785,1e-05
rbs_holdout,4,log_prot,B4_sequence_only,sd_spacing_optimal,-0.4958667656951254,1e-05
rbs_holdout,4,log_prot,B3_historical_MFE,gc_promoter,-0.9278084598732891,1e-05
rbs_holdout,4,log_prot,B3_historical_MFE,gc_rbs,-0.2220829042938475,1e-05
rbs_holdout,4,log_prot,B3_historical_MFE,score_minus10,0.3294184587559063,1e-05
rbs_holdout,4,log_prot,B3_historical_MFE,score_minus35,0.47180349081458467,1e-05
rbs_holdout,4,log_prot,B3_historical_MFE,spacer_length,-0.17781543302557484,1e-05
rbs_holdout,4,log_prot,B3_historical_MFE,spacer_optimal,0.20782848946574584,1e-05
rbs_holdout,4,log_prot,B3_historical_MFE,score_sd,0.2695784844911845,1e-05
rbs_holdout,4,log_prot,B3_historical_MFE,sd_spacing,-0.6171482435573902,1e-05
rbs_holdout,4,log_prot,B3_historical_MFE,sd_spacing_optimal,-0.49645343185857893,1e-05
rbs_holdout,4,log_prot,B3_historical_MFE,legacy_promoter_tail_mfe,-0.041946515200414314,1e-05
rbs_holdout,4,log_prot,B6_TSS_accessibility,gc_promoter,-0.9099162081496773,1e-05
rbs_holdout,4,log_prot,B6_TSS_accessibility,gc_rbs,-0.1433987936739749,1e-05
rbs_holdout,4,log_prot,B6_TSS_accessibility,score_minus10,0.3403675035686957,1e-05
rbs_holdout,4,log_prot,B6_TSS_accessibility,score_minus35,0.4653119237933202,1e-05
rbs_holdout,4,log_prot,B6_TSS_accessibility,spacer_length,-0.1764904766432631,1e-05
rbs_holdout,4,log_prot,B6_TSS_accessibility,spacer_optimal,0.19432294012492407,1e-05
rbs_holdout,4,log_prot,B6_TSS_accessibility,score_sd,0.2767790889937213,1e-05
rbs_holdout,4,log_prot,B6_TSS_accessibility,sd_spacing,-0.6546820304833328,1e-05
rbs_holdout,4,log_prot,B6_TSS_accessibility,sd_spacing_optimal,-0.5331137334139939,1e-05
rbs_holdout,4,log_prot,B6_TSS_accessibility,sd_unpaired_probability,0.02037965144368344,1e-05
rbs_holdout,4,log_prot,B6_TSS_accessibility,start_unpaired_probability,0.013728818900523814,1e-05
rbs_holdout,4,log_prot,B6_TSS_accessibility,sd_start_opening_energy,-0.2980589265418605,1e-05
double_unseen,0,log_translation_proxy,B4_sequence_only,gc_promoter,0.3189279991636388,1000.0
double_unseen,0,log_translation_proxy,B4_sequence_only,gc_rbs,-0.2578877345302567,1000.0
double_unseen,0,log_translation_proxy,B4_sequence_only,score_minus10,-0.12557386934990086,1000.0
double_unseen,0,log_translation_proxy,B4_sequence_only,score_minus35,-0.16265961843455673,1000.0
double_unseen,0,log_translation_proxy,B4_sequence_only,spacer_length,-0.01392746182609914,1000.0
double_unseen,0,log_translation_proxy,B4_sequence_only,spacer_optimal,0.025294616911383724,1000.0
double_unseen,0,log_translation_proxy,B4_sequence_only,score_sd,0.31364576441533537,1000.0
double_unseen,0,log_translation_proxy,B4_sequence_only,sd_spacing,-0.20817800881570586,1000.0
double_unseen,0,log_translation_proxy,B4_sequence_only,sd_spacing_optimal,-0.15447841911194968,1000.0
double_unseen,0,log_translation_proxy,B3_historical_MFE,gc_promoter,0.3634773464384436,1000.0
double_unseen,0,log_translation_proxy,B3_historical_MFE,gc_rbs,-0.24005311498893733,1000.0
double_unseen,0,log_translation_proxy,B3_historical_MFE,score_minus10,-0.1091975760060448,1000.0
double_unseen,0,log_translation_proxy,B3_historical_MFE,score_minus35,-0.16093654893682313,1000.0
double_unseen,0,log_translation_proxy,B3_historical_MFE,spacer_length,-0.02014611855685741,1000.0
double_unseen,0,log_translation_proxy,B3_historical_MFE,spacer_optimal,0.02555087650316889,1000.0
double_unseen,0,log_translation_proxy,B3_historical_MFE,score_sd,0.3179362256383164,1000.0
double_unseen,0,log_translation_proxy,B3_historical_MFE,sd_spacing,-0.2069553663029933,1000.0
double_unseen,0,log_translation_proxy,B3_historical_MFE,sd_spacing_optimal,-0.15158059438741184,1000.0
double_unseen,0,log_translation_proxy,B3_historical_MFE,legacy_promoter_tail_mfe,0.12276688712396656,1000.0
double_unseen,0,log_translation_proxy,B6_TSS_accessibility,gc_promoter,0.3214970015020594,1000.0
double_unseen,0,log_translation_proxy,B6_TSS_accessibility,gc_rbs,-0.21807090346648605,1000.0
double_unseen,0,log_translation_proxy,B6_TSS_accessibility,score_minus10,-0.1303084970148195,1000.0
double_unseen,0,log_translation_proxy,B6_TSS_accessibility,score_minus35,-0.1645831970020355,1000.0
double_unseen,0,log_translation_proxy,B6_TSS_accessibility,spacer_length,-0.0028056549399536976,1000.0
double_unseen,0,log_translation_proxy,B6_TSS_accessibility,spacer_optimal,0.016169671508786492,1000.0
double_unseen,0,log_translation_proxy,B6_TSS_accessibility,score_sd,0.3336219206657566,1000.0
double_unseen,0,log_translation_proxy,B6_TSS_accessibility,sd_spacing,-0.15938201757574386,1000.0
double_unseen,0,log_translation_proxy,B6_TSS_accessibility,sd_spacing_optimal,-0.16594553932348946,1000.0
double_unseen,0,log_translation_proxy,B6_TSS_accessibility,sd_unpaired_probability,-0.04102488602012641,1000.0
double_unseen,0,log_translation_proxy,B6_TSS_accessibility,start_unpaired_probability,-0.02743156419609557,1000.0
double_unseen,0,log_translation_proxy,B6_TSS_accessibility,sd_start_opening_energy,-0.22269150855931483,1000.0
double_unseen,0,log_prot,B4_sequence_only,gc_promoter,-0.8902014199391936,100.0
double_unseen,0,log_prot,B4_sequence_only,gc_rbs,-0.3006095593222549,100.0
double_unseen,0,log_prot,B4_sequence_only,score_minus10,0.28221973641288794,100.0
double_unseen,0,log_prot,B4_sequence_only,score_minus35,0.5819811136209739,100.0
double_unseen,0,log_prot,B4_sequence_only,spacer_length,-0.22813850581603595,100.0
double_unseen,0,log_prot,B4_sequence_only,spacer_optimal,0.22796581392877294,100.0
double_unseen,0,log_prot,B4_sequence_only,score_sd,0.4159702168431939,100.0
double_unseen,0,log_prot,B4_sequence_only,sd_spacing,-0.5357301973051124,100.0
double_unseen,0,log_prot,B4_sequence_only,sd_spacing_optimal,-0.43582886291530953,100.0
double_unseen,0,log_prot,B3_historical_MFE,gc_promoter,-0.9596952695504798,31.622776601683793
double_unseen,0,log_prot,B3_historical_MFE,gc_rbs,-0.31963873211091987,31.622776601683793
double_unseen,0,log_prot,B3_historical_MFE,score_minus10,0.2608135739557412,31.622776601683793
double_unseen,0,log_prot,B3_historical_MFE,score_minus35,0.5852285397628954,31.622776601683793
double_unseen,0,log_prot,B3_historical_MFE,spacer_length,-0.23226658005838358,31.622776601683793
double_unseen,0,log_prot,B3_historical_MFE,spacer_optimal,0.24369195731158516,31.622776601683793
double_unseen,0,log_prot,B3_historical_MFE,score_sd,0.41289609248949916,31.622776601683793
double_unseen,0,log_prot,B3_historical_MFE,sd_spacing,-0.5794320118386567,31.622776601683793
double_unseen,0,log_prot,B3_historical_MFE,sd_spacing_optimal,-0.48109778008818727,31.622776601683793
double_unseen,0,log_prot,B3_historical_MFE,legacy_promoter_tail_mfe,-0.13085880762108154,31.622776601683793
double_unseen,0,log_prot,B6_TSS_accessibility,gc_promoter,-0.8891145489803874,100.0
double_unseen,0,log_prot,B6_TSS_accessibility,gc_rbs,-0.2579653738270803,100.0
double_unseen,0,log_prot,B6_TSS_accessibility,score_minus10,0.2803830829209151,100.0
double_unseen,0,log_prot,B6_TSS_accessibility,score_minus35,0.5801782897872478,100.0
double_unseen,0,log_prot,B6_TSS_accessibility,spacer_length,-0.21965627175486288,100.0
double_unseen,0,log_prot,B6_TSS_accessibility,spacer_optimal,0.21700854711248713,100.0
double_unseen,0,log_prot,B6_TSS_accessibility,score_sd,0.4375066729163044,100.0
double_unseen,0,log_prot,B6_TSS_accessibility,sd_spacing,-0.5451948410441573,100.0
double_unseen,0,log_prot,B6_TSS_accessibility,sd_spacing_optimal,-0.45854385304256023,100.0
double_unseen,0,log_prot,B6_TSS_accessibility,sd_unpaired_probability,0.039441570748490876,100.0
double_unseen,0,log_prot,B6_TSS_accessibility,start_unpaired_probability,0.00933463875062904,100.0
double_unseen,0,log_prot,B6_TSS_accessibility,sd_start_opening_energy,-0.18510638126726067,100.0
double_unseen,1,log_translation_proxy,B4_sequence_only,gc_promoter,0.2734717317912143,316.22776601683796
double_unseen,1,log_translation_proxy,B4_sequence_only,gc_rbs,-0.21664729246256595,316.22776601683796
double_unseen,1,log_translation_proxy,B4_sequence_only,score_minus10,-0.16902213378783504,316.22776601683796
double_unseen,1,log_translation_proxy,B4_sequence_only,score_minus35,-0.10615828499230866,316.22776601683796
double_unseen,1,log_translation_proxy,B4_sequence_only,spacer_length,-0.014028002114687825,316.22776601683796
double_unseen,1,log_translation_proxy,B4_sequence_only,spacer_optimal,0.09013559524111187,316.22776601683796
double_unseen,1,log_translation_proxy,B4_sequence_only,score_sd,0.3617695738985792,316.22776601683796
double_unseen,1,log_translation_proxy,B4_sequence_only,sd_spacing,-0.23164936434280736,316.22776601683796
double_unseen,1,log_translation_proxy,B4_sequence_only,sd_spacing_optimal,-0.295407862183449,316.22776601683796
double_unseen,1,log_translation_proxy,B3_historical_MFE,gc_promoter,0.31789752943375943,316.22776601683796
double_unseen,1,log_translation_proxy,B3_historical_MFE,gc_rbs,-0.19896196630173937,316.22776601683796
double_unseen,1,log_translation_proxy,B3_historical_MFE,score_minus10,-0.1531682895382087,316.22776601683796
double_unseen,1,log_translation_proxy,B3_historical_MFE,score_minus35,-0.10826672718661413,316.22776601683796
double_unseen,1,log_translation_proxy,B3_historical_MFE,spacer_length,-0.02190140824009882,316.22776601683796
double_unseen,1,log_translation_proxy,B3_historical_MFE,spacer_optimal,0.08892464869731075,316.22776601683796
double_unseen,1,log_translation_proxy,B3_historical_MFE,score_sd,0.36745880664296726,316.22776601683796
double_unseen,1,log_translation_proxy,B3_historical_MFE,sd_spacing,-0.23354184629993052,316.22776601683796
double_unseen,1,log_translation_proxy,B3_historical_MFE,sd_spacing_optimal,-0.2923860738082515,316.22776601683796
double_unseen,1,log_translation_proxy,B3_historical_MFE,legacy_promoter_tail_mfe,0.10013919405869516,316.22776601683796
double_unseen,1,log_translation_proxy,B6_TSS_accessibility,gc_promoter,0.26983852974010364,316.22776601683796
double_unseen,1,log_translation_proxy,B6_TSS_accessibility,gc_rbs,-0.14476942101734472,316.22776601683796
double_unseen,1,log_translation_proxy,B6_TSS_accessibility,score_minus10,-0.16298253360998752,316.22776601683796
double_unseen,1,log_translation_proxy,B6_TSS_accessibility,score_minus35,-0.1166855282142582,316.22776601683796
double_unseen,1,log_translation_proxy,B6_TSS_accessibility,spacer_length,-0.0023393483739232103,316.22776601683796
double_unseen,1,log_translation_proxy,B6_TSS_accessibility,spacer_optimal,0.08134328168372708,316.22776601683796
double_unseen,1,log_translation_proxy,B6_TSS_accessibility,score_sd,0.4092823314131504,316.22776601683796
double_unseen,1,log_translation_proxy,B6_TSS_accessibility,sd_spacing,-0.16955437172212068,316.22776601683796
double_unseen,1,log_translation_proxy,B6_TSS_accessibility,sd_spacing_optimal,-0.3159579739469994,316.22776601683796
double_unseen,1,log_translation_proxy,B6_TSS_accessibility,sd_unpaired_probability,-0.0033861626753511906,316.22776601683796
double_unseen,1,log_translation_proxy,B6_TSS_accessibility,start_unpaired_probability,-0.15408705372233553,316.22776601683796
double_unseen,1,log_translation_proxy,B6_TSS_accessibility,sd_start_opening_energy,-0.2944445263879706,316.22776601683796
double_unseen,1,log_prot,B4_sequence_only,gc_promoter,-0.8471596566905185,3.1622776601683795
double_unseen,1,log_prot,B4_sequence_only,gc_rbs,-0.23921500681546204,3.1622776601683795
double_unseen,1,log_prot,B4_sequence_only,score_minus10,0.3568985213376494,3.1622776601683795
double_unseen,1,log_prot,B4_sequence_only,score_minus35,0.4234413102314285,3.1622776601683795
double_unseen,1,log_prot,B4_sequence_only,spacer_length,-0.10826480014240283,3.1622776601683795
double_unseen,1,log_prot,B4_sequence_only,spacer_optimal,0.14323163107676581,3.1622776601683795
double_unseen,1,log_prot,B4_sequence_only,score_sd,0.4658343590116567,3.1622776601683795
double_unseen,1,log_prot,B4_sequence_only,sd_spacing,-0.4754392302709832,3.1622776601683795
double_unseen,1,log_prot,B4_sequence_only,sd_spacing_optimal,-0.5061274265202927,3.1622776601683795
double_unseen,1,log_prot,B3_historical_MFE,gc_promoter,-0.8547644807637998,3.1622776601683795
double_unseen,1,log_prot,B3_historical_MFE,gc_rbs,-0.24217933836313238,3.1622776601683795
double_unseen,1,log_prot,B3_historical_MFE,score_minus10,0.3539961105989505,3.1622776601683795
double_unseen,1,log_prot,B3_historical_MFE,score_minus35,0.42377499641313565,3.1622776601683795
double_unseen,1,log_prot,B3_historical_MFE,spacer_length,-0.10702877896065387,3.1622776601683795
double_unseen,1,log_prot,B3_historical_MFE,spacer_optimal,0.14377947508822111,3.1622776601683795
double_unseen,1,log_prot,B3_historical_MFE,score_sd,0.4648813946141807,3.1622776601683795
double_unseen,1,log_prot,B3_historical_MFE,sd_spacing,-0.4751219586805314,3.1622776601683795
double_unseen,1,log_prot,B3_historical_MFE,sd_spacing_optimal,-0.5066157707336233,3.1622776601683795
double_unseen,1,log_prot,B3_historical_MFE,legacy_promoter_tail_mfe,-0.015936615950754345,3.1622776601683795
double_unseen,1,log_prot,B6_TSS_accessibility,gc_promoter,-0.8351216462082086,100.0
double_unseen,1,log_prot,B6_TSS_accessibility,gc_rbs,-0.15728564545350845,100.0
double_unseen,1,log_prot,B6_TSS_accessibility,score_minus10,0.3560403095975921,100.0
double_unseen,1,log_prot,B6_TSS_accessibility,score_minus35,0.4079965512405239,100.0
double_unseen,1,log_prot,B6_TSS_accessibility,spacer_length,-0.09071791989288784,100.0
double_unseen,1,log_prot,B6_TSS_accessibility,spacer_optimal,0.12343857961250435,100.0
double_unseen,1,log_prot,B6_TSS_accessibility,score_sd,0.5063347001249026,100.0
double_unseen,1,log_prot,B6_TSS_accessibility,sd_spacing,-0.4147558599501269,100.0
double_unseen,1,log_prot,B6_TSS_accessibility,sd_spacing_optimal,-0.49108749844045446,100.0
double_unseen,1,log_prot,B6_TSS_accessibility,sd_unpaired_probability,0.015634360114061316,100.0
double_unseen,1,log_prot,B6_TSS_accessibility,start_unpaired_probability,-0.017461909806026004,100.0
double_unseen,1,log_prot,B6_TSS_accessibility,sd_start_opening_energy,-0.32200930047143184,100.0
double_unseen,2,log_translation_proxy,B4_sequence_only,gc_promoter,0.29251947126487926,1000.0
double_unseen,2,log_translation_proxy,B4_sequence_only,gc_rbs,-0.23130851120599336,1000.0
double_unseen,2,log_translation_proxy,B4_sequence_only,score_minus10,-0.15775431849587745,1000.0
double_unseen,2,log_translation_proxy,B4_sequence_only,score_minus35,-0.08180498741395242,1000.0
double_unseen,2,log_translation_proxy,B4_sequence_only,spacer_length,-0.0032933208746432495,1000.0
double_unseen,2,log_translation_proxy,B4_sequence_only,spacer_optimal,0.025522354068014372,1000.0
double_unseen,2,log_translation_proxy,B4_sequence_only,score_sd,0.3602790499446376,1000.0
double_unseen,2,log_translation_proxy,B4_sequence_only,sd_spacing,-0.1629011954131998,1000.0
double_unseen,2,log_translation_proxy,B4_sequence_only,sd_spacing_optimal,-0.1652688917936958,1000.0
double_unseen,2,log_translation_proxy,B3_historical_MFE,gc_promoter,0.35116409437109525,1000.0
double_unseen,2,log_translation_proxy,B3_historical_MFE,gc_rbs,-0.2111265088296755,1000.0
double_unseen,2,log_translation_proxy,B3_historical_MFE,score_minus10,-0.13408624456209073,1000.0
double_unseen,2,log_translation_proxy,B3_historical_MFE,score_minus35,-0.08103106351191962,1000.0
double_unseen,2,log_translation_proxy,B3_historical_MFE,spacer_length,-0.0032697664959270086,1000.0
double_unseen,2,log_translation_proxy,B3_historical_MFE,spacer_optimal,0.0224889644649151,1000.0
double_unseen,2,log_translation_proxy,B3_historical_MFE,score_sd,0.36609576821051565,1000.0
double_unseen,2,log_translation_proxy,B3_historical_MFE,sd_spacing,-0.16435009159174113,1000.0
double_unseen,2,log_translation_proxy,B3_historical_MFE,sd_spacing_optimal,-0.16115160211263713,1000.0
double_unseen,2,log_translation_proxy,B3_historical_MFE,legacy_promoter_tail_mfe,0.12836347400089093,1000.0
double_unseen,2,log_translation_proxy,B6_TSS_accessibility,gc_promoter,0.2912797402645508,1000.0
double_unseen,2,log_translation_proxy,B6_TSS_accessibility,gc_rbs,-0.17903498500744777,1000.0
double_unseen,2,log_translation_proxy,B6_TSS_accessibility,score_minus10,-0.15393798905181663,1000.0
double_unseen,2,log_translation_proxy,B6_TSS_accessibility,score_minus35,-0.09527126450142308,1000.0
double_unseen,2,log_translation_proxy,B6_TSS_accessibility,spacer_length,-0.001927143673422178,1000.0
double_unseen,2,log_translation_proxy,B6_TSS_accessibility,spacer_optimal,0.01265407751370708,1000.0
double_unseen,2,log_translation_proxy,B6_TSS_accessibility,score_sd,0.3862787731296709,1000.0
double_unseen,2,log_translation_proxy,B6_TSS_accessibility,sd_spacing,-0.08922171030997025,1000.0
double_unseen,2,log_translation_proxy,B6_TSS_accessibility,sd_spacing_optimal,-0.17128993218144442,1000.0
double_unseen,2,log_translation_proxy,B6_TSS_accessibility,sd_unpaired_probability,-0.07363904891112968,1000.0
double_unseen,2,log_translation_proxy,B6_TSS_accessibility,start_unpaired_probability,-0.11912326077144411,1000.0
double_unseen,2,log_translation_proxy,B6_TSS_accessibility,sd_start_opening_energy,-0.2381916700345728,1000.0
double_unseen,2,log_prot,B4_sequence_only,gc_promoter,-0.8692564597054601,1e-05
double_unseen,2,log_prot,B4_sequence_only,gc_rbs,-0.2267986099725473,1e-05
double_unseen,2,log_prot,B4_sequence_only,score_minus10,0.32827435812308525,1e-05
double_unseen,2,log_prot,B4_sequence_only,score_minus35,0.43035093646378186,1e-05
double_unseen,2,log_prot,B4_sequence_only,spacer_length,-0.16225718653164994,1e-05
double_unseen,2,log_prot,B4_sequence_only,spacer_optimal,0.22909476013127725,1e-05
double_unseen,2,log_prot,B4_sequence_only,score_sd,0.5262392338345385,1e-05
double_unseen,2,log_prot,B4_sequence_only,sd_spacing,-0.5203045719889396,1e-05
double_unseen,2,log_prot,B4_sequence_only,sd_spacing_optimal,-0.4870261420794529,1e-05
double_unseen,2,log_prot,B3_historical_MFE,gc_promoter,-0.8741669521298775,1e-05
double_unseen,2,log_prot,B3_historical_MFE,gc_rbs,-0.22834320091051233,1e-05
double_unseen,2,log_prot,B3_historical_MFE,score_minus10,0.3258097606591732,1e-05
double_unseen,2,log_prot,B3_historical_MFE,score_minus35,0.4300781600987262,1e-05
double_unseen,2,log_prot,B3_historical_MFE,spacer_length,-0.16263466506649868,1e-05
double_unseen,2,log_prot,B3_historical_MFE,spacer_optimal,0.23021526901287884,1e-05
double_unseen,2,log_prot,B3_historical_MFE,score_sd,0.5258102703003231,1e-05
double_unseen,2,log_prot,B3_historical_MFE,sd_spacing,-0.5201530218908265,1e-05
double_unseen,2,log_prot,B3_historical_MFE,sd_spacing_optimal,-0.4872900324551291,1e-05
double_unseen,2,log_prot,B3_historical_MFE,legacy_promoter_tail_mfe,-0.00838656987629958,1e-05
double_unseen,2,log_prot,B6_TSS_accessibility,gc_promoter,-0.8581071650305576,10.0
double_unseen,2,log_prot,B6_TSS_accessibility,gc_rbs,-0.16008855032626607,10.0
double_unseen,2,log_prot,B6_TSS_accessibility,score_minus10,0.33949611323541545,10.0
double_unseen,2,log_prot,B6_TSS_accessibility,score_minus35,0.41744209927070297,10.0
double_unseen,2,log_prot,B6_TSS_accessibility,spacer_length,-0.15672378968049078,10.0
double_unseen,2,log_prot,B6_TSS_accessibility,spacer_optimal,0.20376123550141043,10.0
double_unseen,2,log_prot,B6_TSS_accessibility,score_sd,0.5708323728944852,10.0
double_unseen,2,log_prot,B6_TSS_accessibility,sd_spacing,-0.3840742403164072,10.0
double_unseen,2,log_prot,B6_TSS_accessibility,sd_spacing_optimal,-0.46250122008254874,10.0
double_unseen,2,log_prot,B6_TSS_accessibility,sd_unpaired_probability,-0.1104686853318452,10.0
double_unseen,2,log_prot,B6_TSS_accessibility,start_unpaired_probability,-0.015212948607143636,10.0
double_unseen,2,log_prot,B6_TSS_accessibility,sd_start_opening_energy,-0.36470858951908025,10.0
double_unseen,3,log_translation_proxy,B4_sequence_only,gc_promoter,0.29065662951597937,1000.0
double_unseen,3,log_translation_proxy,B4_sequence_only,gc_rbs,-0.22883305566023485,1000.0
double_unseen,3,log_translation_proxy,B4_sequence_only,score_minus10,-0.1348243823250296,1000.0
double_unseen,3,log_translation_proxy,B4_sequence_only,score_minus35,-0.1251478929919989,1000.0
double_unseen,3,log_translation_proxy,B4_sequence_only,spacer_length,-0.0021850962502186905,1000.0
double_unseen,3,log_translation_proxy,B4_sequence_only,spacer_optimal,0.016996216459671313,1000.0
double_unseen,3,log_translation_proxy,B4_sequence_only,score_sd,0.2974510045023874,1000.0
double_unseen,3,log_translation_proxy,B4_sequence_only,sd_spacing,-0.17993274223176822,1000.0
double_unseen,3,log_translation_proxy,B4_sequence_only,sd_spacing_optimal,-0.17075218986861257,1000.0
double_unseen,3,log_translation_proxy,B3_historical_MFE,gc_promoter,0.3404751803148008,1000.0
double_unseen,3,log_translation_proxy,B3_historical_MFE,gc_rbs,-0.20935350149570223,1000.0
double_unseen,3,log_translation_proxy,B3_historical_MFE,score_minus10,-0.12355350124557894,1000.0
double_unseen,3,log_translation_proxy,B3_historical_MFE,score_minus35,-0.12846052141192624,1000.0
double_unseen,3,log_translation_proxy,B3_historical_MFE,spacer_length,-0.0006321359744458182,1000.0
double_unseen,3,log_translation_proxy,B3_historical_MFE,spacer_optimal,0.018610508757879285,1000.0
double_unseen,3,log_translation_proxy,B3_historical_MFE,score_sd,0.3025988125616015,1000.0
double_unseen,3,log_translation_proxy,B3_historical_MFE,sd_spacing,-0.18261245814804708,1000.0
double_unseen,3,log_translation_proxy,B3_historical_MFE,sd_spacing_optimal,-0.1663931714841754,1000.0
double_unseen,3,log_translation_proxy,B3_historical_MFE,legacy_promoter_tail_mfe,0.13204862895473485,1000.0
double_unseen,3,log_translation_proxy,B6_TSS_accessibility,gc_promoter,0.2947589394254634,1000.0
double_unseen,3,log_translation_proxy,B6_TSS_accessibility,gc_rbs,-0.18223098093115123,1000.0
double_unseen,3,log_translation_proxy,B6_TSS_accessibility,score_minus10,-0.13298346828626761,1000.0
double_unseen,3,log_translation_proxy,B6_TSS_accessibility,score_minus35,-0.1289901216660174,1000.0
double_unseen,3,log_translation_proxy,B6_TSS_accessibility,spacer_length,0.0034720591469534208,1000.0
double_unseen,3,log_translation_proxy,B6_TSS_accessibility,spacer_optimal,0.011130090961649533,1000.0
double_unseen,3,log_translation_proxy,B6_TSS_accessibility,score_sd,0.31984497547851665,1000.0
double_unseen,3,log_translation_proxy,B6_TSS_accessibility,sd_spacing,-0.15215265039451217,1000.0
double_unseen,3,log_translation_proxy,B6_TSS_accessibility,sd_spacing_optimal,-0.18241427176689923,1000.0
double_unseen,3,log_translation_proxy,B6_TSS_accessibility,sd_unpaired_probability,-0.009728309419451195,1000.0
double_unseen,3,log_translation_proxy,B6_TSS_accessibility,start_unpaired_probability,-0.09746836284117362,1000.0
double_unseen,3,log_translation_proxy,B6_TSS_accessibility,sd_start_opening_energy,-0.21321720818628687,1000.0
double_unseen,3,log_prot,B4_sequence_only,gc_promoter,-0.925649590563521,100.0
double_unseen,3,log_prot,B4_sequence_only,gc_rbs,-0.2656928746699353,100.0
double_unseen,3,log_prot,B4_sequence_only,score_minus10,0.3195730593753266,100.0
double_unseen,3,log_prot,B4_sequence_only,score_minus35,0.4749554398569672,100.0
double_unseen,3,log_prot,B4_sequence_only,spacer_length,-0.15036090294646645,100.0
double_unseen,3,log_prot,B4_sequence_only,spacer_optimal,0.1892742469727752,100.0
double_unseen,3,log_prot,B4_sequence_only,score_sd,0.4026361353095765,100.0
double_unseen,3,log_prot,B4_sequence_only,sd_spacing,-0.46207080500629444,100.0
double_unseen,3,log_prot,B4_sequence_only,sd_spacing_optimal,-0.39073029937522336,100.0
double_unseen,3,log_prot,B3_historical_MFE,gc_promoter,-0.9712216496068308,100.0
double_unseen,3,log_prot,B3_historical_MFE,gc_rbs,-0.2827452154782657,100.0
double_unseen,3,log_prot,B3_historical_MFE,score_minus10,0.30679049668242886,100.0
double_unseen,3,log_prot,B3_historical_MFE,score_minus35,0.4767380198905964,100.0
double_unseen,3,log_prot,B3_historical_MFE,spacer_length,-0.1535118298242125,100.0
double_unseen,3,log_prot,B3_historical_MFE,spacer_optimal,0.19307239346120814,100.0
double_unseen,3,log_prot,B3_historical_MFE,score_sd,0.39815710065763193,100.0
double_unseen,3,log_prot,B3_historical_MFE,sd_spacing,-0.4599426148916832,100.0
double_unseen,3,log_prot,B3_historical_MFE,sd_spacing_optimal,-0.39429374880860973,100.0
double_unseen,3,log_prot,B3_historical_MFE,legacy_promoter_tail_mfe,-0.10170353593642868,100.0
double_unseen,3,log_prot,B6_TSS_accessibility,gc_promoter,-0.924918164689187,100.0
double_unseen,3,log_prot,B6_TSS_accessibility,gc_rbs,-0.21844946493875275,100.0
double_unseen,3,log_prot,B6_TSS_accessibility,score_minus10,0.32243278926063834,100.0
double_unseen,3,log_prot,B6_TSS_accessibility,score_minus35,0.47241534741270375,100.0
double_unseen,3,log_prot,B6_TSS_accessibility,spacer_length,-0.15336348574593292,100.0
double_unseen,3,log_prot,B6_TSS_accessibility,spacer_optimal,0.1837170246521582,100.0
double_unseen,3,log_prot,B6_TSS_accessibility,score_sd,0.4075070590854287,100.0
double_unseen,3,log_prot,B6_TSS_accessibility,sd_spacing,-0.5292243154679004,100.0
double_unseen,3,log_prot,B6_TSS_accessibility,sd_spacing_optimal,-0.435447828402739,100.0
double_unseen,3,log_prot,B6_TSS_accessibility,sd_unpaired_probability,0.055980601624925797,100.0
double_unseen,3,log_prot,B6_TSS_accessibility,start_unpaired_probability,0.047709071092735596,100.0
double_unseen,3,log_prot,B6_TSS_accessibility,sd_start_opening_energy,-0.1858322547236025,100.0
double_unseen,4,log_translation_proxy,B4_sequence_only,gc_promoter,0.3126366604249382,10.0
double_unseen,4,log_translation_proxy,B4_sequence_only,gc_rbs,-0.19088712145390152,10.0
double_unseen,4,log_translation_proxy,B4_sequence_only,score_minus10,-0.23535809429790316,10.0
double_unseen,4,log_translation_proxy,B4_sequence_only,score_minus35,-0.1118629638071581,10.0
double_unseen,4,log_translation_proxy,B4_sequence_only,spacer_length,0.08459184789210362,10.0
double_unseen,4,log_translation_proxy,B4_sequence_only,spacer_optimal,0.04139542047891614,10.0
double_unseen,4,log_translation_proxy,B4_sequence_only,score_sd,0.2022104626890309,10.0
double_unseen,4,log_translation_proxy,B4_sequence_only,sd_spacing,-0.45646483108536606,10.0
double_unseen,4,log_translation_proxy,B4_sequence_only,sd_spacing_optimal,-0.39396461854295645,10.0
double_unseen,4,log_translation_proxy,B3_historical_MFE,gc_promoter,0.3984491469257795,31.622776601683793
double_unseen,4,log_translation_proxy,B3_historical_MFE,gc_rbs,-0.1616314338444139,31.622776601683793
double_unseen,4,log_translation_proxy,B3_historical_MFE,score_minus10,-0.19883475253356744,31.622776601683793
double_unseen,4,log_translation_proxy,B3_historical_MFE,score_minus35,-0.10287385208048204,31.622776601683793
double_unseen,4,log_translation_proxy,B3_historical_MFE,spacer_length,0.07267082604392679,31.622776601683793
double_unseen,4,log_translation_proxy,B3_historical_MFE,spacer_optimal,0.03343017692384821,31.622776601683793
double_unseen,4,log_translation_proxy,B3_historical_MFE,score_sd,0.19372189414655433,31.622776601683793
double_unseen,4,log_translation_proxy,B3_historical_MFE,sd_spacing,-0.4635781694334837,31.622776601683793
double_unseen,4,log_translation_proxy,B3_historical_MFE,sd_spacing_optimal,-0.3804994672797038,31.622776601683793
double_unseen,4,log_translation_proxy,B3_historical_MFE,legacy_promoter_tail_mfe,0.18639223632931268,31.622776601683793
double_unseen,4,log_translation_proxy,B6_TSS_accessibility,gc_promoter,0.28401252517096365,1000.0
double_unseen,4,log_translation_proxy,B6_TSS_accessibility,gc_rbs,-0.15744196013077535,1000.0
double_unseen,4,log_translation_proxy,B6_TSS_accessibility,score_minus10,-0.193410596868007,1000.0
double_unseen,4,log_translation_proxy,B6_TSS_accessibility,score_minus35,-0.09172816916590906,1000.0
double_unseen,4,log_translation_proxy,B6_TSS_accessibility,spacer_length,0.051815776705722946,1000.0
double_unseen,4,log_translation_proxy,B6_TSS_accessibility,spacer_optimal,0.040768479371152834,1000.0
double_unseen,4,log_translation_proxy,B6_TSS_accessibility,score_sd,0.2085484558706813,1000.0
double_unseen,4,log_translation_proxy,B6_TSS_accessibility,sd_spacing,-0.17841854993566672,1000.0
double_unseen,4,log_translation_proxy,B6_TSS_accessibility,sd_spacing_optimal,-0.1800244210130903,1000.0
double_unseen,4,log_translation_proxy,B6_TSS_accessibility,sd_unpaired_probability,-0.06283378609665496,1000.0
double_unseen,4,log_translation_proxy,B6_TSS_accessibility,start_unpaired_probability,-0.09150123738995516,1000.0
double_unseen,4,log_translation_proxy,B6_TSS_accessibility,sd_start_opening_energy,-0.24276380813136259,1000.0
double_unseen,4,log_prot,B4_sequence_only,gc_promoter,-0.8899004709323067,31.622776601683793
double_unseen,4,log_prot,B4_sequence_only,gc_rbs,-0.21546336741386637,31.622776601683793
double_unseen,4,log_prot,B4_sequence_only,score_minus10,0.37298205145088753,31.622776601683793
double_unseen,4,log_prot,B4_sequence_only,score_minus35,0.4024295716918958,31.622776601683793
double_unseen,4,log_prot,B4_sequence_only,spacer_length,-0.2142318667505653,31.622776601683793
double_unseen,4,log_prot,B4_sequence_only,spacer_optimal,0.19747443601776069,31.622776601683793
double_unseen,4,log_prot,B4_sequence_only,score_sd,0.26724483154450057,31.622776601683793
double_unseen,4,log_prot,B4_sequence_only,sd_spacing,-0.6176329493643007,31.622776601683793
double_unseen,4,log_prot,B4_sequence_only,sd_spacing_optimal,-0.49091880321720055,31.622776601683793
double_unseen,4,log_prot,B3_historical_MFE,gc_promoter,-0.8895980579893396,31.622776601683793
double_unseen,4,log_prot,B3_historical_MFE,gc_rbs,-0.21535770361632117,31.622776601683793
double_unseen,4,log_prot,B3_historical_MFE,score_minus10,0.373106399254887,31.622776601683793
double_unseen,4,log_prot,B3_historical_MFE,score_minus35,0.4024586751089523,31.622776601683793
double_unseen,4,log_prot,B3_historical_MFE,spacer_length,-0.21427072694594398,31.622776601683793
double_unseen,4,log_prot,B3_historical_MFE,spacer_optimal,0.1974461000433358,31.622776601683793
double_unseen,4,log_prot,B3_historical_MFE,score_sd,0.2672138176520117,31.622776601683793
double_unseen,4,log_prot,B3_historical_MFE,sd_spacing,-0.6176944325751029,31.622776601683793
double_unseen,4,log_prot,B3_historical_MFE,sd_spacing_optimal,-0.490906884999673,31.622776601683793
double_unseen,4,log_prot,B3_historical_MFE,legacy_promoter_tail_mfe,0.0006515176537503501,31.622776601683793
double_unseen,4,log_prot,B6_TSS_accessibility,gc_promoter,-0.888703763378624,31.622776601683793
double_unseen,4,log_prot,B6_TSS_accessibility,gc_rbs,-0.15148123157738927,31.622776601683793
double_unseen,4,log_prot,B6_TSS_accessibility,score_minus10,0.37937516199759763,31.622776601683793
double_unseen,4,log_prot,B6_TSS_accessibility,score_minus35,0.39639912894953333,31.622776601683793
double_unseen,4,log_prot,B6_TSS_accessibility,spacer_length,-0.2259891823521191,31.622776601683793
double_unseen,4,log_prot,B6_TSS_accessibility,spacer_optimal,0.19219256396887516,31.622776601683793
double_unseen,4,log_prot,B6_TSS_accessibility,score_sd,0.2805026606411791,31.622776601683793
double_unseen,4,log_prot,B6_TSS_accessibility,sd_spacing,-0.5985957947884293,31.622776601683793
double_unseen,4,log_prot,B6_TSS_accessibility,sd_spacing_optimal,-0.5055888059840666,31.622776601683793
double_unseen,4,log_prot,B6_TSS_accessibility,sd_unpaired_probability,-0.030509424372649113,31.622776601683793
double_unseen,4,log_prot,B6_TSS_accessibility,start_unpaired_probability,0.01911759257645256,31.622776601683793
double_unseen,4,log_prot,B6_TSS_accessibility,sd_start_opening_energy,-0.32018224836916737,31.622776601683793
