name,start_codon,start_position,ostir_expression,RBS_distance_bp,dG_total,dG_rRNA:mRNA,dG_mRNA,dG_spacing,dG_standby,dG_start_codon,row_index
0,AUG,34,93.0445,6,6.8649,-6.781,-14.5,0.3399,0.0,-1.194,0
1,AUG,34,2574.1789,6,-1.4351,-10.281,-9.7,0.3399,0.0,-1.194,1
2,AUG,25,334.6743,6,3.6649,-7.381,-11.9,0.3399,0.0,-1.194,2
3,AUG,31,301.5982,5,3.925,-2.381,-7.5,0.0,0.0,-1.194,3
4,AUG,34,233.489,6,4.5649,-9.081,-14.5,0.3399,0.0,-1.194,4
5,AUG,27,20870.5939,7,-6.6668,-11.581,-5.3,0.8082,0.0,-1.194,5
6,AUG,34,3840.3201,6,-2.4351,-13.781,-12.2,0.3399,0.0,-1.194,6
7,AUG,37,7099.3169,4,-3.9711,-8.781,-6.0,0.0039,0.0,-1.194,7
8,AUG,31,2949.0516,5,-1.775,-10.781,-10.2,0.0,0.0,-1.194,8
9,AUG,31,761.7878,10,1.6087,-8.281,-8.1,2.9837,0.0,-1.194,9
10,AUG,31,727.1632,5,1.725,-8.581,-8.9,0.0,-2.6,-1.194,10
11,AUG,31,644.9311,5,2.025,-7.481,-9.7,0.0,-1.0,-1.194,11
12,AUG,34,479.7093,6,2.7649,-6.781,-10.4,0.3399,0.0,-1.194,12
13,AUG,34,1252.9307,6,0.3649,-9.381,-10.6,0.3399,0.0,-1.194,13
14,AUG,34,2024.8903,6,-0.8351,-10.681,-10.7,0.3399,0.0,-1.194,14
15,AUG,31,165.5144,5,5.425,-2.081,-8.7,0.0,0.0,-1.194,15
16,AUG,34,7283.3863,6,-4.0351,-12.481,-9.3,0.3399,0.0,-1.194,16
17,AUG,37,21759.9017,4,-6.7711,-12.981,-7.4,0.0039,0.0,-1.194,17
18,AUG,34,1304.0671,6,0.2649,-10.881,-12.0,0.3399,0.0,-1.194,18
19,AUG,31,617.6212,7,2.1332,-4.681,-7.2,0.8082,0.0,-1.194,19
20,AUG,34,1111.2415,6,0.6649,-6.581,-8.1,0.3399,0.0,-1.194,20
21,AUG,34,408.7772,6,3.1649,-7.981,-12.0,0.3399,0.0,-1.194,21
22,AUG,37,24534.4055,4,-7.0711,-13.281,-7.4,0.0039,0.0,-1.194,22
23,AUG,34,1362.6061,9,0.1551,-11.981,-11.2,2.1301,0.0,-1.194,23
24,AUG,31,87.271,5,7.025,-2.981,-10.2,0.0,-1.0,-1.194,24
25,AUG,24,5802.3372,7,-3.4668,-11.581,-8.5,0.8082,0.0,-1.194,25
26,AUG,34,687.597,6,1.8649,-6.581,-9.3,0.3399,0.0,-1.194,26
27,AUG,34,2788.5887,6,-1.6351,-12.281,-11.5,0.3399,0.0,-1.194,27
28,AUG,37,2944.5126,4,-1.7711,-6.381,-5.8,0.0039,0.0,-1.194,28
29,AUG,34,5081.3313,6,-3.1351,-12.681,-10.4,0.3399,0.0,-1.194,29
30,AUG,34,1615.2396,8,-0.2701,-8.981,-8.5,1.4049,0.0,-1.194,30
31,AUG,37,726.044,4,1.7289,-4.281,-7.2,0.0039,0.0,-1.194,31
32,AUG,34,176.4641,6,5.2649,-8.181,-14.3,0.3399,0.0,-1.194,32
33,AUG,34,16871.8856,6,-6.1351,-11.281,-6.0,0.3399,0.0,-1.194,33
34,AUG,31,2057.437,5,-0.875,-11.881,-9.2,0.0,-3.0,-1.194,34
35,AUG,31,172.2696,5,5.325,-4.381,-10.9,0.0,0.0,-1.194,35
36,AUG,34,150.3713,6,5.6649,-6.481,-13.0,0.3399,0.0,-1.194,36
37,AUG,34,1470.3426,6,-0.0351,-8.581,-9.4,0.3399,0.0,-1.194,37
38,AUG,34,1725.4804,6,-0.4351,-11.081,-11.5,0.3399,0.0,-1.194,38
39,AUG,31,1970.3141,7,-0.7668,-10.681,-10.3,0.8082,0.0,-1.194,39
40,AUG,37,5584.4363,4,-3.3711,-13.281,-11.1,0.0039,0.0,-1.194,40
41,AUG,33,5356.2054,7,-3.2668,-12.081,-8.9,0.8082,-0.3,-1.194,41
42,AUG,31,340.0536,5,3.625,-2.881,-6.7,0.0,-1.0,-1.194,42
43,AUG,34,2902.4004,6,-1.7351,-11.681,-10.8,0.3399,0.0,-1.194,43
44,AUG,34,334.6743,6,3.6649,-10.481,-15.0,0.3399,0.0,-1.194,44
45,AUG,34,634.7289,6,2.0649,-8.881,-11.8,0.3399,0.0,-1.194,45
46,AUG,31,3460.7789,5,-2.175,-11.081,-8.8,0.0,-1.3,-1.194,46
47,AUG,34,5963.0575,6,-3.5351,-13.281,-10.6,0.3399,0.0,-1.194,47
48,AUG,31,924.4196,5,1.125,-9.781,-8.8,0.0,-3.3,-1.194,48
49,AUG,34,585.9257,6,2.2649,-6.381,-9.5,0.3399,0.0,-1.194,49
50,AUG,34,1156.595,6,0.5649,-9.681,-11.1,0.3399,0.0,-1.194,50
51,AUG,34,1025.8,6,0.8649,-9.381,-11.1,0.3399,0.0,-1.194,51
52,AUG,30,3689.7297,6,-2.3351,-11.281,-9.8,0.3399,0.0,-1.194,52
53,AUG,34,4329.9814,6,-2.7351,-14.181,-12.3,0.3399,0.0,-1.194,53
54,AUG,34,687.597,6,1.8649,-8.581,-11.3,0.3399,0.0,-1.194,54
55,AUG,31,418.0623,10,3.1087,-9.581,-10.9,2.9837,0.0,-1.194,55
56,AUG,34,7580.646,6,-4.1351,-11.281,-8.0,0.3399,0.0,-1.194,56
57,AUG,31,106.5943,5,6.525,-8.781,-13.2,0.0,-3.3,-1.194,57
58,AUG,34,562.9498,6,2.3649,-7.981,-11.2,0.3399,0.0,-1.194,58
59,AUG,31,338.945,7,3.6332,-5.381,-9.4,0.8082,0.0,-1.194,59
60,AUG,34,2679.2398,6,-1.5351,-11.781,-11.1,0.3399,0.0,-1.194,60
61,AUG,37,21759.9017,4,-6.7711,-12.081,-6.5,0.0039,0.0,-1.194,61
62,AUG,34,2193.5485,6,-1.0351,-11.981,-11.8,0.3399,0.0,-1.194,62
63,AUG,37,1896.321,4,-0.6711,-8.581,-9.1,0.0039,0.0,-1.194,63
64,AUG,34,1530.3523,6,-0.1351,-10.581,-11.3,0.3399,0.0,-1.194,64
65,AUG,34,2376.2547,6,-1.2351,-9.881,-9.5,0.3399,0.0,-1.194,65
66,AUG,34,562.9498,6,2.3649,-10.681,-13.9,0.3399,0.0,-1.194,66
67,AUG,37,21759.9017,4,-6.7711,-12.381,-6.8,0.0039,0.0,-1.194,67
68,AUG,31,399.0606,5,3.225,-8.081,-9.9,0.0,-2.6,-1.194,68
69,AUG,34,11770.849,6,-5.2351,-14.581,-10.2,0.3399,0.0,-1.194,69
70,AUG,31,1899.2442,5,-0.675,-7.581,-8.1,0.0,0.0,-1.194,70
71,AUG,34,377.347,6,3.3649,-12.281,-16.5,0.3399,0.0,-1.194,71
72,AUG,34,548.4909,8,2.4299,-8.981,-11.2,1.4049,0.0,-1.194,72
73,AUG,34,252.9369,6,4.3649,-7.481,-12.7,0.3399,0.0,-1.194,73
74,AUG,34,744.8687,6,1.6649,-9.681,-12.2,0.3399,0.0,-1.194,74
75,AUG,31,696.3713,7,1.8332,-8.781,-7.7,0.8082,-3.3,-1.194,75
76,AUG,31,227.1959,7,4.6332,-2.981,-8.0,0.8082,0.0,-1.194,76
77,AUG,34,20.675,5,10.625,-7.281,-13.1,0.0,-6.0,-1.194,77
78,AUG,37,1433.1833,4,0.0289,-6.381,-7.6,0.0039,0.0,-1.194,78
79,AUG,34,562.9498,6,2.3649,-6.381,-9.6,0.3399,0.0,-1.194,79
80,AUG,31,487.4199,5,2.725,-5.781,-9.7,0.0,0.0,-1.194,80
81,AUG,34,207.8957,9,4.8551,-11.081,-15.0,2.1301,0.0,-1.194,81
82,AUG,31,186.6183,5,5.125,-7.481,-13.8,0.0,0.0,-1.194,82
83,AUG,37,22324.0874,6,-6.8351,-14.981,-9.0,0.3399,0.0,-1.194,83
84,AUG,34,3144.1487,6,-1.9351,-10.781,-9.7,0.3399,0.0,-1.194,84
85,AUG,34,377.347,6,3.3649,-8.381,-12.6,0.3399,0.0,-1.194,85
86,AUG,34,224.3332,6,4.6649,-5.781,-11.3,0.3399,0.0,-1.194,86
87,AUG,34,1252.9307,6,0.3649,-9.581,-10.8,0.3399,0.0,-1.194,87
88,AUG,31,449.943,5,2.925,-5.781,-9.9,0.0,0.0,-1.194,88
89,AUG,31,1084.8273,5,0.725,-5.881,-6.8,0.0,-1.0,-1.194,89
90,AUG,34,169.5444,6,5.3649,-7.881,-14.1,0.3399,0.0,-1.194,90
91,AUG,34,263.2601,6,4.2649,-5.781,-10.9,0.3399,0.0,-1.194,91
92,AUG,34,8547.2189,6,-4.4351,-13.381,-9.8,0.3399,0.0,-1.194,92
93,AUG,31,202.1623,5,4.925,-5.581,-8.5,0.0,-3.2,-1.194,93
94,AUG,31,644.9311,5,2.025,-4.981,-8.2,0.0,0.0,-1.194,94
95,AUG,37,11023.4652,4,-5.0711,-13.381,-9.5,0.0039,0.0,-1.194,95
96,AUG,31,370.7852,10,3.4087,-8.281,-9.9,2.9837,0.0,-1.194,96
97,AUG,32,467.3885,8,2.8299,-10.681,-13.3,1.4049,0.0,-1.194,97
98,AUG,37,3319.9537,4,-2.0711,-8.581,-7.7,0.0039,0.0,-1.194,98
99,AUG,31,1435.3926,5,0.025,-7.681,-7.6,0.0,-1.3,-1.194,99
100,AUG,31,698.649,5,1.825,-9.881,-9.6,0.0,-3.3,-1.194,100
101,AUG,34,4506.7026,6,-2.8351,-10.881,-8.9,0.3399,0.0,-1.194,101
102,AUG,34,1725.4804,6,-0.4351,-7.781,-8.2,0.3399,0.0,-1.194,102
103,AUG,34,2202.1392,9,-1.0449,-11.081,-9.1,2.1301,0.0,-1.194,103
104,AUG,31,452.8837,10,2.9087,-9.581,-10.7,2.9837,0.0,-1.194,104
105,AUG,37,24534.4055,4,-7.0711,-12.381,-6.5,0.0039,0.0,-1.194,105
106,AUG,34,2376.2547,6,-1.2351,-9.781,-9.4,0.3399,0.0,-1.194,106
107,AUG,34,946.928,6,1.0649,-6.481,-8.4,0.3399,0.0,-1.194,107
108,AUG,27,7687.3897,8,-4.1701,-9.581,-5.2,1.4049,0.0,-1.194,108
109,AUG,39,75199.6649,4,-9.8711,-12.981,-4.3,0.0039,0.0,-1.194,109
110,AUG,33,485.8308,7,2.7332,-5.381,-8.5,0.8082,0.0,-1.194,110
111,AUG,29,7096.3195,8,-3.9701,-9.581,-5.4,1.4049,0.0,-1.194,111
112,AUG,36,7580.646,6,-4.1351,-13.381,-10.1,0.3399,0.0,-1.194,112
113,AUG,36,2376.2547,6,-1.2351,-9.881,-9.5,0.3399,0.0,-1.194,113
114,AUG,29,15154.8571,7,-5.8668,-11.581,-6.1,0.8082,0.0,-1.194,114
115,AUG,33,227.939,5,4.625,-6.881,-11.3,0.0,-1.4,-1.194,115
116,AUG,39,20086.82,4,-6.5711,-13.281,-7.9,0.0039,0.0,-1.194,116
117,AUG,33,186.6183,5,5.125,-7.481,-13.8,0.0,0.0,-1.194,117
118,AUG,33,452.8837,10,2.9087,-9.581,-10.7,2.9837,0.0,-1.194,118
119,AUG,33,415.3476,5,3.125,-3.581,-6.2,0.0,-1.7,-1.194,119
120,AUG,36,562.9498,6,2.3649,-10.681,-13.9,0.3399,0.0,-1.194,120
121,AUG,36,1491.0466,8,-0.0701,-8.981,-8.7,1.4049,0.0,-1.194,121
122,AUG,36,985.5754,6,0.9649,-9.581,-11.4,0.3399,0.0,-1.194,122
123,AUG,39,27267.0443,6,-7.3351,-14.981,-8.5,0.3399,0.0,-1.194,123
124,AUG,36,2202.1392,9,-1.0449,-11.081,-9.1,2.1301,0.0,-1.194,124
125,AUG,36,687.597,6,1.8649,-6.581,-9.3,0.3399,0.0,-1.194,125
126,AUG,36,1111.2415,6,0.6649,-9.381,-10.9,0.3399,0.0,-1.194,126
127,AUG,33,2141.408,5,-0.975,-7.581,-6.6,0.0,-1.2,-1.194,127
128,AUG,36,1111.2415,6,0.6649,-6.581,-8.1,0.3399,0.0,-1.194,128
129,AUG,33,1899.2442,5,-0.675,-7.581,-8.1,0.0,0.0,-1.194,129
130,AUG,36,909.7962,6,1.1649,-11.281,-12.0,0.3399,-1.3,-1.194,130
131,AUG,33,370.7852,10,3.4087,-8.281,-9.9,2.9837,0.0,-1.194,131
132,AUG,36,14963.9074,6,-5.8351,-11.281,-6.3,0.3399,0.0,-1.194,132
133,AUG,33,277.5012,7,4.1332,-3.781,-8.3,0.8082,0.0,-1.194,133
134,AUG,34,467.3885,8,2.8299,-10.681,-13.3,1.4049,0.0,-1.194,134
135,AUG,36,263.2601,6,4.2649,-5.781,-10.9,0.3399,0.0,-1.194,135
136,AUG,36,1025.8,6,0.8649,-9.381,-11.1,0.3399,0.0,-1.194,136
137,AUG,36,207.8957,9,4.8551,-11.081,-15.0,2.1301,0.0,-1.194,137
138,AUG,36,1025.8,6,0.8649,-11.581,-11.5,0.3399,-1.8,-1.194,138
139,AUG,33,289.7717,5,4.025,-8.381,-11.7,0.0,-1.9,-1.194,139
140,AUG,36,634.7289,6,2.0649,-8.881,-11.8,0.3399,0.0,-1.194,140
141,AUG,36,2024.8903,6,-0.8351,-10.681,-10.7,0.3399,0.0,-1.194,141
142,AUG,36,4506.7026,6,-2.8351,-10.881,-8.9,0.3399,0.0,-1.194,142
143,AUG,36,1530.3523,6,-0.1351,-10.581,-11.3,0.3399,0.0,-1.194,143
144,AUG,33,313.9075,5,3.825,-2.781,-7.1,0.0,-0.7,-1.194,144
145,AUG,33,850.5605,7,1.3332,-5.481,-7.2,0.8082,0.0,-1.194,145
146,AUG,36,744.8687,6,1.6649,-9.681,-12.2,0.3399,0.0,-1.194,146
147,AUG,36,3855.3602,9,-2.4449,-11.981,-8.6,2.1301,0.0,-1.194,147
148,AUG,33,2949.0516,5,-1.775,-10.781,-10.2,0.0,0.0,-1.194,148
149,AUG,36,198.9642,6,4.9649,-10.981,-15.0,0.3399,-1.8,-1.194,149
150,AUG,36,408.7772,6,3.1649,-7.981,-12.0,0.3399,0.0,-1.194,150
151,AUG,36,334.6743,6,3.6649,-8.481,-11.2,0.3399,-1.8,-1.194,151
152,AUG,39,2944.5126,4,-1.7711,-6.381,-5.8,0.0039,0.0,-1.194,152
153,AUG,36,479.7093,6,2.7649,-6.781,-10.4,0.3399,0.0,-1.194,153
154,AUG,36,224.3332,6,4.6649,-5.781,-11.3,0.3399,0.0,-1.194,154
155,AUG,39,2944.5126,4,-1.7711,-6.381,-5.8,0.0039,0.0,-1.194,155
156,AUG,33,172.2696,5,5.325,-6.481,-10.9,0.0,-2.1,-1.194,156
157,AUG,36,274.0047,6,4.1649,-8.581,-13.4,0.3399,-0.2,-1.194,157
158,AUG,33,487.4199,5,2.725,-5.781,-9.7,0.0,0.0,-1.194,158
159,AUG,36,150.3713,6,5.6649,-6.481,-13.0,0.3399,0.0,-1.194,159
160,AUG,36,100.7944,6,6.6649,-8.381,-14.1,0.3399,-1.8,-1.194,160
161,AUG,36,2902.4004,6,-1.7351,-11.681,-10.8,0.3399,0.0,-1.194,161
162,AUG,26,25491.7212,7,-7.1668,-11.581,-4.8,0.8082,0.0,-1.194,162
163,AUG,36,687.597,6,1.8649,-8.581,-11.3,0.3399,0.0,-1.194,163
164,AUG,36,10439.7279,6,-4.9351,-14.581,-10.5,0.3399,0.0,-1.194,164
165,AUG,39,39650.6199,4,-8.2711,-13.281,-6.2,0.0039,0.0,-1.194,165
166,AUG,36,2574.1789,6,-1.4351,-10.281,-9.7,0.3399,0.0,-1.194,166
167,AUG,33,418.0623,10,3.1087,-9.581,-10.9,2.9837,0.0,-1.194,167
168,AUG,39,24534.4055,4,-7.0711,-12.081,-6.2,0.0039,0.0,-1.194,168
169,AUG,33,819.8804,5,1.425,-5.681,-7.6,0.0,-0.7,-1.194,169
170,AUG,36,6206.4301,6,-3.6351,-11.281,-8.5,0.3399,0.0,-1.194,170
171,AUG,23,90536.598,6,-10.3351,-15.981,-6.5,0.3399,0.0,-1.194,171
172,AUG,36,1304.0671,6,0.2649,-8.281,-9.4,0.3399,0.0,-1.194,172
173,AUG,36,5081.3313,6,-3.1351,-13.781,-10.2,0.3399,-1.3,-1.194,173
174,AUG,20,348.3335,6,3.5649,0.219,-4.2,0.3399,0.0,-1.194,174
175,AUG,35,10158.3494,7,-4.8668,-11.581,-7.1,0.8082,0.0,-1.194,175
176,AUG,33,819.8804,5,1.425,-5.981,-8.6,0.0,0.0,-1.194,176
177,AUG,36,93.0445,6,6.8649,-6.781,-14.5,0.3399,0.0,-1.194,177
178,AUG,33,1970.3141,7,-0.7668,-10.681,-10.3,0.8082,0.0,-1.194,178
179,AUG,36,4329.9814,6,-2.7351,-14.181,-12.3,0.3399,0.0,-1.194,179
180,AUG,32,6206.4301,6,-3.6351,-11.281,-8.5,0.3399,0.0,-1.194,180
181,AUG,33,1084.8273,5,0.725,-6.781,-6.8,0.0,-1.9,-1.194,181
182,AUG,36,519.6655,6,2.5649,-6.381,-9.8,0.3399,0.0,-1.194,182
183,AUG,36,176.4641,6,5.2649,-7.881,-12.7,0.3399,-1.3,-1.194,183
184,AUG,39,42953.2196,4,-8.4711,-12.381,-5.1,0.0039,0.0,-1.194,184
185,AUG,27,585.9257,6,2.2649,-7.381,-10.5,0.3399,0.0,-1.194,185
186,AUG,36,5081.3313,6,-3.1351,-12.681,-10.4,0.3399,0.0,-1.194,186
187,AUG,33,2057.437,5,-0.875,-8.881,-9.2,0.0,0.0,-1.194,187
188,AUG,33,3460.7789,5,-2.175,-10.981,-8.8,0.0,-1.2,-1.194,188
189,AUG,33,278.4088,5,4.125,-2.081,-7.4,0.0,0.0,-1.194,189
190,AUG,33,449.943,5,2.925,-5.781,-9.9,0.0,0.0,-1.194,190
191,AUG,36,2679.2398,6,-1.5351,-14.181,-12.2,0.3399,-1.3,-1.194,191
192,AUG,39,726.044,4,1.7289,-4.281,-7.2,0.0039,0.0,-1.194,192
193,AUG,36,2788.5887,6,-1.6351,-12.281,-11.5,0.3399,0.0,-1.194,193
194,AUG,36,2376.2547,6,-1.2351,-9.781,-9.4,0.3399,0.0,-1.194,194
195,AUG,36,233.489,6,4.5649,-9.081,-14.5,0.3399,0.0,-1.194,195
196,AUG,36,1156.595,6,0.5649,-9.681,-11.1,0.3399,0.0,-1.194,196
197,AUG,39,4952.9133,4,-3.0711,-8.581,-6.7,0.0039,0.0,-1.194,197
198,AUG,36,2376.2547,6,-1.2351,-11.781,-11.4,0.3399,0.0,-1.194,198
199,AUG,33,761.7878,10,1.6087,-8.281,-8.1,2.9837,0.0,-1.194,199
200,AUG,39,38095.8012,4,-8.1711,-12.381,-5.4,0.0039,0.0,-1.194,200
201,AUG,36,519.6655,6,2.5649,-6.381,-9.8,0.3399,0.0,-1.194,201
202,AUG,39,46530.901,4,-8.6711,-13.281,-5.8,0.0039,0.0,-1.194,202
203,AUG,36,1725.4804,6,-0.4351,-7.781,-8.2,0.3399,0.0,-1.194,203
204,AUG,36,362.5501,6,3.4649,-6.481,-10.8,0.3399,0.0,-1.194,204
205,AUG,33,642.8285,7,2.0332,-4.681,-7.1,0.8082,0.0,-1.194,205
206,AUG,33,1493.9759,5,-0.075,-6.581,-7.7,0.0,0.0,-1.194,206
207,AUG,36,3144.1487,6,-1.9351,-10.781,-9.7,0.3399,0.0,-1.194,207
208,AUG,33,1129.1028,5,0.625,-5.481,-7.3,0.0,0.0,-1.194,208
209,AUG,36,687.597,6,1.8649,-6.681,-9.2,0.3399,-0.2,-1.194,209
210,AUG,33,179.3005,5,5.225,-3.881,-8.4,0.0,-1.9,-1.194,210
211,AUG,33,301.5982,5,3.925,-2.381,-7.5,0.0,0.0,-1.194,211
212,AUG,36,104.9081,6,6.5649,-8.681,-14.3,0.3399,-1.8,-1.194,212
213,AUG,39,4952.9133,4,-3.0711,-8.581,-6.7,0.0039,0.0,-1.194,213
214,AUG,33,1824.7692,5,-0.575,-6.481,-7.1,0.0,0.0,-1.194,214
215,AUG,36,5288.7177,6,-3.2351,-13.281,-10.9,0.3399,0.0,-1.194,215
216,AUG,39,8004.5178,4,-4.2711,-8.781,-5.7,0.0039,0.0,-1.194,216
217,AUG,36,548.4909,8,2.4299,-8.981,-11.2,1.4049,0.0,-1.194,217
218,AUG,36,2193.5485,6,-1.0351,-11.981,-11.8,0.3399,0.0,-1.194,218
219,AUG,36,377.347,6,3.3649,-12.281,-16.5,0.3399,0.0,-1.194,219
220,AUG,33,418.0623,10,3.1087,-9.581,-10.9,2.9837,0.0,-1.194,220
221,AUG,36,252.9369,6,4.3649,-7.481,-12.7,0.3399,0.0,-1.194,221
222,AUG,36,233.489,6,4.5649,-9.081,-14.5,0.3399,0.0,-1.194,222
223,AUG,36,348.3335,6,3.5649,-9.581,-14.0,0.3399,0.0,-1.194,223
224,AUG,36,321.5507,6,3.7649,-6.381,-11.0,0.3399,0.0,-1.194,224
225,AUG,36,377.347,6,3.3649,-12.281,-16.5,0.3399,0.0,-1.194,225
226,AUG,36,408.7772,6,3.1649,-8.581,-12.6,0.3399,0.0,-1.194,226
227,AUG,39,22647.997,4,-6.8711,-12.081,-6.4,0.0039,0.0,-1.194,227
228,AUG,33,853.3425,5,1.325,-6.481,-9.0,0.0,0.0,-1.194,228
229,AUG,36,392.7479,6,3.2649,-7.981,-12.1,0.3399,0.0,-1.194,229
230,AUG,33,367.1765,7,3.4332,-4.681,-8.5,0.8082,0.0,-1.194,230
231,AUG,36,839.8435,6,1.3649,-7.781,-10.0,0.3399,0.0,-1.194,231
232,AUG,39,33787.69,4,-7.8711,-13.281,-6.6,0.0039,0.0,-1.194,232
233,AUG,39,4952.9133,4,-3.0711,-8.581,-6.7,0.0039,0.0,-1.194,233
234,AUG,33,644.9311,5,2.025,-7.581,-9.6,0.0,-1.2,-1.194,234
235,AUG,39,1433.1833,4,0.0289,-6.381,-7.6,0.0039,0.0,-1.194,235
236,AUG,34,467.3885,8,2.8299,-10.681,-13.3,1.4049,0.0,-1.194,236
237,AUG,39,2944.5126,4,-1.7711,-6.381,-5.8,0.0039,0.0,-1.194,237
238,AUG,33,194.2349,5,5.025,-5.081,-8.1,0.0,-3.2,-1.194,238
239,AUG,36,634.7289,6,2.0649,-12.281,-15.2,0.3399,0.0,-1.194,239
240,AUG,36,1257.8377,9,0.3551,-11.081,-10.5,2.1301,0.0,-1.194,240
241,AUG,36,499.2879,6,2.6649,-6.581,-10.1,0.3399,0.0,-1.194,241
242,AUG,33,90.8328,5,6.925,-4.381,-12.5,0.0,0.0,-1.194,242
243,AUG,36,169.5444,6,5.3649,-7.881,-14.1,0.3399,0.0,-1.194,243
244,AUG,33,3460.7789,5,-2.175,-10.981,-8.8,0.0,-1.2,-1.194,244
245,AUG,33,547.7768,7,2.4332,-5.481,-8.3,0.8082,0.0,-1.194,245
246,AUG,36,348.3335,6,3.5649,-9.681,-14.1,0.3399,0.0,-1.194,246
247,AUG,33,698.649,5,1.825,-6.581,-9.6,0.0,0.0,-1.194,247
248,AUG,33,74.3667,5,7.425,-2.081,-10.7,0.0,0.0,-1.194,248
249,AUG,33,152.2901,7,5.6332,-5.381,-11.4,0.8082,0.0,-1.194,249
250,AUG,33,415.3476,5,3.125,-5.781,-10.1,0.0,0.0,-1.194,250
251,AUG,36,76.1774,6,7.3649,-6.781,-15.0,0.3399,0.0,-1.194,251
252,AUG,33,385.9182,10,3.3087,-9.581,-11.1,2.9837,0.0,-1.194,252
253,AUG,36,1418.2187,9,0.0551,-11.981,-11.1,2.1301,0.0,-1.194,253
254,AUG,36,562.9498,6,2.3649,-7.981,-11.2,0.3399,0.0,-1.194,254
255,AUG,39,8004.5178,4,-4.2711,-8.781,-5.7,0.0039,0.0,-1.194,255
256,AUG,39,726.044,4,1.7289,-4.281,-7.2,0.0039,0.0,-1.194,256
257,AUG,36,486.4642,8,2.7299,-8.981,-11.5,1.4049,0.0,-1.194,257
258,AUG,36,5081.3313,6,-3.1351,-13.381,-11.1,0.3399,0.0,-1.194,258
259,AUG,36,1025.8,6,0.8649,-9.381,-11.1,0.3399,0.0,-1.194,259
260,AUG,39,44706.286,4,-8.5711,-12.381,-5.0,0.0039,0.0,-1.194,260
261,AUG,36,1025.8,6,0.8649,-12.481,-14.2,0.3399,0.0,-1.194,261
262,AUG,33,301.5982,5,3.925,-2.381,-7.5,0.0,0.0,-1.194,262
263,AUG,20,65.7418,7,7.7332,-0.881,-9.0,0.8082,0.0,-1.194,263
264,AUG,29,4390.9523,8,-2.7701,-9.581,-6.6,1.4049,0.0,-1.194,264
265,AUG,33,202.1623,5,4.925,-7.181,-11.6,0.0,-1.7,-1.194,265
266,AUG,39,39650.6199,4,-8.2711,-13.281,-6.2,0.0039,0.0,-1.194,266
267,AUG,36,93.0445,6,6.8649,-6.781,-14.5,0.3399,0.0,-1.194,267
268,AUG,36,73.1903,6,7.4649,-8.381,-16.7,0.3399,0.0,-1.194,268
269,AUG,33,1129.1028,5,0.625,-5.481,-7.3,0.0,0.0,-1.194,269
270,AUG,36,215.5365,6,4.7649,-10.681,-16.3,0.3399,0.0,-1.194,270
271,AUG,33,370.7852,10,3.4087,-8.281,-9.9,2.9837,0.0,-1.194,271
272,AUG,39,40678.672,6,-8.3351,-14.981,-7.5,0.3399,0.0,-1.194,272
273,AUG,36,1304.0671,6,0.2649,-9.881,-11.0,0.3399,0.0,-1.194,273
274,AUG,36,2574.1789,6,-1.4351,-13.781,-13.2,0.3399,0.0,-1.194,274
275,AUG,33,1970.3141,7,-0.7668,-10.681,-10.3,0.8082,0.0,-1.194,275
276,AUG,36,2376.2547,6,-1.2351,-12.681,-12.3,0.3399,0.0,-1.194,276
277,AUG,33,468.3067,5,2.825,-8.781,-10.5,0.0,-2.3,-1.194,277
278,AUG,36,1725.4804,6,-0.4351,-11.081,-11.5,0.3399,0.0,-1.194,278
279,AUG,36,2107.5329,6,-0.9351,-11.981,-11.9,0.3399,0.0,-1.194,279
280,AUG,27,408.7772,6,3.1649,-8.481,-11.4,0.3399,-1.1,-1.194,280
281,AUG,36,128.1367,6,6.0649,-6.481,-13.4,0.3399,0.0,-1.194,281
282,AUG,36,909.7962,6,1.1649,-11.781,-13.8,0.3399,0.0,-1.194,282
283,AUG,36,1111.2415,6,0.6649,-10.881,-12.4,0.3399,0.0,-1.194,283
284,AUG,33,326.7191,5,3.725,-7.081,-9.8,0.0,-2.2,-1.194,284
285,AUG,33,1976.7588,5,-0.775,-10.781,-11.2,0.0,0.0,-1.194,285
286,AUG,39,3319.9537,4,-2.0711,-8.581,-7.7,0.0039,0.0,-1.194,286
287,AUG,36,562.9498,6,2.3649,-10.681,-13.9,0.3399,0.0,-1.194,287
288,AUG,33,415.3476,5,3.125,-5.781,-10.1,0.0,0.0,-1.194,288
289,AUG,36,609.8393,6,2.1649,-8.881,-11.9,0.3399,0.0,-1.194,289
290,AUG,36,408.7772,6,3.1649,-8.581,-12.6,0.3399,0.0,-1.194,290
291,AUG,36,1156.595,6,0.5649,-11.681,-13.1,0.3399,0.0,-1.194,291
292,AUG,36,176.4641,6,5.2649,-8.181,-14.3,0.3399,0.0,-1.194,292
293,AUG,39,39650.6199,4,-8.2711,-12.381,-5.3,0.0039,0.0,-1.194,293
294,AUG,33,356.2456,10,3.5087,-8.281,-10.0,2.9837,0.0,-1.194,294
295,AUG,39,32462.7742,4,-7.7711,-12.981,-6.4,0.0039,0.0,-1.194,295
296,AUG,32,2107.5329,6,-0.9351,-11.281,-11.2,0.3399,0.0,-1.194,296
297,AUG,36,479.7093,6,2.7649,-14.581,-18.2,0.3399,0.0,-1.194,297
298,AUG,33,186.6183,5,5.125,-7.481,-13.8,0.0,0.0,-1.194,298
299,AUG,36,985.5754,6,0.9649,-14.181,-16.0,0.3399,0.0,-1.194,299
300,AUG,36,3272.472,6,-2.0351,-11.281,-10.1,0.3399,0.0,-1.194,300
301,AUG,36,263.2601,6,4.2649,-9.681,-14.8,0.3399,0.0,-1.194,301
302,AUG,36,851.6694,8,1.3299,-8.981,-10.1,1.4049,0.0,-1.194,302
303,AUG,36,1203.7996,6,0.4649,-10.881,-12.2,0.3399,0.0,-1.194,303
304,AUG,36,207.8957,9,4.8551,-11.081,-15.0,2.1301,0.0,-1.194,304
305,AUG,36,1067.6664,6,0.7649,-9.381,-11.0,0.3399,0.0,-1.194,305
306,AUG,36,224.3332,6,4.6649,-5.781,-11.3,0.3399,0.0,-1.194,306
307,AUG,33,141.0406,5,5.825,-4.181,-9.0,0.0,-2.2,-1.194,307
308,AUG,36,1203.7996,6,0.4649,-10.281,-11.6,0.3399,0.0,-1.194,308
309,AUG,36,183.6662,6,5.1649,-6.481,-12.5,0.3399,0.0,-1.194,309
310,AUG,33,193.6016,7,5.0332,-3.781,-9.2,0.8082,0.0,-1.194,310
311,AUG,36,377.347,6,3.3649,-10.781,-15.0,0.3399,0.0,-1.194,311
312,AUG,36,1252.9307,6,0.3649,-13.281,-14.5,0.3399,0.0,-1.194,312
313,AUG,23,60686.972,6,-9.3351,-15.981,-7.5,0.3399,0.0,-1.194,313
314,AUG,36,806.9107,6,1.4649,-9.781,-12.1,0.3399,0.0,-1.194,314
315,AUG,33,1042.288,5,0.825,-8.881,-10.9,0.0,0.0,-1.194,315
316,AUG,26,18510.4168,7,-6.3668,-11.581,-5.6,0.8082,0.0,-1.194,316
317,AUG,35,10158.3494,7,-4.8668,-12.481,-8.0,0.8082,0.0,-1.194,317
318,AUG,33,1175.1853,5,0.525,-7.581,-9.3,0.0,0.0,-1.194,318
319,AUG,33,289.7717,5,4.025,-4.981,-10.2,0.0,0.0,-1.194,319
320,AUG,36,133.3664,6,5.9649,-5.781,-12.6,0.3399,0.0,-1.194,320
321,AUG,33,102.0806,7,6.6332,-2.981,-10.0,0.8082,0.0,-1.194,321
322,AUG,36,392.7479,6,3.2649,-6.581,-10.7,0.3399,0.0,-1.194,322
323,AUG,29,4048.0618,7,-2.5668,-11.581,-9.4,0.8082,0.0,-1.194,323
324,AUG,33,819.8804,5,1.425,-5.981,-8.6,0.0,0.0,-1.194,324
325,AUG,39,11941.6373,4,-5.2711,-13.281,-9.2,0.0039,0.0,-1.194,325
326,AUG,36,334.6743,6,3.6649,-10.481,-15.0,0.3399,0.0,-1.194,326
327,AUG,36,321.5507,6,3.7649,-6.381,-11.0,0.3399,0.0,-1.194,327
328,AUG,36,5288.7177,6,-3.2351,-11.281,-8.9,0.3399,0.0,-1.194,328
329,AUG,36,1304.0671,6,0.2649,-10.581,-11.7,0.3399,0.0,-1.194,329
330,AUG,36,73.1903,6,7.4649,-6.481,-14.8,0.3399,0.0,-1.194,330
331,AUG,58,460.8985,6,2.8649,-5.181,-8.9,0.3399,0.0,-1.194,331
332,AUG,58,191.1623,6,5.0649,-3.581,-9.5,0.3399,0.0,-1.194,332
333,AUG,58,144.4748,6,5.7649,-6.181,-12.8,0.3399,0.0,-1.194,333
334,AUG,58,2376.2547,6,-1.2351,-7.781,-7.4,0.3399,0.0,-1.194,334
335,AUG,55,595.3434,5,2.225,-2.881,-6.3,0.0,0.0,-1.194,335
336,AUG,61,39650.6199,4,-8.2711,-13.281,-6.2,0.0039,0.0,-1.194,336
337,AUG,55,172.2696,5,5.325,-0.281,-6.8,0.0,0.0,-1.194,337
338,AUG,55,288.8269,7,4.0332,-2.181,-6.6,0.8082,0.0,-1.194,338
339,AUG,58,1252.9307,6,0.3649,-7.781,-9.0,0.3399,0.0,-1.194,339
340,AUG,58,2385.561,9,-1.2449,-9.481,-7.3,2.1301,0.0,-1.194,340
341,AUG,55,194.2349,5,5.025,-2.981,-9.1,0.0,-0.1,-1.194,341
342,AUG,56,301.0069,8,3.9299,-8.181,-11.9,1.4049,0.0,-1.194,342
343,AUG,58,224.3332,6,4.6649,-6.681,-12.2,0.3399,0.0,-1.194,343
344,AUG,57,5146.1726,7,-3.1668,-9.081,-6.3,0.8082,0.0,-1.194,344
345,AUG,54,9637.0351,6,-4.7351,-9.881,-6.0,0.3399,0.0,-1.194,345
346,AUG,61,2944.5126,4,-1.7711,-6.381,-5.8,0.0039,0.0,-1.194,346
347,AUG,55,415.3476,5,3.125,-3.581,-7.9,0.0,0.0,-1.194,347
348,AUG,58,806.9107,6,1.4649,-5.181,-7.5,0.3399,0.0,-1.194,348
349,AUG,55,110.5831,7,6.4332,-1.281,-8.1,0.8082,0.0,-1.194,349
350,AUG,55,468.3067,5,2.825,-2.881,-6.9,0.0,0.0,-1.194,350
351,AUG,58,5504.5682,6,-3.3351,-8.681,-6.2,0.3399,0.0,-1.194,351
352,AUG,42,10.0434,8,12.4299,1.319,-10.9,1.4049,0.0,-1.194,352
353,AUG,51,7087.0796,7,-3.9668,-9.081,-5.5,0.8082,0.0,-1.194,353
354,AUG,58,1357.2905,6,0.1649,-9.081,-10.1,0.3399,0.0,-1.194,354
355,AUG,58,93.4089,9,6.8551,-8.581,-14.5,2.1301,0.0,-1.194,355
356,AUG,58,479.7093,6,2.7649,-5.181,-8.8,0.3399,0.0,-1.194,356
357,AUG,55,110.9448,5,6.425,-1.181,-7.9,0.0,-0.9,-1.194,357
358,AUG,58,2902.4004,6,-1.7351,-9.481,-8.6,0.3399,0.0,-1.194,358
359,AUG,55,1084.8273,5,0.725,-5.181,-7.1,0.0,0.0,-1.194,359
360,AUG,61,3455.4523,4,-2.1711,-8.581,-7.6,0.0039,0.0,-1.194,360
361,AUG,58,348.3335,6,3.5649,-6.181,-10.6,0.3399,0.0,-1.194,361
362,AUG,58,215.5365,6,4.7649,-6.081,-11.7,0.3399,0.0,-1.194,362
363,AUG,58,460.8985,6,2.8649,-7.381,-11.1,0.3399,0.0,-1.194,363
364,AUG,58,138.8095,6,5.8649,-7.081,-13.8,0.3399,0.0,-1.194,364
365,AUG,58,1252.9307,6,0.3649,-7.481,-8.7,0.3399,0.0,-1.194,365
366,AUG,58,123.1121,6,6.1649,-3.581,-10.6,0.3399,0.0,-1.194,366
367,AUG,58,10439.7279,6,-4.9351,-12.781,-8.7,0.3399,0.0,-1.194,367
368,AUG,58,715.6602,6,1.7649,-5.181,-7.8,0.3399,0.0,-1.194,368
369,AUG,55,449.943,5,2.925,-4.581,-8.7,0.0,0.0,-1.194,369
370,AUG,58,460.8985,6,2.8649,-9.481,-13.2,0.3399,0.0,-1.194,370
371,AUG,55,1618.4129,5,-0.275,-5.781,-6.7,0.0,0.0,-1.194,371
372,AUG,58,479.7093,6,2.7649,-7.081,-10.7,0.3399,0.0,-1.194,372
373,AUG,58,4160.19,6,-2.6351,-8.681,-6.9,0.3399,0.0,-1.194,373
374,AUG,58,4882.0772,6,-3.0351,-11.081,-8.9,0.3399,0.0,-1.194,374
375,AUG,58,207.0846,6,4.8649,-7.781,-13.5,0.3399,0.0,-1.194,375
376,AUG,55,227.939,5,4.625,-0.281,-6.1,0.0,0.0,-1.194,376
377,AUG,58,985.5754,6,0.9649,-9.481,-11.3,0.3399,0.0,-1.194,377
378,AUG,58,1530.3523,6,-0.1351,-8.281,-9.0,0.3399,0.0,-1.194,378
379,AUG,58,377.347,6,3.3649,-5.181,-9.4,0.3399,0.0,-1.194,379
380,AUG,58,2679.2398,6,-1.5351,-11.581,-10.9,0.3399,0.0,-1.194,380
381,AUG,58,73.1903,6,7.4649,-5.181,-13.5,0.3399,0.0,-1.194,381
382,AUG,61,2829.0495,4,-1.6711,-8.581,-8.1,0.0039,0.0,-1.194,382
383,AUG,58,2193.5485,6,-1.0351,-9.581,-9.4,0.3399,0.0,-1.194,383
384,AUG,58,1156.595,6,0.5649,-6.081,-7.5,0.3399,0.0,-1.194,384
385,AUG,55,401.6688,10,3.2087,-7.881,-9.3,2.9837,0.0,-1.194,385
386,AUG,55,1219.1609,7,0.4332,-8.181,-9.0,0.8082,0.0,-1.194,386
387,AUG,51,2713.4288,7,-1.5668,-7.881,-6.7,0.8082,0.0,-1.194,387
388,AUG,55,257.0025,5,4.325,-3.581,-9.1,0.0,0.0,-1.194,388
389,AUG,61,2944.5126,4,-1.7711,-6.381,-5.8,0.0039,0.0,-1.194,389
390,AUG,61,17815.2769,4,-6.2711,-12.081,-7.0,0.0039,0.0,-1.194,390
391,AUG,58,3545.0444,6,-2.2351,-11.181,-9.8,0.3399,0.0,-1.194,391
392,AUG,55,853.3425,5,1.325,-5.181,-7.7,0.0,0.0,-1.194,392
393,AUG,58,1220.7504,8,0.4299,-6.881,-7.1,1.4049,0.0,-1.194,393
394,AUG,58,744.8687,6,1.6649,-7.781,-10.3,0.3399,0.0,-1.194,394
395,AUG,58,296.8272,6,3.9649,-9.681,-14.5,0.3399,0.0,-1.194,395
396,AUG,55,119.7939,7,6.2332,-2.881,-9.5,0.8082,0.0,-1.194,396
397,AUG,58,109.1898,6,6.4649,-5.181,-12.5,0.3399,0.0,-1.194,397
398,AUG,58,150.3713,6,5.6649,-7.081,-13.6,0.3399,0.0,-1.194,398
399,AUG,58,1203.7996,6,0.4649,-9.481,-10.8,0.3399,0.0,-1.194,399
400,AUG,61,44706.286,4,-8.5711,-12.381,-5.0,0.0039,0.0,-1.194,400
401,AUG,55,1175.1853,5,0.525,-6.181,-7.9,0.0,0.0,-1.194,401
402,AUG,55,83.8488,5,7.125,-3.981,-8.6,0.0,-3.7,-1.194,402
403,AUG,55,853.3425,5,1.325,-5.181,-7.7,0.0,0.0,-1.194,403
404,AUG,58,660.6343,6,1.9649,-5.181,-8.0,0.3399,0.0,-1.194,404
405,AUG,58,1304.0671,6,0.2649,-8.981,-10.1,0.3399,0.0,-1.194,405
406,AUG,61,726.044,4,1.7289,-4.281,-7.2,0.0039,0.0,-1.194,406
407,AUG,55,172.2696,5,5.325,-2.281,-6.8,0.0,-2.0,-1.194,407
408,AUG,45,33304.4615,6,-7.8351,-14.981,-8.0,0.3399,0.0,-1.194,408
409,AUG,58,2902.4004,6,-1.7351,-12.581,-11.7,0.3399,0.0,-1.194,409
410,AUG,55,227.939,5,4.625,-0.281,-6.1,0.0,0.0,-1.194,410
411,AUG,58,1945.4883,6,-0.7351,-10.881,-11.0,0.3399,0.0,-1.194,411
412,AUG,55,2141.408,5,-0.975,-9.081,-9.3,0.0,0.0,-1.194,412
413,AUG,58,1725.4804,6,-0.4351,-9.481,-9.9,0.3399,0.0,-1.194,413
414,AUG,61,25535.7377,4,-7.1711,-12.981,-7.0,0.0039,0.0,-1.194,414
415,AUG,48,7677.3803,7,-4.1668,-9.081,-5.3,0.8082,0.0,-1.194,415
416,AUG,58,715.6602,6,1.7649,-8.981,-11.6,0.3399,0.0,-1.194,416
417,AUG,61,33787.69,4,-7.8711,-12.381,-5.7,0.0039,0.0,-1.194,417
418,AUG,58,499.2879,6,2.6649,-5.181,-8.7,0.3399,0.0,-1.194,418
419,AUG,55,165.5144,5,5.425,-5.781,-12.4,0.0,0.0,-1.194,419
420,AUG,55,106.5943,5,6.525,-1.981,-8.0,0.0,-1.7,-1.194,420
421,AUG,58,989.4352,9,0.9551,-8.581,-8.6,2.1301,0.0,-1.194,421
422,AUG,61,44706.286,4,-8.5711,-13.281,-5.9,0.0039,0.0,-1.194,422
423,AUG,55,106.5943,5,6.525,-2.881,-10.6,0.0,0.0,-1.194,423
424,AUG,55,326.7191,5,3.725,-3.581,-8.5,0.0,0.0,-1.194,424
425,AUG,55,267.4916,5,4.225,-2.881,-8.3,0.0,0.0,-1.194,425
426,AUG,58,909.7962,6,1.1649,-9.281,-11.3,0.3399,0.0,-1.194,426
427,AUG,58,2107.5329,6,-0.9351,-8.281,-8.2,0.3399,0.0,-1.194,427
428,AUG,55,87.271,5,7.025,-3.981,-8.5,0.0,-3.7,-1.194,428
429,AUG,49,362.5501,6,3.4649,-5.681,-10.0,0.3399,0.0,-1.194,429
430,AUG,58,2107.5329,6,-0.9351,-8.981,-8.9,0.3399,0.0,-1.194,430
431,AUG,58,414.5333,8,3.1299,-6.881,-9.8,1.4049,0.0,-1.194,431
432,AUG,58,150.3713,6,5.6649,-9.481,-16.0,0.3399,0.0,-1.194,432
433,AUG,61,42338.9065,6,-8.4351,-14.981,-7.4,0.3399,0.0,-1.194,433
434,AUG,61,8004.5178,4,-4.2711,-8.781,-5.7,0.0039,0.0,-1.194,434
435,AUG,58,2107.5329,6,-0.9351,-8.981,-8.9,0.3399,0.0,-1.194,435
436,AUG,58,744.8687,6,1.6649,-8.281,-10.8,0.3399,0.0,-1.194,436
437,AUG,58,6459.7355,6,-3.7351,-12.381,-9.5,0.3399,0.0,-1.194,437
438,AUG,61,9393.483,4,-4.6711,-13.281,-9.8,0.0039,0.0,-1.194,438
439,AUG,58,1530.3523,6,-0.1351,-9.481,-10.2,0.3399,0.0,-1.194,439
440,AUG,55,2722.3041,5,-1.575,-7.781,-7.4,0.0,0.0,-1.194,440
441,AUG,55,370.7852,10,3.4087,-7.881,-9.5,2.9837,0.0,-1.194,441
442,AUG,50,207.0846,6,4.8649,-7.781,-13.5,0.3399,0.0,-1.194,442
443,AUG,50,460.8985,6,2.8649,-5.181,-8.9,0.3399,0.0,-1.194,443
444,AUG,53,44706.286,4,-8.5711,-12.381,-5.0,0.0039,0.0,-1.194,444
445,AUG,50,479.7093,6,2.7649,-7.081,-10.7,0.3399,0.0,-1.194,445
446,AUG,53,2944.5126,4,-1.7711,-6.381,-5.8,0.0039,0.0,-1.194,446
447,AUG,50,377.347,6,3.3649,-5.181,-9.4,0.3399,0.0,-1.194,447
448,AUG,50,10439.7279,6,-4.9351,-12.781,-8.7,0.3399,0.0,-1.194,448
449,AUG,49,3184.2702,7,-1.9668,-9.081,-7.5,0.8082,0.0,-1.194,449
450,AUG,50,2679.2398,6,-1.5351,-11.581,-10.9,0.3399,0.0,-1.194,450
451,AUG,47,172.2696,5,5.325,-0.281,-6.8,0.0,0.0,-1.194,451
452,AUG,50,5504.5682,6,-3.3351,-8.681,-6.2,0.3399,0.0,-1.194,452
453,AUG,47,415.3476,5,3.125,-3.581,-7.9,0.0,0.0,-1.194,453
454,AUG,50,715.6602,6,1.7649,-8.981,-11.6,0.3399,0.0,-1.194,454
455,AUG,50,138.8095,6,5.8649,-7.081,-13.8,0.3399,0.0,-1.194,455
456,AUG,50,2902.4004,6,-1.7351,-9.481,-8.6,0.3399,0.0,-1.194,456
457,AUG,47,227.939,5,4.625,-5.281,-9.4,0.0,-1.7,-1.194,457
458,AUG,47,644.9311,5,2.025,-3.581,-6.1,0.0,-0.7,-1.194,458
459,AUG,47,352.7784,7,3.5332,-2.881,-6.8,0.8082,0.0,-1.194,459
460,AUG,47,1618.4129,5,-0.275,-5.781,-6.7,0.0,0.0,-1.194,460
461,AUG,50,744.8687,6,1.6649,-7.781,-10.3,0.3399,0.0,-1.194,461
462,AUG,53,2944.5126,4,-1.7711,-6.381,-5.8,0.0039,0.0,-1.194,462
463,AUG,47,218.2869,7,4.7332,-2.881,-8.0,0.8082,0.0,-1.194,463
464,AUG,50,2473.2377,6,-1.3351,-11.181,-10.7,0.3399,0.0,-1.194,464
465,AUG,47,1493.9759,5,-0.075,-5.181,-6.3,0.0,0.0,-1.194,465
466,AUG,50,1304.0671,6,0.2649,-8.981,-10.1,0.3399,0.0,-1.194,466
467,AUG,50,1203.7996,6,0.4649,-5.181,-6.5,0.3399,0.0,-1.194,467
468,AUG,47,277.5012,7,4.1332,-4.581,-9.1,0.8082,0.0,-1.194,468
469,AUG,47,165.5144,5,5.425,-5.781,-12.4,0.0,0.0,-1.194,469
470,AUG,50,985.5754,6,0.9649,-9.481,-11.3,0.3399,0.0,-1.194,470
471,AUG,50,519.6655,6,2.5649,-8.981,-12.4,0.3399,0.0,-1.194,471
472,AUG,50,4160.19,6,-2.6351,-8.681,-6.9,0.3399,0.0,-1.194,472
473,AUG,50,1357.2905,6,0.1649,-9.081,-10.1,0.3399,0.0,-1.194,473
474,AUG,50,414.5333,8,3.1299,-6.881,-9.8,1.4049,0.0,-1.194,474
475,AUG,53,29966.7669,4,-7.5711,-12.381,-6.0,0.0039,0.0,-1.194,475
476,AUG,50,1869.1999,6,-0.6351,-8.981,-9.2,0.3399,0.0,-1.194,476
477,AUG,53,4392.807,4,-2.7711,-8.581,-7.0,0.0039,0.0,-1.194,477
478,AUG,41,377.347,6,3.3649,-5.681,-9.9,0.3399,0.0,-1.194,478
479,AUG,53,37550.9584,6,-8.1351,-14.981,-7.7,0.3399,0.0,-1.194,479
480,AUG,43,3449.496,7,-2.1668,-7.881,-6.1,0.8082,0.0,-1.194,480
481,AUG,47,370.7852,10,3.4087,-7.881,-9.5,2.9837,0.0,-1.194,481
482,AUG,47,19.0854,5,10.825,-6.681,-12.8,0.0,-5.9,-1.194,482
483,AUG,46,5963.0575,6,-3.5351,-8.681,-6.0,0.3399,0.0,-1.194,483
484,AUG,47,595.3434,5,2.225,-2.881,-6.3,0.0,0.0,-1.194,484
485,AUG,47,51.8827,5,8.325,-3.881,-9.8,0.0,-3.6,-1.194,485
486,AUG,34,0.3214,-2,21.0346,-5.881,-10.9,17.2096,0.0,-1.194,486
487,AUG,50,93.4089,9,6.8551,-8.581,-14.5,2.1301,0.0,-1.194,487
488,AUG,47,246.9246,5,4.425,-2.881,-8.5,0.0,0.0,-1.194,488
489,AUG,50,744.8687,6,1.6649,-8.281,-10.8,0.3399,0.0,-1.194,489
490,AUG,48,301.0069,8,3.9299,-8.181,-11.9,1.4049,0.0,-1.194,490
491,AUG,53,726.044,4,1.7289,-4.281,-7.2,0.0039,0.0,-1.194,491
492,AUG,47,401.6688,10,3.2087,-7.881,-9.3,2.9837,0.0,-1.194,492
493,AUG,50,946.928,6,1.0649,-5.181,-7.1,0.3399,0.0,-1.194,493
494,AUG,50,1530.3523,6,-0.1351,-8.281,-9.0,0.3399,0.0,-1.194,494
495,AUG,50,634.7289,6,2.0649,-5.181,-8.1,0.3399,0.0,-1.194,495
496,AUG,53,39650.6199,4,-8.2711,-13.281,-6.2,0.0039,0.0,-1.194,496
497,AUG,50,1530.3523,6,-0.1351,-9.481,-10.2,0.3399,0.0,-1.194,497
498,AUG,47,202.1623,5,4.925,-1.981,-6.4,0.0,-1.7,-1.194,498
499,AUG,50,109.1898,6,6.4649,-5.181,-12.5,0.3399,0.0,-1.194,499
500,AUG,50,989.4352,9,0.9551,-8.581,-8.6,2.1301,0.0,-1.194,500
501,AUG,50,2107.5329,6,-0.9351,-8.281,-8.2,0.3399,0.0,-1.194,501
502,AUG,43,10158.3494,7,-4.8668,-9.081,-4.6,0.8082,0.0,-1.194,502
503,AUG,50,1156.595,6,0.5649,-9.481,-10.9,0.3399,0.0,-1.194,503
504,AUG,47,1899.2442,5,-0.675,-5.181,-5.7,0.0,0.0,-1.194,504
505,AUG,50,150.3713,6,5.6649,-7.081,-13.6,0.3399,0.0,-1.194,505
506,AUG,50,296.8272,6,3.9649,-9.681,-14.5,0.3399,0.0,-1.194,506
507,AUG,47,962.1483,5,1.025,-5.181,-7.4,0.0,0.0,-1.194,507
508,AUG,53,8004.5178,4,-4.2711,-8.781,-5.7,0.0039,0.0,-1.194,508
509,AUG,50,191.1623,6,5.0649,-3.581,-9.5,0.3399,0.0,-1.194,509
510,AUG,50,4882.0772,6,-3.0351,-11.081,-8.9,0.3399,0.0,-1.194,510
511,AUG,47,326.7191,5,3.725,-5.281,-8.5,0.0,-1.7,-1.194,511
512,AUG,47,415.3476,5,3.125,-0.981,-4.6,0.0,-0.7,-1.194,512
513,AUG,50,460.8985,6,2.8649,-7.381,-11.1,0.3399,0.0,-1.194,513
514,AUG,50,460.8985,6,2.8649,-9.481,-13.2,0.3399,0.0,-1.194,514
515,AUG,53,24534.4055,4,-7.0711,-12.081,-6.2,0.0039,0.0,-1.194,515
516,AUG,50,1252.9307,6,0.3649,-7.481,-8.7,0.3399,0.0,-1.194,516
517,AUG,50,1220.7504,8,0.4299,-6.881,-7.1,1.4049,0.0,-1.194,517
518,AUG,47,106.5943,5,6.525,-1.981,-8.0,0.0,-1.7,-1.194,518
519,AUG,47,172.2696,5,5.325,-0.981,-6.8,0.0,-0.7,-1.194,519
520,AUG,50,479.7093,6,2.7649,-5.181,-8.8,0.3399,0.0,-1.194,520
521,AUG,50,2193.5485,6,-1.0351,-9.581,-9.4,0.3399,0.0,-1.194,521
522,AUG,50,1357.2905,6,0.1649,-7.781,-8.8,0.3399,0.0,-1.194,522
523,AUG,50,1203.7996,6,0.4649,-9.481,-10.8,0.3399,0.0,-1.194,523
524,AUG,50,123.1121,6,6.1649,-4.681,-10.6,0.3399,-1.1,-1.194,524
525,AUG,50,348.3335,6,3.5649,-6.181,-10.6,0.3399,0.0,-1.194,525
526,AUG,50,150.3713,6,5.6649,-9.481,-16.0,0.3399,0.0,-1.194,526
527,AUG,50,1156.595,6,0.5649,-6.081,-7.5,0.3399,0.0,-1.194,527
528,AUG,53,39650.6199,4,-8.2711,-12.981,-5.9,0.0039,0.0,-1.194,528
529,AUG,50,215.5365,6,4.7649,-6.081,-11.7,0.3399,0.0,-1.194,529
530,AUG,50,144.4748,6,5.7649,-5.181,-11.8,0.3399,0.0,-1.194,530
531,AUG,50,73.1903,6,7.4649,-5.181,-13.5,0.3399,0.0,-1.194,531
532,AUG,37,15574.6351,6,-5.9351,-16.781,-8.6,0.3399,-3.1,-1.194,532
533,AUG,47,2722.3041,5,-1.575,-7.781,-7.4,0.0,0.0,-1.194,533
534,AUG,47,1081.2906,7,0.7332,-8.181,-9.3,0.8082,0.0,-1.194,534
535,AUG,47,165.5144,5,5.425,-4.581,-9.5,0.0,-1.7,-1.194,535
536,AUG,40,5356.2054,7,-3.2668,-10.581,-6.2,0.8082,-1.5,-1.194,536
537,AUG,47,415.3476,5,3.125,-6.181,-10.5,0.0,0.0,-1.194,537
538,AUG,47,219.0009,5,4.725,-4.581,-8.8,0.0,-1.7,-1.194,538
539,AUG,50,321.5507,6,3.7649,-6.181,-10.8,0.3399,0.0,-1.194,539
540,AUG,47,201.5032,7,4.9332,-4.581,-9.9,0.8082,0.0,-1.194,540
541,AUG,50,1252.9307,6,0.3649,-7.781,-9.0,0.3399,0.0,-1.194,541
542,AUG,50,224.3332,6,4.6649,-6.681,-12.2,0.3399,0.0,-1.194,542
543,AUG,50,6459.7355,6,-3.7351,-12.381,-9.5,0.3399,0.0,-1.194,543
544,AUG,53,5812.3561,4,-3.4711,-8.581,-6.3,0.0039,0.0,-1.194,544
545,AUG,50,2482.9238,9,-1.3449,-9.481,-7.2,2.1301,0.0,-1.194,545
546,AUG,50,1945.4883,6,-0.7351,-10.881,-11.0,0.3399,0.0,-1.194,546
547,AUG,50,2902.4004,6,-1.7351,-12.581,-11.7,0.3399,0.0,-1.194,547
548,AUG,53,46530.901,4,-8.6711,-13.281,-5.8,0.0039,0.0,-1.194,548
549,AUG,47,152.7883,5,5.625,-0.281,-7.1,0.0,0.0,-1.194,549
550,AUG,50,909.7962,6,1.1649,-9.281,-11.3,0.3399,0.0,-1.194,550
551,AUG,53,14585.7319,4,-5.7711,-13.281,-8.7,0.0039,0.0,-1.194,551
552,AUG,47,353.9323,5,3.525,-9.781,-10.9,0.0,-3.6,-1.194,552
553,AUG,39,46530.901,4,-8.6711,-13.281,-5.8,0.0039,0.0,-1.194,553
554,AUG,39,23572.3385,4,-6.9711,-13.281,-7.5,0.0039,0.0,-1.194,554
555,AUG,33,135.51,5,5.925,-4.581,-9.1,0.0,-2.6,-1.194,555
556,AUG,27,144.4748,6,5.7649,-7.381,-14.0,0.3399,0.0,-1.194,556
557,AUG,36,479.7093,6,2.7649,-10.881,-14.5,0.3399,0.0,-1.194,557
558,AUG,36,839.8435,6,1.3649,-14.881,-14.5,0.3399,-2.6,-1.194,558
559,AUG,36,25.8677,6,10.0649,-9.381,-19.3,0.3399,-1.0,-1.194,559
560,AUG,36,64.9134,6,7.7649,-7.481,-15.1,0.3399,-1.0,-1.194,560
561,AUG,36,73.1903,6,7.4649,-10.281,-16.2,0.3399,-2.4,-1.194,561
562,AUG,36,73.1903,6,7.4649,-7.081,-14.8,0.3399,-0.6,-1.194,562
563,AUG,33,888.1703,5,1.225,-8.881,-11.3,0.0,0.0,-1.194,563
564,AUG,36,123.5942,9,6.1551,-11.081,-16.3,2.1301,0.0,-1.194,564
565,AUG,33,227.939,5,4.625,-7.681,-12.2,0.0,-1.3,-1.194,565
566,AUG,33,1976.7588,5,-0.775,-11.081,-10.2,0.0,-1.3,-1.194,566
567,AUG,36,1067.6664,6,0.7649,-12.981,-13.3,0.3399,-1.3,-1.194,567
568,AUG,36,233.489,6,4.5649,-10.181,-14.3,0.3399,-1.3,-1.194,568
569,AUG,39,39650.6199,4,-8.2711,-12.381,-5.3,0.0039,0.0,-1.194,569
570,AUG,39,25170.5279,6,-7.1351,-14.981,-8.7,0.3399,0.0,-1.194,570
571,AUG,36,123.1121,6,6.1649,-11.681,-16.7,0.3399,-2.0,-1.194,571
572,AUG,39,72250.8623,4,-9.7711,-12.981,-4.4,0.0039,0.0,-1.194,572
573,AUG,33,94.54,5,6.825,-9.081,-13.5,0.0,-3.6,-1.194,573
574,AUG,36,1252.9307,6,0.3649,-12.081,-12.0,0.3399,-1.3,-1.194,574
575,AUG,36,2679.2398,6,-1.5351,-15.881,-13.9,0.3399,-1.3,-1.194,575
576,AUG,36,1657.8191,6,-0.3351,-12.181,-11.4,0.3399,-1.3,-1.194,576
577,AUG,33,165.5144,5,5.425,-8.781,-13.1,0.0,-2.3,-1.194,577
578,AUG,33,146.797,5,5.725,-5.781,-12.7,0.0,0.0,-1.194,578
579,AUG,36,1657.8191,6,-0.3351,-15.381,-13.0,0.3399,-2.9,-1.194,579
580,AUG,39,4952.9133,4,-3.0711,-8.781,-6.9,0.0039,0.0,-1.194,580
581,AUG,33,172.2696,5,5.325,-7.481,-11.4,0.0,-2.6,-1.194,581
582,AUG,39,2611.5287,4,-1.4711,-8.581,-8.3,0.0039,0.0,-1.194,582
583,AUG,39,4952.9133,4,-3.0711,-8.581,-6.7,0.0039,0.0,-1.194,583
584,AUG,33,125.9084,10,6.1087,-8.281,-12.6,2.9837,0.0,-1.194,584
585,AUG,39,39650.6199,4,-8.2711,-13.281,-6.2,0.0039,0.0,-1.194,585
586,AUG,36,874.1203,6,1.2649,-10.581,-12.1,0.3399,-0.6,-1.194,586
587,AUG,33,34.7771,5,9.325,-5.281,-12.6,0.0,-3.2,-1.194,587
588,AUG,36,10439.7279,6,-4.9351,-11.281,-7.2,0.3399,0.0,-1.194,588
589,AUG,36,909.7962,6,1.1649,-13.781,-15.8,0.3399,0.0,-1.194,589
590,AUG,20,310.1517,9,3.8551,-5.681,-8.6,2.1301,0.0,-1.194,590
591,AUG,36,296.8272,6,3.9649,-9.981,-12.6,0.3399,-2.2,-1.194,591
592,AUG,36,207.0846,6,4.8649,-11.981,-16.4,0.3399,-1.3,-1.194,592
593,AUG,33,698.649,5,1.825,-10.781,-13.8,0.0,0.0,-1.194,593
594,AUG,29,4390.9523,8,-2.7701,-9.581,-6.6,1.4049,0.0,-1.194,594
595,AUG,36,1657.8191,6,-0.3351,-14.581,-13.8,0.3399,-1.3,-1.194,595
596,AUG,39,1821.9606,4,-0.5711,-6.381,-7.0,0.0039,0.0,-1.194,596
597,AUG,36,296.8272,6,3.9649,-9.681,-12.3,0.3399,-2.2,-1.194,597
598,AUG,33,383.4123,5,3.325,-8.781,-10.5,0.0,-2.8,-1.194,598
599,AUG,36,408.7772,6,3.1649,-12.581,-13.8,0.3399,-2.8,-1.194,599
600,AUG,36,985.5754,6,0.9649,-14.581,-14.5,0.3399,-1.9,-1.194,600
601,AUG,33,68.4249,7,7.6332,-3.781,-11.8,0.8082,0.0,-1.194,601
602,AUG,36,274.0047,6,4.1649,-15.281,-17.3,0.3399,-3.0,-1.194,602
603,AUG,36,144.4748,6,5.7649,-9.181,-13.0,0.3399,-2.8,-1.194,603
604,AUG,36,183.6662,6,5.1649,-7.481,-13.5,0.3399,0.0,-1.194,604
605,AUG,36,128.1367,6,6.0649,-8.181,-15.1,0.3399,0.0,-1.194,605
606,AUG,36,425.4608,6,3.0649,-12.481,-14.2,0.3399,-2.2,-1.194,606
607,AUG,35,4944.3759,7,-3.0668,-11.581,-8.9,0.8082,0.0,-1.194,607
608,AUG,33,131.0472,10,6.0087,-8.281,-12.5,2.9837,0.0,-1.194,608
609,AUG,34,449.0608,8,2.9299,-10.681,-13.4,1.4049,0.0,-1.194,609
610,AUG,33,246.9246,5,4.425,-6.581,-12.2,0.0,0.0,-1.194,610
611,AUG,26,6542.1662,7,-3.7668,-11.581,-8.2,0.8082,0.0,-1.194,611
612,AUG,36,392.7479,6,3.2649,-8.581,-12.7,0.3399,0.0,-1.194,612
613,AUG,36,138.8095,6,5.8649,-9.581,-14.1,0.3399,-2.2,-1.194,613
614,AUG,33,301.5982,5,3.925,-6.481,-11.6,0.0,0.0,-1.194,614
615,AUG,32,2902.4004,6,-1.7351,-12.981,-10.4,0.3399,-1.7,-1.194,615
616,AUG,36,1025.8,6,0.8649,-12.581,-13.7,0.3399,-0.6,-1.194,616
617,AUG,33,258.6822,10,4.3087,-9.581,-12.1,2.9837,0.0,-1.194,617
618,AUG,36,79.2865,6,7.2649,-7.981,-13.9,0.3399,-2.2,-1.194,618
619,AUG,36,715.6602,6,1.7649,-11.081,-13.7,0.3399,0.0,-1.194,619
620,AUG,29,1430.7129,7,0.0332,-11.581,-12.0,0.8082,0.0,-1.194,620
621,AUG,36,1795.9031,6,-0.5351,-16.581,-13.7,0.3399,-3.2,-1.194,621
622,AUG,36,198.9642,6,4.9649,-10.181,-15.4,0.3399,-0.6,-1.194,622
623,AUG,39,24534.4055,4,-7.0711,-12.081,-6.2,0.0039,0.0,-1.194,623
624,AUG,36,362.5501,6,3.4649,-10.881,-12.8,0.3399,-2.4,-1.194,624
625,AUG,39,44706.286,4,-8.5711,-12.381,-5.0,0.0039,0.0,-1.194,625
626,AUG,36,243.0185,6,4.4649,-7.381,-12.1,0.3399,-0.6,-1.194,626
627,AUG,33,90.8328,5,6.925,-4.681,-10.0,0.0,-2.8,-1.194,627
628,AUG,36,144.4748,6,5.7649,-9.181,-13.0,0.3399,-2.8,-1.194,628
629,AUG,23,14963.9074,6,-5.8351,-15.981,-11.0,0.3399,0.0,-1.194,629
630,AUG,36,321.5507,6,3.7649,-14.081,-16.4,0.3399,-2.3,-1.194,630
631,AUG,36,1304.0671,6,0.2649,-11.881,-11.0,0.3399,-2.0,-1.194,631
632,AUG,39,1821.9606,4,-0.5711,-6.381,-7.0,0.0039,0.0,-1.194,632
633,AUG,36,47.1359,6,8.5649,-7.081,-15.2,0.3399,-1.3,-1.194,633
634,AUG,33,102.4145,5,6.625,-8.181,-12.8,0.0,-3.2,-1.194,634
635,AUG,36,215.5365,6,4.7649,-7.781,-11.0,0.3399,-2.4,-1.194,635
636,AUG,33,53.8241,7,8.2332,-5.381,-14.0,0.8082,0.0,-1.194,636
637,AUG,33,202.1623,5,4.925,-7.881,-11.6,0.0,-2.4,-1.194,637
638,AUG,36,1357.2905,6,0.1649,-16.381,-15.2,0.3399,-2.2,-1.194,638
639,AUG,36,144.4748,6,5.7649,-9.881,-15.2,0.3399,-1.3,-1.194,639
640,AUG,36,73.1903,6,7.4649,-7.881,-16.2,0.3399,0.0,-1.194,640
641,AUG,33,415.3476,5,3.125,-7.581,-11.9,0.0,0.0,-1.194,641
642,AUG,36,243.0185,6,4.4649,-10.581,-13.5,0.3399,-2.4,-1.194,642
643,AUG,33,193.6016,7,5.0332,-5.481,-10.9,0.8082,0.0,-1.194,643
644,AUG,36,778.3056,9,1.5551,-11.081,-11.7,2.1301,0.0,-1.194,644
645,AUG,33,26.2835,5,10.025,-2.081,-13.3,0.0,0.0,-1.194,645
646,AUG,36,308.9417,6,3.8649,-7.981,-12.7,0.3399,0.0,-1.194,646
647,AUG,36,2376.2547,6,-1.2351,-11.281,-10.9,0.3399,0.0,-1.194,647
648,AUG,33,32.1032,5,9.525,-4.881,-15.1,0.0,-0.5,-1.194,648
649,AUG,36,47.1359,6,8.5649,-7.381,-16.2,0.3399,-0.6,-1.194,649
650,AUG,33,146.797,5,5.725,-5.781,-12.7,0.0,0.0,-1.194,650
651,AUG,36,1203.7996,6,0.4649,-11.981,-12.0,0.3399,-1.3,-1.194,651
652,AUG,33,136.3957,10,5.9087,-9.581,-13.7,2.9837,0.0,-1.194,652
653,AUG,36,133.3664,6,5.9649,-7.781,-12.2,0.3399,-2.4,-1.194,653
654,AUG,33,129.7718,7,6.0332,-4.681,-11.1,0.8082,0.0,-1.194,654
655,AUG,33,120.1857,5,6.225,-5.581,-9.8,0.0,-3.2,-1.194,655
656,AUG,36,243.0185,6,4.4649,-10.481,-15.8,0.3399,0.0,-1.194,656
657,AUG,39,726.044,4,1.7289,-4.281,-7.2,0.0039,0.0,-1.194,657
658,AUG,36,25.8677,6,10.0649,-7.781,-17.4,0.3399,-1.3,-1.194,658
659,AUG,36,138.8095,6,5.8649,-9.281,-14.7,0.3399,-1.3,-1.194,659
660,AUG,33,159.0241,5,5.525,-7.481,-14.2,0.0,0.0,-1.194,660
661,AUG,36,637.2147,9,2.0551,-11.981,-13.1,2.1301,0.0,-1.194,661
662,AUG,33,921.4058,7,1.1332,-10.681,-12.2,0.8082,0.0,-1.194,662
663,AUG,36,609.8393,6,2.1649,-10.681,-12.4,0.3399,-1.3,-1.194,663
664,AUG,53,2944.5126,4,-1.7711,-8.581,-8.0,0.0039,0.0,-1.194,664
665,AUG,47,353.9323,5,3.525,-3.581,-8.3,0.0,0.0,-1.194,665
666,AUG,46,609.8393,6,2.1649,-8.681,-11.7,0.3399,0.0,-1.194,666
667,AUG,47,1618.4129,5,-0.275,-5.781,-6.7,0.0,0.0,-1.194,667
668,AUG,50,839.8435,6,1.3649,-8.881,-8.9,0.3399,-2.2,-1.194,668
669,AUG,50,85.8904,6,7.0649,-10.581,-16.3,0.3399,-2.2,-1.194,669
670,AUG,53,2944.5126,4,-1.7711,-6.381,-5.8,0.0039,0.0,-1.194,670
671,AUG,50,2193.5485,6,-1.0351,-11.081,-8.7,0.3399,-2.2,-1.194,671
672,AUG,50,2679.2398,6,-1.5351,-14.381,-11.5,0.3399,-2.2,-1.194,672
673,AUG,50,176.4641,6,5.2649,-9.481,-12.8,0.3399,-2.8,-1.194,673
674,AUG,50,156.5085,6,5.5649,-6.381,-10.6,0.3399,-2.2,-1.194,674
675,AUG,53,22324.0874,6,-6.8351,-14.981,-9.0,0.3399,0.0,-1.194,675
676,AUG,50,744.8687,6,1.6649,-11.081,-11.4,0.3399,-2.2,-1.194,676
677,AUG,50,89.3959,6,6.9649,-7.981,-13.6,0.3399,-2.2,-1.194,677
678,AUG,50,392.7479,6,3.2649,-7.981,-9.9,0.3399,-2.2,-1.194,678
679,AUG,50,1470.3426,6,-0.0351,-13.981,-12.6,0.3399,-2.2,-1.194,679
680,AUG,50,909.7962,6,1.1649,-12.081,-11.3,0.3399,-2.8,-1.194,680
681,AUG,50,377.347,6,3.3649,-9.881,-11.3,0.3399,-2.8,-1.194,681
682,AUG,43,2939.4371,7,-1.7668,-7.881,-6.5,0.8082,0.0,-1.194,682
683,AUG,34,0.0187,24,28.1457,-7.881,-8.8,28.4207,0.0,-1.194,683
684,AUG,47,110.9448,5,6.425,-1.981,-7.9,0.0,-1.7,-1.194,684
685,AUG,47,415.3476,5,3.125,-5.381,-7.9,0.0,-1.8,-1.194,685
686,AUG,47,165.5144,5,5.425,-2.981,-9.5,0.0,-0.1,-1.194,686
687,AUG,53,24534.4055,4,-7.0711,-12.381,-6.5,0.0039,0.0,-1.194,687
688,AUG,50,570.8767,8,2.3299,-9.681,-9.0,1.4049,-2.8,-1.194,688
689,AUG,50,1252.9307,6,0.3649,-10.281,-8.7,0.3399,-2.8,-1.194,689
690,AUG,50,243.0185,6,4.4649,-7.981,-11.1,0.3399,-2.2,-1.194,690
691,AUG,50,30.3564,6,9.6649,-7.981,-16.3,0.3399,-2.2,-1.194,691
692,AUG,37,44066.9007,6,-8.5351,-14.981,-7.3,0.3399,0.0,-1.194,692
693,AUG,50,442.8253,6,2.9649,-8.981,-10.6,0.3399,-2.2,-1.194,693
694,AUG,47,326.7191,5,3.725,-0.781,-5.2,0.0,-0.5,-1.194,694
695,AUG,50,326.0785,8,3.7299,-9.681,-10.4,1.4049,-2.8,-1.194,695
696,AUG,47,246.1196,7,4.4332,-2.881,-7.7,0.8082,0.0,-1.194,696
697,AUG,47,1753.2145,5,-0.475,-5.681,-5.9,0.0,-0.5,-1.194,697
698,AUG,53,3319.9537,4,-2.0711,-8.581,-7.7,0.0039,0.0,-1.194,698
699,AUG,50,985.5754,6,0.9649,-12.281,-11.9,0.3399,-2.2,-1.194,699
700,AUG,47,888.1703,5,1.225,-3.381,-5.3,0.0,-0.5,-1.194,700
701,AUG,50,334.6743,6,3.6649,-10.581,-12.9,0.3399,-2.2,-1.194,701
702,AUG,43,9377.2912,7,-4.6668,-9.081,-4.8,0.8082,0.0,-1.194,702
703,AUG,50,1530.3523,6,-0.1351,-13.681,-11.6,0.3399,-2.8,-1.194,703
704,AUG,47,352.7784,7,3.5332,-4.681,-6.8,0.8082,-1.8,-1.194,704
705,AUG,47,383.4123,5,3.325,-6.981,-8.1,0.0,-3.4,-1.194,705
706,AUG,49,2050.7293,7,-0.8668,-9.081,-8.6,0.8082,0.0,-1.194,706
707,AUG,40,2406.5773,7,-1.2668,-9.081,-8.2,0.8082,0.0,-1.194,707
708,AUG,50,1945.4883,6,-0.7351,-11.081,-9.0,0.3399,-2.2,-1.194,708
709,AUG,50,1530.3523,6,-0.1351,-12.281,-10.8,0.3399,-2.2,-1.194,709
710,AUG,50,1025.8,6,0.8649,-12.281,-11.8,0.3399,-2.2,-1.194,710
711,AUG,50,6723.3792,6,-3.8351,-8.681,-5.7,0.3399,0.0,-1.194,711
712,AUG,50,1795.9031,6,-0.5351,-9.581,-9.9,0.3399,0.0,-1.194,712
713,AUG,50,233.489,6,4.5649,-12.481,-15.1,0.3399,-2.8,-1.194,713
714,AUG,50,11309.279,6,-5.1351,-15.581,-9.1,0.3399,-2.2,-1.194,714
715,AUG,50,1203.7996,6,0.4649,-10.581,-9.7,0.3399,-2.2,-1.194,715
716,AUG,53,21759.9017,4,-6.7711,-12.081,-6.5,0.0039,0.0,-1.194,716
717,AUG,47,401.6688,10,3.2087,-7.881,-9.3,2.9837,0.0,-1.194,717
718,AUG,50,540.8748,6,2.4649,-11.781,-12.9,0.3399,-2.2,-1.194,718
719,AUG,53,21759.9017,4,-6.7711,-12.381,-6.8,0.0039,0.0,-1.194,719
720,AUG,47,549.5685,5,2.425,-6.981,-7.2,0.0,-3.4,-1.194,720
721,AUG,50,1657.8191,6,-0.3351,-12.881,-10.6,0.3399,-2.8,-1.194,721
722,AUG,47,326.7191,5,3.725,-3.581,-8.5,0.0,0.0,-1.194,722
723,AUG,50,3997.0566,6,-2.5351,-13.881,-10.0,0.3399,-2.2,-1.194,723
724,AUG,50,1111.2415,6,0.6649,-12.281,-11.6,0.3399,-2.2,-1.194,724
725,AUG,47,2722.3041,5,-1.575,-8.281,-7.4,0.0,-0.5,-1.194,725
726,AUG,50,243.0185,6,4.4649,-8.981,-12.1,0.3399,-2.2,-1.194,726
727,AUG,50,73.4769,9,7.4551,-11.381,-15.1,2.1301,-2.8,-1.194,727
728,AUG,47,80.5609,5,7.225,-0.781,-8.7,0.0,-0.5,-1.194,728
729,AUG,53,5584.4363,4,-3.3711,-13.281,-11.1,0.0039,0.0,-1.194,729
730,AUG,50,156.5085,6,5.5649,-7.981,-12.2,0.3399,-2.2,-1.194,730
731,AUG,50,775.2693,6,1.5649,-7.981,-8.2,0.3399,-2.2,-1.194,731
732,AUG,50,460.8985,6,2.8649,-11.781,-13.3,0.3399,-2.2,-1.194,732
733,AUG,47,352.7784,7,3.5332,-2.181,-6.1,0.8082,0.0,-1.194,733
734,AUG,47,289.7717,5,4.025,-4.681,-8.1,0.0,-1.8,-1.194,734
735,AUG,50,118.2845,6,6.2649,-9.881,-14.2,0.3399,-2.8,-1.194,735
736,AUG,47,549.5685,5,2.425,-5.081,-8.2,0.0,-0.5,-1.194,736
737,AUG,47,1268.919,7,0.3332,-8.181,-8.9,0.8082,0.0,-1.194,737
738,AUG,47,301.5982,5,3.925,-2.881,-8.0,0.0,0.0,-1.194,738
739,AUG,50,128.1367,6,6.0649,-7.981,-12.7,0.3399,-2.2,-1.194,739
740,AUG,47,83.8488,5,7.125,-5.581,-11.2,0.0,-2.7,-1.194,740
741,AUG,50,479.7093,6,2.7649,-7.981,-9.4,0.3399,-2.2,-1.194,741
742,AUG,47,152.7883,5,5.625,-0.281,-7.1,0.0,0.0,-1.194,742
743,AUG,50,585.9257,6,2.2649,-7.981,-8.9,0.3399,-2.2,-1.194,743
744,AUG,50,1869.1999,6,-0.6351,-12.381,-10.4,0.3399,-2.2,-1.194,744
745,AUG,47,165.5144,5,5.425,-5.781,-12.4,0.0,0.0,-1.194,745
746,AUG,50,585.9257,6,2.2649,-10.181,-11.1,0.3399,-2.2,-1.194,746
747,AUG,41,191.1623,6,5.0649,-5.681,-11.6,0.3399,0.0,-1.194,747
748,AUG,53,22647.997,4,-6.8711,-15.181,-9.5,0.0039,0.0,-1.194,748
749,AUG,50,2283.0746,6,-1.1351,-15.381,-12.3,0.3399,-2.8,-1.194,749
750,AUG,53,1896.321,4,-0.6711,-8.581,-9.1,0.0039,0.0,-1.194,750
751,AUG,50,109.1898,6,6.4649,-9.881,-14.4,0.3399,-2.8,-1.194,751
752,AUG,53,24534.4055,4,-7.0711,-13.281,-7.4,0.0039,0.0,-1.194,752
753,AUG,53,7099.3169,4,-3.9711,-8.781,-6.0,0.0039,0.0,-1.194,753
754,AUG,47,352.7784,7,3.5332,-4.581,-8.5,0.8082,0.0,-1.194,754
755,AUG,50,191.1623,6,5.0649,-6.381,-10.1,0.3399,-2.2,-1.194,755
756,AUG,50,1304.0671,6,0.2649,-10.581,-9.5,0.3399,-2.2,-1.194,756
757,AUG,50,585.9257,6,2.2649,-12.281,-13.2,0.3399,-2.2,-1.194,757
758,AUG,53,726.044,4,1.7289,-4.281,-7.2,0.0039,0.0,-1.194,758
759,AUG,48,301.0069,8,3.9299,-8.181,-11.9,1.4049,0.0,-1.194,759
760,AUG,47,2615.5545,5,-1.475,-9.081,-8.8,0.0,0.0,-1.194,760
761,AUG,50,410.3781,9,3.1551,-11.381,-10.8,2.1301,-2.8,-1.194,761
762,AUG,50,215.5365,6,4.7649,-8.881,-12.3,0.3399,-2.2,-1.194,762
763,AUG,47,158.5056,7,5.5332,-1.281,-7.2,0.8082,0.0,-1.194,763
764,AUG,53,21759.9017,4,-6.7711,-12.981,-7.4,0.0039,0.0,-1.194,764
765,AUG,50,637.2147,9,2.0551,-12.281,-10.6,2.1301,-2.8,-1.194,765
766,AUG,47,172.2696,5,5.325,-0.281,-6.8,0.0,0.0,-1.194,766
767,AUG,50,1725.4804,6,-0.4351,-11.881,-10.1,0.3399,-2.2,-1.194,767
768,AUG,50,1412.6861,6,0.0649,-11.781,-10.5,0.3399,-2.2,-1.194,768
769,AUG,47,547.7768,7,2.4332,-4.581,-7.4,0.8082,0.0,-1.194,769
770,AUG,50,150.3713,6,5.6649,-12.281,-16.6,0.3399,-2.2,-1.194,770
771,AUG,47,853.3425,5,1.325,-7.981,-8.7,0.0,-1.8,-1.194,771
772,AUG,50,3997.0566,6,-2.5351,-15.181,-11.3,0.3399,-2.2,-1.194,772
773,AUG,50,540.8748,6,2.4649,-11.781,-12.9,0.3399,-2.2,-1.194,773
774,AUG,47,370.7852,10,3.4087,-7.881,-9.5,2.9837,0.0,-1.194,774
775,AUG,58,73.1903,6,7.4649,-5.181,-13.5,0.3399,0.0,-1.194,775
776,AUG,55,370.7852,10,3.4087,-7.881,-9.5,2.9837,0.0,-1.194,776
777,AUG,55,201.5032,7,4.9332,-4.581,-9.9,0.8082,0.0,-1.194,777
778,AUG,58,2193.5485,6,-1.0351,-9.481,-9.3,0.3399,0.0,-1.194,778
779,AUG,58,1657.8191,6,-0.3351,-7.781,-8.3,0.3399,0.0,-1.194,779
780,AUG,55,468.3067,5,2.825,-4.581,-8.6,0.0,0.0,-1.194,780
781,AUG,58,2902.4004,6,-1.7351,-12.581,-11.7,0.3399,0.0,-1.194,781
782,AUG,58,909.7962,6,1.1649,-9.281,-11.3,0.3399,0.0,-1.194,782
783,AUG,58,985.5754,6,0.9649,-9.481,-11.3,0.3399,0.0,-1.194,783
784,AUG,58,1203.7996,6,0.4649,-9.481,-10.8,0.3399,0.0,-1.194,784
785,AUG,55,56.2041,5,8.125,-1.981,-9.6,0.0,-1.7,-1.194,785
786,AUG,61,5812.3561,4,-3.4711,-8.581,-6.3,0.0039,0.0,-1.194,786
787,AUG,58,1304.0671,6,0.2649,-8.981,-10.1,0.3399,0.0,-1.194,787
788,AUG,58,348.3335,6,3.5649,-6.181,-10.6,0.3399,0.0,-1.194,788
789,AUG,55,353.9323,5,3.525,-9.781,-10.9,0.0,-3.6,-1.194,789
790,AUG,55,47.8935,5,8.525,-3.881,-10.0,0.0,-3.6,-1.194,790
791,AUG,61,59153.26,4,-9.2711,-12.981,-4.9,0.0039,0.0,-1.194,791
792,AUG,61,2944.5126,4,-1.7711,-6.381,-5.8,0.0039,0.0,-1.194,792
793,AUG,55,401.6688,10,3.2087,-7.881,-9.3,2.9837,0.0,-1.194,793
794,AUG,55,83.8488,5,7.125,-1.981,-8.6,0.0,-1.7,-1.194,794
795,AUG,55,888.1703,5,1.225,-5.181,-7.6,0.0,0.0,-1.194,795
796,AUG,58,744.8687,6,1.6649,-8.281,-10.8,0.3399,0.0,-1.194,796
797,AUG,58,215.5365,6,4.7649,-6.081,-11.7,0.3399,0.0,-1.194,797
798,AUG,58,93.4089,9,6.8551,-8.581,-14.5,2.1301,0.0,-1.194,798
799,AUG,58,460.8985,6,2.8649,-7.381,-11.1,0.3399,0.0,-1.194,799
800,AUG,58,460.8985,6,2.8649,-9.481,-13.2,0.3399,0.0,-1.194,800
801,AUG,61,21759.9017,4,-6.7711,-13.281,-7.7,0.0039,0.0,-1.194,801
802,AUG,58,3144.1487,6,-1.9351,-8.681,-7.6,0.3399,0.0,-1.194,802
803,AUG,55,172.2696,5,5.325,-0.281,-6.8,0.0,0.0,-1.194,803
804,AUG,58,715.6602,6,1.7649,-8.981,-11.6,0.3399,0.0,-1.194,804
805,AUG,55,219.0009,5,4.725,-5.281,-9.5,0.0,-1.7,-1.194,805
806,AUG,58,909.7962,6,1.1649,-5.181,-7.2,0.3399,0.0,-1.194,806
807,AUG,61,39650.6199,4,-8.2711,-13.281,-6.2,0.0039,0.0,-1.194,807
808,AUG,55,135.0682,7,5.9332,-2.881,-9.2,0.8082,0.0,-1.194,808
809,AUG,58,5504.5682,6,-3.3351,-8.681,-6.2,0.3399,0.0,-1.194,809
810,AUG,58,1257.8377,9,0.3551,-9.481,-8.9,2.1301,0.0,-1.194,810
811,AUG,58,479.7093,6,2.7649,-7.081,-10.7,0.3399,0.0,-1.194,811
812,AUG,58,1530.3523,6,-0.1351,-8.281,-9.0,0.3399,0.0,-1.194,812
813,AUG,58,2193.5485,6,-1.0351,-9.581,-9.4,0.3399,0.0,-1.194,813
814,AUG,58,2902.4004,6,-1.7351,-9.481,-8.6,0.3399,0.0,-1.194,814
815,AUG,61,46530.901,4,-8.6711,-13.281,-5.8,0.0039,0.0,-1.194,815
816,AUG,55,56.2041,5,8.125,-0.281,-9.6,0.0,0.0,-1.194,816
817,AUG,55,2722.3041,5,-1.575,-7.781,-7.4,0.0,0.0,-1.194,817
818,AUG,58,946.928,6,1.0649,-5.181,-7.1,0.3399,0.0,-1.194,818
819,AUG,61,24534.4055,4,-7.0711,-12.081,-6.2,0.0039,0.0,-1.194,819
820,AUG,55,1081.2906,7,0.7332,-8.181,-9.3,0.8082,0.0,-1.194,820
821,AUG,58,377.347,6,3.3649,-5.181,-9.4,0.3399,0.0,-1.194,821
822,AUG,58,1156.595,6,0.5649,-6.081,-7.5,0.3399,0.0,-1.194,822
823,AUG,55,1379.1066,5,0.125,-5.781,-7.1,0.0,0.0,-1.194,823
824,AUG,58,2107.5329,6,-0.9351,-8.281,-8.2,0.3399,0.0,-1.194,824
825,AUG,58,806.9107,6,1.4649,-5.181,-7.5,0.3399,0.0,-1.194,825
826,AUG,58,1725.4804,6,-0.4351,-8.981,-9.4,0.3399,0.0,-1.194,826
827,AUG,55,124.6831,7,6.1332,-2.881,-9.4,0.8082,0.0,-1.194,827
828,AUG,58,1357.2905,6,0.1649,-9.081,-10.1,0.3399,0.0,-1.194,828
829,AUG,58,4882.0772,6,-3.0351,-11.081,-8.9,0.3399,0.0,-1.194,829
830,AUG,61,726.044,4,1.7289,-4.281,-7.2,0.0039,0.0,-1.194,830
831,AUG,58,1945.4883,6,-0.7351,-10.881,-11.0,0.3399,0.0,-1.194,831
832,AUG,55,289.7717,5,4.025,-2.881,-8.1,0.0,0.0,-1.194,832
833,AUG,56,301.0069,8,3.9299,-8.181,-11.9,1.4049,0.0,-1.194,833
834,AUG,54,5288.7177,6,-3.2351,-8.981,-6.6,0.3399,0.0,-1.194,834
835,AUG,61,2944.5126,4,-1.7711,-6.381,-5.8,0.0039,0.0,-1.194,835
836,AUG,58,150.3713,6,5.6649,-9.481,-16.0,0.3399,0.0,-1.194,836
837,AUG,51,3314.231,7,-2.0668,-7.881,-6.2,0.8082,0.0,-1.194,837
838,AUG,58,191.1623,6,5.0649,-3.581,-9.5,0.3399,0.0,-1.194,838
839,AUG,58,109.1898,6,6.4649,-5.181,-12.5,0.3399,0.0,-1.194,839
840,AUG,58,1530.3523,6,-0.1351,-9.481,-10.2,0.3399,0.0,-1.194,840
841,AUG,58,2107.5329,6,-0.9351,-8.981,-8.9,0.3399,0.0,-1.194,841
842,AUG,61,34663.7294,6,-7.9351,-14.981,-7.9,0.3399,0.0,-1.194,842
843,AUG,45,36078.4737,6,-8.0351,-14.981,-7.8,0.3399,0.0,-1.194,843
844,AUG,61,39650.6199,4,-8.2711,-12.381,-5.3,0.0039,0.0,-1.194,844
845,AUG,58,479.7093,6,2.7649,-5.181,-8.8,0.3399,0.0,-1.194,845
846,AUG,58,414.5333,8,3.1299,-6.881,-9.8,1.4049,0.0,-1.194,846
847,AUG,51,9760.0103,7,-4.7668,-9.081,-4.7,0.8082,0.0,-1.194,847
848,AUG,58,224.3332,6,4.6649,-6.681,-12.2,0.3399,0.0,-1.194,848
849,AUG,55,202.1623,5,4.925,-0.281,-6.4,0.0,0.0,-1.194,849
850,AUG,57,3590.2816,7,-2.2668,-9.381,-7.5,0.8082,0.0,-1.194,850
851,AUG,55,115.4729,5,6.325,-4.581,-10.4,0.0,-1.7,-1.194,851
852,AUG,58,207.0846,6,4.8649,-7.781,-13.5,0.3399,0.0,-1.194,852
853,AUG,58,3545.0444,6,-2.2351,-11.181,-9.8,0.3399,0.0,-1.194,853
854,AUG,58,479.7093,6,2.7649,-5.181,-8.8,0.3399,0.0,-1.194,854
855,AUG,58,1252.9307,6,0.3649,-7.481,-8.7,0.3399,0.0,-1.194,855
856,AUG,58,123.1121,6,6.1649,-3.581,-10.6,0.3399,0.0,-1.194,856
857,AUG,58,989.4352,9,0.9551,-8.581,-8.6,2.1301,0.0,-1.194,857
858,AUG,55,415.3476,5,3.125,-6.181,-10.5,0.0,0.0,-1.194,858
859,AUG,58,2679.2398,6,-1.5351,-11.581,-10.9,0.3399,0.0,-1.194,859
860,AUG,55,326.7191,5,3.725,-5.281,-8.5,0.0,-1.7,-1.194,860
861,AUG,55,202.1623,5,4.925,-0.281,-6.4,0.0,0.0,-1.194,861
862,AUG,48,5574.8103,7,-3.3668,-9.081,-6.1,0.8082,0.0,-1.194,862
863,AUG,58,150.3713,6,5.6649,-7.081,-13.6,0.3399,0.0,-1.194,863
864,AUG,55,277.5012,7,4.1332,-4.581,-9.1,0.8082,0.0,-1.194,864
865,AUG,58,10439.7279,6,-4.9351,-12.781,-8.7,0.3399,0.0,-1.194,865
866,AUG,58,1252.9307,6,0.3649,-7.781,-9.0,0.3399,0.0,-1.194,866
867,AUG,55,888.1703,5,1.225,-5.181,-7.6,0.0,0.0,-1.194,867
868,AUG,58,6459.7355,6,-3.7351,-12.381,-9.5,0.3399,0.0,-1.194,868
869,AUG,61,4572.0923,4,-2.8711,-8.581,-6.9,0.0039,0.0,-1.194,869
870,AUG,55,165.5144,5,5.425,-5.781,-12.4,0.0,0.0,-1.194,870
871,AUG,61,8004.5178,4,-4.2711,-8.781,-5.7,0.0039,0.0,-1.194,871
872,AUG,58,138.8095,6,5.8649,-7.081,-13.8,0.3399,0.0,-1.194,872
873,AUG,58,744.8687,6,1.6649,-7.781,-10.3,0.3399,0.0,-1.194,873
874,AUG,55,68.6487,5,7.625,-2.881,-11.7,0.0,0.0,-1.194,874
875,AUG,49,308.9417,6,3.8649,-5.681,-10.4,0.3399,0.0,-1.194,875
876,AUG,55,1129.1028,5,0.625,-5.181,-7.0,0.0,0.0,-1.194,876
877,AUG,61,44706.286,4,-8.5711,-12.381,-5.0,0.0039,0.0,-1.194,877
878,AUG,58,198.9642,6,4.9649,-6.181,-12.0,0.3399,0.0,-1.194,878
879,AUG,58,1220.7504,8,0.4299,-6.881,-7.1,1.4049,0.0,-1.194,879
880,AUG,58,460.8985,6,2.8649,-5.181,-8.9,0.3399,0.0,-1.194,880
881,AUG,55,571.9982,5,2.325,-2.881,-6.4,0.0,0.0,-1.194,881
882,AUG,42,25.9691,9,10.0551,0.319,-8.8,2.1301,0.0,-1.194,882
883,AUG,55,415.3476,5,3.125,-3.581,-7.9,0.0,0.0,-1.194,883
884,AUG,55,110.9448,5,6.425,-4.581,-10.5,0.0,-1.7,-1.194,884
885,AUG,58,296.8272,6,3.9649,-9.681,-14.5,0.3399,0.0,-1.194,885
886,AUG,36,1470.3426,6,-0.0351,-8.581,-9.4,0.3399,0.0,-1.194,886
887,AUG,36,3855.3602,9,-2.4449,-11.981,-8.6,2.1301,0.0,-1.194,887
888,AUG,36,224.3332,6,4.6649,-5.781,-11.3,0.3399,0.0,-1.194,888
889,AUG,36,263.2601,6,4.2649,-5.781,-10.9,0.3399,0.0,-1.194,889
890,AUG,36,1592.8111,6,-0.2351,-14.981,-12.2,0.3399,-3.4,-1.194,890
891,AUG,36,224.3332,6,4.6649,-8.381,-13.9,0.3399,0.0,-1.194,891
892,AUG,36,334.6743,6,3.6649,-10.481,-15.0,0.3399,0.0,-1.194,892
893,AUG,36,687.597,6,1.8649,-8.581,-11.3,0.3399,0.0,-1.194,893
894,AUG,36,548.4909,8,2.4299,-8.981,-11.2,1.4049,0.0,-1.194,894
895,AUG,36,1220.7504,8,0.4299,-8.981,-9.2,1.4049,0.0,-1.194,895
896,AUG,39,46530.901,4,-8.6711,-13.281,-5.8,0.0039,0.0,-1.194,896
897,AUG,39,726.044,4,1.7289,-4.281,-7.2,0.0039,0.0,-1.194,897
898,AUG,36,2193.5485,6,-1.0351,-11.781,-11.6,0.3399,0.0,-1.194,898
899,AUG,33,60.8855,5,7.925,-5.581,-11.5,0.0,-3.2,-1.194,899
900,AUG,33,22.3971,5,10.425,-8.481,-14.0,0.0,-6.1,-1.194,900
901,AUG,36,2024.8903,6,-0.8351,-10.681,-10.7,0.3399,0.0,-1.194,901
902,AUG,39,23572.3385,4,-6.9711,-12.081,-6.3,0.0039,0.0,-1.194,902
903,AUG,33,449.943,5,2.925,-4.881,-9.0,0.0,0.0,-1.194,903
904,AUG,39,38095.8012,4,-8.1711,-13.281,-6.3,0.0039,0.0,-1.194,904
905,AUG,36,377.347,6,3.3649,-12.281,-16.5,0.3399,0.0,-1.194,905
906,AUG,36,2788.5887,6,-1.6351,-12.281,-11.5,0.3399,0.0,-1.194,906
907,AUG,36,104.9081,6,6.5649,-8.681,-12.7,0.3399,-3.4,-1.194,907
908,AUG,33,159.0241,5,5.525,-4.481,-8.8,0.0,-2.4,-1.194,908
909,AUG,36,11770.849,6,-5.2351,-14.581,-10.2,0.3399,0.0,-1.194,909
910,AUG,36,233.489,6,4.5649,-9.081,-14.5,0.3399,0.0,-1.194,910
911,AUG,33,172.2696,5,5.325,-4.781,-8.6,0.0,-2.7,-1.194,911
912,AUG,36,93.0445,6,6.8649,-6.781,-14.5,0.3399,0.0,-1.194,912
913,AUG,39,5155.0585,4,-3.1711,-8.781,-6.8,0.0039,0.0,-1.194,913
914,AUG,27,540.8748,6,2.4649,-7.381,-10.7,0.3399,0.0,-1.194,914
915,AUG,33,33.4134,5,9.425,-9.681,-12.4,0.0,-7.9,-1.194,915
916,AUG,26,3449.496,7,-2.1668,-11.581,-9.8,0.8082,0.0,-1.194,916
917,AUG,36,6206.4301,6,-3.6351,-13.381,-10.6,0.3399,0.0,-1.194,917
918,AUG,36,2574.1789,6,-1.4351,-10.281,-9.7,0.3399,0.0,-1.194,918
919,AUG,39,44706.286,4,-8.5711,-12.981,-5.6,0.0039,0.0,-1.194,919
920,AUG,33,165.5144,5,5.425,-6.781,-11.0,0.0,-2.4,-1.194,920
921,AUG,36,169.5444,6,5.3649,-7.881,-14.1,0.3399,0.0,-1.194,921
922,AUG,39,30743.7383,6,-7.6351,-14.981,-8.2,0.3399,0.0,-1.194,922
923,AUG,33,368.3775,5,3.425,-1.981,-6.6,0.0,0.0,-1.194,923
924,AUG,33,819.8804,5,1.425,-5.981,-8.6,0.0,0.0,-1.194,924
925,AUG,39,44706.286,4,-8.5711,-12.381,-5.0,0.0039,0.0,-1.194,925
926,AUG,36,562.9498,6,2.3649,-7.981,-11.2,0.3399,0.0,-1.194,926
927,AUG,36,4329.9814,6,-2.7351,-14.181,-12.3,0.3399,0.0,-1.194,927
928,AUG,29,3063.3942,8,-1.8701,-9.581,-7.5,1.4049,0.0,-1.194,928
929,AUG,36,176.4641,6,5.2649,-8.181,-14.3,0.3399,0.0,-1.194,929
930,AUG,36,6723.3792,6,-3.8351,-13.281,-10.3,0.3399,0.0,-1.194,930
931,AUG,33,1899.2442,5,-0.675,-7.581,-8.1,0.0,0.0,-1.194,931
932,AUG,39,3455.4523,4,-2.1711,-8.581,-7.6,0.0039,0.0,-1.194,932
933,AUG,33,3460.7789,5,-2.175,-9.781,-8.8,0.0,0.0,-1.194,933
934,AUG,33,102.4145,5,6.625,-11.881,-13.1,0.0,-6.6,-1.194,934
935,AUG,33,353.9323,5,3.525,-8.481,-10.5,0.0,-2.7,-1.194,935
936,AUG,36,207.8957,9,4.8551,-11.081,-15.0,2.1301,0.0,-1.194,936
937,AUG,36,1025.8,6,0.8649,-9.381,-11.1,0.3399,0.0,-1.194,937
938,AUG,36,687.597,6,1.8649,-6.581,-9.3,0.3399,0.0,-1.194,938
939,AUG,36,1156.595,6,0.5649,-9.681,-11.1,0.3399,0.0,-1.194,939
940,AUG,36,479.7093,6,2.7649,-6.781,-10.4,0.3399,0.0,-1.194,940
941,AUG,36,109.1898,6,6.4649,-6.481,-13.8,0.3399,0.0,-1.194,941
942,AUG,36,3840.3201,6,-2.4351,-11.281,-9.7,0.3399,0.0,-1.194,942
943,AUG,36,1203.7996,6,0.4649,-9.781,-11.1,0.3399,0.0,-1.194,943
944,AUG,36,2376.2547,6,-1.2351,-9.881,-9.5,0.3399,0.0,-1.194,944
945,AUG,36,2902.4004,6,-1.7351,-11.681,-10.8,0.3399,0.0,-1.194,945
946,AUG,33,787.7305,5,1.525,-12.381,-11.9,0.0,-3.2,-1.194,946
947,AUG,33,227.939,5,4.625,-5.481,-11.3,0.0,0.0,-1.194,947
948,AUG,33,415.3476,5,3.125,-7.381,-9.3,0.0,-2.4,-1.194,948
949,AUG,36,562.9498,6,2.3649,-6.481,-9.7,0.3399,0.0,-1.194,949
950,AUG,39,16445.4907,4,-6.0711,-13.281,-8.4,0.0039,0.0,-1.194,950
951,AUG,39,33787.69,4,-7.8711,-12.381,-5.7,0.0039,0.0,-1.194,951
952,AUG,20,98.2056,8,6.7299,-0.181,-6.7,1.4049,0.0,-1.194,952
953,AUG,36,3406.0327,6,-2.1351,-12.681,-11.4,0.3399,0.0,-1.194,953
954,AUG,33,1129.1028,5,0.625,-8.881,-10.7,0.0,0.0,-1.194,954
955,AUG,36,1592.8111,6,-0.2351,-7.781,-8.4,0.3399,0.0,-1.194,955
956,AUG,35,2312.2082,7,-1.1668,-11.581,-10.8,0.8082,0.0,-1.194,956
957,AUG,33,1001.4168,5,0.925,-5.481,-7.6,0.0,0.0,-1.194,957
958,AUG,36,2202.1392,9,-1.0449,-11.081,-9.1,2.1301,0.0,-1.194,958
959,AUG,36,1530.3523,6,-0.1351,-10.581,-11.3,0.3399,0.0,-1.194,959
961,AUG,33,1175.1853,5,0.525,-6.381,-8.1,0.0,0.0,-1.194,961
962,AUG,36,519.6655,6,2.5649,-9.681,-13.1,0.3399,0.0,-1.194,962
963,AUG,34,40.1662,6,8.9649,-11.881,-15.1,0.3399,-6.6,-1.194,963
964,AUG,36,2193.5485,6,-1.0351,-11.981,-11.8,0.3399,0.0,-1.194,964
965,AUG,36,1725.4804,6,-0.4351,-11.081,-11.5,0.3399,0.0,-1.194,965
966,AUG,36,13271.6952,6,-5.5351,-11.281,-6.6,0.3399,0.0,-1.194,966
967,AUG,32,12251.2573,6,-5.3351,-11.381,-6.9,0.3399,0.0,-1.194,967
968,AUG,39,1896.321,4,-0.6711,-6.381,-6.9,0.0039,0.0,-1.194,968
969,AUG,36,562.9498,6,2.3649,-10.681,-13.9,0.3399,0.0,-1.194,969
970,AUG,36,1412.6861,6,0.0649,-9.381,-10.3,0.3399,0.0,-1.194,970
971,AUG,36,499.2879,6,2.6649,-6.381,-9.9,0.3399,0.0,-1.194,971
972,AUG,33,853.3425,5,1.325,-6.481,-9.0,0.0,0.0,-1.194,972
973,AUG,33,13.3151,5,11.725,-8.281,-15.1,0.0,-6.1,-1.194,973
974,AUG,33,850.5605,7,1.3332,-5.481,-7.2,0.8082,0.0,-1.194,974
975,AUG,36,408.7772,6,3.1649,-7.981,-12.0,0.3399,0.0,-1.194,975
976,AUG,33,33.4134,5,9.425,-9.681,-12.4,0.0,-7.9,-1.194,976
977,AUG,29,10572.946,7,-4.9668,-11.581,-7.0,0.8082,0.0,-1.194,977
978,AUG,36,499.2879,6,2.6649,-9.581,-13.1,0.3399,0.0,-1.194,978
979,AUG,33,1554.9501,5,-0.175,-6.481,-7.5,0.0,0.0,-1.194,979
980,AUG,36,183.6662,6,5.1649,-6.481,-12.5,0.3399,0.0,-1.194,980
981,AUG,33,277.5012,7,4.1332,-5.481,-9.9,0.8082,-0.1,-1.194,981
982,AUG,36,3144.1487,6,-1.9351,-10.781,-9.7,0.3399,0.0,-1.194,982
983,AUG,36,1111.2415,6,0.6649,-6.581,-8.1,0.3399,0.0,-1.194,983
984,AUG,36,479.7093,6,2.7649,-6.381,-10.0,0.3399,0.0,-1.194,984
985,AUG,39,1896.321,4,-0.6711,-6.381,-6.9,0.0039,0.0,-1.194,985
986,AUG,33,186.6183,5,5.125,-7.481,-13.8,0.0,0.0,-1.194,986
987,AUG,33,1273.0695,5,0.325,-6.581,-8.1,0.0,0.0,-1.194,987
988,AUG,36,4506.7026,6,-2.8351,-10.881,-8.9,0.3399,0.0,-1.194,988
989,AUG,36,634.7289,6,2.0649,-8.881,-11.8,0.3399,0.0,-1.194,989
990,AUG,23,33304.4615,6,-7.8351,-15.781,-8.8,0.3399,0.0,-1.194,990
991,AUG,36,540.8748,6,2.4649,-12.081,-12.0,0.3399,-3.4,-1.194,991
992,AUG,33,449.943,5,2.925,-8.481,-9.9,0.0,-2.7,-1.194,992
993,AUG,39,5812.3561,4,-3.4711,-8.581,-6.3,0.0039,0.0,-1.194,993
994,AUG,33,353.9323,5,3.525,-1.881,-6.6,0.0,0.0,-1.194,994
995,AUG,36,6723.3792,6,-3.8351,-12.481,-9.5,0.3399,0.0,-1.194,995
996,AUG,33,135.51,5,5.925,-2.181,-9.2,0.0,-0.1,-1.194,996
997,AUG,34,479.7093,6,2.7649,-9.281,-10.0,0.3399,-2.9,-1.194,997
998,AUG,34,3840.3201,6,-2.4351,-16.181,-11.7,0.3399,-2.9,-1.194,998
999,AUG,31,202.1623,5,4.925,-5.581,-8.5,0.0,-3.2,-1.194,999
1000,AUG,34,104.9081,6,6.5649,-11.081,-16.5,0.3399,-2.0,-1.194,1000
1001,AUG,34,1869.1999,6,-0.6351,-12.281,-9.6,0.3399,-2.9,-1.194,1001
1002,AUG,34,308.9417,6,3.8649,-8.581,-11.3,0.3399,-2.0,-1.194,1002
1003,AUG,34,499.2879,6,2.6649,-8.581,-10.1,0.3399,-2.0,-1.194,1003
1004,AUG,37,16445.4907,4,-6.0711,-13.281,-8.4,0.0039,0.0,-1.194,1004
1005,AUG,31,485.8308,7,2.7332,-5.381,-8.5,0.8082,0.0,-1.194,1005
1006,AUG,30,2902.4004,6,-1.7351,-11.281,-10.4,0.3399,0.0,-1.194,1006
1007,AUG,34,263.2601,6,4.2649,-8.881,-11.6,0.3399,-2.4,-1.194,1007
1008,AUG,34,334.6743,6,3.6649,-9.281,-10.9,0.3399,-2.9,-1.194,1008
1009,AUG,34,1725.4804,6,-0.4351,-13.481,-11.5,0.3399,-2.4,-1.194,1009
1010,AUG,31,194.2349,5,5.025,-11.181,-14.9,0.0,-2.5,-1.194,1010
1011,AUG,31,165.5144,5,5.425,-2.081,-8.7,0.0,0.0,-1.194,1011
1012,AUG,37,33787.69,4,-7.8711,-12.381,-5.7,0.0039,0.0,-1.194,1012
1013,AUG,37,33787.69,4,-7.8711,-12.981,-6.3,0.0039,0.0,-1.194,1013
1014,AUG,31,186.6183,5,5.125,-7.481,-13.8,0.0,0.0,-1.194,1014
1015,AUG,37,726.044,4,1.7289,-4.281,-7.2,0.0039,0.0,-1.194,1015
1016,AUG,34,8896.0599,6,-4.5351,-17.481,-10.9,0.3399,-2.9,-1.194,1016
1017,AUG,34,1111.2415,6,0.6649,-12.781,-11.4,0.3399,-2.9,-1.194,1017
1018,AUG,34,41.8055,6,8.8649,-8.781,-16.5,0.3399,-2.0,-1.194,1018
1019,AUG,34,3545.0444,6,-2.2351,-14.881,-11.1,0.3399,-2.4,-1.194,1019
1020,AUG,34,2193.5485,6,-1.0351,-13.981,-11.8,0.3399,-2.0,-1.194,1020
1021,AUG,27,3453.9933,8,-2.1701,-9.581,-7.2,1.4049,0.0,-1.194,1021
1022,AUG,34,687.597,6,1.8649,-10.681,-10.5,0.3399,-2.9,-1.194,1022
1023,AUG,37,32462.7742,4,-7.7711,-13.281,-6.7,0.0039,0.0,-1.194,1023
1024,AUG,34,548.4909,8,2.4299,-11.881,-11.2,1.4049,-2.9,-1.194,1024
1025,AUG,34,5288.7177,6,-3.2351,-11.281,-8.9,0.3399,0.0,-1.194,1025
1026,AUG,18,25.2529,5,10.125,0.819,-10.5,0.0,0.0,-1.194,1026
1027,AUG,37,1173.3765,4,0.5289,-6.381,-8.1,0.0039,0.0,-1.194,1027
1028,AUG,34,5963.0575,6,-3.5351,-16.281,-10.7,0.3399,-2.9,-1.194,1028
1029,AUG,31,549.5685,5,2.425,-6.681,-8.6,0.0,-1.7,-1.194,1029
1030,AUG,37,4952.9133,4,-3.0711,-8.581,-6.7,0.0039,0.0,-1.194,1030
1031,AUG,34,252.9369,6,4.3649,-9.881,-12.7,0.3399,-2.4,-1.194,1031
1032,AUG,31,77.4018,5,7.325,-9.781,-15.0,0.0,-3.3,-1.194,1032
1033,AUG,34,2024.8903,6,-0.8351,-13.581,-10.7,0.3399,-2.9,-1.194,1033
1034,AUG,31,547.7768,7,2.4332,-10.681,-13.5,0.8082,0.0,-1.194,1034
1035,AUG,34,4329.9814,6,-2.7351,-17.081,-12.3,0.3399,-2.9,-1.194,1035
1036,AUG,37,38095.8012,4,-8.1711,-12.381,-5.4,0.0039,0.0,-1.194,1036
1037,AUG,31,1435.3926,5,0.025,-7.581,-8.8,0.0,0.0,-1.194,1037
1038,AUG,34,4506.7026,6,-2.8351,-13.781,-8.9,0.3399,-2.9,-1.194,1038
1039,AUG,33,6542.1662,7,-3.7668,-11.581,-8.2,0.8082,0.0,-1.194,1039
1040,AUG,31,87.271,5,7.025,-7.681,-10.6,0.0,-5.3,-1.194,1040
1041,AUG,34,308.9417,6,3.8649,-12.581,-14.4,0.3399,-2.9,-1.194,1041
1042,AUG,31,432.2994,5,3.025,-8.581,-10.2,0.0,-2.6,-1.194,1042
1043,AUG,34,425.4608,6,3.0649,-10.781,-12.3,0.3399,-2.4,-1.194,1043
1044,AUG,31,301.5982,5,3.925,-2.381,-7.5,0.0,0.0,-1.194,1044
1045,AUG,37,2138.112,4,-0.9711,-6.381,-6.6,0.0039,0.0,-1.194,1045
1046,AUG,34,562.9498,6,2.3649,-13.581,-13.9,0.3399,-2.9,-1.194,1046
1047,AUG,34,263.2601,6,4.2649,-8.681,-10.9,0.3399,-2.9,-1.194,1047
1048,AUG,31,210.4132,5,4.825,-3.781,-8.1,0.0,-1.7,-1.194,1048
1049,AUG,34,1869.1999,6,-0.6351,-13.181,-10.5,0.3399,-2.9,-1.194,1049
1050,AUG,31,172.2696,5,5.325,-6.481,-10.9,0.0,-2.1,-1.194,1050
1051,AUG,31,487.4199,5,2.725,-2.881,-5.8,0.0,-1.0,-1.194,1051
1052,AUG,34,1592.8111,6,-0.2351,-15.581,-13.3,0.3399,-2.9,-1.194,1052
1053,AUG,37,8004.5178,4,-4.2711,-8.781,-5.7,0.0039,0.0,-1.194,1053
1054,AUG,34,562.9498,6,2.3649,-10.381,-11.2,0.3399,-2.4,-1.194,1054
1055,AUG,34,224.3332,6,4.6649,-8.681,-11.3,0.3399,-2.9,-1.194,1055
1056,AUG,31,1618.4129,5,-0.275,-10.781,-11.7,0.0,0.0,-1.194,1056
1057,AUG,34,1304.0671,6,0.2649,-13.281,-12.0,0.3399,-2.4,-1.194,1057
1058,AUG,34,243.0185,6,4.4649,-10.881,-13.3,0.3399,-2.9,-1.194,1058
1059,AUG,34,215.5365,6,4.7649,-8.781,-12.4,0.3399,-2.0,-1.194,1059
1060,AUG,31,452.8837,10,2.9087,-9.581,-10.7,2.9837,0.0,-1.194,1060
1061,AUG,34,207.0846,6,4.8649,-8.481,-12.2,0.3399,-2.0,-1.194,1061
1062,AUG,34,2473.2377,6,-1.3351,-13.681,-10.3,0.3399,-2.9,-1.194,1062
1063,AUG,31,77.4018,5,7.325,-8.881,-14.0,0.0,-3.4,-1.194,1063
1064,AUG,31,102.4145,5,6.625,-7.781,-13.1,0.0,-2.5,-1.194,1064
1065,AUG,34,2202.1392,9,-1.0449,-13.981,-9.1,2.1301,-2.9,-1.194,1065
1066,AUG,24,8316.8486,7,-4.3668,-11.581,-7.6,0.8082,0.0,-1.194,1066
1067,AUG,31,80.5609,5,7.225,-2.981,-10.4,0.0,-1.0,-1.194,1067
1068,AUG,34,1172.8811,8,0.5299,-11.881,-9.3,1.4049,-2.9,-1.194,1068
1069,AUG,37,20086.82,4,-6.5711,-12.081,-6.7,0.0039,0.0,-1.194,1069
1070,AUG,21,23235.209,6,-6.9351,-15.881,-9.8,0.3399,0.0,-1.194,1070
1071,AUG,34,519.6655,6,2.5649,-11.681,-13.1,0.3399,-2.0,-1.194,1071
1072,AUG,34,377.347,6,3.3649,-14.281,-16.5,0.3399,-2.0,-1.194,1072
1073,AUG,34,1470.3426,6,-0.0351,-10.981,-9.4,0.3399,-2.4,-1.194,1073
1074,AUG,37,22324.0874,6,-6.8351,-14.981,-9.0,0.3399,0.0,-1.194,1074
1075,AUG,34,334.6743,6,3.6649,-12.881,-15.0,0.3399,-2.4,-1.194,1075
1076,AUG,27,8656.2873,7,-4.4668,-11.581,-7.5,0.8082,0.0,-1.194,1076
1077,AUG,34,2913.7673,9,-1.7449,-14.881,-9.3,2.1301,-2.9,-1.194,1077
1078,AUG,31,468.3067,5,2.825,-5.781,-9.8,0.0,0.0,-1.194,1078
1079,AUG,37,8671.2341,4,-4.4711,-13.281,-10.0,0.0039,0.0,-1.194,1079
1080,AUG,34,1945.4883,6,-0.7351,-15.181,-12.4,0.3399,-2.9,-1.194,1080
1081,AUG,34,2473.2377,6,-1.3351,-14.681,-11.3,0.3399,-2.9,-1.194,1081
1082,AUG,31,368.3775,5,3.425,-7.481,-11.1,0.0,-1.0,-1.194,1082
1083,AUG,31,619.6414,5,2.125,-11.881,-12.2,0.0,-3.0,-1.194,1083
1084,AUG,34,3840.3201,6,-2.4351,-16.181,-12.2,0.3399,-2.4,-1.194,1084
1085,AUG,34,9637.0351,6,-4.7351,-11.281,-7.4,0.3399,0.0,-1.194,1085
1086,AUG,34,1530.3523,6,-0.1351,-12.581,-11.3,0.3399,-2.0,-1.194,1086
1087,AUG,31,593.4025,7,2.2332,-8.781,-8.1,0.8082,-3.3,-1.194,1087
1088,AUG,37,2944.5126,4,-1.7711,-8.581,-8.0,0.0039,0.0,-1.194,1088
1089,AUG,34,176.4641,6,5.2649,-10.581,-14.3,0.3399,-2.4,-1.194,1089
1090,AUG,34,460.8985,6,2.8649,-11.381,-13.1,0.3399,-2.0,-1.194,1090
1091,AUG,25,218.6638,4,4.7289,-10.181,-11.0,0.0039,-5.1,-1.194,1091
1092,AUG,31,617.6212,7,2.1332,-4.681,-7.2,0.8082,0.0,-1.194,1092
1093,AUG,34,2902.4004,6,-1.7351,-14.581,-10.8,0.3399,-2.9,-1.194,1093
1094,AUG,31,399.0606,5,3.225,-8.081,-9.9,0.0,-2.6,-1.194,1094
1095,AUG,34,169.5444,6,5.3649,-10.281,-14.1,0.3399,-2.4,-1.194,1095
1096,AUG,31,449.943,5,2.925,-5.781,-9.9,0.0,0.0,-1.194,1096
1097,AUG,34,59.9224,6,7.9649,-9.381,-15.3,0.3399,-2.9,-1.194,1097
1098,AUG,34,562.9498,6,2.3649,-11.581,-12.8,0.3399,-2.0,-1.194,1098
1099,AUG,34,207.8957,9,4.8551,-13.981,-15.0,2.1301,-2.9,-1.194,1099
1100,AUG,34,634.7289,6,2.0649,-11.781,-11.8,0.3399,-2.9,-1.194,1100
1101,AUG,32,467.3885,8,2.8299,-10.681,-13.3,1.4049,0.0,-1.194,1101
1102,AUG,34,687.597,6,1.8649,-11.481,-11.3,0.3399,-2.9,-1.194,1102
1103,AUG,31,418.0623,10,3.1087,-9.581,-10.9,2.9837,0.0,-1.194,1103
1104,AUG,34,839.8435,6,1.3649,-12.681,-12.0,0.3399,-2.9,-1.194,1104
1105,AUG,31,1325.0277,5,0.225,-5.881,-6.3,0.0,-1.0,-1.194,1105
1106,AUG,31,58.498,5,8.025,-9.881,-15.8,0.0,-3.3,-1.194,1106
1107,AUG,31,110.9448,5,6.425,-7.481,-9.8,0.0,-5.3,-1.194,1107
1108,AUG,35,53.146,6,8.2649,-12.181,-15.8,0.3399,-5.5,-1.194,1108
1109,AUG,33,467.3885,8,2.8299,-10.681,-13.3,1.4049,0.0,-1.194,1109
1110,AUG,32,2949.0516,5,-1.775,-10.781,-10.2,0.0,0.0,-1.194,1110
1111,AUG,28,11453.5932,7,-5.1668,-11.581,-6.8,0.8082,0.0,-1.194,1111
1112,AUG,35,1304.0671,6,0.2649,-10.881,-12.0,0.3399,0.0,-1.194,1112
1113,AUG,35,10030.3551,6,-4.8351,-13.381,-9.4,0.3399,0.0,-1.194,1113
1114,AUG,32,98.3985,5,6.725,-5.481,-10.1,0.0,-3.3,-1.194,1114
1115,AUG,31,2788.5887,6,-1.6351,-11.581,-10.8,0.3399,0.0,-1.194,1115
1116,AUG,35,744.8687,6,1.6649,-9.681,-12.2,0.3399,0.0,-1.194,1116
1117,AUG,35,1725.4804,6,-0.4351,-7.781,-8.2,0.3399,0.0,-1.194,1117
1118,AUG,32,1175.1853,5,0.525,-7.381,-8.1,0.0,-1.0,-1.194,1118
1119,AUG,22,8896.0599,6,-4.5351,-15.981,-12.3,0.3399,0.0,-1.194,1119
1120,AUG,38,2410.7327,4,-1.2711,-8.581,-8.5,0.0039,0.0,-1.194,1120
1121,AUG,35,169.5444,6,5.3649,-7.881,-14.1,0.3399,0.0,-1.194,1121
1122,AUG,32,159.0241,5,5.525,-4.481,-8.8,0.0,-2.4,-1.194,1122
1123,AUG,35,1025.8,6,0.8649,-9.381,-11.1,0.3399,0.0,-1.194,1123
1124,AUG,32,2057.437,5,-0.875,-8.881,-9.2,0.0,0.0,-1.194,1124
1125,AUG,35,562.9498,6,2.3649,-12.181,-9.9,0.3399,-5.5,-1.194,1125
1126,AUG,35,4329.9814,6,-2.7351,-14.181,-12.3,0.3399,0.0,-1.194,1126
1127,AUG,32,165.5144,5,5.425,-2.081,-8.7,0.0,0.0,-1.194,1127
1128,AUG,32,449.943,5,2.925,-2.681,-6.0,0.0,-0.8,-1.194,1128
1129,AUG,32,353.9323,5,3.525,-6.481,-10.5,0.0,-0.7,-1.194,1129
1130,AUG,32,278.4088,5,4.125,-2.781,-7.3,0.0,-0.8,-1.194,1130
1131,AUG,35,93.0445,6,6.8649,-6.781,-14.5,0.3399,0.0,-1.194,1131
1132,AUG,32,1493.9759,5,-0.075,-6.581,-7.7,0.0,0.0,-1.194,1132
1133,AUG,35,4882.0772,6,-3.0351,-13.981,-10.5,0.3399,-1.3,-1.194,1133
1134,AUG,38,18542.3787,4,-6.3711,-12.081,-6.9,0.0039,0.0,-1.194,1134
1135,AUG,38,31998.4945,6,-7.7351,-14.981,-8.1,0.3399,0.0,-1.194,1135
1136,AUG,35,224.3332,6,4.6649,-10.881,-10.4,0.3399,-6.0,-1.194,1136
1137,AUG,35,479.7093,6,2.7649,-6.781,-10.4,0.3399,0.0,-1.194,1137
1138,AUG,38,18542.3787,4,-6.3711,-12.381,-7.2,0.0039,0.0,-1.194,1138
1139,AUG,35,392.7479,6,3.2649,-15.281,-13.9,0.3399,-5.5,-1.194,1139
1140,AUG,35,334.6743,6,3.6649,-10.481,-15.0,0.3399,0.0,-1.194,1140
1141,AUG,38,2944.5126,4,-1.7711,-6.381,-5.8,0.0039,0.0,-1.194,1141
1142,AUG,35,2376.2547,6,-1.2351,-9.881,-9.5,0.3399,0.0,-1.194,1142
1143,AUG,38,4572.0923,4,-2.8711,-8.581,-6.9,0.0039,0.0,-1.194,1143
1144,AUG,32,40.8118,5,8.925,-8.781,-15.6,0.0,-3.3,-1.194,1144
1145,AUG,35,1252.9307,6,0.3649,-14.981,-11.2,0.3399,-5.0,-1.194,1145
1146,AUG,32,277.5012,7,4.1332,-3.781,-8.3,0.8082,0.0,-1.194,1146
1147,AUG,35,1615.2396,8,-0.2701,-8.981,-8.5,1.4049,0.0,-1.194,1147
1148,AUG,35,548.4909,8,2.4299,-8.981,-11.2,1.4049,0.0,-1.194,1148
1149,AUG,35,176.4641,6,5.2649,-8.181,-14.3,0.3399,0.0,-1.194,1149
1150,AUG,32,1899.2442,5,-0.675,-7.581,-8.1,0.0,0.0,-1.194,1150
1151,AUG,38,29966.7669,4,-7.5711,-13.281,-6.9,0.0039,0.0,-1.194,1151
1152,AUG,35,377.347,6,3.3649,-12.281,-16.5,0.3399,0.0,-1.194,1152
1153,AUG,32,2722.3041,5,-1.575,-10.781,-9.4,0.0,-1.0,-1.194,1153
1154,AUG,35,334.6743,6,3.6649,-10.081,-12.5,0.3399,-2.1,-1.194,1154
1155,AUG,32,301.5982,5,3.925,-2.381,-7.5,0.0,0.0,-1.194,1155
1156,AUG,35,1111.2415,6,0.6649,-6.581,-8.1,0.3399,0.0,-1.194,1156
1157,AUG,25,15773.3782,7,-5.9668,-11.581,-6.0,0.8082,0.0,-1.194,1157
1158,AUG,38,9776.8629,4,-4.7711,-13.281,-9.7,0.0039,0.0,-1.194,1158
1159,AUG,32,819.8804,5,1.425,-5.481,-8.1,0.0,0.0,-1.194,1159
1160,AUG,32,110.9448,5,6.425,-5.681,-10.0,0.0,-3.3,-1.194,1160
1161,AUG,32,850.5605,7,1.3332,-5.481,-7.2,0.8082,0.0,-1.194,1161
1162,AUG,35,207.0846,6,4.8649,-10.781,-11.5,0.3399,-5.0,-1.194,1162
1163,AUG,38,41268.8961,4,-8.3711,-12.981,-5.8,0.0039,0.0,-1.194,1163
1164,AUG,32,1824.7692,5,-0.575,-6.481,-7.1,0.0,0.0,-1.194,1164
1165,AUG,35,687.597,6,1.8649,-6.581,-9.3,0.3399,0.0,-1.194,1165
1166,AUG,35,348.3335,6,3.5649,-11.681,-11.1,0.3399,-5.0,-1.194,1166
1167,AUG,35,634.7289,6,2.0649,-10.981,-11.8,0.3399,-2.1,-1.194,1167
1168,AUG,35,1470.3426,6,-0.0351,-8.581,-9.4,0.3399,0.0,-1.194,1168
1169,AUG,35,3840.3201,6,-2.4351,-13.781,-12.2,0.3399,0.0,-1.194,1169
1170,AUG,35,4506.7026,6,-2.8351,-17.881,-10.9,0.3399,-5.0,-1.194,1170
1171,AUG,32,1084.8273,5,0.725,-5.681,-6.8,0.0,-0.8,-1.194,1171
1172,AUG,35,1530.3523,6,-0.1351,-10.581,-11.3,0.3399,0.0,-1.194,1172
1173,AUG,35,1025.8,6,0.8649,-15.281,-11.5,0.3399,-5.5,-1.194,1173
1174,AUG,35,1725.4804,6,-0.4351,-11.381,-10.2,0.3399,-1.6,-1.194,1174
1175,AUG,38,27662.6734,4,-7.3711,-13.281,-7.1,0.0039,0.0,-1.194,1175
1176,AUG,35,233.489,6,4.5649,-9.081,-14.5,0.3399,0.0,-1.194,1176
1177,AUG,32,415.3476,5,3.125,-7.381,-9.3,0.0,-2.4,-1.194,1177
1178,AUG,26,585.9257,6,2.2649,-7.381,-10.5,0.3399,0.0,-1.194,1178
1179,AUG,35,585.9257,6,2.2649,-14.781,-11.9,0.3399,-6.0,-1.194,1179
1180,AUG,32,669.0645,7,1.9332,-4.681,-7.0,0.8082,0.0,-1.194,1180
1181,AUG,35,687.597,6,1.8649,-10.681,-11.3,0.3399,-2.1,-1.194,1181
1182,AUG,35,519.6655,6,2.5649,-6.481,-9.9,0.3399,0.0,-1.194,1182
1183,AUG,35,2574.1789,6,-1.4351,-13.081,-11.2,0.3399,-1.3,-1.194,1183
1184,AUG,35,3406.0327,6,-2.1351,-11.281,-10.0,0.3399,0.0,-1.194,1184
1185,AUG,35,9.1425,6,12.6649,-7.981,-15.5,0.3399,-6.0,-1.194,1185
1186,AUG,35,263.2601,6,4.2649,-5.781,-10.9,0.3399,0.0,-1.194,1186
1187,AUG,35,252.9369,6,4.3649,-7.481,-12.7,0.3399,0.0,-1.194,1187
1188,AUG,32,186.6183,5,5.125,-7.481,-13.8,0.0,0.0,-1.194,1188
1189,AUG,35,10439.7279,6,-4.9351,-11.281,-7.2,0.3399,0.0,-1.194,1189
1190,AUG,32,819.8804,5,1.425,-5.981,-8.6,0.0,0.0,-1.194,1190
1191,AUG,32,449.943,5,2.925,-7.281,-10.6,0.0,-0.8,-1.194,1191
1192,AUG,35,1725.4804,6,-0.4351,-12.881,-11.2,0.3399,-2.1,-1.194,1192
1193,AUG,38,726.044,4,1.7289,-4.281,-7.2,0.0039,0.0,-1.194,1193
1194,AUG,32,159.0241,5,5.525,-6.481,-12.5,0.0,-0.7,-1.194,1194
1195,AUG,35,660.6343,6,1.9649,-7.981,-9.2,0.3399,-1.6,-1.194,1195
1196,AUG,32,172.2696,5,5.325,-7.081,-10.9,0.0,-2.7,-1.194,1196
1197,AUG,38,8004.5178,4,-4.2711,-8.781,-5.7,0.0039,0.0,-1.194,1197
1198,AUG,35,2193.5485,6,-1.0351,-11.981,-11.8,0.3399,0.0,-1.194,1198
1199,AUG,28,7687.3897,8,-4.1701,-9.581,-5.2,1.4049,0.0,-1.194,1199
1200,AUG,35,1725.4804,6,-0.4351,-11.081,-11.5,0.3399,0.0,-1.194,1200
1201,AUG,35,207.0846,6,4.8649,-8.381,-14.1,0.3399,0.0,-1.194,1201
1202,AUG,35,2473.2377,6,-1.3351,-15.481,-9.5,0.3399,-5.5,-1.194,1202
1203,AUG,35,715.6602,6,1.7649,-9.581,-12.2,0.3399,0.0,-1.194,1203
1204,AUG,32,1970.3141,7,-0.7668,-10.681,-10.3,0.8082,0.0,-1.194,1204
1205,AUG,35,562.9498,6,2.3649,-7.981,-11.2,0.3399,0.0,-1.194,1205
1206,AUG,35,1156.595,6,0.5649,-9.681,-11.1,0.3399,0.0,-1.194,1206
1207,AUG,35,263.2601,6,4.2649,-6.481,-11.6,0.3399,0.0,-1.194,1207
1208,AUG,32,418.0623,10,3.1087,-9.581,-10.9,2.9837,0.0,-1.194,1208
1209,AUG,38,2138.112,4,-0.9711,-6.381,-6.6,0.0039,0.0,-1.194,1209
1210,AUG,32,452.8837,10,2.9087,-9.581,-10.7,2.9837,0.0,-1.194,1210
1211,AUG,35,2574.1789,6,-1.4351,-10.281,-9.7,0.3399,0.0,-1.194,1211
1212,AUG,35,3840.3201,6,-2.4351,-14.081,-10.9,0.3399,-1.6,-1.194,1212
1213,AUG,35,562.9498,6,2.3649,-7.981,-9.6,0.3399,-1.6,-1.194,1213
1214,AUG,34,10158.3494,7,-4.8668,-11.581,-7.1,0.8082,0.0,-1.194,1214
1215,AUG,35,2788.5887,6,-1.6351,-12.281,-11.5,0.3399,0.0,-1.194,1215
1216,AUG,38,20906.6312,4,-6.6711,-12.381,-6.9,0.0039,0.0,-1.194,1216
1217,AUG,19,0.1988,-2,22.2346,0.319,-5.9,17.2096,0.0,-1.194,1217
1218,AUG,32,338.945,7,3.6332,-5.381,-9.4,0.8082,0.0,-1.194,1218
1219,AUG,30,1001.4168,5,0.925,-12.081,-11.0,0.0,-3.2,-1.194,1219
1220,AUG,30,2949.0516,5,-1.775,-11.081,-9.2,0.0,-1.3,-1.194,1220
1221,AUG,33,252.9369,6,4.3649,-7.481,-12.7,0.3399,0.0,-1.194,1221
1222,AUG,33,408.7772,6,3.1649,-7.981,-12.0,0.3399,0.0,-1.194,1222
1223,AUG,33,3840.3201,6,-2.4351,-11.781,-10.2,0.3399,0.0,-1.194,1223
1224,AUG,36,39650.6199,4,-8.2711,-13.781,-6.7,0.0039,0.0,-1.194,1224
1225,AUG,36,33787.69,4,-7.8711,-14.681,-8.0,0.0039,0.0,-1.194,1225
1226,AUG,33,104.9081,6,6.5649,-6.481,-13.9,0.3399,0.0,-1.194,1226
1227,AUG,33,519.6655,6,2.5649,-6.381,-9.8,0.3399,0.0,-1.194,1227
1228,AUG,20,51713.5067,6,-8.9351,-15.881,-7.8,0.3399,0.0,-1.194,1228
1229,AUG,30,110.9448,5,6.425,-5.581,-10.0,0.0,-3.2,-1.194,1229
1230,AUG,33,207.8957,9,4.8551,-11.081,-15.0,2.1301,0.0,-1.194,1230
1231,AUG,33,10865.8086,6,-5.0351,-14.581,-10.4,0.3399,0.0,-1.194,1231
1232,AUG,30,301.5982,5,3.925,-2.381,-7.5,0.0,0.0,-1.194,1232
1233,AUG,36,56833.6847,4,-9.1711,-14.381,-6.4,0.0039,0.0,-1.194,1233
1234,AUG,30,186.6183,5,5.125,-7.481,-13.8,0.0,0.0,-1.194,1234
1235,AUG,33,946.928,6,1.0649,-6.481,-8.4,0.3399,0.0,-1.194,1235
1236,AUG,33,687.597,6,1.8649,-9.681,-12.4,0.3399,0.0,-1.194,1236
1237,AUG,30,593.4025,7,2.2332,-4.681,-7.3,0.8082,0.0,-1.194,1237
1238,AUG,33,1615.2396,8,-0.2701,-8.981,-8.5,1.4049,0.0,-1.194,1238
1239,AUG,30,370.7852,10,3.4087,-8.281,-9.9,2.9837,0.0,-1.194,1239
1240,AUG,30,56.2041,5,8.125,-10.381,-14.8,0.0,-4.9,-1.194,1240
1241,AUG,33,176.4641,6,5.2649,-8.181,-14.3,0.3399,0.0,-1.194,1241
1242,AUG,36,19023.1412,6,-6.4351,-15.981,-10.4,0.3399,0.0,-1.194,1242
1243,AUG,30,487.4199,5,2.725,-5.781,-9.7,0.0,0.0,-1.194,1243
1244,AUG,36,3064.6881,4,-1.8711,-7.781,-7.1,0.0039,0.0,-1.194,1244
1245,AUG,30,452.8837,10,2.9087,-9.581,-10.7,2.9837,0.0,-1.194,1245
1246,AUG,33,1111.2415,6,0.6649,-9.581,-11.1,0.3399,0.0,-1.194,1246
1247,AUG,36,41268.8961,4,-8.3711,-13.781,-6.6,0.0039,0.0,-1.194,1247
1248,AUG,33,6723.3792,6,-3.8351,-13.281,-10.3,0.3399,0.0,-1.194,1248
1249,AUG,30,787.7305,5,1.525,-9.781,-9.2,0.0,-3.3,-1.194,1249
1250,AUG,30,1493.9759,5,-0.075,-5.981,-6.0,0.0,-1.1,-1.194,1250
1251,AUG,30,2949.0516,5,-1.775,-10.781,-10.2,0.0,0.0,-1.194,1251
1252,AUG,33,377.347,6,3.3649,-8.381,-12.6,0.3399,0.0,-1.194,1252
1253,AUG,33,2376.2547,6,-1.2351,-10.281,-9.9,0.3399,0.0,-1.194,1253
1254,AUG,36,27662.6734,4,-7.3711,-14.681,-8.5,0.0039,0.0,-1.194,1254
1255,AUG,36,14585.7319,4,-5.7711,-14.681,-10.1,0.0039,0.0,-1.194,1255
1256,AUG,36,1040.6838,4,0.8289,-5.681,-7.7,0.0039,0.0,-1.194,1256
1257,AUG,36,6820.9316,4,-3.8711,-10.181,-7.5,0.0039,0.0,-1.194,1257
1258,AUG,26,5582.0785,8,-3.3701,-9.581,-6.0,1.4049,0.0,-1.194,1258
1259,AUG,33,9259.1382,6,-4.6351,-13.381,-9.6,0.3399,0.0,-1.194,1259
1260,AUG,33,1203.7996,6,0.4649,-10.881,-12.2,0.3399,0.0,-1.194,1260
1261,AUG,33,2574.1789,6,-1.4351,-9.381,-8.8,0.3399,0.0,-1.194,1261
1262,AUG,32,3590.2816,7,-2.2668,-11.581,-9.7,0.8082,0.0,-1.194,1262
1263,AUG,33,1111.2415,6,0.6649,-6.581,-8.1,0.3399,0.0,-1.194,1263
1264,AUG,30,850.5605,7,1.3332,-10.681,-12.4,0.8082,0.0,-1.194,1264
1265,AUG,30,353.9323,5,3.525,-8.381,-10.2,0.0,-2.9,-1.194,1265
1266,AUG,33,12751.2726,6,-5.4351,-11.281,-6.7,0.3399,0.0,-1.194,1266
1267,AUG,33,278.4088,5,4.125,-9.681,-11.1,0.0,-3.9,-1.194,1267
1268,AUG,33,2376.2547,6,-1.2351,-9.881,-9.5,0.3399,0.0,-1.194,1268
1269,AUG,33,548.4909,8,2.4299,-8.981,-11.2,1.4049,0.0,-1.194,1269
1270,AUG,30,325.6539,7,3.7332,-2.981,-7.1,0.8082,0.0,-1.194,1270
1271,AUG,30,90.8328,5,6.925,-3.081,-10.1,0.0,-1.1,-1.194,1271
1272,AUG,17,0.2242,-2,21.9346,0.319,-5.6,17.2096,0.0,-1.194,1272
1273,AUG,33,715.6602,6,1.7649,-11.281,-11.3,0.3399,-2.6,-1.194,1273
1274,AUG,33,2193.5485,6,-1.0351,-11.981,-11.8,0.3399,0.0,-1.194,1274
1275,AUG,30,449.943,5,2.925,-5.781,-9.9,0.0,0.0,-1.194,1275
1276,AUG,33,4329.9814,6,-2.7351,-14.181,-12.3,0.3399,0.0,-1.194,1276
1277,AUG,29,4882.0772,6,-3.0351,-11.281,-9.1,0.3399,0.0,-1.194,1277
1278,AUG,33,169.5444,6,5.3649,-7.881,-14.1,0.3399,0.0,-1.194,1278
1279,AUG,33,377.347,6,3.3649,-12.281,-16.5,0.3399,0.0,-1.194,1279
1280,AUG,33,2679.2398,6,-1.5351,-11.681,-11.0,0.3399,0.0,-1.194,1280
1281,AUG,33,3840.3201,6,-2.4351,-13.781,-12.2,0.3399,0.0,-1.194,1281
1282,AUG,33,1412.6861,6,0.0649,-11.881,-10.7,0.3399,-2.1,-1.194,1282
1283,AUG,33,2202.1392,9,-1.0449,-11.081,-9.1,2.1301,0.0,-1.194,1283
1284,AUG,33,1357.2905,6,0.1649,-8.581,-9.6,0.3399,0.0,-1.194,1284
1285,AUG,30,452.8837,10,2.9087,-8.281,-9.4,2.9837,0.0,-1.194,1285
1286,AUG,30,266.6195,7,4.2332,-8.781,-10.1,0.8082,-3.3,-1.194,1286
1287,AUG,33,2283.0746,6,-1.1351,-9.781,-9.5,0.3399,0.0,-1.194,1287
1288,AUG,33,2574.1789,6,-1.4351,-12.281,-11.7,0.3399,0.0,-1.194,1288
1289,AUG,30,595.3434,5,2.225,-9.881,-10.0,0.0,-3.3,-1.194,1289
1290,AUG,33,65.9568,5,7.725,-7.281,-11.9,0.0,-4.3,-1.194,1290
1291,AUG,30,528.0183,5,2.525,-2.981,-5.6,0.0,-1.1,-1.194,1291
1292,AUG,33,334.6743,6,3.6649,-10.481,-15.0,0.3399,0.0,-1.194,1292
1293,AUG,33,775.2693,6,1.5649,-9.381,-11.8,0.3399,0.0,-1.194,1293
1294,AUG,33,3144.1487,6,-1.9351,-10.781,-9.7,0.3399,0.0,-1.194,1294
1295,AUG,36,20906.6312,4,-6.6711,-13.481,-8.0,0.0039,0.0,-1.194,1295
1296,AUG,33,909.7962,6,1.1649,-6.381,-8.4,0.3399,0.0,-1.194,1296
1297,AUG,33,2902.4004,6,-1.7351,-12.081,-9.1,0.3399,-2.1,-1.194,1297
1298,AUG,33,207.0846,6,4.8649,-7.381,-11.5,0.3399,-1.6,-1.194,1298
1299,AUG,33,233.489,6,4.5649,-9.081,-14.5,0.3399,0.0,-1.194,1299
1300,AUG,33,687.597,6,1.8649,-6.581,-9.3,0.3399,0.0,-1.194,1300
1301,AUG,36,3743.2656,4,-2.3711,-9.981,-8.8,0.0039,0.0,-1.194,1301
1302,AUG,30,644.9311,5,2.025,-8.881,-9.2,0.0,-2.9,-1.194,1302
1303,AUG,36,7690.6368,4,-4.1711,-11.081,-8.1,0.0039,0.0,-1.194,1303
1304,AUG,30,619.6414,5,2.125,-7.581,-9.8,0.0,-1.1,-1.194,1304
1305,AUG,33,362.5501,6,3.4649,-11.881,-14.1,0.3399,-2.1,-1.194,1305
1306,AUG,30,485.8308,7,2.7332,-5.381,-8.5,0.8082,0.0,-1.194,1306
1307,AUG,33,6723.3792,6,-3.8351,-12.481,-9.5,0.3399,0.0,-1.194,1307
1308,AUG,33,263.2601,6,4.2649,-5.781,-10.9,0.3399,0.0,-1.194,1308
1309,AUG,26,22608.9581,7,-6.8668,-11.581,-5.1,0.8082,0.0,-1.194,1309
1310,AUG,33,585.9257,6,2.2649,-8.881,-12.0,0.3399,0.0,-1.194,1310
1311,AUG,33,479.7093,6,2.7649,-6.781,-10.4,0.3399,0.0,-1.194,1311
1312,AUG,24,243.0185,6,4.4649,-7.381,-12.7,0.3399,0.0,-1.194,1312
1313,AUG,30,237.242,5,4.525,-2.081,-7.8,0.0,0.0,-1.194,1313
1314,AUG,33,562.9498,6,2.3649,-7.981,-11.2,0.3399,0.0,-1.194,1314
1315,AUG,33,1725.4804,6,-0.4351,-11.081,-11.5,0.3399,0.0,-1.194,1315
1316,AUG,30,418.0623,10,3.1087,-9.581,-10.9,2.9837,0.0,-1.194,1316
1317,AUG,36,2225.3756,4,-1.0711,-7.781,-7.9,0.0039,0.0,-1.194,1317
1318,AUG,23,4213.2769,7,-2.6668,-11.581,-9.3,0.8082,0.0,-1.194,1318
1319,AUG,33,634.7289,6,2.0649,-8.581,-11.5,0.3399,0.0,-1.194,1319
1320,AUG,30,1554.9501,5,-0.175,-7.681,-7.4,0.0,-1.3,-1.194,1320
1321,AUG,33,7283.3863,6,-4.0351,-11.281,-8.1,0.3399,0.0,-1.194,1321
1322,AUG,33,2202.1392,9,-1.0449,-11.981,-10.0,2.1301,0.0,-1.194,1322
1323,AUG,33,93.0445,6,6.8649,-6.781,-14.5,0.3399,0.0,-1.194,1323
1324,AUG,30,172.2696,5,5.325,-4.381,-10.9,0.0,0.0,-1.194,1324
1325,AUG,30,924.4196,5,1.125,-4.981,-7.3,0.0,0.0,-1.194,1325
1326,AUG,33,5081.3313,6,-3.1351,-12.681,-10.4,0.3399,0.0,-1.194,1326
1327,AUG,33,1592.8111,6,-0.2351,-7.781,-8.4,0.3399,0.0,-1.194,1327
1328,AUG,30,1899.2442,5,-0.675,-7.581,-8.1,0.0,0.0,-1.194,1328
1329,AUG,31,467.3885,8,2.8299,-10.681,-13.3,1.4049,0.0,-1.194,1329
1330,AUG,33,1304.0671,6,0.2649,-10.881,-12.0,0.3399,0.0,-1.194,1330
1331,AUG,33,4329.9814,6,-2.7351,-14.181,-12.3,0.3399,0.0,-1.194,1331
1332,AUG,20,83575.3936,6,-10.1351,-15.781,-6.5,0.3399,0.0,-1.194,1332
1333,AUG,33,176.4641,6,5.2649,-8.181,-14.3,0.3399,0.0,-1.194,1333
1334,AUG,23,25491.7212,7,-7.1668,-11.581,-4.8,0.8082,0.0,-1.194,1334
1335,AUG,33,150.3713,6,5.6649,-6.481,-13.0,0.3399,0.0,-1.194,1335
1336,AUG,30,399.0606,5,3.225,-5.481,-9.9,0.0,0.0,-1.194,1336
1337,AUG,36,25535.7377,4,-7.1711,-14.681,-8.7,0.0039,0.0,-1.194,1337
1338,AUG,33,634.7289,6,2.0649,-8.881,-11.8,0.3399,0.0,-1.194,1338
1339,AUG,33,263.2601,6,4.2649,-5.781,-10.9,0.3399,0.0,-1.194,1339
1340,AUG,33,562.9498,6,2.3649,-10.681,-13.9,0.3399,0.0,-1.194,1340
1341,AUG,33,252.9369,6,4.3649,-7.481,-12.7,0.3399,0.0,-1.194,1341
1342,AUG,30,468.3067,5,2.825,-4.881,-8.9,0.0,0.0,-1.194,1342
1343,AUG,33,744.8687,6,1.6649,-9.681,-12.2,0.3399,0.0,-1.194,1343
1344,AUG,30,1129.1028,5,0.625,-5.481,-7.3,0.0,0.0,-1.194,1344
1345,AUG,33,1111.2415,6,0.6649,-6.581,-8.1,0.3399,0.0,-1.194,1345
1346,AUG,30,135.51,5,5.925,-4.881,-9.2,0.0,-2.8,-1.194,1346
1347,AUG,36,6296.4818,4,-3.6711,-9.981,-7.5,0.0039,0.0,-1.194,1347
1348,AUG,33,3840.3201,6,-2.4351,-13.781,-12.2,0.3399,0.0,-1.194,1348
1349,AUG,33,2376.2547,6,-1.2351,-9.781,-9.4,0.3399,0.0,-1.194,1349
1350,AUG,33,377.347,6,3.3649,-12.281,-16.5,0.3399,0.0,-1.194,1350
1352,AUG,36,24534.4055,4,-7.0711,-13.481,-7.6,0.0039,0.0,-1.194,1352
1353,AUG,33,334.6743,6,3.6649,-10.481,-15.0,0.3399,0.0,-1.194,1353
1354,AUG,33,207.8957,9,4.8551,-11.081,-15.0,2.1301,0.0,-1.194,1354
1355,AUG,33,9637.0351,6,-4.7351,-13.281,-9.4,0.3399,0.0,-1.194,1355
1356,AUG,26,25491.7212,7,-7.1668,-11.581,-4.8,0.8082,0.0,-1.194,1356
1357,AUG,30,368.3775,5,3.425,-1.981,-6.6,0.0,0.0,-1.194,1357
1358,AUG,33,2376.2547,6,-1.2351,-9.881,-9.5,0.3399,0.0,-1.194,1358
1359,AUG,36,1040.6838,4,0.8289,-5.681,-7.7,0.0039,0.0,-1.194,1359
1360,AUG,30,1273.0695,5,0.325,-6.481,-8.0,0.0,0.0,-1.194,1360
1361,AUG,33,2024.8903,6,-0.8351,-10.681,-10.7,0.3399,0.0,-1.194,1361
1362,AUG,36,61567.505,4,-9.3711,-14.681,-6.5,0.0039,0.0,-1.194,1362
1363,AUG,33,169.5444,6,5.3649,-7.881,-14.1,0.3399,0.0,-1.194,1363
1364,AUG,30,267.4916,5,4.225,-2.181,-7.5,0.0,-0.1,-1.194,1364
1365,AUG,36,3455.4523,4,-2.1711,-7.781,-6.8,0.0039,0.0,-1.194,1365
1366,AUG,30,71.4505,5,7.525,-7.581,-10.8,0.0,-5.5,-1.194,1366
1367,AUG,30,418.0623,10,3.1087,-9.581,-10.9,2.9837,0.0,-1.194,1367
1368,AUG,33,3855.3602,9,-2.4449,-11.981,-8.6,2.1301,0.0,-1.194,1368
1369,AUG,33,9259.1382,6,-4.6351,-11.281,-7.5,0.3399,0.0,-1.194,1369
1370,AUG,30,2141.408,5,-0.975,-6.381,-6.6,0.0,0.0,-1.194,1370
1371,AUG,36,41268.8961,4,-8.3711,-13.781,-6.6,0.0039,0.0,-1.194,1371
1372,AUG,33,1615.2396,8,-0.2701,-8.981,-8.5,1.4049,0.0,-1.194,1372
1373,AUG,33,1025.8,6,0.8649,-9.381,-11.1,0.3399,0.0,-1.194,1373
1374,AUG,33,2202.1392,9,-1.0449,-11.081,-9.1,2.1301,0.0,-1.194,1374
1375,AUG,30,528.0183,5,2.525,-9.881,-10.3,0.0,-3.3,-1.194,1375
1376,AUG,30,186.6183,5,5.125,-7.481,-13.8,0.0,0.0,-1.194,1376
1377,AUG,36,3896.0409,4,-2.4711,-7.781,-6.5,0.0039,0.0,-1.194,1377
1378,AUG,33,2902.4004,6,-1.7351,-11.681,-10.8,0.3399,0.0,-1.194,1378
1379,AUG,30,485.8308,7,2.7332,-5.481,-8.5,0.8082,-0.1,-1.194,1379
1380,AUG,30,1899.2442,5,-0.675,-7.581,-8.1,0.0,0.0,-1.194,1380
1381,AUG,24,585.9257,6,2.2649,-7.381,-10.5,0.3399,0.0,-1.194,1381
1382,AUG,29,14963.9074,6,-5.8351,-11.281,-6.3,0.3399,0.0,-1.194,1382
1383,AUG,33,687.597,6,1.8649,-6.481,-9.2,0.3399,0.0,-1.194,1383
1384,AUG,30,51.8827,5,8.325,-5.681,-11.9,0.0,-3.3,-1.194,1384
1385,AUG,36,41268.8961,4,-8.3711,-13.781,-6.6,0.0039,0.0,-1.194,1385
1386,AUG,36,10591.2023,4,-4.9711,-10.181,-6.4,0.0039,0.0,-1.194,1386
1387,AUG,30,819.8804,5,1.425,-5.981,-8.6,0.0,0.0,-1.194,1387
1388,AUG,33,1725.4804,6,-0.4351,-7.781,-8.2,0.3399,0.0,-1.194,1388
1389,AUG,30,452.8837,10,2.9087,-9.581,-10.7,2.9837,0.0,-1.194,1389
1390,AUG,33,1470.3426,6,-0.0351,-8.581,-9.4,0.3399,0.0,-1.194,1390
1391,AUG,33,1530.3523,6,-0.1351,-10.581,-11.3,0.3399,0.0,-1.194,1391
1392,AUG,17,156.5085,6,5.5649,0.319,-6.1,0.3399,0.0,-1.194,1392
1393,AUG,33,7283.3863,6,-4.0351,-12.481,-9.3,0.3399,0.0,-1.194,1393
1394,AUG,33,224.3332,6,4.6649,-5.781,-11.3,0.3399,0.0,-1.194,1394
1395,AUG,33,1156.595,6,0.5649,-9.681,-11.1,0.3399,0.0,-1.194,1395
1396,AUG,30,3460.7789,5,-2.175,-9.781,-8.8,0.0,0.0,-1.194,1396
1397,AUG,30,65.9568,5,7.725,-5.481,-11.1,0.0,-3.3,-1.194,1397
1398,AUG,32,4048.0618,7,-2.5668,-11.581,-9.4,0.8082,0.0,-1.194,1398
1399,AUG,30,71.4505,5,7.525,-5.181,-11.1,0.0,-2.8,-1.194,1399
1400,AUG,33,479.7093,6,2.7649,-6.781,-10.4,0.3399,0.0,-1.194,1400
1401,AUG,33,660.6343,6,1.9649,-8.381,-11.2,0.3399,0.0,-1.194,1401
1402,AUG,33,11770.849,6,-5.2351,-14.581,-10.2,0.3399,0.0,-1.194,1402
1403,AUG,33,687.597,6,1.8649,-6.581,-9.3,0.3399,0.0,-1.194,1403
1404,AUG,33,10030.3551,6,-4.8351,-13.381,-9.4,0.3399,0.0,-1.194,1404
1405,AUG,33,93.0445,6,6.8649,-6.781,-14.5,0.3399,0.0,-1.194,1405
1406,AUG,33,3689.7297,6,-2.3351,-9.381,-7.9,0.3399,0.0,-1.194,1406
1407,AUG,31,138.8095,6,5.8649,-9.881,-13.3,0.3399,-3.3,-1.194,1407
1408,AUG,30,353.9323,5,3.525,-7.781,-9.7,0.0,-2.8,-1.194,1408
1409,AUG,30,850.5605,7,1.3332,-5.481,-7.2,0.8082,0.0,-1.194,1409
1410,AUG,33,2107.5329,6,-0.9351,-9.581,-9.5,0.3399,0.0,-1.194,1410
1411,AUG,33,4506.7026,6,-2.8351,-10.881,-8.9,0.3399,0.0,-1.194,1411
1412,AUG,33,562.9498,6,2.3649,-7.981,-11.2,0.3399,0.0,-1.194,1412
1413,AUG,33,548.4909,8,2.4299,-8.981,-11.2,1.4049,0.0,-1.194,1413
1414,AUG,30,924.4196,5,1.125,-11.981,-11.5,0.0,-2.8,-1.194,1414
1415,AUG,30,595.3434,5,2.225,-1.881,-5.3,0.0,0.0,-1.194,1415
1416,AUG,30,257.0025,5,4.325,-9.981,-11.3,0.0,-4.2,-1.194,1416
1417,AUG,30,172.2696,5,5.325,-7.181,-10.9,0.0,-2.8,-1.194,1417
1418,AUG,33,4160.19,6,-2.6351,-11.781,-10.0,0.3399,0.0,-1.194,1418
1419,AUG,33,2788.5887,6,-1.6351,-12.281,-11.5,0.3399,0.0,-1.194,1419
1420,AUG,33,2193.5485,6,-1.0351,-11.981,-11.8,0.3399,0.0,-1.194,1420
1421,AUG,30,1493.9759,5,-0.075,-6.581,-7.7,0.0,0.0,-1.194,1421
1422,AUG,33,3144.1487,6,-1.9351,-10.781,-9.7,0.3399,0.0,-1.194,1422
1423,AUG,30,1824.7692,5,-0.575,-6.481,-7.1,0.0,0.0,-1.194,1423
1424,AUG,30,326.7191,5,3.725,-9.981,-10.7,0.0,-4.2,-1.194,1424
1425,AUG,33,687.597,6,1.8649,-8.581,-11.3,0.3399,0.0,-1.194,1425
1426,AUG,33,985.5754,6,0.9649,-6.381,-8.2,0.3399,0.0,-1.194,1426
1427,AUG,33,1725.4804,6,-0.4351,-11.081,-11.5,0.3399,0.0,-1.194,1427
1428,AUG,36,48429.9848,4,-8.7711,-14.681,-7.1,0.0039,0.0,-1.194,1428
1429,AUG,36,9776.8629,4,-4.7711,-11.081,-7.5,0.0039,0.0,-1.194,1429
1430,AUG,33,15574.6351,6,-5.9351,-11.281,-6.2,0.3399,0.0,-1.194,1430
1431,AUG,33,2574.1789,6,-1.4351,-10.281,-9.7,0.3399,0.0,-1.194,1431
1432,AUG,33,1657.8191,6,-0.3351,-6.481,-7.0,0.3399,0.0,-1.194,1432
1433,AUG,26,7687.3897,8,-4.1701,-9.581,-5.2,1.4049,0.0,-1.194,1433
1434,AUG,36,34663.7294,6,-7.9351,-15.981,-8.9,0.3399,0.0,-1.194,1434
1435,AUG,33,233.489,6,4.5649,-9.081,-14.5,0.3399,0.0,-1.194,1435
1436,AUG,30,1325.0277,5,0.225,-8.881,-10.3,0.0,0.0,-1.194,1436
1437,AUG,33,562.9498,6,2.3649,-6.381,-9.6,0.3399,0.0,-1.194,1437
1438,AUG,33,5081.3313,6,-3.1351,-12.681,-10.4,0.3399,0.0,-1.194,1438
1439,AUG,33,408.7772,6,3.1649,-7.981,-12.0,0.3399,0.0,-1.194,1439
1440,AUG,36,88248.5109,4,-10.2711,-14.381,-5.3,0.0039,0.0,-1.194,1440
1441,AUG,34,6459.7355,6,-3.7351,-12.081,-9.2,0.3399,0.0,-1.194,1441
1442,AUG,31,888.1703,5,1.225,-6.081,-7.9,0.0,-0.6,-1.194,1442
1443,AUG,34,334.6743,6,3.6649,-6.981,-11.5,0.3399,0.0,-1.194,1443
1444,AUG,31,415.3476,5,3.125,-8.081,-10.1,0.0,-2.3,-1.194,1444
1445,AUG,34,1111.2415,6,0.6649,-9.781,-11.3,0.3399,0.0,-1.194,1445
1446,AUG,31,3460.7789,5,-2.175,-9.781,-8.8,0.0,0.0,-1.194,1446
1447,AUG,31,257.0025,5,4.325,-1.881,-7.4,0.0,0.0,-1.194,1447
1448,AUG,31,698.649,5,1.825,-6.581,-9.6,0.0,0.0,-1.194,1448
1449,AUG,31,278.4088,5,4.125,-5.481,-10.8,0.0,0.0,-1.194,1449
1450,AUG,37,37550.9584,6,-8.1351,-14.981,-7.7,0.3399,0.0,-1.194,1450
1451,AUG,31,90.8328,5,6.925,-5.381,-12.5,0.0,-1.0,-1.194,1451
1452,AUG,37,19299.156,4,-6.4711,-12.981,-7.7,0.0039,0.0,-1.194,1452
1453,AUG,37,44706.286,4,-8.5711,-12.381,-5.0,0.0039,0.0,-1.194,1453
1454,AUG,34,2376.2547,6,-1.2351,-10.981,-10.6,0.3399,0.0,-1.194,1454
1455,AUG,34,1530.3523,6,-0.1351,-11.781,-12.5,0.3399,0.0,-1.194,1455
1456,AUG,34,2376.2547,6,-1.2351,-14.981,-13.4,0.3399,-1.2,-1.194,1456
1457,AUG,34,1470.3426,6,-0.0351,-10.781,-11.6,0.3399,0.0,-1.194,1457
1458,AUG,18,893.9753,10,1.2087,-6.081,-5.5,2.9837,0.0,-1.194,1458
1459,AUG,34,3545.0444,6,-2.2351,-13.481,-12.1,0.3399,0.0,-1.194,1459
1460,AUG,31,356.2456,10,3.5087,-8.281,-10.0,2.9837,0.0,-1.194,1460
1461,AUG,34,2024.8903,6,-0.8351,-8.981,-9.0,0.3399,0.0,-1.194,1461
1462,AUG,31,418.0623,10,3.1087,-9.581,-10.9,2.9837,0.0,-1.194,1462
1463,AUG,37,726.044,4,1.7289,-5.581,-8.5,0.0039,0.0,-1.194,1463
1464,AUG,34,377.347,6,3.3649,-13.481,-17.7,0.3399,0.0,-1.194,1464
1465,AUG,31,547.7768,7,2.4332,-5.481,-8.3,0.8082,0.0,-1.194,1465
1466,AUG,31,368.3775,5,3.425,-1.981,-6.6,0.0,0.0,-1.194,1466
1467,AUG,34,150.3713,6,5.6649,-7.681,-14.2,0.3399,0.0,-1.194,1467
1468,AUG,34,1067.6664,6,0.7649,-7.581,-9.2,0.3399,0.0,-1.194,1468
1469,AUG,37,3596.481,4,-2.2711,-8.581,-7.5,0.0039,0.0,-1.194,1469
1470,AUG,33,6809.1742,7,-3.8668,-12.581,-8.1,0.8082,-1.0,-1.194,1470
1471,AUG,31,172.2696,5,5.325,-5.981,-8.9,0.0,-3.6,-1.194,1471
1472,AUG,37,17815.2769,4,-6.2711,-12.081,-7.0,0.0039,0.0,-1.194,1472
1473,AUG,31,819.8804,5,1.425,-5.981,-8.6,0.0,0.0,-1.194,1473
1474,AUG,34,1025.8,6,0.8649,-10.081,-11.8,0.3399,0.0,-1.194,1474
1475,AUG,34,1470.3426,6,-0.0351,-9.781,-9.4,0.3399,-1.2,-1.194,1475
1476,AUG,34,14377.1281,6,-5.7351,-14.581,-9.7,0.3399,0.0,-1.194,1476
1477,AUG,31,186.6183,5,5.125,-7.481,-13.8,0.0,0.0,-1.194,1477
1478,AUG,34,540.8748,6,2.4649,-7.681,-11.0,0.3399,0.0,-1.194,1478
1479,AUG,34,12251.2573,6,-5.3351,-11.981,-7.5,0.3399,0.0,-1.194,1479
1480,AUG,34,1156.595,6,0.5649,-10.881,-12.3,0.3399,0.0,-1.194,1480
1481,AUG,37,2944.5126,4,-1.7711,-7.881,-7.3,0.0039,0.0,-1.194,1481
1482,AUG,37,2944.5126,4,-1.7711,-6.381,-5.8,0.0039,0.0,-1.194,1482
1483,AUG,34,339.3869,8,3.6299,-10.181,-12.4,1.4049,-1.2,-1.194,1483
1484,AUG,32,467.3885,8,2.8299,-10.681,-13.3,1.4049,0.0,-1.194,1484
1485,AUG,34,109.1898,6,6.4649,-9.381,-15.5,0.3399,-1.2,-1.194,1485
1486,AUG,31,193.6016,7,5.0332,-3.781,-9.2,0.8082,0.0,-1.194,1486
1487,AUG,37,39650.6199,4,-8.2711,-13.281,-6.2,0.0039,0.0,-1.194,1487
1488,AUG,27,14560.5901,7,-5.7668,-11.581,-6.2,0.8082,0.0,-1.194,1488
1489,AUG,34,16871.8856,6,-6.1351,-15.781,-10.5,0.3399,0.0,-1.194,1489
1490,AUG,34,10030.3551,6,-4.8351,-12.381,-7.3,0.3399,-1.1,-1.194,1490
1491,AUG,34,2193.5485,6,-1.0351,-13.181,-13.0,0.3399,0.0,-1.194,1491
1492,AUG,34,5288.7177,6,-3.2351,-12.981,-10.6,0.3399,0.0,-1.194,1492
1493,AUG,34,1067.6664,6,0.7649,-12.281,-12.7,0.3399,-1.2,-1.194,1493
1494,AUG,31,289.7717,5,4.025,-8.581,-10.2,0.0,-3.6,-1.194,1494
1495,AUG,34,1025.8,6,0.8649,-10.581,-12.3,0.3399,0.0,-1.194,1495
1496,AUG,34,207.0846,6,4.8649,-11.681,-16.2,0.3399,-1.2,-1.194,1496
1497,AUG,34,2376.2547,6,-1.2351,-11.081,-10.7,0.3399,0.0,-1.194,1497
1498,AUG,34,5081.3313,6,-3.1351,-13.881,-11.6,0.3399,0.0,-1.194,1498
1499,AUG,34,2574.1789,6,-1.4351,-10.581,-10.0,0.3399,0.0,-1.194,1499
1500,AUG,34,4160.19,6,-2.6351,-11.481,-9.7,0.3399,0.0,-1.194,1500
1501,AUG,31,370.7852,10,3.4087,-8.281,-9.9,2.9837,0.0,-1.194,1501
1502,AUG,31,98.3985,5,6.725,-5.681,-10.0,0.0,-3.6,-1.194,1502
1503,AUG,34,1304.0671,6,0.2649,-12.081,-12.0,0.3399,-1.2,-1.194,1503
1504,AUG,34,744.8687,6,1.6649,-10.881,-13.4,0.3399,0.0,-1.194,1504
1505,AUG,34,4690.6365,6,-2.9351,-12.881,-10.8,0.3399,0.0,-1.194,1505
1506,AUG,34,1111.2415,6,0.6649,-7.781,-9.3,0.3399,0.0,-1.194,1506
1507,AUG,31,1970.3141,7,-0.7668,-10.681,-10.3,0.8082,0.0,-1.194,1507
1508,AUG,31,385.9182,10,3.3087,-9.581,-11.1,2.9837,0.0,-1.194,1508
1509,AUG,34,7890.0379,6,-4.2351,-13.681,-10.3,0.3399,0.0,-1.194,1509
1510,AUG,31,257.0025,5,4.325,-4.881,-10.4,0.0,0.0,-1.194,1510
1511,AUG,30,14377.1281,6,-5.7351,-13.681,-6.4,0.3399,-2.4,-1.194,1511
1512,AUG,34,1362.6061,9,0.1551,-12.281,-10.3,2.1301,-1.2,-1.194,1512
1513,AUG,37,8004.5178,4,-4.2711,-8.781,-5.7,0.0039,0.0,-1.194,1513
1514,AUG,34,425.4608,6,3.0649,-9.581,-13.5,0.3399,0.0,-1.194,1514
1515,AUG,37,78268.818,4,-9.9711,-14.781,-6.0,0.0039,0.0,-1.194,1515
1516,AUG,34,348.3335,6,3.5649,-9.181,-12.4,0.3399,-1.2,-1.194,1516
1517,AUG,31,152.2901,7,5.6332,-6.181,-11.4,0.8082,-0.8,-1.194,1517
1518,AUG,31,415.3476,5,3.125,-8.081,-10.1,0.0,-2.3,-1.194,1518
1519,AUG,34,1067.6664,6,0.7649,-7.681,-9.3,0.3399,0.0,-1.194,1519
1520,AUG,31,1899.2442,5,-0.675,-8.881,-9.4,0.0,0.0,-1.194,1520
1521,AUG,34,9637.0351,6,-4.7351,-14.481,-10.6,0.3399,0.0,-1.194,1521
1522,AUG,31,1976.7588,5,-0.775,-10.781,-11.2,0.0,0.0,-1.194,1522
1523,AUG,34,93.0445,6,6.8649,-7.981,-15.7,0.3399,0.0,-1.194,1523
1524,AUG,34,104.9081,6,6.5649,-9.081,-15.3,0.3399,-1.2,-1.194,1524
1525,AUG,34,909.7962,6,1.1649,-7.581,-9.6,0.3399,0.0,-1.194,1525
1526,AUG,27,7687.3897,8,-4.1701,-9.581,-5.2,1.4049,0.0,-1.194,1526
1527,AUG,34,233.489,6,4.5649,-10.281,-15.7,0.3399,0.0,-1.194,1527
1528,AUG,34,3144.1487,6,-1.9351,-11.981,-10.9,0.3399,0.0,-1.194,1528
1529,AUG,34,479.7093,6,2.7649,-7.981,-11.6,0.3399,0.0,-1.194,1529
1530,AUG,37,4758.6949,4,-2.9711,-8.581,-6.8,0.0039,0.0,-1.194,1530
1531,AUG,31,853.3425,5,1.325,-6.481,-9.0,0.0,0.0,-1.194,1531
1532,AUG,34,4329.9814,6,-2.7351,-15.381,-13.5,0.3399,0.0,-1.194,1532
1533,AUG,31,74.3667,5,7.425,-2.881,-10.7,0.0,-0.8,-1.194,1533
1534,AUG,31,179.3005,5,5.225,-4.281,-8.5,0.0,-2.2,-1.194,1534
1535,AUG,24,25491.7212,7,-7.1668,-11.581,-4.8,0.8082,0.0,-1.194,1535
1536,AUG,21,106246.7495,6,-10.7351,-15.881,-6.0,0.3399,0.0,-1.194,1536
1537,AUG,34,156.5085,6,5.5649,-8.681,-13.9,0.3399,-1.2,-1.194,1537
1538,AUG,31,468.3067,5,2.825,-6.481,-10.5,0.0,0.0,-1.194,1538
1539,AUG,34,263.2601,6,4.2649,-6.981,-12.1,0.3399,0.0,-1.194,1539
1540,AUG,34,999.4533,8,0.9299,-10.181,-9.7,1.4049,-1.2,-1.194,1540
1541,AUG,31,644.9311,5,2.025,-6.381,-9.6,0.0,0.0,-1.194,1541
1542,AUG,34,2024.8903,6,-0.8351,-11.881,-11.9,0.3399,0.0,-1.194,1542
1543,AUG,34,687.597,6,1.8649,-7.781,-10.5,0.3399,0.0,-1.194,1543
1544,AUG,34,2385.561,9,-1.2449,-13.181,-9.8,2.1301,-1.2,-1.194,1544
1545,AUG,34,909.7962,6,1.1649,-11.881,-13.9,0.3399,0.0,-1.194,1545
1546,AUG,31,1175.1853,5,0.525,-7.581,-9.3,0.0,0.0,-1.194,1546
1547,AUG,34,408.7772,6,3.1649,-9.181,-13.2,0.3399,0.0,-1.194,1547
1548,AUG,34,128.6385,9,6.0551,-12.281,-16.2,2.1301,-1.2,-1.194,1548
1549,AUG,25,540.8748,6,2.4649,-7.381,-10.7,0.3399,0.0,-1.194,1549
1550,AUG,37,44706.286,4,-8.5711,-13.681,-6.3,0.0039,0.0,-1.194,1550
1551,AUG,37,7099.3169,4,-3.9711,-13.281,-10.5,0.0039,0.0,-1.194,1551
1552,AUG,32,2141.408,5,-0.975,-7.281,-7.3,0.0,-0.2,-1.194,1552
1553,AUG,32,267.4916,5,4.225,-12.481,-13.9,0.0,-4.0,-1.194,1553
1554,AUG,35,1945.4883,6,-0.7351,-9.381,-9.5,0.3399,0.0,-1.194,1554
1555,AUG,35,274.0047,6,4.1649,-6.381,-11.4,0.3399,0.0,-1.194,1555
1556,AUG,32,452.8837,10,2.9087,-10.181,-10.7,2.9837,-0.6,-1.194,1556
1557,AUG,38,61567.505,4,-9.3711,-12.981,-4.8,0.0039,0.0,-1.194,1557
1558,AUG,35,2283.0746,6,-1.1351,-10.281,-10.0,0.3399,0.0,-1.194,1558
1559,AUG,35,9259.1382,6,-4.6351,-13.281,-9.5,0.3399,0.0,-1.194,1559
1560,AUG,35,93.0445,6,6.8649,-6.781,-14.5,0.3399,0.0,-1.194,1560
1561,AUG,35,909.7962,6,1.1649,-8.581,-10.6,0.3399,0.0,-1.194,1561
1562,AUG,35,660.6343,6,1.9649,-8.381,-11.2,0.3399,0.0,-1.194,1562
1563,AUG,32,202.1623,5,4.925,-3.381,-8.7,0.0,-0.8,-1.194,1563
1564,AUG,32,159.0241,5,5.525,-6.881,-9.3,0.0,-4.3,-1.194,1564
1565,AUG,35,744.8687,6,1.6649,-9.681,-12.2,0.3399,0.0,-1.194,1565
1566,AUG,33,467.3885,8,2.8299,-11.281,-13.3,1.4049,-0.6,-1.194,1566
1567,AUG,32,74.3667,5,7.425,-6.681,-11.6,0.0,-3.7,-1.194,1567
1568,AUG,35,1067.6664,6,0.7649,-9.781,-11.4,0.3399,0.0,-1.194,1568
1569,AUG,35,687.597,6,1.8649,-6.481,-9.2,0.3399,0.0,-1.194,1569
1570,AUG,35,6459.7355,6,-3.7351,-11.281,-8.4,0.3399,0.0,-1.194,1570
1571,AUG,38,22647.997,4,-6.8711,-13.281,-7.6,0.0039,0.0,-1.194,1571
1572,AUG,35,1025.8,6,0.8649,-9.381,-11.1,0.3399,0.0,-1.194,1572
1573,AUG,35,1536.3457,9,-0.1449,-11.081,-10.0,2.1301,0.0,-1.194,1573
1574,AUG,35,334.6743,6,3.6649,-10.481,-15.0,0.3399,0.0,-1.194,1574
1575,AUG,35,274.0047,6,4.1649,-6.381,-11.4,0.3399,0.0,-1.194,1575
1576,AUG,32,367.1765,7,3.4332,-11.281,-14.5,0.8082,-0.6,-1.194,1576
1577,AUG,34,3590.2816,7,-2.2668,-11.581,-9.7,0.8082,0.0,-1.194,1577
1578,AUG,32,888.1703,5,1.225,-9.081,-8.4,0.0,-3.1,-1.194,1578
1579,AUG,32,1618.4129,5,-0.275,-7.881,-8.0,0.0,-0.8,-1.194,1579
1580,AUG,35,1530.3523,6,-0.1351,-10.581,-11.3,0.3399,0.0,-1.194,1580
1581,AUG,32,173.3955,10,5.3087,-8.881,-11.8,2.9837,-0.6,-1.194,1581
1582,AUG,32,1042.288,5,0.825,-6.281,-8.1,0.0,-0.2,-1.194,1582
1583,AUG,35,233.489,6,4.5649,-9.081,-14.5,0.3399,0.0,-1.194,1583
1584,AUG,35,4160.19,6,-2.6351,-11.781,-10.0,0.3399,0.0,-1.194,1584
1585,AUG,32,1084.8273,5,0.725,-6.281,-7.4,0.0,-0.8,-1.194,1585
1586,AUG,38,12251.2573,6,-5.3351,-14.981,-10.5,0.3399,0.0,-1.194,1586
1587,AUG,35,2024.8903,6,-0.8351,-10.681,-10.7,0.3399,0.0,-1.194,1587
1588,AUG,35,1111.2415,6,0.6649,-6.581,-8.1,0.3399,0.0,-1.194,1588
1589,AUG,38,44706.286,4,-8.5711,-12.381,-5.0,0.0039,0.0,-1.194,1589
1590,AUG,35,408.7772,6,3.1649,-7.981,-12.0,0.3399,0.0,-1.194,1590
1591,AUG,19,0.2242,-2,21.9346,0.319,-5.6,17.2096,0.0,-1.194,1591
1592,AUG,35,4329.9814,6,-2.7351,-14.181,-12.3,0.3399,0.0,-1.194,1592
1593,AUG,32,368.3775,5,3.425,-6.281,-10.7,0.0,-0.2,-1.194,1593
1594,AUG,26,585.9257,6,2.2649,-7.381,-10.5,0.3399,0.0,-1.194,1594
1595,AUG,35,176.4641,6,5.2649,-8.181,-14.3,0.3399,0.0,-1.194,1595
1596,AUG,31,3840.3201,6,-2.4351,-11.281,-9.7,0.3399,0.0,-1.194,1596
1597,AUG,35,3840.3201,6,-2.4351,-13.781,-12.2,0.3399,0.0,-1.194,1597
1598,AUG,38,726.044,4,1.7289,-4.281,-7.2,0.0039,0.0,-1.194,1598
1599,AUG,38,24534.4055,4,-7.0711,-12.081,-6.2,0.0039,0.0,-1.194,1599
1600,AUG,35,150.3713,6,5.6649,-6.481,-13.0,0.3399,0.0,-1.194,1600
1601,AUG,32,219.0009,5,4.725,-6.581,-10.9,0.0,-1.6,-1.194,1601
1602,AUG,35,3144.1487,6,-1.9351,-10.781,-9.7,0.3399,0.0,-1.194,1602
1603,AUG,38,5812.3561,4,-3.4711,-8.581,-6.3,0.0039,0.0,-1.194,1603
1604,AUG,35,377.347,6,3.3649,-12.281,-16.5,0.3399,0.0,-1.194,1604
1605,AUG,32,98.3985,5,6.725,-8.981,-13.8,0.0,-3.1,-1.194,1605
1606,AUG,32,237.242,5,4.525,-8.181,-12.1,0.0,-1.8,-1.194,1606
1607,AUG,35,3406.0327,6,-2.1351,-13.381,-12.1,0.3399,0.0,-1.194,1607
1608,AUG,35,169.5444,6,5.3649,-7.881,-14.1,0.3399,0.0,-1.194,1608
1609,AUG,35,1725.4804,6,-0.4351,-11.081,-11.5,0.3399,0.0,-1.194,1609
1610,AUG,35,3840.3201,6,-2.4351,-10.881,-9.3,0.3399,0.0,-1.194,1610
1611,AUG,35,562.9498,6,2.3649,-7.981,-11.2,0.3399,0.0,-1.194,1611
1612,AUG,38,2944.5126,4,-1.7711,-6.381,-5.8,0.0039,0.0,-1.194,1612
1613,AUG,38,8004.5178,4,-4.2711,-8.781,-5.7,0.0039,0.0,-1.194,1613
1614,AUG,35,1412.6861,6,0.0649,-7.781,-8.7,0.3399,0.0,-1.194,1614
1615,AUG,35,7283.3863,6,-4.0351,-12.481,-9.3,0.3399,0.0,-1.194,1615
1616,AUG,35,687.597,6,1.8649,-6.581,-9.3,0.3399,0.0,-1.194,1616
1617,AUG,35,634.7289,6,2.0649,-8.881,-11.8,0.3399,0.0,-1.194,1617
1618,AUG,32,83.8488,5,7.125,-4.481,-11.0,0.0,-1.8,-1.194,1618
1619,AUG,35,562.9498,6,2.3649,-10.681,-13.9,0.3399,0.0,-1.194,1619
1620,AUG,35,207.8957,9,4.8551,-11.081,-15.0,2.1301,0.0,-1.194,1620
1621,AUG,35,669.9368,8,1.9299,-8.981,-10.7,1.4049,0.0,-1.194,1621
1622,AUG,38,39650.6199,4,-8.2711,-12.381,-5.3,0.0039,0.0,-1.194,1622
1623,AUG,35,2376.2547,6,-1.2351,-9.881,-9.5,0.3399,0.0,-1.194,1623
1624,AUG,35,2473.2377,6,-1.3351,-12.281,-11.8,0.3399,0.0,-1.194,1624
1625,AUG,38,2944.5126,4,-1.7711,-6.381,-5.8,0.0039,0.0,-1.194,1625
1626,AUG,28,5356.2054,7,-3.2668,-11.581,-8.7,0.8082,0.0,-1.194,1626
1627,AUG,35,5081.3313,6,-3.1351,-12.681,-10.4,0.3399,0.0,-1.194,1627
1628,AUG,35,191.1623,6,5.0649,-5.781,-11.7,0.3399,0.0,-1.194,1628
1629,AUG,35,1304.0671,6,0.2649,-10.881,-12.0,0.3399,0.0,-1.194,1629
1630,AUG,32,924.4196,5,1.125,-9.681,-11.8,0.0,-0.2,-1.194,1630
1631,AUG,35,11770.849,6,-5.2351,-14.581,-10.2,0.3399,0.0,-1.194,1631
1632,AUG,35,2193.5485,6,-1.0351,-11.981,-11.8,0.3399,0.0,-1.194,1632
1633,AUG,35,2902.4004,6,-1.7351,-11.681,-10.8,0.3399,0.0,-1.194,1633
1634,AUG,38,46530.901,4,-8.6711,-13.281,-5.8,0.0039,0.0,-1.194,1634
1635,AUG,32,219.0009,5,4.725,-4.281,-8.6,0.0,-1.6,-1.194,1635
1636,AUG,35,479.7093,6,2.7649,-6.781,-10.4,0.3399,0.0,-1.194,1636
1637,AUG,38,4952.9133,4,-3.0711,-8.581,-6.7,0.0039,0.0,-1.194,1637
1638,AUG,35,2202.1392,9,-1.0449,-11.981,-10.0,2.1301,0.0,-1.194,1638
1639,AUG,32,2057.437,5,-0.875,-8.381,-7.3,0.0,-1.4,-1.194,1639
1640,AUG,35,1156.595,6,0.5649,-9.681,-11.1,0.3399,0.0,-1.194,1640
1641,AUG,35,252.9369,6,4.3649,-7.481,-12.7,0.3399,0.0,-1.194,1641
1642,AUG,35,4329.9814,6,-2.7351,-11.381,-9.5,0.3399,0.0,-1.194,1642
1643,AUG,35,224.3332,6,4.6649,-5.781,-11.3,0.3399,0.0,-1.194,1643
1644,AUG,32,819.8804,5,1.425,-6.781,-9.2,0.0,-0.2,-1.194,1644
1645,AUG,32,505.6592,7,2.6332,-6.281,-9.1,0.8082,-0.2,-1.194,1645
1646,AUG,32,1273.0695,5,0.325,-7.381,-8.7,0.0,-0.2,-1.194,1646
1647,AUG,22,42338.9065,6,-8.4351,-15.781,-8.2,0.3399,0.0,-1.194,1647
1648,AUG,25,9009.5798,7,-4.5668,-11.581,-7.4,0.8082,0.0,-1.194,1648
1649,AUG,32,418.0623,10,3.1087,-10.181,-10.9,2.9837,-0.6,-1.194,1649
1650,AUG,35,1304.0671,6,0.2649,-6.481,-7.6,0.3399,0.0,-1.194,1650
1651,AUG,35,687.597,6,1.8649,-8.581,-11.3,0.3399,0.0,-1.194,1651
1652,AUG,32,571.9982,5,2.325,-7.181,-9.1,0.0,-1.6,-1.194,1652
1653,AUG,32,595.3434,5,2.225,-3.281,-5.9,0.0,-0.8,-1.194,1653
1654,AUG,32,528.0183,5,2.525,-8.181,-10.1,0.0,-1.8,-1.194,1654
1655,AUG,32,238.7926,10,4.5087,-8.881,-11.0,2.9837,-0.6,-1.194,1655
1656,AUG,35,1945.4883,6,-0.7351,-9.581,-9.7,0.3399,0.0,-1.194,1656
1657,AUG,28,6047.0238,8,-3.5701,-9.581,-5.8,1.4049,0.0,-1.194,1657
1658,AUG,32,237.242,5,4.525,-3.081,-8.4,0.0,-0.4,-1.194,1658
1659,AUG,35,548.4909,8,2.4299,-8.981,-11.2,1.4049,0.0,-1.194,1659
1660,AUG,32,3602.025,5,-2.275,-11.781,-9.3,0.0,-1.4,-1.194,1660
1661,AUG,32,289.7717,5,4.025,-3.381,-8.2,0.0,-0.4,-1.194,1661
1662,AUG,38,39650.6199,4,-8.2711,-13.281,-6.2,0.0039,0.0,-1.194,1662
1663,AUG,35,9259.1382,6,-4.6351,-11.581,-7.5,0.3399,-0.3,-1.194,1663
1664,AUG,32,888.1703,5,1.225,-7.781,-7.7,0.0,-2.5,-1.194,1664
1665,AUG,32,449.943,5,2.925,-5.781,-9.9,0.0,0.0,-1.194,1665
1666,AUG,35,5081.3313,6,-3.1351,-12.681,-10.4,0.3399,0.0,-1.194,1666
1667,AUG,38,23572.3385,4,-6.9711,-13.281,-7.5,0.0039,0.0,-1.194,1667
1668,AUG,35,687.597,6,1.8649,-6.581,-9.3,0.3399,0.0,-1.194,1668
1669,AUG,35,7283.3863,6,-4.0351,-12.481,-9.3,0.3399,0.0,-1.194,1669
1670,AUG,25,25491.7212,7,-7.1668,-11.581,-4.8,0.8082,0.0,-1.194,1670
1671,AUG,35,377.347,6,3.3649,-12.281,-16.5,0.3399,0.0,-1.194,1671
1672,AUG,35,233.489,6,4.5649,-9.081,-14.5,0.3399,0.0,-1.194,1672
1673,AUG,32,1042.288,5,0.825,-4.981,-7.0,0.0,0.0,-1.194,1673
1674,AUG,38,44706.286,4,-8.5711,-12.381,-5.0,0.0039,0.0,-1.194,1674
1675,AUG,35,479.7093,6,2.7649,-6.781,-10.4,0.3399,0.0,-1.194,1675
1676,AUG,38,39650.6199,4,-8.2711,-13.281,-6.2,0.0039,0.0,-1.194,1676
1677,AUG,35,1025.8,6,0.8649,-9.381,-11.1,0.3399,0.0,-1.194,1677
1678,AUG,35,9637.0351,6,-4.7351,-13.281,-9.4,0.3399,0.0,-1.194,1678
1679,AUG,35,562.9498,6,2.3649,-6.381,-9.6,0.3399,0.0,-1.194,1679
1680,AUG,22,110583.0394,6,-10.8351,-15.981,-6.0,0.3399,0.0,-1.194,1680
1681,AUG,35,1530.3523,6,-0.1351,-10.581,-11.3,0.3399,0.0,-1.194,1681
1682,AUG,35,12751.2726,6,-5.4351,-11.281,-6.7,0.3399,0.0,-1.194,1682
1683,AUG,32,301.5982,5,3.925,-2.381,-7.5,0.0,0.0,-1.194,1683
1684,AUG,35,1156.595,6,0.5649,-9.681,-11.1,0.3399,0.0,-1.194,1684
1685,AUG,38,5812.3561,4,-3.4711,-8.581,-6.3,0.0039,0.0,-1.194,1685
1686,AUG,35,150.3713,6,5.6649,-6.481,-13.0,0.3399,0.0,-1.194,1686
1687,AUG,38,2944.5126,4,-1.7711,-6.381,-5.8,0.0039,0.0,-1.194,1687
1688,AUG,32,485.8308,7,2.7332,-5.381,-8.5,0.8082,0.0,-1.194,1688
1689,AUG,35,10030.3551,6,-4.8351,-13.381,-9.4,0.3399,0.0,-1.194,1689
1690,AUG,35,4506.7026,6,-2.8351,-10.881,-8.9,0.3399,0.0,-1.194,1690
1691,AUG,35,3689.7297,6,-2.3351,-9.381,-7.9,0.3399,0.0,-1.194,1691
1692,AUG,32,172.2696,5,5.325,-4.381,-10.9,0.0,0.0,-1.194,1692
1693,AUG,38,46530.901,4,-8.6711,-13.281,-5.8,0.0039,0.0,-1.194,1693
1694,AUG,35,4329.9814,6,-2.7351,-14.181,-12.3,0.3399,0.0,-1.194,1694
1695,AUG,35,2107.5329,6,-0.9351,-9.581,-9.5,0.3399,0.0,-1.194,1695
1696,AUG,38,2944.5126,4,-1.7711,-6.381,-5.8,0.0039,0.0,-1.194,1696
1697,AUG,35,207.8957,9,4.8551,-11.081,-15.0,2.1301,0.0,-1.194,1697
1698,AUG,35,3855.3602,9,-2.4449,-11.981,-8.6,2.1301,0.0,-1.194,1698
1699,AUG,35,263.2601,6,4.2649,-5.781,-10.9,0.3399,0.0,-1.194,1699
1700,AUG,35,1252.9307,6,0.3649,-6.481,-7.7,0.3399,0.0,-1.194,1700
1701,AUG,38,4952.9133,4,-3.0711,-8.581,-6.7,0.0039,0.0,-1.194,1701
1702,AUG,38,39650.6199,4,-8.2711,-12.381,-5.3,0.0039,0.0,-1.194,1702
1703,AUG,32,1824.7692,5,-0.575,-11.181,-9.3,0.0,-2.5,-1.194,1703
1704,AUG,38,8004.5178,4,-4.2711,-8.781,-5.7,0.0039,0.0,-1.194,1704
1705,AUG,34,10158.3494,7,-4.8668,-11.581,-7.1,0.8082,0.0,-1.194,1705
1706,AUG,32,819.8804,5,1.425,-5.981,-8.6,0.0,0.0,-1.194,1706
1707,AUG,32,669.0645,7,1.9332,-4.681,-7.0,0.8082,0.0,-1.194,1707
1708,AUG,26,585.9257,6,2.2649,-7.381,-10.5,0.3399,0.0,-1.194,1708
1709,AUG,35,499.2879,6,2.6649,-8.381,-11.9,0.3399,0.0,-1.194,1709
1710,AUG,35,2788.5887,6,-1.6351,-12.281,-11.5,0.3399,0.0,-1.194,1710
1711,AUG,32,761.7878,10,1.6087,-8.281,-8.1,2.9837,0.0,-1.194,1711
1712,AUG,35,2574.1789,6,-1.4351,-10.281,-9.7,0.3399,0.0,-1.194,1712
1713,AUG,35,169.5444,6,5.3649,-7.881,-14.1,0.3399,0.0,-1.194,1713
1714,AUG,35,562.9498,6,2.3649,-7.981,-11.2,0.3399,0.0,-1.194,1714
1715,AUG,35,562.9498,6,2.3649,-10.681,-13.9,0.3399,0.0,-1.194,1715
1716,AUG,28,7687.3897,8,-4.1701,-9.581,-5.2,1.4049,0.0,-1.194,1716
1717,AUG,35,2376.2547,6,-1.2351,-9.881,-9.5,0.3399,0.0,-1.194,1717
1718,AUG,32,1899.2442,5,-0.675,-7.581,-8.1,0.0,0.0,-1.194,1718
1719,AUG,35,1725.4804,6,-0.4351,-11.081,-11.5,0.3399,0.0,-1.194,1719
1720,AUG,32,571.9982,5,2.325,-2.581,-5.4,0.0,-0.7,-1.194,1720
1721,AUG,32,399.0606,5,3.225,-5.481,-9.9,0.0,0.0,-1.194,1721
1722,AUG,35,3840.3201,6,-2.4351,-13.781,-12.2,0.3399,0.0,-1.194,1722
1723,AUG,33,467.3885,8,2.8299,-10.681,-13.3,1.4049,0.0,-1.194,1723
1724,AUG,38,24534.4055,4,-7.0711,-12.081,-6.2,0.0039,0.0,-1.194,1724
1725,AUG,35,176.4641,6,5.2649,-8.181,-14.3,0.3399,0.0,-1.194,1725
1726,AUG,32,2057.437,5,-0.875,-8.881,-9.2,0.0,0.0,-1.194,1726
1727,AUG,35,1725.4804,6,-0.4351,-7.781,-8.2,0.3399,0.0,-1.194,1727
1728,AUG,35,334.6743,6,3.6649,-10.481,-15.0,0.3399,0.0,-1.194,1728
1729,AUG,32,452.8837,10,2.9087,-9.581,-10.7,2.9837,0.0,-1.194,1729
1730,AUG,35,4160.19,6,-2.6351,-11.781,-10.0,0.3399,0.0,-1.194,1730
1731,AUG,32,278.4088,5,4.125,-2.081,-7.4,0.0,0.0,-1.194,1731
1732,AUG,35,2193.5485,6,-1.0351,-11.981,-11.8,0.3399,0.0,-1.194,1732
1733,AUG,35,1615.2396,8,-0.2701,-8.981,-8.5,1.4049,0.0,-1.194,1733
1734,AUG,32,2949.0516,5,-1.775,-10.781,-10.2,0.0,0.0,-1.194,1734
1735,AUG,35,1111.2415,6,0.6649,-6.581,-8.1,0.3399,0.0,-1.194,1735
1736,AUG,19,219.0009,5,4.725,0.419,-5.5,0.0,0.0,-1.194,1736
1737,AUG,32,1273.0695,5,0.325,-7.181,-8.0,0.0,-0.7,-1.194,1737
1738,AUG,32,487.4199,5,2.725,-5.781,-9.7,0.0,0.0,-1.194,1738
1739,AUG,35,252.9369,6,4.3649,-7.481,-12.7,0.3399,0.0,-1.194,1739
1740,AUG,35,687.597,6,1.8649,-6.481,-9.2,0.3399,0.0,-1.194,1740
1741,AUG,35,744.8687,6,1.6649,-9.681,-12.2,0.3399,0.0,-1.194,1741
1742,AUG,35,548.4909,8,2.4299,-8.981,-11.2,1.4049,0.0,-1.194,1742
1743,AUG,32,1970.3141,7,-0.7668,-10.681,-10.3,0.8082,0.0,-1.194,1743
1744,AUG,32,277.5012,7,4.1332,-3.781,-8.3,0.8082,0.0,-1.194,1744
1745,AUG,35,985.5754,6,0.9649,-6.381,-8.2,0.3399,0.0,-1.194,1745
1746,AUG,35,3144.1487,6,-1.9351,-10.781,-9.7,0.3399,0.0,-1.194,1746
1747,AUG,32,186.6183,5,5.125,-7.481,-13.8,0.0,0.0,-1.194,1747
1748,AUG,35,2902.4004,6,-1.7351,-11.681,-10.8,0.3399,0.0,-1.194,1748
1749,AUG,31,7283.3863,6,-4.0351,-11.281,-8.1,0.3399,0.0,-1.194,1749
1750,AUG,35,634.7289,6,2.0649,-8.881,-11.8,0.3399,0.0,-1.194,1750
1751,AUG,35,224.3332,6,4.6649,-5.781,-11.3,0.3399,0.0,-1.194,1751
1752,AUG,38,726.044,4,1.7289,-4.281,-7.2,0.0039,0.0,-1.194,1752
1753,AUG,32,370.7852,10,3.4087,-8.281,-9.9,2.9837,0.0,-1.194,1753
1754,AUG,32,382.1623,7,3.3332,-2.981,-6.7,0.8082,0.0,-1.194,1754
1755,AUG,32,418.0623,10,3.1087,-9.581,-10.9,2.9837,0.0,-1.194,1755
1756,AUG,32,289.7717,5,4.025,-2.681,-7.2,0.0,-0.7,-1.194,1756
1757,AUG,32,850.5605,7,1.3332,-5.481,-7.2,0.8082,0.0,-1.194,1757
1758,AUG,32,1129.1028,5,0.625,-5.481,-7.3,0.0,0.0,-1.194,1758
1759,AUG,35,2024.8903,6,-0.8351,-10.681,-10.7,0.3399,0.0,-1.194,1759
1760,AUG,32,1824.7692,5,-0.575,-6.481,-7.1,0.0,0.0,-1.194,1760
1761,AUG,28,25491.7212,7,-7.1668,-11.581,-4.8,0.8082,0.0,-1.194,1761
1762,AUG,35,687.597,6,1.8649,-8.581,-11.3,0.3399,0.0,-1.194,1762
1763,AUG,35,11770.849,6,-5.2351,-14.581,-10.2,0.3399,0.0,-1.194,1763
1764,AUG,35,2202.1392,9,-1.0449,-11.081,-9.1,2.1301,0.0,-1.194,1764
1765,AUG,38,53824.1101,6,-9.0351,-14.981,-6.8,0.3399,0.0,-1.194,1765
1766,AUG,35,408.7772,6,3.1649,-7.981,-12.0,0.3399,0.0,-1.194,1766
1767,AUG,35,2376.2547,6,-1.2351,-9.781,-9.4,0.3399,0.0,-1.194,1767
1768,AUG,35,93.0445,6,6.8649,-6.781,-14.5,0.3399,0.0,-1.194,1768
1769,AUG,35,1304.0671,6,0.2649,-10.881,-12.0,0.3399,0.0,-1.194,1769
1770,AUG,32,1753.2145,5,-0.475,-5.581,-5.6,0.0,-0.7,-1.194,1770
1771,AUG,32,1493.9759,5,-0.075,-6.581,-7.7,0.0,0.0,-1.194,1771
1772,AUG,35,1470.3426,6,-0.0351,-8.581,-9.4,0.3399,0.0,-1.194,1772
1773,AUG,38,75199.6649,4,-9.8711,-12.981,-4.3,0.0039,0.0,-1.194,1773
1774,AUG,34,5081.3313,6,-3.1351,-13.281,-11.0,0.3399,0.0,-1.194,1774
1775,AUG,31,130.1963,5,6.025,-9.181,-11.6,0.0,-4.8,-1.194,1775
1776,AUG,31,507.3131,5,2.625,-1.881,-5.7,0.0,0.0,-1.194,1776
1777,AUG,37,13271.6952,6,-5.5351,-14.981,-10.3,0.3399,0.0,-1.194,1777
1778,AUG,34,3689.7297,6,-2.3351,-9.981,-8.5,0.3399,0.0,-1.194,1778
1779,AUG,33,4564.2113,7,-2.8668,-11.981,-9.1,0.8082,-0.4,-1.194,1779
1780,AUG,34,3020.8572,6,-1.8351,-14.381,-12.8,0.3399,-0.6,-1.194,1780
1781,AUG,34,2473.2377,6,-1.3351,-11.381,-10.3,0.3399,-0.6,-1.194,1781
1782,AUG,31,120.1857,5,6.225,-12.381,-12.4,0.0,-7.4,-1.194,1782
1783,AUG,31,1899.2442,5,-0.675,-7.581,-8.1,0.0,0.0,-1.194,1783
1784,AUG,34,10030.3551,6,-4.8351,-11.981,-7.3,0.3399,-0.7,-1.194,1784
1785,AUG,31,399.0606,5,3.225,-6.381,-10.8,0.0,0.0,-1.194,1785
1786,AUG,31,1970.3141,7,-0.7668,-10.681,-10.3,0.8082,0.0,-1.194,1786
1787,AUG,31,3460.7789,5,-2.175,-9.781,-8.8,0.0,0.0,-1.194,1787
1788,AUG,34,1470.3426,6,-0.0351,-9.181,-9.4,0.3399,-0.6,-1.194,1788
1789,AUG,31,671.2529,5,1.925,-6.481,-9.6,0.0,0.0,-1.194,1789
1790,AUG,31,46.0155,5,8.625,-9.481,-11.9,0.0,-7.4,-1.194,1790
1791,AUG,31,449.943,5,2.925,-7.781,-9.6,0.0,-2.3,-1.194,1791
1792,AUG,27,7687.3897,8,-4.1701,-9.581,-5.2,1.4049,0.0,-1.194,1792
1793,AUG,31,370.7852,10,3.4087,-8.281,-9.9,2.9837,0.0,-1.194,1793
1794,AUG,34,263.2601,6,4.2649,-11.081,-15.6,0.3399,-0.6,-1.194,1794
1795,AUG,34,3545.0444,6,-2.2351,-12.881,-11.5,0.3399,0.0,-1.194,1795
1796,AUG,34,6459.7355,6,-3.7351,-13.081,-10.2,0.3399,0.0,-1.194,1796
1797,AUG,31,819.8804,5,1.425,-8.681,-8.6,0.0,-2.7,-1.194,1797
1798,AUG,34,2902.4004,6,-1.7351,-12.281,-10.8,0.3399,-0.6,-1.194,1798
1799,AUG,34,715.6602,6,1.7649,-6.981,-9.6,0.3399,0.0,-1.194,1799
1800,AUG,31,1273.0695,5,0.325,-6.481,-8.0,0.0,0.0,-1.194,1800
1801,AUG,34,285.1877,6,4.0649,-6.381,-11.3,0.3399,0.0,-1.194,1801
1802,AUG,31,37.6738,5,9.125,-9.781,-12.7,0.0,-7.4,-1.194,1802
1803,AUG,34,5288.7177,6,-3.2351,-12.381,-10.0,0.3399,0.0,-1.194,1803
1804,AUG,34,1592.8111,6,-0.2351,-8.381,-8.4,0.3399,-0.6,-1.194,1804
1805,AUG,37,4952.9133,4,-3.0711,-8.581,-6.7,0.0039,0.0,-1.194,1805
1806,AUG,34,1067.6664,6,0.7649,-6.981,-8.6,0.3399,0.0,-1.194,1806
1807,AUG,31,186.6183,5,5.125,-7.481,-13.8,0.0,0.0,-1.194,1807
1808,AUG,34,1357.2905,6,0.1649,-11.681,-12.1,0.3399,-0.6,-1.194,1808
1809,AUG,37,2944.5126,4,-1.7711,-7.281,-6.7,0.0039,0.0,-1.194,1809
1810,AUG,32,467.3885,8,2.8299,-10.681,-13.3,1.4049,0.0,-1.194,1810
1811,AUG,34,687.597,6,1.8649,-7.281,-9.9,0.3399,-0.1,-1.194,1811
1812,AUG,31,399.0606,5,3.225,-6.081,-10.2,0.0,-0.3,-1.194,1812
1813,AUG,34,2376.2547,6,-1.2351,-10.381,-10.0,0.3399,0.0,-1.194,1813
1814,AUG,34,442.8253,6,2.9649,-8.581,-11.8,0.3399,-0.6,-1.194,1814
1815,AUG,37,22647.997,4,-6.8711,-12.081,-6.4,0.0039,0.0,-1.194,1815
1816,AUG,34,562.9498,6,2.3649,-11.281,-13.9,0.3399,-0.6,-1.194,1816
1817,AUG,34,198.9642,6,4.9649,-8.081,-13.3,0.3399,-0.6,-1.194,1817
1818,AUG,34,321.5507,6,3.7649,-8.581,-12.6,0.3399,-0.6,-1.194,1818
1819,AUG,37,24534.4055,4,-7.0711,-12.981,-7.1,0.0039,0.0,-1.194,1819
1820,AUG,34,93.0445,6,6.8649,-7.481,-15.1,0.3399,-0.1,-1.194,1820
1821,AUG,34,806.9107,6,1.4649,-9.481,-11.8,0.3399,0.0,-1.194,1821
1822,AUG,37,8004.5178,4,-4.2711,-8.781,-5.7,0.0039,0.0,-1.194,1822
1823,AUG,34,1156.595,6,0.5649,-10.381,-11.7,0.3399,-0.1,-1.194,1823
1824,AUG,31,452.8837,10,2.9087,-9.581,-10.7,2.9837,0.0,-1.194,1824
1825,AUG,31,227.1959,7,4.6332,-3.781,-8.8,0.8082,0.0,-1.194,1825
1826,AUG,34,874.1203,6,1.2649,-9.181,-11.3,0.3399,0.0,-1.194,1826
1827,AUG,34,233.489,6,4.5649,-9.781,-15.1,0.3399,-0.1,-1.194,1827
1828,AUG,18,1732.238,9,-0.4449,-5.581,-4.2,2.1301,0.0,-1.194,1828
1829,AUG,34,11770.849,6,-5.2351,-15.181,-10.2,0.3399,-0.6,-1.194,1829
1830,AUG,34,1357.2905,6,0.1649,-7.081,-8.1,0.3399,0.0,-1.194,1830
1831,AUG,37,9025.1366,4,-4.5711,-13.281,-9.9,0.0039,0.0,-1.194,1831
1832,AUG,34,9637.0351,6,-4.7351,-13.881,-10.0,0.3399,0.0,-1.194,1832
1833,AUG,34,377.347,6,3.3649,-13.381,-17.1,0.3399,-0.5,-1.194,1833
1834,AUG,31,1001.4168,5,0.925,-4.881,-7.0,0.0,0.0,-1.194,1834
1835,AUG,31,2414.4489,5,-1.275,-10.781,-10.7,0.0,0.0,-1.194,1835
1836,AUG,34,2376.2547,6,-1.2351,-10.481,-10.1,0.3399,0.0,-1.194,1836
1837,AUG,31,593.4025,7,2.2332,-4.681,-7.3,0.8082,0.0,-1.194,1837
1838,AUG,34,479.7093,6,2.7649,-7.481,-11.0,0.3399,-0.1,-1.194,1838
1839,AUG,31,850.5605,7,1.3332,-5.481,-7.2,0.8082,0.0,-1.194,1839
1840,AUG,31,1824.7692,5,-0.575,-8.881,-9.5,0.0,0.0,-1.194,1840
1841,AUG,34,744.8687,6,1.6649,-10.281,-12.8,0.3399,0.0,-1.194,1841
1842,AUG,34,1732.238,9,-0.4449,-11.681,-9.7,2.1301,-0.6,-1.194,1842
1843,AUG,37,39650.6199,4,-8.2711,-13.281,-6.2,0.0039,0.0,-1.194,1843
1844,AUG,34,687.597,6,1.8649,-8.881,-9.8,0.3399,-1.8,-1.194,1844
1845,AUG,37,2944.5126,4,-1.7711,-6.381,-5.8,0.0039,0.0,-1.194,1845
1846,AUG,34,8547.2189,6,-4.4351,-11.681,-8.1,0.3399,0.0,-1.194,1846
1847,AUG,31,487.4199,5,2.725,-6.081,-9.7,0.0,-0.3,-1.194,1847
1848,AUG,37,726.044,4,1.7289,-4.981,-7.9,0.0039,0.0,-1.194,1848
1849,AUG,37,66695.617,4,-9.5711,-14.181,-5.8,0.0039,0.0,-1.194,1849
1850,AUG,27,23531.7063,7,-6.9668,-11.581,-5.0,0.8082,0.0,-1.194,1850
1851,AUG,25,585.9257,6,2.2649,-7.381,-10.5,0.3399,0.0,-1.194,1851
1852,AUG,37,44706.286,4,-8.5711,-13.081,-5.7,0.0039,0.0,-1.194,1852
1853,AUG,31,1493.9759,5,-0.075,-6.581,-7.7,0.0,0.0,-1.194,1853
1854,AUG,31,413.9935,7,3.1332,-6.181,-8.9,0.8082,-0.8,-1.194,1854
1855,AUG,34,2574.1789,6,-1.4351,-10.881,-9.7,0.3399,-0.6,-1.194,1855
1856,AUG,34,150.3713,6,5.6649,-7.081,-13.6,0.3399,0.0,-1.194,1856
1857,AUG,21,44066.9007,6,-8.5351,-15.881,-8.2,0.3399,0.0,-1.194,1857
1858,AUG,34,138.8095,6,5.8649,-8.781,-14.9,0.3399,-0.6,-1.194,1858
1859,AUG,34,3032.688,9,-1.8449,-12.581,-9.2,2.1301,-0.6,-1.194,1859
1860,AUG,34,1592.8111,6,-0.2351,-11.281,-11.3,0.3399,-0.6,-1.194,1860
1861,AUG,34,12751.2726,6,-5.4351,-13.981,-9.4,0.3399,0.0,-1.194,1861
1862,AUG,31,703.2152,10,1.8087,-8.281,-8.3,2.9837,0.0,-1.194,1862
1863,AUG,37,4572.0923,4,-2.8711,-8.581,-6.9,0.0039,0.0,-1.194,1863
1864,AUG,31,313.9075,5,3.825,-1.981,-7.0,0.0,0.0,-1.194,1864
1865,AUG,34,2024.8903,6,-0.8351,-11.981,-10.2,0.3399,-1.8,-1.194,1865
1866,AUG,31,202.1623,5,4.925,-2.881,-8.2,0.0,-0.8,-1.194,1866
1867,AUG,34,1025.8,6,0.8649,-10.081,-11.7,0.3399,-0.1,-1.194,1867
1868,AUG,34,133.3664,6,5.9649,-8.481,-14.7,0.3399,-0.6,-1.194,1868
1869,AUG,34,1304.0671,6,0.2649,-11.481,-12.0,0.3399,-0.6,-1.194,1869
1870,AUG,34,3406.0327,6,-2.1351,-14.781,-12.9,0.3399,-0.6,-1.194,1870
1871,AUG,24,25491.7212,7,-7.1668,-11.581,-4.8,0.8082,0.0,-1.194,1871
1872,AUG,30,14963.9074,6,-5.8351,-12.281,-6.3,0.3399,-1.0,-1.194,1872
1873,AUG,34,263.2601,6,4.2649,-6.381,-11.5,0.3399,0.0,-1.194,1873
1874,AUG,34,1270.5733,8,0.3299,-9.581,-9.1,1.4049,-0.6,-1.194,1874
1875,AUG,31,326.7191,5,3.725,-5.481,-10.4,0.0,0.0,-1.194,1875
1876,AUG,31,418.0623,10,3.1087,-9.581,-10.9,2.9837,0.0,-1.194,1876
1877,AUG,34,163.5341,9,5.4551,-11.681,-15.6,2.1301,-0.6,-1.194,1877
1878,AUG,34,2193.5485,6,-1.0351,-13.181,-12.4,0.3399,-0.6,-1.194,1878
1879,AUG,34,1111.2415,6,0.6649,-7.281,-8.7,0.3399,-0.1,-1.194,1879
1880,AUG,34,540.8748,6,2.4649,-8.981,-12.3,0.3399,0.0,-1.194,1880
1881,AUG,34,1203.7996,6,0.4649,-11.181,-11.9,0.3399,-0.6,-1.194,1881
1882,AUG,37,44706.286,4,-8.5711,-12.381,-5.0,0.0039,0.0,-1.194,1882
1883,AUG,34,4506.7026,6,-2.8351,-11.481,-8.9,0.3399,-0.6,-1.194,1883
1884,AUG,34,431.4518,8,3.0299,-9.581,-11.8,1.4049,-0.6,-1.194,1884
1885,AUG,34,183.6662,6,5.1649,-6.581,-12.5,0.3399,-0.1,-1.194,1885
1886,AUG,30,5081.3313,6,-3.1351,-13.881,-9.0,0.3399,-2.6,-1.194,1886
1887,AUG,31,1753.2145,5,-0.475,-10.781,-11.5,0.0,0.0,-1.194,1887
1888,AUG,31,328.8545,10,3.7087,-8.281,-10.2,2.9837,0.0,-1.194,1888
1889,AUG,34,609.8393,6,2.1649,-8.981,-12.0,0.3399,0.0,-1.194,1889
1890,AUG,37,46530.901,4,-8.6711,-13.281,-5.8,0.0039,0.0,-1.194,1890
1891,AUG,34,1599.0492,9,-0.2449,-12.081,-10.8,2.1301,-0.1,-1.194,1891
1892,AUG,34,2283.0746,6,-1.1351,-12.081,-11.8,0.3399,0.0,-1.194,1892
1893,AUG,37,24534.4055,4,-7.0711,-12.081,-6.2,0.0039,0.0,-1.194,1893
1894,AUG,31,80.5609,5,7.225,-5.181,-12.8,0.0,-0.8,-1.194,1894
1895,AUG,31,368.3775,5,3.425,-5.781,-10.4,0.0,0.0,-1.194,1895
1896,AUG,34,3840.3201,6,-2.4351,-10.981,-9.3,0.3399,-0.1,-1.194,1896
1897,AUG,34,687.597,6,1.8649,-10.781,-13.4,0.3399,-0.1,-1.194,1897
1898,AUG,31,432.2994,5,3.025,-7.481,-9.1,0.0,-2.6,-1.194,1898
1899,AUG,34,243.0185,6,4.4649,-6.881,-12.1,0.3399,-0.1,-1.194,1899
1900,AUG,31,3460.7789,5,-2.175,-11.081,-8.8,0.0,-1.3,-1.194,1900
1901,AUG,31,368.3775,5,3.425,-5.781,-10.4,0.0,0.0,-1.194,1901
1902,AUG,34,392.7479,6,3.2649,-12.381,-16.5,0.3399,0.0,-1.194,1902
1903,AUG,34,362.5501,6,3.4649,-6.481,-10.7,0.3399,-0.1,-1.194,1903
1904,AUG,34,362.5501,6,3.4649,-6.481,-10.7,0.3399,-0.1,-1.194,1904
1905,AUG,31,487.4199,5,2.725,-7.581,-9.4,0.0,-2.1,-1.194,1905
1906,AUG,34,334.6743,6,3.6649,-10.581,-15.0,0.3399,-0.1,-1.194,1906
1907,AUG,34,1025.8,6,0.8649,-9.881,-11.5,0.3399,-0.1,-1.194,1907
1908,AUG,34,377.347,6,3.3649,-8.681,-12.9,0.3399,0.0,-1.194,1908
1909,AUG,21,53824.1101,6,-9.0351,-15.981,-7.8,0.3399,0.0,-1.194,1909
1910,AUG,34,207.0846,6,4.8649,-5.881,-11.6,0.3399,0.0,-1.194,1910
1911,AUG,31,619.6414,5,2.125,-6.581,-9.9,0.0,0.0,-1.194,1911
1912,AUG,37,44706.286,4,-8.5711,-12.381,-5.0,0.0039,0.0,-1.194,1912
1913,AUG,32,467.3885,8,2.8299,-10.681,-13.3,1.4049,0.0,-1.194,1913
1914,AUG,37,49685.6663,6,-8.8351,-14.981,-7.0,0.3399,0.0,-1.194,1914
1915,AUG,25,362.5501,6,3.4649,-7.381,-11.7,0.3399,0.0,-1.194,1915
1916,AUG,34,874.1203,6,1.2649,-6.681,-8.7,0.3399,-0.1,-1.194,1916
1917,AUG,31,135.0682,7,5.9332,-5.381,-11.7,0.8082,0.0,-1.194,1917
1918,AUG,34,1953.1076,9,-0.7449,-11.181,-9.4,2.1301,-0.1,-1.194,1918
1919,AUG,33,10158.3494,7,-4.8668,-11.581,-7.1,0.8082,0.0,-1.194,1919
1920,AUG,31,227.939,5,4.625,-4.081,-7.7,0.0,-2.2,-1.194,1920
1921,AUG,34,89.3959,6,6.9649,-6.881,-14.6,0.3399,-0.1,-1.194,1921
1922,AUG,34,1530.3523,6,-0.1351,-10.681,-11.3,0.3399,-0.1,-1.194,1922
1923,AUG,34,2376.2547,6,-1.2351,-9.981,-9.5,0.3399,-0.1,-1.194,1923
1924,AUG,27,7687.3897,8,-4.1701,-9.581,-5.2,1.4049,0.0,-1.194,1924
1925,AUG,31,571.9982,5,2.325,-7.681,-9.9,0.0,-1.3,-1.194,1925
1926,AUG,31,246.9246,5,4.425,-5.481,-11.1,0.0,0.0,-1.194,1926
1927,AUG,34,1725.4804,6,-0.4351,-11.181,-11.5,0.3399,-0.1,-1.194,1927
1928,AUG,24,12407.5918,7,-5.3668,-11.581,-6.6,0.8082,0.0,-1.194,1928
1929,AUG,34,4506.7026,6,-2.8351,-13.481,-11.4,0.3399,-0.1,-1.194,1929
1930,AUG,37,46530.901,4,-8.6711,-12.981,-5.5,0.0039,0.0,-1.194,1930
1931,AUG,37,2611.5287,4,-1.4711,-8.581,-8.3,0.0039,0.0,-1.194,1931
1932,AUG,34,3997.0566,6,-2.5351,-13.381,-11.6,0.3399,-0.1,-1.194,1932
1933,AUG,31,1493.9759,5,-0.075,-8.881,-10.0,0.0,0.0,-1.194,1933
1934,AUG,34,14963.9074,6,-5.8351,-11.281,-6.3,0.3399,0.0,-1.194,1934
1935,AUG,31,315.9591,10,3.8087,-8.281,-10.3,2.9837,0.0,-1.194,1935
1936,AUG,34,431.4518,8,3.0299,-9.081,-11.8,1.4049,-0.1,-1.194,1936
1937,AUG,34,2574.1789,6,-1.4351,-12.781,-12.2,0.3399,0.0,-1.194,1937
1938,AUG,31,342.2761,10,3.6087,-9.581,-11.4,2.9837,0.0,-1.194,1938
1939,AUG,37,39650.6199,4,-8.2711,-12.381,-5.3,0.0039,0.0,-1.194,1939
1940,AUG,31,1042.288,5,0.825,-7.581,-9.6,0.0,0.0,-1.194,1940
1941,AUG,34,886.4289,8,1.2299,-9.081,-10.0,1.4049,-0.1,-1.194,1941
1942,AUG,31,65.9568,5,7.725,-2.081,-11.0,0.0,0.0,-1.194,1942
1943,AUG,34,64.9134,6,7.7649,-6.581,-15.1,0.3399,-0.1,-1.194,1943
1944,AUG,34,207.8957,9,4.8551,-11.181,-15.0,2.1301,-0.1,-1.194,1944
1945,AUG,34,1203.7996,6,0.4649,-10.981,-12.2,0.3399,-0.1,-1.194,1945
1946,AUG,34,744.8687,6,1.6649,-7.881,-10.3,0.3399,-0.1,-1.194,1946
1947,AUG,34,3144.1487,6,-1.9351,-14.281,-13.1,0.3399,-0.1,-1.194,1947
1948,AUG,34,67.5628,6,7.6649,-8.481,-17.0,0.3399,0.0,-1.194,1948
1949,AUG,31,135.51,5,5.925,-4.581,-9.1,0.0,-2.6,-1.194,1949
1950,AUG,31,418.0623,10,3.1087,-9.581,-10.9,2.9837,0.0,-1.194,1950
1951,AUG,31,87.271,5,7.025,-5.281,-10.3,0.0,-3.2,-1.194,1951
1952,AUG,34,1067.6664,6,0.7649,-10.381,-11.9,0.3399,-0.1,-1.194,1952
1953,AUG,34,348.3335,6,3.5649,-8.081,-12.4,0.3399,-0.1,-1.194,1953
1954,AUG,34,169.5444,6,5.3649,-7.981,-14.1,0.3399,-0.1,-1.194,1954
1955,AUG,34,162.8961,6,5.4649,-6.581,-12.8,0.3399,-0.1,-1.194,1955
1956,AUG,34,1530.3523,6,-0.1351,-14.681,-15.3,0.3399,-0.1,-1.194,1956
1957,AUG,34,224.3332,6,4.6649,-9.181,-14.6,0.3399,-0.1,-1.194,1957
1958,AUG,34,123.1121,6,6.1649,-5.881,-12.9,0.3399,0.0,-1.194,1958
1959,AUG,34,499.2879,6,2.6649,-9.681,-13.1,0.3399,-0.1,-1.194,1959
1960,AUG,34,2283.0746,6,-1.1351,-13.881,-13.5,0.3399,-0.1,-1.194,1960
1961,AUG,31,819.8804,5,1.425,-8.781,-8.6,0.0,-2.8,-1.194,1961
1962,AUG,37,4952.9133,4,-3.0711,-8.781,-6.9,0.0039,0.0,-1.194,1962
1963,AUG,34,839.8435,6,1.3649,-11.881,-14.1,0.3399,0.0,-1.194,1963
1964,AUG,37,39650.6199,4,-8.2711,-13.281,-6.2,0.0039,0.0,-1.194,1964
1965,AUG,34,252.9369,6,4.3649,-7.581,-12.7,0.3399,-0.1,-1.194,1965
1966,AUG,34,1530.3523,6,-0.1351,-9.481,-10.1,0.3399,-0.1,-1.194,1966
1967,AUG,34,519.6655,6,2.5649,-10.781,-14.1,0.3399,-0.1,-1.194,1967
1968,AUG,31,1970.3141,7,-0.7668,-10.681,-10.3,0.8082,0.0,-1.194,1968
1969,AUG,34,2107.5329,6,-0.9351,-12.381,-12.3,0.3399,0.0,-1.194,1969
1970,AUG,31,257.0025,5,4.325,-8.181,-10.5,0.0,-3.2,-1.194,1970
1971,AUG,37,1750.5161,4,-0.4711,-6.381,-7.1,0.0039,0.0,-1.194,1971
1972,AUG,34,3406.0327,6,-2.1351,-12.581,-11.3,0.3399,0.0,-1.194,1972
1973,AUG,34,562.9498,6,2.3649,-8.081,-11.2,0.3399,-0.1,-1.194,1973
1974,AUG,34,839.8435,6,1.3649,-9.781,-11.9,0.3399,-0.1,-1.194,1974
1975,AUG,34,308.9417,6,3.8649,-9.781,-14.4,0.3399,-0.1,-1.194,1975
1976,AUG,37,726.044,4,1.7289,-4.281,-7.2,0.0039,0.0,-1.194,1976
1977,AUG,31,415.3476,5,3.125,-8.781,-10.8,0.0,-2.3,-1.194,1977
1978,AUG,31,485.8308,7,2.7332,-5.481,-8.6,0.8082,0.0,-1.194,1978
1979,AUG,37,1821.9606,4,-0.5711,-6.381,-7.0,0.0039,0.0,-1.194,1979
1980,AUG,34,985.5754,6,0.9649,-8.681,-10.4,0.3399,-0.1,-1.194,1980
1981,AUG,34,9259.1382,6,-4.6351,-11.281,-7.5,0.3399,0.0,-1.194,1981
1982,AUG,34,540.8748,6,2.4649,-6.681,-9.9,0.3399,-0.1,-1.194,1982
1983,AUG,31,186.6183,5,5.125,-7.481,-13.8,0.0,0.0,-1.194,1983
1984,AUG,34,985.5754,6,0.9649,-9.481,-11.2,0.3399,-0.1,-1.194,1984
1985,AUG,37,4758.6949,4,-2.9711,-8.581,-6.8,0.0039,0.0,-1.194,1985
1986,AUG,31,171.7079,7,5.3332,-3.781,-9.5,0.8082,0.0,-1.194,1986
1987,AUG,34,2679.2398,6,-1.5351,-11.781,-11.0,0.3399,-0.1,-1.194,1987
1988,AUG,31,756.8412,5,1.625,-6.481,-9.3,0.0,0.0,-1.194,1988
1989,AUG,31,152.2901,7,5.6332,-4.681,-10.7,0.8082,0.0,-1.194,1989
1990,AUG,31,202.1623,5,4.925,-5.581,-8.5,0.0,-3.2,-1.194,1990
1991,AUG,27,3590.2816,7,-2.2668,-11.581,-9.7,0.8082,0.0,-1.194,1991
1992,AUG,34,1203.7996,6,0.4649,-10.881,-12.1,0.3399,-0.1,-1.194,1992
1993,AUG,34,176.4641,6,5.2649,-8.281,-14.3,0.3399,-0.1,-1.194,1993
1994,AUG,18,718.463,9,1.7551,-5.481,-6.3,2.1301,0.0,-1.194,1994
1995,AUG,37,17116.6869,4,-6.1711,-13.281,-8.3,0.0039,0.0,-1.194,1995
1996,AUG,35,8212.0571,6,-4.3351,-11.281,-7.8,0.3399,0.0,-1.194,1996
1997,AUG,35,1725.4804,6,-0.4351,-11.081,-11.5,0.3399,0.0,-1.194,1997
1998,AUG,35,562.9498,6,2.3649,-10.681,-13.9,0.3399,0.0,-1.194,1998
1999,AUG,32,418.0623,10,3.1087,-9.981,-10.9,2.9837,-0.4,-1.194,1999
2000,AUG,35,3689.7297,6,-2.3351,-9.381,-7.9,0.3399,0.0,-1.194,2000
2001,AUG,32,853.3425,5,1.325,-7.681,-8.9,0.0,-1.3,-1.194,2001
2002,AUG,35,10030.3551,6,-4.8351,-13.381,-9.4,0.3399,0.0,-1.194,2002
2003,AUG,35,2107.5329,6,-0.9351,-9.781,-9.7,0.3399,0.0,-1.194,2003
2004,AUG,35,1156.595,6,0.5649,-9.681,-11.1,0.3399,0.0,-1.194,2004
2005,AUG,35,1725.4804,6,-0.4351,-7.781,-8.2,0.3399,0.0,-1.194,2005
2006,AUG,35,377.347,6,3.3649,-12.281,-16.5,0.3399,0.0,-1.194,2006
2007,AUG,32,528.0183,5,2.525,-7.181,-9.9,0.0,-1.0,-1.194,2007
2008,AUG,28,13989.6261,7,-5.6668,-11.581,-6.3,0.8082,0.0,-1.194,2008
2009,AUG,26,224.3332,6,4.6649,-7.381,-12.9,0.3399,0.0,-1.194,2009
2010,AUG,35,348.3335,6,3.5649,-6.481,-10.9,0.3399,0.0,-1.194,2010
2011,AUG,35,1025.8,6,0.8649,-9.381,-11.1,0.3399,0.0,-1.194,2011
2012,AUG,35,133.3664,6,5.9649,-6.481,-13.3,0.3399,0.0,-1.194,2012
2013,AUG,32,301.5982,5,3.925,-8.781,-12.0,0.0,-1.9,-1.194,2013
2015,AUG,32,3460.7789,5,-2.175,-11.081,-8.8,0.0,-1.3,-1.194,2015
2016,AUG,34,6039.1502,7,-3.5668,-11.581,-8.4,0.8082,0.0,-1.194,2016
2017,AUG,38,35166.6801,4,-7.9711,-13.281,-6.5,0.0039,0.0,-1.194,2017
2018,AUG,35,479.7093,6,2.7649,-6.781,-10.4,0.3399,0.0,-1.194,2018
2019,AUG,35,2107.5329,6,-0.9351,-11.781,-11.7,0.3399,0.0,-1.194,2019
2020,AUG,38,20086.82,4,-6.5711,-13.281,-7.9,0.0039,0.0,-1.194,2020
2021,AUG,32,236.4685,7,4.5332,-4.181,-8.7,0.8082,-0.4,-1.194,2021
2022,AUG,38,28791.6809,4,-7.4711,-12.381,-6.1,0.0039,0.0,-1.194,2022
2023,AUG,32,135.0682,7,5.9332,-3.381,-9.3,0.8082,-0.4,-1.194,2023
2024,AUG,38,697.5737,4,1.8289,-6.381,-9.4,0.0039,0.0,-1.194,2024
2025,AUG,35,562.9498,6,2.3649,-6.381,-9.6,0.3399,0.0,-1.194,2025
2026,AUG,28,6550.6956,8,-3.7701,-9.581,-5.6,1.4049,0.0,-1.194,2026
2027,AUG,35,687.597,6,1.8649,-6.581,-9.3,0.3399,0.0,-1.194,2027
2028,AUG,38,414.7083,4,3.1289,-4.281,-8.6,0.0039,0.0,-1.194,2028
2029,AUG,35,634.7289,6,2.0649,-9.681,-12.6,0.3399,0.0,-1.194,2029
2030,AUG,35,946.928,6,1.0649,-9.581,-11.5,0.3399,0.0,-1.194,2030
2031,AUG,38,1896.321,4,-0.6711,-8.781,-9.3,0.0039,0.0,-1.194,2031
2032,AUG,35,252.9369,6,4.3649,-7.481,-12.7,0.3399,0.0,-1.194,2032
2033,AUG,32,179.3005,5,5.225,-4.281,-8.8,0.0,-1.9,-1.194,2033
2034,AUG,32,141.0406,5,5.825,-4.781,-11.8,0.0,0.0,-1.194,2034
2035,AUG,35,191.1623,6,5.0649,-5.781,-11.7,0.3399,0.0,-1.194,2035
2036,AUG,35,1470.3426,6,-0.0351,-8.581,-9.4,0.3399,0.0,-1.194,2036
2037,AUG,35,10439.7279,6,-4.9351,-14.581,-10.5,0.3399,0.0,-1.194,2037
2038,AUG,35,207.8957,9,4.8551,-11.081,-15.0,2.1301,0.0,-1.194,2038
2039,AUG,35,2024.8903,6,-0.8351,-10.281,-10.3,0.3399,0.0,-1.194,2039
2040,AUG,35,334.6743,6,3.6649,-10.481,-15.0,0.3399,0.0,-1.194,2040
2041,AUG,32,370.7852,10,3.4087,-8.681,-9.9,2.9837,-0.4,-1.194,2041
2042,AUG,32,353.9323,5,3.525,-3.981,-7.0,0.0,-1.7,-1.194,2042
2043,AUG,35,169.5444,6,5.3649,-8.381,-14.6,0.3399,0.0,-1.194,2043
2044,AUG,35,2376.2547,6,-1.2351,-9.881,-9.5,0.3399,0.0,-1.194,2044
2045,AUG,32,571.9982,5,2.325,-7.181,-9.7,0.0,-1.0,-1.194,2045
2046,AUG,35,233.489,6,4.5649,-9.081,-14.5,0.3399,0.0,-1.194,2046
2047,AUG,32,201.5032,7,4.9332,-5.781,-10.7,0.8082,-0.4,-1.194,2047
2048,AUG,35,8547.2189,6,-4.4351,-13.281,-9.7,0.3399,0.0,-1.194,2048
2049,AUG,35,252.9369,6,4.3649,-5.781,-11.0,0.3399,0.0,-1.194,2049
2050,AUG,32,186.6183,5,5.125,-7.881,-13.8,0.0,-0.4,-1.194,2050
2051,AUG,35,2788.5887,6,-1.6351,-12.281,-11.5,0.3399,0.0,-1.194,2051
2052,AUG,38,23572.3385,4,-6.9711,-13.281,-7.5,0.0039,0.0,-1.194,2052
2053,AUG,31,10030.3551,6,-4.8351,-11.281,-7.3,0.3399,0.0,-1.194,2053
2054,AUG,38,697.5737,4,1.8289,-6.381,-9.4,0.0039,0.0,-1.194,2054
2055,AUG,32,452.8837,10,2.9087,-9.981,-10.7,2.9837,-0.4,-1.194,2055
2056,AUG,38,4952.9133,4,-3.0711,-8.581,-6.7,0.0039,0.0,-1.194,2056
2057,AUG,32,819.8804,5,1.425,-6.381,-9.0,0.0,0.0,-1.194,2057
2058,AUG,32,924.4196,5,1.125,-6.981,-8.9,0.0,-0.4,-1.194,2058
2059,AUG,35,425.4608,6,3.0649,-6.481,-10.4,0.3399,0.0,-1.194,2059
2060,AUG,32,146.3184,7,5.7332,-5.081,-10.8,0.8082,-0.4,-1.194,2060
2061,AUG,35,4160.19,6,-2.6351,-14.181,-12.4,0.3399,0.0,-1.194,2061
2062,AUG,32,219.0009,5,4.725,-6.381,-11.8,0.0,-0.5,-1.194,2062
2063,AUG,35,2193.5485,6,-1.0351,-11.981,-11.8,0.3399,0.0,-1.194,2063
2064,AUG,32,962.1483,5,1.025,-5.881,-8.1,0.0,0.0,-1.194,2064
2065,AUG,32,2615.5545,5,-1.475,-11.181,-10.5,0.0,-0.4,-1.194,2065
2066,AUG,32,490.6055,10,2.7087,-8.681,-9.2,2.9837,-0.4,-1.194,2066
2067,AUG,19,105.319,9,6.5551,-2.081,-7.7,2.1301,0.0,-1.194,2067
2068,AUG,25,6809.1742,7,-3.8668,-11.581,-8.1,0.8082,0.0,-1.194,2068
2069,AUG,38,28791.6809,4,-7.4711,-12.381,-6.1,0.0039,0.0,-1.194,2069
2070,AUG,38,999.8755,4,0.9289,-8.581,-10.7,0.0039,0.0,-1.194,2070
2071,AUG,35,7283.3863,6,-4.0351,-12.481,-9.3,0.3399,0.0,-1.194,2071
2072,AUG,35,408.7772,6,3.1649,-7.981,-12.0,0.3399,0.0,-1.194,2072
2073,AUG,38,27662.6734,4,-7.3711,-12.981,-6.8,0.0039,0.0,-1.194,2073
2074,AUG,38,53824.1101,6,-9.0351,-14.981,-6.8,0.3399,0.0,-1.194,2074
2075,AUG,35,1530.3523,6,-0.1351,-10.581,-11.3,0.3399,0.0,-1.194,2075
2076,AUG,35,3144.1487,6,-1.9351,-10.781,-9.7,0.3399,0.0,-1.194,2076
2077,AUG,32,756.8412,5,1.625,-7.181,-8.1,0.0,-1.9,-1.194,2077
2078,AUG,32,1129.1028,5,0.625,-6.881,-8.3,0.0,-0.4,-1.194,2078
2079,AUG,32,2414.4489,5,-1.275,-9.281,-9.2,0.0,0.0,-1.194,2079
2080,AUG,35,2584.2603,9,-1.4449,-11.981,-9.6,2.1301,0.0,-1.194,2080
2081,AUG,32,301.5982,5,3.925,-2.781,-7.9,0.0,0.0,-1.194,2081
2082,AUG,35,3840.3201,6,-2.4351,-13.781,-12.2,0.3399,0.0,-1.194,2082
2083,AUG,35,2024.8903,6,-0.8351,-10.681,-10.7,0.3399,0.0,-1.194,2083
2084,AUG,35,1304.0671,6,0.2649,-10.881,-12.0,0.3399,0.0,-1.194,2084
2085,AUG,35,526.983,8,2.5299,-8.981,-11.3,1.4049,0.0,-1.194,2085
2086,AUG,38,10175.8898,4,-4.8711,-12.081,-8.4,0.0039,0.0,-1.194,2086
2087,AUG,22,49685.6663,6,-8.8351,-15.981,-8.0,0.3399,0.0,-1.194,2087
2088,AUG,35,687.597,6,1.8649,-8.581,-11.3,0.3399,0.0,-1.194,2088
2089,AUG,32,449.943,5,2.925,-5.381,-9.5,0.0,0.0,-1.194,2089
2090,AUG,35,1551.9013,8,-0.1701,-8.981,-8.6,1.4049,0.0,-1.194,2090
2091,AUG,32,289.7717,5,4.025,-5.381,-7.7,0.0,-2.9,-1.194,2091
2092,AUG,35,4506.7026,6,-2.8351,-10.881,-8.9,0.3399,0.0,-1.194,2092
2093,AUG,32,1970.3141,7,-0.7668,-11.081,-10.3,0.8082,-0.4,-1.194,2093
2094,AUG,35,634.7289,6,2.0649,-8.881,-11.8,0.3399,0.0,-1.194,2094
2095,AUG,35,4690.6365,6,-2.9351,-12.681,-10.6,0.3399,0.0,-1.194,2095
2096,AUG,35,562.9498,6,2.3649,-7.981,-11.2,0.3399,0.0,-1.194,2096
2097,AUG,35,16210.2888,6,-6.0351,-11.281,-6.1,0.3399,0.0,-1.194,2097
2098,AUG,35,2902.4004,6,-1.7351,-11.681,-10.8,0.3399,0.0,-1.194,2098
2099,AUG,35,1111.2415,6,0.6649,-6.581,-8.1,0.3399,0.0,-1.194,2099
2100,AUG,33,467.3885,8,2.8299,-11.081,-13.3,1.4049,-0.4,-1.194,2100
2101,AUG,35,93.0445,6,6.8649,-6.781,-14.5,0.3399,0.0,-1.194,2101
2102,AUG,32,1554.9501,5,-0.175,-7.981,-8.6,0.0,-0.4,-1.194,2102
2103,AUG,35,176.4641,6,5.2649,-8.181,-14.3,0.3399,0.0,-1.194,2103
2104,AUG,35,2202.1392,9,-1.0449,-11.081,-9.1,2.1301,0.0,-1.194,2104
2105,AUG,35,169.5444,6,5.3649,-7.881,-14.1,0.3399,0.0,-1.194,2105
2106,AUG,35,946.928,6,1.0649,-6.381,-8.3,0.3399,0.0,-1.194,2106
2107,AUG,32,383.4123,5,3.325,-6.281,-10.3,0.0,-0.5,-1.194,2107
2108,AUG,35,1869.1999,6,-0.6351,-15.281,-12.5,0.3399,-3.0,-1.194,2108
2109,AUG,28,13989.6261,7,-5.6668,-11.581,-6.3,0.8082,0.0,-1.194,2109
2110,AUG,35,3144.1487,6,-1.9351,-13.981,-9.7,0.3399,-3.2,-1.194,2110
2111,AUG,35,548.4909,8,2.4299,-11.981,-11.2,1.4049,-3.0,-1.194,2111
2112,AUG,35,3144.1487,6,-1.9351,-11.281,-10.2,0.3399,0.0,-1.194,2112
2113,AUG,35,985.5754,6,0.9649,-18.381,-13.8,0.3399,-6.4,-1.194,2113
2114,AUG,32,326.7191,5,3.725,-1.881,-6.8,0.0,0.0,-1.194,2114
2115,AUG,35,162.8961,6,5.4649,-8.781,-12.1,0.3399,-3.0,-1.194,2115
2116,AUG,34,6285.6284,7,-3.6668,-11.581,-8.3,0.8082,0.0,-1.194,2116
2117,AUG,38,46530.901,4,-8.6711,-13.281,-5.8,0.0039,0.0,-1.194,2117
2118,AUG,35,198.9642,6,4.9649,-12.781,-12.3,0.3399,-6.3,-1.194,2118
2119,AUG,38,8004.5178,4,-4.2711,-8.781,-5.7,0.0039,0.0,-1.194,2119
2120,AUG,32,37.6738,5,9.125,-8.181,-12.4,0.0,-6.1,-1.194,2120
2121,AUG,32,60.8855,5,7.925,-6.881,-10.9,0.0,-5.1,-1.194,2121
2122,AUG,32,51.8827,5,8.325,-6.881,-11.3,0.0,-5.1,-1.194,2122
2123,AUG,38,24534.4055,4,-7.0711,-12.081,-6.2,0.0039,0.0,-1.194,2123
2124,AUG,32,1379.1066,5,0.125,-6.481,-7.8,0.0,0.0,-1.194,2124
2125,AUG,35,207.8957,9,4.8551,-14.281,-15.0,2.1301,-3.2,-1.194,2125
2126,AUG,26,519.6655,6,2.5649,-7.381,-10.8,0.3399,0.0,-1.194,2126
2127,AUG,35,215.5365,6,4.7649,-11.181,-13.6,0.3399,-3.2,-1.194,2127
2128,AUG,32,570.1334,7,2.3332,-5.481,-8.2,0.8082,0.0,-1.194,2128
2129,AUG,38,2944.5126,4,-1.7711,-6.381,-5.8,0.0039,0.0,-1.194,2129
2130,AUG,35,362.5501,6,3.4649,-13.281,-12.5,0.3399,-5.1,-1.194,2130
2131,AUG,35,1795.9031,6,-0.5351,-13.281,-10.6,0.3399,-3.0,-1.194,2131
2132,AUG,35,1876.5204,9,-0.6449,-15.181,-10.4,2.1301,-3.2,-1.194,2132
2133,AUG,35,2902.4004,6,-1.7351,-16.381,-12.5,0.3399,-3.0,-1.194,2133
2134,AUG,38,4952.9133,4,-3.0711,-8.581,-6.7,0.0039,0.0,-1.194,2134
2135,AUG,35,3272.472,6,-2.0351,-14.081,-9.7,0.3399,-3.2,-1.194,2135
2136,AUG,35,169.5444,6,5.3649,-12.581,-12.8,0.3399,-6.0,-1.194,2136
2137,AUG,38,44706.286,4,-8.5711,-12.381,-5.0,0.0039,0.0,-1.194,2137
2138,AUG,35,775.2693,6,1.5649,-18.681,-14.9,0.3399,-6.2,-1.194,2138
2139,AUG,38,726.044,4,1.7289,-4.281,-7.2,0.0039,0.0,-1.194,2139
2140,AUG,35,16.6593,6,11.1649,-10.381,-17.3,0.3399,-5.1,-1.194,2140
2141,AUG,35,123.1121,6,6.1649,-21.981,-19.3,0.3399,-9.7,-1.194,2141
2142,AUG,32,571.9982,5,2.325,-4.881,-8.4,0.0,0.0,-1.194,2142
2143,AUG,35,585.9257,6,2.2649,-15.881,-12.7,0.3399,-6.3,-1.194,2143
2144,AUG,35,1357.2905,6,0.1649,-14.481,-11.5,0.3399,-4.0,-1.194,2144
2145,AUG,19,74.8527,10,7.4087,-3.581,-9.2,2.9837,0.0,-1.194,2145
2146,AUG,32,2414.4489,5,-1.275,-9.781,-9.7,0.0,0.0,-1.194,2146
2147,AUG,28,2224.436,8,-1.0701,-9.581,-8.3,1.4049,0.0,-1.194,2147
2148,AUG,35,207.0846,6,4.8649,-13.081,-12.6,0.3399,-6.2,-1.194,2148
2149,AUG,35,263.2601,6,4.2649,-15.381,-14.5,0.3399,-6.0,-1.194,2149
2150,AUG,35,93.0445,6,6.8649,-13.281,-14.3,0.3399,-6.7,-1.194,2150
2151,AUG,35,233.489,6,4.5649,-9.581,-11.8,0.3399,-3.2,-1.194,2151
2152,AUG,32,102.4145,5,6.625,-8.881,-13.3,0.0,-3.4,-1.194,2152
2153,AUG,35,744.8687,6,1.6649,-12.981,-12.3,0.3399,-3.2,-1.194,2153
2154,AUG,35,442.8253,6,2.9649,-11.381,-11.2,0.3399,-4.0,-1.194,2154
2155,AUG,32,1129.1028,5,0.625,-6.381,-8.2,0.0,0.0,-1.194,2155
2156,AUG,35,224.3332,6,4.6649,-8.981,-11.3,0.3399,-3.2,-1.194,2156
2157,AUG,35,233.489,6,4.5649,-9.581,-11.8,0.3399,-3.2,-1.194,2157
2158,AUG,35,1067.6664,6,0.7649,-12.881,-11.5,0.3399,-3.0,-1.194,2158
2159,AUG,35,570.8767,8,2.3299,-11.981,-11.1,1.4049,-3.0,-1.194,2159
2160,AUG,35,2024.8903,6,-0.8351,-13.881,-10.7,0.3399,-3.2,-1.194,2160
2161,AUG,32,383.4123,5,3.325,-6.281,-10.3,0.0,-0.5,-1.194,2161
2162,AUG,35,687.597,6,1.8649,-11.781,-11.3,0.3399,-3.2,-1.194,2162
2163,AUG,32,1223.1486,5,0.425,-6.581,-8.2,0.0,0.0,-1.194,2163
2164,AUG,35,1309.1743,9,0.2551,-14.281,-10.4,2.1301,-3.2,-1.194,2164
2165,AUG,35,252.9369,6,4.3649,-12.181,-13.6,0.3399,-3.8,-1.194,2165
2166,AUG,38,75199.6649,4,-9.8711,-12.981,-4.3,0.0039,0.0,-1.194,2166
2167,AUG,38,39650.6199,4,-8.2711,-13.281,-6.2,0.0039,0.0,-1.194,2167
2168,AUG,35,1869.1999,6,-0.6351,-11.281,-11.5,0.3399,0.0,-1.194,2168
2169,AUG,32,326.7191,5,3.725,-1.981,-6.9,0.0,0.0,-1.194,2169
2170,AUG,35,1156.595,6,0.5649,-19.581,-14.3,0.3399,-6.7,-1.194,2170
2171,AUG,38,39650.6199,4,-8.2711,-12.381,-5.3,0.0039,0.0,-1.194,2171
2172,AUG,32,571.9982,5,2.325,-7.581,-9.5,0.0,-1.6,-1.194,2172
2173,AUG,32,449.943,5,2.925,-6.681,-9.6,0.0,-1.2,-1.194,2173
2174,AUG,32,449.943,5,2.925,-9.381,-9.5,0.0,-4.0,-1.194,2174
2175,AUG,35,562.9498,6,2.3649,-13.881,-13.9,0.3399,-3.2,-1.194,2175
2176,AUG,35,79.2865,6,7.2649,-13.581,-16.6,0.3399,-5.1,-1.194,2176
2177,AUG,38,2574.1789,6,-1.4351,-14.981,-14.4,0.3399,0.0,-1.194,2177
2178,AUG,35,660.6343,6,1.9649,-10.781,-10.6,0.3399,-3.0,-1.194,2178
2179,AUG,32,1970.3141,7,-0.7668,-10.681,-10.3,0.8082,0.0,-1.194,2179
2180,AUG,38,398.4464,4,3.2289,-6.381,-10.8,0.0039,0.0,-1.194,2180
2181,AUG,32,756.8412,5,1.625,-10.781,-13.6,0.0,0.0,-1.194,2181
2182,AUG,35,4329.9814,6,-2.7351,-17.181,-12.3,0.3399,-3.0,-1.194,2182
2183,AUG,32,102.2568,4,6.6289,-6.081,-10.0,0.0039,-3.9,-1.194,2183
2184,AUG,35,460.8985,6,2.8649,-10.281,-10.2,0.3399,-3.8,-1.194,2184
2185,AUG,35,8896.0599,6,-4.5351,-17.781,-10.9,0.3399,-3.2,-1.194,2185
2186,AUG,32,77.4018,5,7.325,-9.281,-13.8,0.0,-4.0,-1.194,2186
2187,AUG,25,9760.0103,7,-4.7668,-11.581,-7.2,0.8082,0.0,-1.194,2187
2188,AUG,32,110.9448,5,6.425,-6.081,-10.0,0.0,-3.7,-1.194,2188
2189,AUG,32,130.1963,5,6.025,-3.081,-9.3,0.0,-1.0,-1.194,2189
2190,AUG,35,1412.6861,6,0.0649,-15.881,-13.6,0.3399,-3.2,-1.194,2190
2191,AUG,31,4690.6365,6,-2.9351,-13.581,-9.2,0.3399,-2.3,-1.194,2191
2192,AUG,35,133.3664,6,5.9649,-12.781,-13.6,0.3399,-6.0,-1.194,2192
2193,AUG,35,25.8677,6,10.0649,-12.781,-17.7,0.3399,-6.0,-1.194,2193
2194,AUG,35,64.9134,6,7.7649,-15.081,-17.7,0.3399,-6.0,-1.194,2194
2195,AUG,35,2902.4004,6,-1.7351,-14.881,-10.8,0.3399,-3.2,-1.194,2195
2196,AUG,32,617.6212,7,2.1332,-4.681,-7.2,0.8082,0.0,-1.194,2196
2197,AUG,35,263.2601,6,4.2649,-18.881,-15.1,0.3399,-8.9,-1.194,2197
2198,AUG,32,152.7883,5,5.625,-8.081,-11.2,0.0,-3.7,-1.194,2198
2199,AUG,35,1252.9307,6,0.3649,-14.981,-13.0,0.3399,-3.2,-1.194,2199
2200,AUG,32,120.1857,5,6.225,-11.081,-12.4,0.0,-6.1,-1.194,2200
2201,AUG,35,138.8095,6,5.8649,-11.581,-14.3,0.3399,-4.0,-1.194,2201
2202,AUG,35,1067.6664,6,0.7649,-17.181,-13.7,0.3399,-5.1,-1.194,2202
2203,AUG,32,165.5144,5,5.425,-3.081,-9.0,0.0,-0.7,-1.194,2203
2204,AUG,35,634.7289,6,2.0649,-12.081,-11.8,0.3399,-3.2,-1.194,2204
2205,AUG,35,909.7962,6,1.1649,-16.681,-12.0,0.3399,-6.7,-1.194,2205
2206,AUG,32,39.2114,5,9.025,-9.681,-12.6,0.0,-7.3,-1.194,2206
2207,AUG,38,5812.3561,4,-3.4711,-8.581,-6.3,0.0039,0.0,-1.194,2207
2208,AUG,35,133.3664,6,5.9649,-11.281,-14.1,0.3399,-4.0,-1.194,2208
2209,AUG,32,819.8804,5,1.425,-6.481,-9.1,0.0,0.0,-1.194,2209
2210,AUG,32,1824.7692,5,-0.575,-8.881,-9.5,0.0,0.0,-1.194,2210
2211,AUG,35,308.9417,6,3.8649,-12.581,-11.3,0.3399,-6.0,-1.194,2211
2212,AUG,33,467.3885,8,2.8299,-10.681,-13.3,1.4049,0.0,-1.194,2212
2213,AUG,22,40678.672,6,-8.3351,-15.881,-8.4,0.3399,0.0,-1.194,2213
2214,AUG,35,321.5507,6,3.7649,-15.681,-14.3,0.3399,-6.0,-1.194,2214
2215,AUG,38,23572.3385,4,-6.9711,-13.281,-7.5,0.0039,0.0,-1.194,2215
2216,AUG,32,49.8482,5,8.425,-9.481,-11.8,0.0,-7.3,-1.194,2216
2217,AUG,35,263.2601,6,4.2649,-13.881,-15.0,0.3399,-4.0,-1.194,2217
2218,AUG,33,90.8328,5,6.925,-5.881,-10.2,0.0,-3.8,-1.194,2218
2219,AUG,33,595.3434,5,2.225,-1.881,-5.3,0.0,0.0,-1.194,2219
2220,AUG,36,519.6655,6,2.5649,-9.181,-12.3,0.3399,-0.3,-1.194,2220
2221,AUG,33,850.5605,7,1.3332,-5.481,-7.2,0.8082,0.0,-1.194,2221
2222,AUG,39,54605.0669,4,-9.0711,-12.981,-5.1,0.0039,0.0,-1.194,2222
2223,AUG,36,1615.2396,8,-0.2701,-8.981,-8.5,1.4049,0.0,-1.194,2223
2224,AUG,36,113.6462,6,6.3649,-6.481,-13.7,0.3399,0.0,-1.194,2224
2225,AUG,33,754.3738,7,1.6332,-10.681,-12.7,0.8082,0.0,-1.194,2225
2226,AUG,36,2788.5887,6,-1.6351,-11.981,-11.0,0.3399,-0.2,-1.194,2226
2227,AUG,36,4329.9814,6,-2.7351,-11.281,-9.4,0.3399,0.0,-1.194,2227
2228,AUG,36,233.489,6,4.5649,-9.081,-14.5,0.3399,0.0,-1.194,2228
2229,AUG,36,334.6743,6,3.6649,-10.481,-15.0,0.3399,0.0,-1.194,2229
2230,AUG,39,31189.8122,4,-7.6711,-12.381,-5.9,0.0039,0.0,-1.194,2230
2231,AUG,39,5155.0585,4,-3.1711,-8.781,-6.8,0.0039,0.0,-1.194,2231
2232,AUG,36,377.347,6,3.3649,-12.281,-16.5,0.3399,0.0,-1.194,2232
2233,AUG,33,237.242,5,4.525,-8.781,-10.7,0.0,-3.8,-1.194,2233
2234,AUG,33,619.6414,5,2.125,-7.581,-10.9,0.0,0.0,-1.194,2234
2235,AUG,33,130.1963,5,6.025,-6.581,-12.7,0.0,-1.1,-1.194,2235
2236,AUG,36,9259.1382,6,-4.6351,-11.281,-7.5,0.3399,0.0,-1.194,2236
2237,AUG,36,73.1903,6,7.4649,-10.181,-15.0,0.3399,-3.5,-1.194,2237
2238,AUG,36,548.4909,8,2.4299,-8.981,-11.2,1.4049,0.0,-1.194,2238
2239,AUG,32,6206.4301,6,-3.6351,-11.281,-8.5,0.3399,0.0,-1.194,2239
2240,AUG,39,46530.901,4,-8.6711,-13.281,-5.8,0.0039,0.0,-1.194,2240
2241,AUG,36,2788.5887,6,-1.6351,-12.581,-11.5,0.3399,-0.3,-1.194,2241
2242,AUG,36,2376.2547,6,-1.2351,-9.781,-9.4,0.3399,0.0,-1.194,2242
2243,AUG,39,726.044,4,1.7289,-4.281,-7.2,0.0039,0.0,-1.194,2243
2244,AUG,33,186.6183,5,5.125,-7.481,-13.8,0.0,0.0,-1.194,2244
2245,AUG,36,93.0445,6,6.8649,-12.781,-13.5,0.3399,-7.0,-1.194,2245
2246,AUG,36,2193.5485,6,-1.0351,-11.981,-11.8,0.3399,0.0,-1.194,2246
2247,AUG,36,176.4641,6,5.2649,-8.181,-14.3,0.3399,0.0,-1.194,2247
2248,AUG,36,775.2693,6,1.5649,-10.181,-9.1,0.3399,-3.5,-1.194,2248
2249,AUG,33,1325.0277,5,0.225,-6.581,-8.0,0.0,0.0,-1.194,2249
2250,AUG,34,467.3885,8,2.8299,-10.681,-13.3,1.4049,0.0,-1.194,2250
2251,AUG,33,1379.1066,5,0.125,-4.881,-6.2,0.0,0.0,-1.194,2251
2252,AUG,36,392.7479,6,3.2649,-13.281,-13.9,0.3399,-3.5,-1.194,2252
2253,AUG,33,452.8837,10,2.9087,-9.581,-10.7,2.9837,0.0,-1.194,2253
2254,AUG,33,74.3667,5,7.425,-6.181,-11.0,0.0,-3.8,-1.194,2254
2255,AUG,36,562.9498,6,2.3649,-7.981,-11.2,0.3399,0.0,-1.194,2255
2256,AUG,39,2944.5126,4,-1.7711,-6.381,-5.8,0.0039,0.0,-1.194,2256
2257,AUG,26,16417.1432,7,-6.0668,-11.581,-5.9,0.8082,0.0,-1.194,2257
2258,AUG,36,2376.2547,6,-1.2351,-10.781,-10.4,0.3399,0.0,-1.194,2258
2259,AUG,36,3840.3201,6,-2.4351,-13.781,-12.2,0.3399,0.0,-1.194,2259
2260,AUG,33,1753.2145,5,-0.475,-6.481,-7.2,0.0,0.0,-1.194,2260
2261,AUG,33,115.4729,5,6.325,-6.881,-9.9,0.0,-4.5,-1.194,2261
2262,AUG,36,562.9498,6,2.3649,-6.381,-9.6,0.3399,0.0,-1.194,2262
2263,AUG,36,1025.8,6,0.8649,-9.381,-11.1,0.3399,0.0,-1.194,2263
2264,AUG,36,4329.9814,6,-2.7351,-12.681,-10.8,0.3399,0.0,-1.194,2264
2265,AUG,36,1412.6861,6,0.0649,-13.281,-10.7,0.3399,-3.5,-1.194,2265
2266,AUG,36,233.489,6,4.5649,-6.481,-11.9,0.3399,0.0,-1.194,2266
2267,AUG,33,449.943,5,2.925,-6.081,-9.9,0.0,-0.3,-1.194,2267
2268,AUG,27,519.6655,6,2.5649,-7.381,-10.8,0.3399,0.0,-1.194,2268
2269,AUG,39,22324.0874,6,-6.8351,-14.981,-9.0,0.3399,0.0,-1.194,2269
2270,AUG,36,408.7772,6,3.1649,-7.981,-12.0,0.3399,0.0,-1.194,2270
2271,AUG,36,1470.3426,6,-0.0351,-8.581,-9.4,0.3399,0.0,-1.194,2271
2272,AUG,36,252.9369,6,4.3649,-7.481,-12.7,0.3399,0.0,-1.194,2272
2273,AUG,39,39650.6199,4,-8.2711,-13.281,-6.2,0.0039,0.0,-1.194,2273
2274,AUG,36,2376.2547,6,-1.2351,-9.881,-9.5,0.3399,0.0,-1.194,2274
2275,AUG,36,1111.2415,6,0.6649,-6.481,-8.0,0.3399,0.0,-1.194,2275
2276,AUG,36,8547.2189,6,-4.4351,-14.281,-9.8,0.3399,-0.9,-1.194,2276
2277,AUG,36,93.0445,6,6.8649,-6.781,-14.5,0.3399,0.0,-1.194,2277
2278,AUG,36,1725.4804,6,-0.4351,-7.781,-8.2,0.3399,0.0,-1.194,2278
2279,AUG,36,5963.0575,6,-3.5351,-16.281,-10.2,0.3399,-3.4,-1.194,2279
2280,AUG,36,1470.3426,6,-0.0351,-13.381,-10.8,0.3399,-3.4,-1.194,2280
2281,AUG,33,2949.0516,5,-1.775,-10.781,-10.2,0.0,0.0,-1.194,2281
2282,AUG,39,24534.4055,4,-7.0711,-12.081,-6.2,0.0039,0.0,-1.194,2282
2283,AUG,36,4329.9814,6,-2.7351,-14.181,-12.3,0.3399,0.0,-1.194,2283
2284,AUG,36,7283.3863,6,-4.0351,-13.281,-10.1,0.3399,0.0,-1.194,2284
2285,AUG,36,1111.2415,6,0.6649,-6.581,-8.1,0.3399,0.0,-1.194,2285
2286,AUG,36,946.928,6,1.0649,-6.381,-8.3,0.3399,0.0,-1.194,2286
2287,AUG,36,1304.0671,6,0.2649,-10.881,-12.0,0.3399,0.0,-1.194,2287
2288,AUG,33,267.4916,5,4.225,-6.081,-11.2,0.0,-0.3,-1.194,2288
2289,AUG,20,29.2803,9,9.7551,0.619,-8.2,2.1301,0.0,-1.194,2289
2290,AUG,39,36601.9515,4,-8.0711,-12.381,-5.5,0.0039,0.0,-1.194,2290
2291,AUG,33,669.0645,7,1.9332,-4.681,-7.0,0.8082,0.0,-1.194,2291
2292,AUG,39,2944.5126,4,-1.7711,-6.381,-5.8,0.0039,0.0,-1.194,2292
2293,AUG,29,2827.855,8,-1.6701,-9.581,-7.7,1.4049,0.0,-1.194,2293
2294,AUG,33,571.9982,5,2.325,-6.381,-9.9,0.0,0.0,-1.194,2294
2295,AUG,36,2574.1789,6,-1.4351,-10.281,-9.7,0.3399,0.0,-1.194,2295
2296,AUG,36,2689.7327,9,-1.5449,-11.981,-9.5,2.1301,0.0,-1.194,2296
2297,AUG,33,179.3005,5,5.225,-2.881,-8.5,0.0,-0.8,-1.194,2297
2298,AUG,29,21722.3936,7,-6.7668,-11.581,-5.2,0.8082,0.0,-1.194,2298
2299,AUG,36,687.597,6,1.8649,-6.581,-9.3,0.3399,0.0,-1.194,2299
2300,AUG,33,418.0623,10,3.1087,-9.581,-10.9,2.9837,0.0,-1.194,2300
2301,AUG,33,227.1959,7,4.6332,-3.781,-8.8,0.8082,0.0,-1.194,2301
2302,AUG,36,715.6602,6,1.7649,-11.081,-11.3,0.3399,-2.4,-1.194,2302
2303,AUG,36,169.5444,6,5.3649,-7.881,-14.1,0.3399,0.0,-1.194,2303
2304,AUG,36,2679.2398,6,-1.5351,-9.381,-8.7,0.3399,0.0,-1.194,2304
2305,AUG,33,1824.7692,5,-0.575,-9.781,-10.4,0.0,0.0,-1.194,2305
2306,AUG,36,634.7289,6,2.0649,-9.581,-12.5,0.3399,0.0,-1.194,2306
2307,AUG,36,442.8253,6,2.9649,-8.381,-12.2,0.3399,0.0,-1.194,2307
2308,AUG,39,17116.6869,4,-6.1711,-13.281,-8.3,0.0039,0.0,-1.194,2308
2309,AUG,36,687.597,6,1.8649,-8.881,-11.3,0.3399,-0.3,-1.194,2309
2310,AUG,36,1156.595,6,0.5649,-9.681,-11.1,0.3399,0.0,-1.194,2310
2311,AUG,33,368.3775,5,3.425,-1.981,-6.6,0.0,0.0,-1.194,2311
2312,AUG,33,528.0183,5,2.525,-5.981,-9.7,0.0,0.0,-1.194,2312
2313,AUG,33,152.7883,5,5.625,-6.681,-9.0,0.0,-4.5,-1.194,2313
2314,AUG,39,4952.9133,4,-3.0711,-8.581,-6.7,0.0039,0.0,-1.194,2314
2315,AUG,33,1129.1028,5,0.625,-5.481,-7.3,0.0,0.0,-1.194,2315
2316,AUG,35,1818.82,7,-0.5668,-11.581,-11.4,0.8082,0.0,-1.194,2316
2317,AUG,36,479.7093,6,2.7649,-6.781,-10.4,0.3399,0.0,-1.194,2317
2318,AUG,33,1554.9501,5,-0.175,-8.881,-9.9,0.0,0.0,-1.194,2318
2319,AUG,39,3743.2656,4,-2.3711,-8.581,-7.4,0.0039,0.0,-1.194,2319
2320,AUG,36,263.2601,6,4.2649,-5.781,-10.9,0.3399,0.0,-1.194,2320
2321,AUG,36,3144.1487,6,-1.9351,-13.481,-8.9,0.3399,-3.5,-1.194,2321
2322,AUG,36,1725.4804,6,-0.4351,-11.081,-11.5,0.3399,0.0,-1.194,2322
2323,AUG,36,3840.3201,6,-2.4351,-13.881,-10.9,0.3399,-1.4,-1.194,2323
2324,AUG,36,609.8393,6,2.1649,-9.681,-12.7,0.3399,0.0,-1.194,2324
2325,AUG,33,430.89,7,3.0332,-6.181,-8.8,0.8082,-0.8,-1.194,2325
2326,AUG,23,39083.5403,6,-8.2351,-15.881,-8.5,0.3399,0.0,-1.194,2326
2327,AUG,33,383.4123,5,3.325,-6.481,-11.0,0.0,0.0,-1.194,2327
2328,AUG,33,94.54,5,6.825,-8.481,-12.4,0.0,-4.1,-1.194,2328
2329,AUG,35,1530.3523,6,-0.1351,-10.581,-11.3,0.3399,0.0,-1.194,2329
2330,AUG,35,169.5444,6,5.3649,-7.881,-14.1,0.3399,0.0,-1.194,2330
2331,AUG,35,2032.8205,9,-0.8449,-11.081,-9.3,2.1301,0.0,-1.194,2331
2332,AUG,35,224.3332,6,4.6649,-7.181,-12.7,0.3399,0.0,-1.194,2332
2333,AUG,35,263.2601,6,4.2649,-5.781,-10.9,0.3399,0.0,-1.194,2333
2334,AUG,35,634.7289,6,2.0649,-8.881,-11.8,0.3399,0.0,-1.194,2334
2335,AUG,32,186.6183,5,5.125,-3.581,-8.4,0.0,-1.5,-1.194,2335
2336,AUG,35,985.5754,6,0.9649,-6.381,-8.2,0.3399,0.0,-1.194,2336
2337,AUG,35,4506.7026,6,-2.8351,-10.881,-8.9,0.3399,0.0,-1.194,2337
2338,AUG,35,3855.3602,9,-2.4449,-11.981,-8.6,2.1301,0.0,-1.194,2338
2339,AUG,38,5812.3561,4,-3.4711,-8.581,-6.3,0.0039,0.0,-1.194,2339
2340,AUG,32,368.3775,5,3.425,-1.981,-6.6,0.0,0.0,-1.194,2340
2341,AUG,35,4160.19,6,-2.6351,-13.681,-10.0,0.3399,-1.9,-1.194,2341
2342,AUG,22,74124.166,6,-9.8351,-15.881,-6.9,0.3399,0.0,-1.194,2342
2343,AUG,35,562.9498,6,2.3649,-6.381,-9.6,0.3399,0.0,-1.194,2343
2344,AUG,35,1111.2415,6,0.6649,-6.581,-8.1,0.3399,0.0,-1.194,2344
2345,AUG,19,35.2565,11,9.2908,-0.781,-7.3,3.9658,0.0,-1.194,2345
2346,AUG,35,562.9498,6,2.3649,-10.681,-13.9,0.3399,0.0,-1.194,2346
2347,AUG,35,10030.3551,6,-4.8351,-13.381,-9.4,0.3399,0.0,-1.194,2347
2348,AUG,38,23572.3385,4,-6.9711,-13.281,-7.5,0.0039,0.0,-1.194,2348
2349,AUG,32,1273.0695,5,0.325,-4.881,-6.4,0.0,0.0,-1.194,2349
2350,AUG,35,479.7093,6,2.7649,-6.781,-10.4,0.3399,0.0,-1.194,2350
2351,AUG,38,726.044,4,1.7289,-4.281,-7.2,0.0039,0.0,-1.194,2351
2352,AUG,25,24492.115,7,-7.0668,-11.581,-4.9,0.8082,0.0,-1.194,2352
2353,AUG,32,227.939,5,4.625,-6.881,-11.3,0.0,-1.4,-1.194,2353
2354,AUG,35,1657.8191,6,-0.3351,-6.481,-7.0,0.3399,0.0,-1.194,2354
2355,AUG,35,8896.0599,6,-4.5351,-13.281,-9.6,0.3399,0.0,-1.194,2355
2356,AUG,38,2944.5126,4,-1.7711,-6.381,-5.8,0.0039,0.0,-1.194,2356
2357,AUG,35,224.3332,6,4.6649,-5.781,-11.3,0.3399,0.0,-1.194,2357
2358,AUG,38,39083.5403,6,-8.2351,-14.981,-7.6,0.3399,0.0,-1.194,2358
2359,AUG,32,452.8837,10,2.9087,-9.581,-10.7,2.9837,0.0,-1.194,2359
2360,AUG,35,1156.595,6,0.5649,-9.681,-11.1,0.3399,0.0,-1.194,2360
2361,AUG,35,2376.2547,6,-1.2351,-9.881,-9.5,0.3399,0.0,-1.194,2361
2362,AUG,32,1970.3141,7,-0.7668,-10.681,-10.3,0.8082,0.0,-1.194,2362
2363,AUG,35,2376.2547,6,-1.2351,-9.381,-9.0,0.3399,0.0,-1.194,2363
2364,AUG,32,2615.5545,5,-1.475,-10.781,-10.5,0.0,0.0,-1.194,2364
2365,AUG,32,1325.0277,5,0.225,-7.681,-8.1,0.0,-1.0,-1.194,2365
2366,AUG,33,467.3885,8,2.8299,-10.681,-13.3,1.4049,0.0,-1.194,2366
2367,AUG,35,1725.4804,6,-0.4351,-11.081,-11.5,0.3399,0.0,-1.194,2367
2368,AUG,35,2376.2547,6,-1.2351,-11.281,-10.9,0.3399,0.0,-1.194,2368
2369,AUG,32,1824.7692,5,-0.575,-6.481,-7.1,0.0,0.0,-1.194,2369
2370,AUG,35,2788.5887,6,-1.6351,-12.281,-11.5,0.3399,0.0,-1.194,2370
2371,AUG,38,46530.901,4,-8.6711,-13.281,-5.8,0.0039,0.0,-1.194,2371
2372,AUG,32,1273.0695,5,0.325,-6.481,-8.0,0.0,0.0,-1.194,2372
2373,AUG,35,408.7772,6,3.1649,-7.981,-12.0,0.3399,0.0,-1.194,2373
2374,AUG,35,2024.8903,6,-0.8351,-10.681,-10.7,0.3399,0.0,-1.194,2374
2375,AUG,38,8004.5178,4,-4.2711,-8.781,-5.7,0.0039,0.0,-1.194,2375
2376,AUG,35,4329.9814,6,-2.7351,-14.181,-12.3,0.3399,0.0,-1.194,2376
2377,AUG,32,1899.2442,5,-0.675,-10.181,-9.4,0.0,-1.3,-1.194,2377
2378,AUG,35,334.6743,6,3.6649,-10.481,-15.0,0.3399,0.0,-1.194,2378
2379,AUG,32,669.0645,7,1.9332,-4.681,-7.0,0.8082,0.0,-1.194,2379
2380,AUG,35,1156.595,6,0.5649,-10.581,-12.0,0.3399,0.0,-1.194,2380
2381,AUG,35,207.8957,9,4.8551,-11.081,-15.0,2.1301,0.0,-1.194,2381
2382,AUG,35,2902.4004,6,-1.7351,-11.681,-10.8,0.3399,0.0,-1.194,2382
2383,AUG,34,9377.2912,7,-4.6668,-11.581,-7.3,0.8082,0.0,-1.194,2383
2384,AUG,32,418.0623,10,3.1087,-9.581,-10.9,2.9837,0.0,-1.194,2384
2385,AUG,35,2107.5329,6,-0.9351,-9.581,-9.5,0.3399,0.0,-1.194,2385
2386,AUG,35,687.597,6,1.8649,-8.581,-11.3,0.3399,0.0,-1.194,2386
2387,AUG,32,1493.9759,5,-0.075,-6.581,-7.7,0.0,0.0,-1.194,2387
2388,AUG,32,1129.1028,5,0.625,-5.481,-7.3,0.0,0.0,-1.194,2388
2389,AUG,35,1025.8,6,0.8649,-9.381,-11.1,0.3399,0.0,-1.194,2389
2390,AUG,35,1615.2396,8,-0.2701,-8.981,-8.5,1.4049,0.0,-1.194,2390
2391,AUG,35,687.597,6,1.8649,-6.481,-9.2,0.3399,0.0,-1.194,2391
2392,AUG,32,649.1462,10,2.0087,-8.281,-8.5,2.9837,0.0,-1.194,2392
2393,AUG,38,24534.4055,4,-7.0711,-12.081,-6.2,0.0039,0.0,-1.194,2393
2394,AUG,32,179.3005,5,5.225,-4.181,-8.5,0.0,-2.1,-1.194,2394
2395,AUG,32,257.0025,5,4.325,-3.081,-7.9,0.0,-0.7,-1.194,2395
2396,AUG,32,487.4199,5,2.725,-6.081,-9.7,0.0,-0.3,-1.194,2396
2397,AUG,32,172.2696,5,5.325,-7.781,-10.9,0.0,-3.4,-1.194,2397
2398,AUG,35,5729.2283,6,-3.4351,-12.781,-9.9,0.3399,-0.3,-1.194,2398
2399,AUG,35,11770.849,6,-5.2351,-14.581,-10.2,0.3399,0.0,-1.194,2399
2400,AUG,32,468.3067,5,2.825,-7.081,-9.0,0.0,-2.1,-1.194,2400
2401,AUG,32,340.0536,5,3.625,-1.881,-6.7,0.0,0.0,-1.194,2401
2402,AUG,35,176.4641,6,5.2649,-8.181,-14.3,0.3399,0.0,-1.194,2402
2403,AUG,32,3460.7789,5,-2.175,-9.781,-8.8,0.0,0.0,-1.194,2403
2404,AUG,35,687.597,6,1.8649,-6.581,-9.3,0.3399,0.0,-1.194,2404
2405,AUG,32,850.5605,7,1.3332,-5.481,-7.2,0.8082,0.0,-1.194,2405
2406,AUG,38,39650.6199,4,-8.2711,-12.381,-5.3,0.0039,0.0,-1.194,2406
2407,AUG,38,2944.5126,4,-1.7711,-6.381,-5.8,0.0039,0.0,-1.194,2407
2408,AUG,35,660.6343,6,1.9649,-8.381,-11.2,0.3399,0.0,-1.194,2408
2409,AUG,32,449.943,5,2.925,-6.081,-9.9,0.0,-0.3,-1.194,2409
2410,AUG,35,548.4909,8,2.4299,-8.981,-11.2,1.4049,0.0,-1.194,2410
2411,AUG,38,44706.286,4,-8.5711,-12.381,-5.0,0.0039,0.0,-1.194,2411
2412,AUG,35,562.9498,6,2.3649,-7.981,-11.2,0.3399,0.0,-1.194,2412
2413,AUG,35,1304.0671,6,0.2649,-8.281,-9.4,0.3399,0.0,-1.194,2413
2414,AUG,35,93.0445,6,6.8649,-6.781,-14.5,0.3399,0.0,-1.194,2414
2415,AUG,38,4952.9133,4,-3.0711,-8.581,-6.7,0.0039,0.0,-1.194,2415
2416,AUG,35,3406.0327,6,-2.1351,-13.481,-12.2,0.3399,0.0,-1.194,2416
2417,AUG,28,7687.3897,8,-4.1701,-9.581,-5.2,1.4049,0.0,-1.194,2417
2418,AUG,35,377.347,6,3.3649,-12.281,-16.5,0.3399,0.0,-1.194,2418
2419,AUG,35,744.8687,6,1.6649,-9.681,-12.2,0.3399,0.0,-1.194,2419
2420,AUG,35,2574.1789,6,-1.4351,-10.281,-9.7,0.3399,0.0,-1.194,2420
2421,AUG,35,138.8095,6,5.8649,-6.481,-13.2,0.3399,0.0,-1.194,2421
2422,AUG,35,6459.7355,6,-3.7351,-11.281,-8.4,0.3399,0.0,-1.194,2422
2423,AUG,35,5081.3313,6,-3.1351,-13.281,-10.4,0.3399,-0.6,-1.194,2423
2424,AUG,28,25491.7212,7,-7.1668,-11.581,-4.8,0.8082,0.0,-1.194,2424
2425,AUG,35,1725.4804,6,-0.4351,-7.781,-8.2,0.3399,0.0,-1.194,2425
2426,AUG,32,485.8308,7,2.7332,-6.381,-8.5,0.8082,-1.0,-1.194,2426
2427,AUG,38,39650.6199,4,-8.2711,-13.281,-6.2,0.0039,0.0,-1.194,2427
2428,AUG,38,75199.6649,4,-9.8711,-12.981,-4.3,0.0039,0.0,-1.194,2428
2429,AUG,31,3545.0444,6,-2.2351,-11.281,-9.9,0.3399,0.0,-1.194,2429
2430,AUG,35,3144.1487,6,-1.9351,-10.781,-9.7,0.3399,0.0,-1.194,2430
2431,AUG,32,130.1963,5,6.025,-7.581,-13.8,0.0,-1.0,-1.194,2431
2432,AUG,32,1379.1066,5,0.125,-6.381,-7.7,0.0,0.0,-1.194,2432
2433,AUG,35,2193.5485,6,-1.0351,-11.981,-11.8,0.3399,0.0,-1.194,2433
2434,AUG,32,819.8804,5,1.425,-5.981,-8.6,0.0,0.0,-1.194,2434
2435,AUG,35,2376.2547,6,-1.2351,-9.781,-9.4,0.3399,0.0,-1.194,2435
2436,AUG,32,370.7852,10,3.4087,-8.281,-9.9,2.9837,0.0,-1.194,2436
2437,AUG,26,585.9257,6,2.2649,-7.381,-10.5,0.3399,0.0,-1.194,2437
2438,AUG,32,165.5144,5,5.425,-3.981,-9.0,0.0,-1.6,-1.194,2438
2439,AUG,35,233.489,6,4.5649,-9.081,-14.5,0.3399,0.0,-1.194,2439
2440,AUG,36,839.8435,6,1.3649,-6.381,-8.6,0.3399,0.0,-1.194,2440
2441,AUG,36,10030.3551,6,-4.8351,-13.381,-9.4,0.3399,0.0,-1.194,2441
2442,AUG,33,819.8804,5,1.425,-6.581,-9.2,0.0,0.0,-1.194,2442
2443,AUG,39,697.5737,4,1.8289,-6.381,-9.4,0.0039,0.0,-1.194,2443
2444,AUG,33,593.4025,7,2.2332,-5.481,-8.1,0.8082,0.0,-1.194,2444
2445,AUG,36,1304.0671,6,0.2649,-10.881,-12.0,0.3399,0.0,-1.194,2445
2446,AUG,39,35166.6801,4,-7.9711,-13.281,-6.5,0.0039,0.0,-1.194,2446
2447,AUG,36,687.597,6,1.8649,-8.581,-11.3,0.3399,0.0,-1.194,2447
2448,AUG,36,301.134,4,3.9289,-9.881,-10.0,0.0039,-5.0,-1.194,2448
2449,AUG,36,3545.0444,6,-2.2351,-13.781,-12.4,0.3399,0.0,-1.194,2449
2450,AUG,33,571.9982,5,2.325,-7.181,-8.4,0.0,-2.3,-1.194,2450
2451,AUG,36,7283.3863,6,-4.0351,-11.281,-8.1,0.3399,0.0,-1.194,2451
2452,AUG,33,119.7939,7,6.2332,-2.981,-9.6,0.8082,0.0,-1.194,2452
2453,AUG,33,33.4134,5,9.425,-10.081,-14.8,0.0,-5.9,-1.194,2453
2454,AUG,39,28791.6809,4,-7.4711,-12.381,-6.1,0.0039,0.0,-1.194,2454
2455,AUG,36,4160.19,6,-2.6351,-12.681,-10.9,0.3399,0.0,-1.194,2455
2456,AUG,36,38.5911,6,9.0649,-10.381,-15.3,0.3399,-5.0,-1.194,2456
2457,AUG,33,227.1959,7,4.6332,-3.781,-8.8,0.8082,0.0,-1.194,2457
2458,AUG,36,3689.7297,6,-2.3351,-14.181,-12.7,0.3399,0.0,-1.194,2458
2459,AUG,39,20086.82,4,-6.5711,-13.281,-7.9,0.0039,0.0,-1.194,2459
2460,AUG,36,1470.3426,6,-0.0351,-11.681,-10.8,0.3399,-1.7,-1.194,2460
2461,AUG,33,152.7883,5,5.625,-4.281,-8.8,0.0,-2.3,-1.194,2461
2462,AUG,36,562.9498,6,2.3649,-6.381,-9.6,0.3399,0.0,-1.194,2462
2463,AUG,36,348.3335,6,3.5649,-12.281,-16.7,0.3399,0.0,-1.194,2463
2464,AUG,33,301.5982,5,3.925,-2.381,-7.5,0.0,0.0,-1.194,2464
2465,AUG,39,1896.321,4,-0.6711,-8.781,-9.3,0.0039,0.0,-1.194,2465
2466,AUG,36,46.0155,5,8.625,-6.681,-11.1,0.0,-5.4,-1.194,2466
2467,AUG,39,697.5737,4,1.8289,-6.381,-9.4,0.0039,0.0,-1.194,2467
2468,AUG,36,233.489,6,4.5649,-9.081,-14.5,0.3399,0.0,-1.194,2468
2469,AUG,36,1592.8111,6,-0.2351,-11.081,-11.7,0.3399,0.0,-1.194,2469
2470,AUG,33,669.0645,7,1.9332,-10.681,-13.0,0.8082,0.0,-1.194,2470
2471,AUG,36,634.7289,6,2.0649,-8.881,-11.8,0.3399,0.0,-1.194,2471
2472,AUG,29,12407.5918,7,-5.3668,-11.581,-6.6,0.8082,0.0,-1.194,2472
2473,AUG,36,5729.2283,6,-3.4351,-13.281,-10.7,0.3399,0.0,-1.194,2473
2474,AUG,32,19023.1412,6,-6.4351,-12.881,-7.3,0.3399,0.0,-1.194,2474
2475,AUG,36,874.1203,6,1.2649,-9.581,-11.7,0.3399,0.0,-1.194,2475
2476,AUG,36,16871.8856,6,-6.1351,-11.281,-6.0,0.3399,0.0,-1.194,2476
2477,AUG,33,756.8412,5,1.625,-7.681,-9.2,0.0,-1.3,-1.194,2477
2478,AUG,36,233.489,6,4.5649,-13.481,-13.9,0.3399,-5.0,-1.194,2478
2479,AUG,29,5809.902,8,-3.4701,-9.581,-5.9,1.4049,0.0,-1.194,2479
2480,AUG,33,1435.3926,5,0.025,-8.881,-10.1,0.0,0.0,-1.194,2480
2481,AUG,36,144.4748,6,5.7649,-11.181,-12.0,0.3399,-5.8,-1.194,2481
2482,AUG,36,2788.5887,6,-1.6351,-12.281,-11.5,0.3399,0.0,-1.194,2482
2483,AUG,33,399.0606,5,3.225,-5.781,-10.2,0.0,0.0,-1.194,2483
2484,AUG,33,2319.7712,5,-1.175,-10.781,-10.8,0.0,0.0,-1.194,2484
2485,AUG,36,377.347,6,3.3649,-10.381,-9.6,0.3399,-5.0,-1.194,2485
2486,AUG,33,340.0536,5,3.625,-7.581,-12.4,0.0,0.0,-1.194,2486
2487,AUG,36,233.489,6,4.5649,-7.481,-12.9,0.3399,0.0,-1.194,2487
2488,AUG,36,162.8961,6,5.4649,-8.181,-14.5,0.3399,0.0,-1.194,2488
2489,AUG,36,18.3088,4,10.9289,-8.081,-13.7,0.0039,-6.5,-1.194,2489
2490,AUG,36,519.6655,6,2.5649,-7.981,-11.4,0.3399,0.0,-1.194,2490
2491,AUG,33,106.5943,5,6.525,-4.381,-12.1,0.0,0.0,-1.194,2491
2492,AUG,36,7283.3863,6,-4.0351,-12.481,-9.3,0.3399,0.0,-1.194,2492
2493,AUG,36,5288.7177,6,-3.2351,-14.581,-10.5,0.3399,-1.7,-1.194,2493
2494,AUG,36,169.5444,6,5.3649,-6.681,-12.0,0.3399,-0.9,-1.194,2494
2495,AUG,36,408.7772,6,3.1649,-9.381,-13.4,0.3399,0.0,-1.194,2495
2496,AUG,36,1869.1999,6,-0.6351,-11.781,-12.0,0.3399,0.0,-1.194,2496
2497,AUG,33,301.5982,5,3.925,-3.981,-7.0,0.0,-2.1,-1.194,2497
2498,AUG,36,263.2601,6,4.2649,-6.581,-11.7,0.3399,0.0,-1.194,2498
2499,AUG,33,1129.1028,5,0.625,-5.481,-7.3,0.0,0.0,-1.194,2499
2500,AUG,36,744.8687,6,1.6649,-13.481,-11.0,0.3399,-5.0,-1.194,2500
2501,AUG,36,93.0445,6,6.8649,-6.781,-14.5,0.3399,0.0,-1.194,2501
2502,AUG,39,27662.6734,4,-7.3711,-12.981,-6.8,0.0039,0.0,-1.194,2502
2503,AUG,39,10175.8898,4,-4.8711,-12.081,-8.4,0.0039,0.0,-1.194,2503
2504,AUG,39,4952.9133,4,-3.0711,-8.581,-6.7,0.0039,0.0,-1.194,2504
2505,AUG,33,87.271,5,7.025,-2.081,-10.3,0.0,0.0,-1.194,2505
2506,AUG,39,999.8755,4,0.9289,-8.581,-10.7,0.0039,0.0,-1.194,2506
2507,AUG,33,452.8837,10,2.9087,-9.581,-10.7,2.9837,0.0,-1.194,2507
2508,AUG,36,377.347,6,3.3649,-6.481,-10.7,0.3399,0.0,-1.194,2508
2509,AUG,36,1725.4804,6,-0.4351,-7.781,-8.2,0.3399,0.0,-1.194,2509
2510,AUG,36,2292.016,9,-1.1449,-11.981,-9.9,2.1301,0.0,-1.194,2510
2511,AUG,36,90.8328,5,6.925,-11.381,-13.0,0.0,-6.5,-1.194,2511
2512,AUG,39,414.7083,4,3.1289,-4.281,-8.6,0.0039,0.0,-1.194,2512
2513,AUG,36,150.3713,6,5.6649,-8.381,-14.9,0.3399,0.0,-1.194,2513
2514,AUG,20,93.4089,9,6.8551,-2.081,-8.0,2.1301,0.0,-1.194,2514
2515,AUG,23,44066.9007,6,-8.5351,-15.981,-8.3,0.3399,0.0,-1.194,2515
2516,AUG,33,141.0406,5,5.825,-6.581,-12.5,0.0,-1.1,-1.194,2516
2517,AUG,33,146.3184,7,5.7332,-4.681,-10.8,0.8082,0.0,-1.194,2517
2518,AUG,39,23572.3385,4,-6.9711,-13.281,-7.5,0.0039,0.0,-1.194,2518
2519,AUG,33,186.6183,5,5.125,-7.481,-13.8,0.0,0.0,-1.194,2519
2520,AUG,36,467.3885,8,2.8299,-8.981,-11.6,1.4049,0.0,-1.194,2520
2521,AUG,33,178.7159,7,5.2332,-5.381,-11.0,0.8082,0.0,-1.194,2521
2522,AUG,33,487.4199,5,2.725,-5.981,-9.9,0.0,0.0,-1.194,2522
2523,AUG,36,3020.8572,6,-1.8351,-10.781,-9.8,0.3399,0.0,-1.194,2523
2524,AUG,39,47737.3435,6,-8.7351,-14.981,-7.1,0.3399,0.0,-1.194,2524
2525,AUG,33,1435.3926,5,0.025,-11.081,-11.0,0.0,-1.3,-1.194,2525
2526,AUG,34,467.3885,8,2.8299,-10.681,-13.3,1.4049,0.0,-1.194,2526
2527,AUG,36,1025.8,6,0.8649,-9.381,-11.1,0.3399,0.0,-1.194,2527
2528,AUG,33,449.943,5,2.925,-5.781,-9.9,0.0,0.0,-1.194,2528
2529,AUG,36,278.4088,5,4.125,-12.481,-11.1,0.0,-6.7,-1.194,2529
2530,AUG,26,6039.1502,7,-3.5668,-11.581,-8.4,0.8082,0.0,-1.194,2530
2531,AUG,36,263.2601,6,4.2649,-6.581,-11.7,0.3399,0.0,-1.194,2531
2532,AUG,35,5356.2054,7,-3.2668,-11.581,-8.7,0.8082,0.0,-1.194,2532
2533,AUG,33,1001.4168,5,0.925,-6.481,-8.6,0.0,0.0,-1.194,2533
2534,AUG,33,340.0536,5,3.625,-4.981,-9.8,0.0,0.0,-1.194,2534
2535,AUG,33,418.0623,10,3.1087,-9.581,-10.9,2.9837,0.0,-1.194,2535
2536,AUG,36,224.3332,6,4.6649,-5.781,-11.3,0.3399,0.0,-1.194,2536
2537,AUG,36,1657.8191,6,-0.3351,-13.681,-9.2,0.3399,-5.0,-1.194,2537
2538,AUG,36,1470.3426,6,-0.0351,-8.581,-9.4,0.3399,0.0,-1.194,2538
2539,AUG,33,370.7852,10,3.4087,-8.281,-9.9,2.9837,0.0,-1.194,2539
2540,AUG,27,198.9642,6,4.9649,-7.381,-13.2,0.3399,0.0,-1.194,2540
2541,AUG,36,156.5085,6,5.5649,-7.881,-14.3,0.3399,0.0,-1.194,2541
2542,AUG,36,818.2729,8,1.4299,-8.981,-10.2,1.4049,0.0,-1.194,2542
2543,AUG,36,308.9417,6,3.8649,-10.481,-15.2,0.3399,0.0,-1.194,2543
2544,AUG,36,2024.8903,6,-0.8351,-11.981,-12.0,0.3399,0.0,-1.194,2544
2545,AUG,36,1795.9031,6,-0.5351,-10.281,-10.6,0.3399,0.0,-1.194,2545
2546,AUG,36,479.7093,6,2.7649,-6.781,-10.4,0.3399,0.0,-1.194,2546
2547,AUG,33,435.1248,10,3.0087,-8.281,-9.5,2.9837,0.0,-1.194,2547
2548,AUG,36,2193.5485,6,-1.0351,-9.881,-9.7,0.3399,0.0,-1.194,2548
2549,AUG,39,28791.6809,4,-7.4711,-12.381,-6.1,0.0039,0.0,-1.194,2549
2550,AUG,36,408.7772,6,3.1649,-7.981,-12.0,0.3399,0.0,-1.194,2550
2551,AUG,36,252.9369,6,4.3649,-7.481,-12.7,0.3399,0.0,-1.194,2551
2552,AUG,36,133.3664,6,5.9649,-10.781,-11.7,0.3399,-5.9,-1.194,2552
2553,AUG,36,4329.9814,6,-2.7351,-14.181,-12.3,0.3399,0.0,-1.194,2553
2554,AUG,36,562.9498,6,2.3649,-6.581,-9.8,0.3399,0.0,-1.194,2554
2555,AUG,29,7990.7202,7,-4.2668,-11.581,-7.7,0.8082,0.0,-1.194,2555
2556,AUG,36,1156.595,6,0.5649,-9.681,-11.1,0.3399,0.0,-1.194,2556
2557,AUG,33,186.6183,5,5.125,-7.481,-13.8,0.0,0.0,-1.194,2557
2558,AUG,36,3406.0327,6,-2.1351,-13.781,-12.5,0.3399,0.0,-1.194,2558
2559,AUG,36,392.7479,6,3.2649,-10.081,-13.0,0.3399,-1.2,-1.194,2559
2560,AUG,33,449.943,5,2.925,-7.681,-10.5,0.0,-1.3,-1.194,2560
2561,AUG,36,133.3664,6,5.9649,-9.081,-15.9,0.3399,0.0,-1.194,2561
2562,AUG,39,1681.8731,4,-0.3711,-8.581,-9.4,0.0039,0.0,-1.194,2562
2563,AUG,33,65.9568,5,7.725,-6.481,-11.1,0.0,-4.3,-1.194,2563
2564,AUG,39,22324.0874,6,-6.8351,-14.981,-9.0,0.3399,0.0,-1.194,2564
2565,AUG,36,4690.6365,6,-2.9351,-12.481,-10.4,0.3399,0.0,-1.194,2565
2566,AUG,36,687.597,6,1.8649,-9.781,-11.3,0.3399,-1.2,-1.194,2566
2567,AUG,33,570.1334,7,2.3332,-8.781,-8.2,0.8082,-3.3,-1.194,2567
2568,AUG,33,468.3067,5,2.825,-7.481,-10.5,0.0,-1.0,-1.194,2568
2569,AUG,36,6206.4301,6,-3.6351,-13.381,-10.6,0.3399,0.0,-1.194,2569
2570,AUG,39,2054.2703,4,-0.8711,-6.381,-6.7,0.0039,0.0,-1.194,2570
2571,AUG,36,1025.8,6,0.8649,-9.381,-11.1,0.3399,0.0,-1.194,2571
2572,AUG,39,21759.9017,4,-6.7711,-13.281,-7.7,0.0039,0.0,-1.194,2572
2573,AUG,36,425.4608,6,3.0649,-7.081,-10.3,0.3399,-0.7,-1.194,2573
2574,AUG,36,775.2693,6,1.5649,-11.181,-9.1,0.3399,-4.5,-1.194,2574
2575,AUG,33,80.5609,5,7.225,-6.381,-10.8,0.0,-4.0,-1.194,2575
2576,AUG,36,1304.0671,6,0.2649,-10.881,-12.0,0.3399,0.0,-1.194,2576
2577,AUG,36,1220.7504,8,0.4299,-8.981,-9.2,1.4049,0.0,-1.194,2577
2578,AUG,39,21759.9017,4,-6.7711,-12.381,-6.8,0.0039,0.0,-1.194,2578
2579,AUG,36,130.1963,5,6.025,-11.181,-15.1,0.0,-3.3,-1.194,2579
2580,AUG,36,1412.6861,6,0.0649,-14.281,-10.7,0.3399,-4.5,-1.194,2580
2581,AUG,33,301.5982,5,3.925,-2.381,-7.5,0.0,0.0,-1.194,2581
2582,AUG,39,19299.156,4,-6.4711,-12.981,-7.7,0.0039,0.0,-1.194,2582
2583,AUG,36,2788.5887,6,-1.6351,-12.281,-11.5,0.3399,0.0,-1.194,2583
2584,AUG,33,418.0623,10,3.1087,-9.581,-10.9,2.9837,0.0,-1.194,2584
2585,AUG,36,362.5501,6,3.4649,-6.481,-10.8,0.3399,0.0,-1.194,2585
2586,AUG,36,10.0632,5,12.425,-7.281,-14.9,0.0,-6.0,-1.194,2586
2587,AUG,33,129.7718,7,6.0332,-2.981,-9.4,0.8082,0.0,-1.194,2587
2588,AUG,33,219.0009,5,4.725,-9.781,-12.4,0.0,-3.3,-1.194,2588
2589,AUG,33,326.7191,5,3.725,-5.781,-10.7,0.0,0.0,-1.194,2589
2590,AUG,36,169.5444,6,5.3649,-7.881,-14.1,0.3399,0.0,-1.194,2590
2591,AUG,20,246.9246,5,4.425,0.719,-4.9,0.0,0.0,-1.194,2591
2592,AUG,36,15574.6351,6,-5.9351,-11.281,-6.2,0.3399,0.0,-1.194,2592
2593,AUG,33,1325.0277,5,0.225,-7.581,-9.0,0.0,0.0,-1.194,2593
2594,AUG,36,191.1623,6,5.0649,-9.581,-15.5,0.3399,0.0,-1.194,2594
2595,AUG,33,326.7191,5,3.725,-2.881,-6.8,0.0,-1.0,-1.194,2595
2596,AUG,36,479.7093,6,2.7649,-6.781,-10.4,0.3399,0.0,-1.194,2596
2597,AUG,39,726.044,4,1.7289,-4.281,-7.2,0.0039,0.0,-1.194,2597
2598,AUG,33,2949.0516,5,-1.775,-10.781,-10.2,0.0,0.0,-1.194,2598
2599,AUG,36,585.9257,6,2.2649,-6.581,-9.7,0.3399,0.0,-1.194,2599
2600,AUG,33,74.3667,5,7.425,-6.681,-11.0,0.0,-4.3,-1.194,2600
2601,AUG,36,562.9498,6,2.3649,-7.981,-11.2,0.3399,0.0,-1.194,2601
2602,AUG,36,408.7772,6,3.1649,-7.981,-12.0,0.3399,0.0,-1.194,2602
2603,AUG,36,1725.4804,6,-0.4351,-11.081,-11.5,0.3399,0.0,-1.194,2603
2604,AUG,36,2376.2547,6,-1.2351,-10.281,-9.9,0.3399,0.0,-1.194,2604
2605,AUG,33,617.6212,7,2.1332,-4.681,-7.2,0.8082,0.0,-1.194,2605
2606,AUG,33,853.3425,5,1.325,-5.881,-7.4,0.0,-1.0,-1.194,2606
2607,AUG,36,263.2601,6,4.2649,-5.781,-10.9,0.3399,0.0,-1.194,2607
2608,AUG,39,9393.483,4,-4.6711,-13.281,-9.8,0.0039,0.0,-1.194,2608
2609,AUG,36,334.6743,6,3.6649,-10.481,-15.0,0.3399,0.0,-1.194,2609
2610,AUG,33,449.943,5,2.925,-5.781,-9.9,0.0,0.0,-1.194,2610
2611,AUG,36,1530.3523,6,-0.1351,-10.581,-11.3,0.3399,0.0,-1.194,2611
2612,AUG,36,3020.8572,6,-1.8351,-11.281,-10.3,0.3399,0.0,-1.194,2612
2613,AUG,33,94.54,5,6.825,-8.581,-14.0,0.0,-2.6,-1.194,2613
2614,AUG,36,263.2601,6,4.2649,-11.181,-11.8,0.3399,-4.5,-1.194,2614
2615,AUG,36,839.8435,6,1.3649,-12.181,-14.0,0.3399,-0.4,-1.194,2615
2616,AUG,32,4506.7026,6,-2.8351,-13.581,-11.6,0.3399,0.0,-1.194,2616
2617,AUG,33,130.1963,5,6.025,-9.881,-13.8,0.0,-3.3,-1.194,2617
2618,AUG,33,8.5752,5,12.825,-12.681,-19.5,0.0,-7.2,-1.194,2618
2619,AUG,36,73.1903,6,7.4649,-11.181,-15.0,0.3399,-4.5,-1.194,2619
2620,AUG,36,224.3332,6,4.6649,-9.281,-11.3,0.3399,-3.5,-1.194,2620
2621,AUG,36,1945.4883,6,-0.7351,-10.481,-9.9,0.3399,-0.7,-1.194,2621
2622,AUG,36,9.5156,6,12.5649,-7.881,-15.4,0.3399,-5.9,-1.194,2622
2623,AUG,39,18542.3787,4,-6.3711,-12.081,-6.9,0.0039,0.0,-1.194,2623
2624,AUG,33,87.271,5,7.025,-2.981,-10.2,0.0,-1.0,-1.194,2624
2625,AUG,33,787.7305,5,1.525,-11.081,-12.5,0.0,-1.3,-1.194,2625
2626,AUG,39,4952.9133,4,-3.0711,-8.581,-6.7,0.0039,0.0,-1.194,2626
2627,AUG,39,486.6696,4,2.7289,-6.381,-10.3,0.0039,0.0,-1.194,2627
2628,AUG,36,377.347,6,3.3649,-12.281,-16.5,0.3399,0.0,-1.194,2628
2629,AUG,39,4952.9133,4,-3.0711,-13.281,-11.4,0.0039,0.0,-1.194,2629
2630,AUG,36,93.0445,6,6.8649,-6.781,-14.5,0.3399,0.0,-1.194,2630
2631,AUG,36,874.1203,6,1.2649,-11.981,-14.1,0.3399,0.0,-1.194,2631
2632,AUG,35,7677.3803,7,-4.1668,-11.581,-7.8,0.8082,0.0,-1.194,2632
2633,AUG,33,130.1963,5,6.025,-3.481,-9.3,0.0,-1.4,-1.194,2633
2634,AUG,36,144.4748,6,5.7649,-8.381,-15.0,0.3399,0.0,-1.194,2634
2635,AUG,36,2376.2547,6,-1.2351,-9.881,-9.5,0.3399,0.0,-1.194,2635
2636,AUG,33,159.0241,5,5.525,-4.681,-11.1,0.0,-0.3,-1.194,2636
2637,AUG,36,2788.5887,6,-1.6351,-10.781,-10.0,0.3399,0.0,-1.194,2637
2638,AUG,33,266.6195,7,4.2332,-5.381,-10.0,0.8082,0.0,-1.194,2638
2639,AUG,27,277.9803,4,4.1289,-8.581,-10.8,0.0039,-3.1,-1.194,2639
2640,AUG,26,8316.8486,7,-4.3668,-11.581,-7.6,0.8082,0.0,-1.194,2640
2641,AUG,36,1657.8191,6,-0.3351,-7.781,-8.3,0.3399,0.0,-1.194,2641
2642,AUG,36,548.4909,8,2.4299,-8.981,-11.2,1.4049,0.0,-1.194,2642
2643,AUG,33,227.939,5,4.625,-8.081,-11.3,0.0,-2.6,-1.194,2643
2644,AUG,33,77.4018,5,7.325,-5.081,-10.2,0.0,-3.4,-1.194,2644
2645,AUG,39,6296.4818,4,-3.6711,-8.781,-6.3,0.0039,0.0,-1.194,2645
2646,AUG,36,1470.3426,6,-0.0351,-8.581,-9.4,0.3399,0.0,-1.194,2646
2647,AUG,33,452.8837,10,2.9087,-9.581,-10.7,2.9837,0.0,-1.194,2647
2648,AUG,36,609.8393,6,2.1649,-14.681,-11.8,0.3399,-5.9,-1.194,2648
2649,AUG,33,340.0536,5,3.625,-11.881,-13.7,0.0,-3.0,-1.194,2649
2650,AUG,36,425.4608,6,3.0649,-7.081,-10.3,0.3399,-0.7,-1.194,2650
2651,AUG,36,3144.1487,6,-1.9351,-14.481,-8.9,0.3399,-4.5,-1.194,2651
2652,AUG,33,1970.3141,7,-0.7668,-10.681,-10.3,0.8082,0.0,-1.194,2652
2653,AUG,36,392.7479,6,3.2649,-14.281,-13.9,0.3399,-4.5,-1.194,2653
2654,AUG,36,176.4641,6,5.2649,-8.181,-14.3,0.3399,0.0,-1.194,2654
2655,AUG,23,28379.9048,6,-7.4351,-15.881,-9.3,0.3399,0.0,-1.194,2655
2656,AUG,36,1304.0671,6,0.2649,-13.081,-13.8,0.3399,-0.4,-1.194,2656
2657,AUG,36,5963.0575,6,-3.5351,-17.381,-10.2,0.3399,-4.5,-1.194,2657
2658,AUG,29,2508.0635,8,-1.3701,-9.581,-8.0,1.4049,0.0,-1.194,2658
2659,AUG,39,19299.156,4,-6.4711,-12.381,-7.1,0.0039,0.0,-1.194,2659
2660,AUG,34,467.3885,8,2.8299,-10.681,-13.3,1.4049,0.0,-1.194,2660
2661,AUG,36,946.928,6,1.0649,-14.481,-11.9,0.3399,-4.5,-1.194,2661
2662,AUG,39,20086.82,4,-6.5711,-12.381,-7.0,0.0039,0.0,-1.194,2662
2663,AUG,27,585.9257,6,2.2649,-7.381,-10.5,0.3399,0.0,-1.194,2663
2664,AUG,35,4385.235,7,-2.7668,-11.581,-9.2,0.8082,0.0,-1.194,2664
2665,AUG,36,2376.2547,6,-1.2351,-9.881,-9.5,0.3399,0.0,-1.194,2665
2666,AUG,36,425.4608,6,3.0649,-10.281,-13.5,0.3399,-0.7,-1.194,2666
2667,AUG,33,165.5144,5,5.425,-3.381,-8.7,0.0,-1.3,-1.194,2667
2668,AUG,36,1592.8111,6,-0.2351,-9.381,-10.0,0.3399,0.0,-1.194,2668
2669,AUG,33,186.6183,5,5.125,-12.681,-15.2,0.0,-3.8,-1.194,2669
2670,AUG,36,585.9257,6,2.2649,-6.381,-9.5,0.3399,0.0,-1.194,2670
2671,AUG,39,1750.5161,4,-0.4711,-8.581,-9.3,0.0039,0.0,-1.194,2671
2672,AUG,33,39.2114,5,9.025,-9.481,-12.4,0.0,-7.3,-1.194,2672
2673,AUG,36,1470.3426,6,-0.0351,-8.581,-9.4,0.3399,0.0,-1.194,2673
2674,AUG,36,408.7772,6,3.1649,-7.981,-12.0,0.3399,0.0,-1.194,2674
2675,AUG,39,15800.6141,4,-5.9711,-12.981,-8.2,0.0039,0.0,-1.194,2675
2676,AUG,36,233.489,6,4.5649,-9.481,-14.5,0.3399,-0.4,-1.194,2676
2677,AUG,36,377.347,6,3.3649,-8.381,-12.6,0.3399,0.0,-1.194,2677
2678,AUG,20,258.6822,10,4.3087,-3.781,-6.3,2.9837,0.0,-1.194,2678
2679,AUG,33,487.4199,5,2.725,-12.381,-13.1,0.0,-3.2,-1.194,2679
2680,AUG,39,29966.7669,4,-7.5711,-13.281,-6.9,0.0039,0.0,-1.194,2680
2681,AUG,36,2574.1789,6,-1.4351,-10.281,-9.7,0.3399,0.0,-1.194,2681
2682,AUG,39,2316.2007,4,-1.1711,-6.381,-6.4,0.0039,0.0,-1.194,2682
2683,AUG,36,1869.1999,6,-0.6351,-11.781,-12.0,0.3399,0.0,-1.194,2683
2684,AUG,36,6206.4301,6,-3.6351,-11.281,-8.5,0.3399,0.0,-1.194,2684
2685,AUG,33,124.6831,7,6.1332,-6.681,-11.9,0.8082,-1.3,-1.194,2685
2686,AUG,33,595.3434,5,2.225,-8.681,-9.8,0.0,-2.3,-1.194,2686
2687,AUG,33,756.8412,5,1.625,-9.281,-9.3,0.0,-2.8,-1.194,2687
2688,AUG,36,377.347,6,3.3649,-14.681,-16.5,0.3399,-2.4,-1.194,2688
2689,AUG,33,418.0623,10,3.1087,-9.581,-10.9,2.9837,0.0,-1.194,2689
2690,AUG,23,29538.1849,6,-7.5351,-15.781,-9.1,0.3399,0.0,-1.194,2690
2691,AUG,36,2788.5887,6,-1.6351,-12.281,-11.5,0.3399,0.0,-1.194,2691
2692,AUG,33,63.3705,5,7.825,-11.081,-14.0,0.0,-6.1,-1.194,2692
2693,AUG,36,1111.2415,6,0.6649,-6.981,-8.1,0.3399,-0.4,-1.194,2693
2694,AUG,36,687.597,6,1.8649,-8.781,-11.3,0.3399,-0.2,-1.194,2694
2695,AUG,39,5812.3561,4,-3.4711,-13.281,-11.0,0.0039,0.0,-1.194,2695
2696,AUG,33,102.4145,5,6.625,-4.481,-9.9,0.0,-2.4,-1.194,2696
2697,AUG,36,548.4909,8,2.4299,-8.981,-11.2,1.4049,0.0,-1.194,2697
2698,AUG,36,7580.646,6,-4.1351,-13.281,-10.0,0.3399,0.0,-1.194,2698
2699,AUG,33,194.2349,5,5.025,-3.681,-8.2,0.0,-1.7,-1.194,2699
2700,AUG,36,11770.849,6,-5.2351,-14.581,-10.2,0.3399,0.0,-1.194,2700
2701,AUG,36,634.7289,6,2.0649,-9.081,-11.8,0.3399,-0.2,-1.194,2701
2702,AUG,39,38095.8012,4,-8.1711,-13.681,-6.7,0.0039,0.0,-1.194,2702
2703,AUG,36,909.7962,6,1.1649,-9.981,-12.0,0.3399,0.0,-1.194,2703
2704,AUG,36,334.6743,6,3.6649,-10.481,-15.0,0.3399,0.0,-1.194,2704
2705,AUG,33,186.6183,5,5.125,-8.781,-13.8,0.0,-1.3,-1.194,2705
2706,AUG,33,1554.9501,5,-0.175,-8.881,-8.6,0.0,-1.3,-1.194,2706
2707,AUG,36,176.4641,6,5.2649,-8.181,-14.3,0.3399,0.0,-1.194,2707
2708,AUG,29,17784.5683,7,-6.2668,-11.581,-5.7,0.8082,0.0,-1.194,2708
2709,AUG,36,946.928,6,1.0649,-6.481,-8.4,0.3399,0.0,-1.194,2709
2710,AUG,33,998.152,7,0.9332,-10.681,-12.0,0.8082,0.0,-1.194,2710
2711,AUG,36,1025.8,6,0.8649,-9.781,-11.1,0.3399,-0.4,-1.194,2711
2712,AUG,33,301.5982,5,3.925,-6.581,-10.0,0.0,-1.7,-1.194,2712
2713,AUG,36,10030.3551,6,-4.8351,-13.381,-9.4,0.3399,0.0,-1.194,2713
2714,AUG,39,2316.2007,4,-1.1711,-8.581,-8.6,0.0039,0.0,-1.194,2714
2715,AUG,36,1615.2396,8,-0.2701,-8.981,-8.5,1.4049,0.0,-1.194,2715
2716,AUG,36,93.0445,6,6.8649,-7.181,-14.5,0.3399,-0.4,-1.194,2716
2717,AUG,36,4329.9814,6,-2.7351,-14.181,-12.3,0.3399,0.0,-1.194,2717
2718,AUG,36,224.3332,6,4.6649,-5.781,-11.3,0.3399,0.0,-1.194,2718
2719,AUG,33,1493.9759,5,-0.075,-12.081,-10.9,0.0,-2.3,-1.194,2719
2720,AUG,33,1042.288,5,0.825,-9.381,-8.6,0.0,-2.8,-1.194,2720
2721,AUG,33,36.1965,5,9.225,-8.481,-15.9,0.0,-3.0,-1.194,2721
2722,AUG,36,169.5444,6,5.3649,-7.881,-14.1,0.3399,0.0,-1.194,2722
2723,AUG,33,547.7768,7,2.4332,-8.481,-8.3,0.8082,-3.0,-1.194,2723
2724,AUG,36,1203.7996,6,0.4649,-13.181,-11.3,0.3399,-3.2,-1.194,2724
2725,AUG,36,4506.7026,6,-2.8351,-10.881,-8.9,0.3399,0.0,-1.194,2725
2726,AUG,33,452.8837,10,2.9087,-9.581,-10.7,2.9837,0.0,-1.194,2726
2727,AUG,33,94.54,5,6.825,-12.181,-14.0,0.0,-6.2,-1.194,2727
2728,AUG,36,156.5085,6,5.5649,-7.181,-12.9,0.3399,-0.7,-1.194,2728
2729,AUG,36,479.7093,6,2.7649,-7.181,-10.4,0.3399,-0.4,-1.194,2729
2730,AUG,33,110.9448,5,6.425,-11.281,-13.1,0.0,-5.8,-1.194,2730
2731,AUG,36,2799.5098,9,-1.6449,-11.981,-9.4,2.1301,0.0,-1.194,2731
2732,AUG,36,2193.5485,6,-1.0351,-12.781,-11.8,0.3399,-0.8,-1.194,2732
2733,AUG,36,1156.595,6,0.5649,-10.081,-11.1,0.3399,-0.4,-1.194,2733
2734,AUG,39,24183.5166,6,-7.0351,-14.981,-8.8,0.3399,0.0,-1.194,2734
2735,AUG,36,2902.4004,6,-1.7351,-11.681,-10.8,0.3399,0.0,-1.194,2735
2736,AUG,36,263.2601,6,4.2649,-5.781,-10.9,0.3399,0.0,-1.194,2736
2737,AUG,36,1657.8191,6,-0.3351,-7.781,-8.3,0.3399,0.0,-1.194,2737
2738,AUG,36,562.9498,6,2.3649,-6.381,-9.6,0.3399,0.0,-1.194,2738
2739,AUG,33,58.498,5,8.025,-6.081,-11.6,0.0,-3.7,-1.194,2739
2740,AUG,36,10439.7279,6,-4.9351,-12.581,-8.5,0.3399,0.0,-1.194,2740
2741,AUG,39,12936.2862,4,-5.4711,-12.481,-8.2,0.0039,0.0,-1.194,2741
2742,AUG,26,11921.0532,7,-5.2668,-11.581,-6.7,0.8082,0.0,-1.194,2742
2743,AUG,36,2902.4004,6,-1.7351,-14.581,-11.8,0.3399,-1.9,-1.194,2743
2744,AUG,32,10865.8086,6,-5.0351,-11.681,-7.2,0.3399,-0.3,-1.194,2744
2745,AUG,33,39.2114,5,9.025,-9.681,-12.6,0.0,-7.3,-1.194,2745
2746,AUG,36,176.4641,6,5.2649,-6.581,-12.7,0.3399,0.0,-1.194,2746
2747,AUG,39,726.044,4,1.7289,-4.281,-7.2,0.0039,0.0,-1.194,2747
2748,AUG,36,2024.8903,6,-0.8351,-10.681,-10.7,0.3399,0.0,-1.194,2748
2749,AUG,33,30.8443,5,9.625,-10.281,-13.2,0.0,-7.9,-1.194,2749
2750,AUG,36,150.3713,6,5.6649,-6.481,-13.0,0.3399,0.0,-1.194,2750
2751,AUG,36,687.597,6,1.8649,-6.981,-9.3,0.3399,-0.4,-1.194,2751
2752,AUG,29,6047.0238,8,-3.5701,-9.581,-5.8,1.4049,0.0,-1.194,2752
2753,AUG,36,562.9498,6,2.3649,-10.681,-13.9,0.3399,0.0,-1.194,2753
2754,AUG,33,21.5189,5,10.525,-8.181,-13.8,0.0,-6.1,-1.194,2754
2755,AUG,36,2679.2398,6,-1.5351,-12.881,-12.2,0.3399,0.0,-1.194,2755
2756,AUG,34,133.3664,6,5.9649,-9.781,-13.4,0.3399,-3.2,-1.194,2756
2757,AUG,39,2509.1229,4,-1.3711,-6.381,-6.2,0.0039,0.0,-1.194,2757
2758,AUG,36,2202.1392,9,-1.0449,-11.081,-9.1,2.1301,0.0,-1.194,2758
2759,AUG,33,80.5609,5,7.225,-8.081,-12.8,0.0,-3.7,-1.194,2759
2760,AUG,33,449.943,5,2.925,-8.181,-10.6,0.0,-1.7,-1.194,2760
2761,AUG,33,449.943,5,2.925,-8.181,-9.9,0.0,-2.4,-1.194,2761
2762,AUG,39,3455.4523,4,-2.1711,-8.781,-7.8,0.0039,0.0,-1.194,2762
2763,AUG,36,562.9498,6,2.3649,-7.981,-11.2,0.3399,0.0,-1.194,2763
2764,AUG,39,11941.6373,4,-5.2711,-12.381,-8.3,0.0039,0.0,-1.194,2764
2765,AUG,33,340.0536,5,3.625,-3.581,-6.7,0.0,-1.7,-1.194,2765
2766,AUG,36,207.8957,9,4.8551,-11.081,-15.0,2.1301,0.0,-1.194,2766
2767,AUG,36,715.6602,6,1.7649,-9.681,-12.3,0.3399,0.0,-1.194,2767
2768,AUG,36,6997.7831,6,-3.9351,-12.481,-9.4,0.3399,0.0,-1.194,2768
2769,AUG,36,3144.1487,6,-1.9351,-10.781,-9.7,0.3399,0.0,-1.194,2769
2770,AUG,33,487.4199,5,2.725,-8.181,-9.7,0.0,-2.4,-1.194,2770
2771,AUG,36,1725.4804,6,-0.4351,-11.081,-11.5,0.3399,0.0,-1.194,2771
2772,AUG,36,1470.3426,6,-0.0351,-9.781,-10.6,0.3399,0.0,-1.194,2772
2773,AUG,35,10158.3494,7,-4.8668,-11.581,-7.1,0.8082,0.0,-1.194,2773
2774,AUG,33,1493.9759,5,-0.075,-6.581,-7.7,0.0,0.0,-1.194,2774
2775,AUG,33,819.8804,5,1.425,-5.981,-8.6,0.0,0.0,-1.194,2775
2776,AUG,33,194.2349,5,5.025,-2.081,-8.3,0.0,0.0,-1.194,2776
2777,AUG,36,806.9107,6,1.4649,-8.981,-11.3,0.3399,0.0,-1.194,2777
2778,AUG,36,252.9369,6,4.3649,-7.881,-12.7,0.3399,-0.4,-1.194,2778
2779,AUG,26,13441.0512,7,-5.5668,-11.581,-6.4,0.8082,0.0,-1.194,2779
2780,AUG,36,946.928,6,1.0649,-6.981,-8.5,0.3399,-0.4,-1.194,2780
2781,AUG,33,888.1703,5,1.225,-8.481,-8.9,0.0,-2.0,-1.194,2781
2782,AUG,33,277.5012,7,4.1332,-3.781,-8.3,0.8082,0.0,-1.194,2782
2783,AUG,33,1970.3141,7,-0.7668,-10.681,-10.3,0.8082,0.0,-1.194,2783
2784,AUG,36,1530.3523,6,-0.1351,-10.981,-11.3,0.3399,-0.4,-1.194,2784
2785,AUG,36,263.2601,6,4.2649,-6.181,-11.3,0.3399,0.0,-1.194,2785
2786,AUG,39,36078.4737,6,-8.0351,-14.981,-7.8,0.3399,0.0,-1.194,2786
2787,AUG,36,2679.2398,6,-1.5351,-11.181,-10.1,0.3399,-0.4,-1.194,2787
2788,AUG,36,744.8687,6,1.6649,-9.281,-11.8,0.3399,0.0,-1.194,2788
2789,AUG,33,1129.1028,5,0.625,-5.481,-7.3,0.0,0.0,-1.194,2789
2790,AUG,39,39650.6199,4,-8.2711,-12.381,-5.3,0.0039,0.0,-1.194,2790
2791,AUG,39,72250.8623,4,-9.7711,-12.981,-4.4,0.0039,0.0,-1.194,2791
2792,AUG,23,98077.6185,6,-10.5351,-15.981,-6.3,0.3399,0.0,-1.194,2792
2793,AUG,36,10030.3551,6,-4.8351,-15.281,-9.4,0.3399,-1.9,-1.194,2793
2794,AUG,36,408.7772,6,3.1649,-7.181,-10.8,0.3399,-0.4,-1.194,2794
2795,AUG,33,1899.2442,5,-0.675,-7.581,-8.1,0.0,0.0,-1.194,2795
2796,AUG,36,562.9498,6,2.3649,-8.381,-11.2,0.3399,-0.4,-1.194,2796
2797,AUG,39,1821.9606,4,-0.5711,-6.381,-7.0,0.0039,0.0,-1.194,2797
2798,AUG,33,850.5605,7,1.3332,-5.481,-7.2,0.8082,0.0,-1.194,2798
2799,AUG,36,5081.3313,6,-3.1351,-13.081,-10.8,0.3399,0.0,-1.194,2799
2800,AUG,36,5288.7177,6,-3.2351,-14.981,-12.2,0.3399,-0.4,-1.194,2800
2801,AUG,39,2611.5287,4,-1.4711,-8.581,-8.3,0.0039,0.0,-1.194,2801
2802,AUG,33,186.6183,5,5.125,-4.781,-8.2,0.0,-2.9,-1.194,2802
2803,AUG,36,3272.472,6,-2.0351,-13.581,-11.5,0.3399,-0.9,-1.194,2803
2804,AUG,39,4952.9133,4,-3.0711,-8.581,-6.7,0.0039,0.0,-1.194,2804
2805,AUG,36,1530.3523,6,-0.1351,-8.181,-8.5,0.3399,-0.4,-1.194,2805
2806,AUG,36,321.5507,6,3.7649,-8.781,-13.4,0.3399,0.0,-1.194,2806
2807,AUG,36,3997.0566,6,-2.5351,-11.281,-9.6,0.3399,0.0,-1.194,2807
2808,AUG,36,169.5444,6,5.3649,-8.281,-14.1,0.3399,-0.4,-1.194,2808
2809,AUG,33,1684.4658,5,-0.375,-7.681,-7.2,0.0,-1.3,-1.194,2809
2810,AUG,33,370.7852,10,3.4087,-8.281,-9.9,2.9837,0.0,-1.194,2810
2811,AUG,36,334.6743,6,3.6649,-10.881,-15.0,0.3399,-0.4,-1.194,2811
2812,AUG,36,2024.8903,6,-0.8351,-11.081,-10.7,0.3399,-0.4,-1.194,2812
2813,AUG,36,1304.0671,6,0.2649,-11.281,-12.0,0.3399,-0.4,-1.194,2813
2814,AUG,36,1470.3426,6,-0.0351,-8.981,-9.4,0.3399,-0.4,-1.194,2814
2815,AUG,33,301.5982,5,3.925,-2.381,-7.5,0.0,0.0,-1.194,2815
2816,AUG,33,172.2696,5,5.325,-5.181,-10.9,0.0,-0.8,-1.194,2816
2817,AUG,36,198.9642,6,4.9649,-9.481,-14.9,0.3399,-0.4,-1.194,2817
2818,AUG,33,2949.0516,5,-1.775,-10.781,-10.2,0.0,0.0,-1.194,2818
2819,AUG,39,39650.6199,4,-8.2711,-13.281,-6.2,0.0039,0.0,-1.194,2819
2820,AUG,33,186.6183,5,5.125,-7.481,-13.8,0.0,0.0,-1.194,2820
2821,AUG,33,449.943,5,2.925,-5.781,-9.9,0.0,0.0,-1.194,2821
2822,AUG,36,562.9498,6,2.3649,-11.081,-13.9,0.3399,-0.4,-1.194,2822
2823,AUG,39,24534.4055,4,-7.0711,-12.081,-6.2,0.0039,0.0,-1.194,2823
2824,AUG,33,1824.7692,5,-0.575,-6.481,-7.1,0.0,0.0,-1.194,2824
2825,AUG,36,3840.3201,6,-2.4351,-14.181,-12.2,0.3399,-0.4,-1.194,2825
2826,AUG,33,120.1857,5,6.225,-4.481,-9.4,0.0,-2.5,-1.194,2826
2827,AUG,36,687.597,6,1.8649,-6.881,-9.2,0.3399,-0.4,-1.194,2827
2828,AUG,20,266.9671,8,4.2299,-1.981,-6.0,1.4049,0.0,-1.194,2828
2829,AUG,39,1821.9606,4,-0.5711,-6.381,-7.0,0.0039,0.0,-1.194,2829
2830,AUG,27,442.8253,6,2.9649,-7.381,-11.2,0.3399,0.0,-1.194,2830
2831,AUG,36,562.9498,6,2.3649,-7.881,-9.6,0.3399,-1.5,-1.194,2831
2832,AUG,36,79.2865,6,7.2649,-7.181,-14.9,0.3399,-0.4,-1.194,2832
2833,AUG,36,3020.8572,6,-1.8351,-9.781,-8.4,0.3399,-0.4,-1.194,2833
2834,AUG,36,321.5507,6,3.7649,-6.881,-11.1,0.3399,-0.4,-1.194,2834
2835,AUG,36,467.3885,8,2.8299,-9.381,-11.6,1.4049,-0.4,-1.194,2835
2836,AUG,36,348.3335,6,3.5649,-8.381,-12.4,0.3399,-0.4,-1.194,2836
2837,AUG,36,3997.0566,6,-2.5351,-12.181,-10.5,0.3399,0.0,-1.194,2837
2838,AUG,36,5081.3313,6,-3.1351,-11.981,-9.7,0.3399,0.0,-1.194,2838
2839,AUG,39,726.044,4,1.7289,-4.281,-7.2,0.0039,0.0,-1.194,2839
2840,AUG,33,397.7596,7,3.2332,-5.381,-9.0,0.8082,0.0,-1.194,2840
2841,AUG,33,3460.7789,5,-2.175,-11.081,-8.8,0.0,-1.3,-1.194,2841
2842,AUG,36,263.2601,6,4.2649,-6.681,-11.3,0.3399,-0.5,-1.194,2842
2843,AUG,36,3689.7297,6,-2.3351,-14.581,-12.7,0.3399,-0.4,-1.194,2843
2844,AUG,36,442.8253,6,2.9649,-12.681,-16.5,0.3399,0.0,-1.194,2844
2845,AUG,33,2057.437,5,-0.875,-8.881,-9.2,0.0,0.0,-1.194,2845
2846,AUG,36,207.8957,9,4.8551,-11.481,-15.0,2.1301,-0.4,-1.194,2846
2847,AUG,36,687.597,6,1.8649,-7.881,-9.1,0.3399,-1.5,-1.194,2847
2848,AUG,36,4506.7026,6,-2.8351,-11.281,-8.9,0.3399,-0.4,-1.194,2848
2849,AUG,39,4952.9133,4,-3.0711,-8.781,-6.9,0.0039,0.0,-1.194,2849
2850,AUG,36,2574.1789,6,-1.4351,-10.681,-9.7,0.3399,-0.4,-1.194,2850
2851,AUG,36,2902.4004,6,-1.7351,-12.081,-10.8,0.3399,-0.4,-1.194,2851
2852,AUG,36,1156.595,6,0.5649,-7.881,-8.9,0.3399,-0.4,-1.194,2852
2853,AUG,36,585.9257,6,2.2649,-6.981,-9.7,0.3399,-0.4,-1.194,2853
2854,AUG,33,266.6195,7,4.2332,-2.981,-7.6,0.8082,0.0,-1.194,2854
2855,AUG,33,418.0623,10,3.1087,-9.581,-10.9,2.9837,0.0,-1.194,2855
2856,AUG,36,3285.2882,9,-2.0449,-12.381,-9.0,2.1301,-0.4,-1.194,2856
2857,AUG,34,467.3885,8,2.8299,-10.681,-13.3,1.4049,0.0,-1.194,2857
2858,AUG,29,15154.8571,7,-5.8668,-11.581,-6.1,0.8082,0.0,-1.194,2858
2859,AUG,36,5729.2283,6,-3.4351,-12.881,-10.3,0.3399,0.0,-1.194,2859
2860,AUG,36,9637.0351,6,-4.7351,-13.681,-9.4,0.3399,-0.4,-1.194,2860
2861,AUG,36,1725.4804,6,-0.4351,-11.481,-11.5,0.3399,-0.4,-1.194,2861
2862,AUG,29,7687.3897,8,-4.1701,-9.581,-5.2,1.4049,0.0,-1.194,2862
2863,AUG,32,4506.7026,6,-2.8351,-11.281,-9.3,0.3399,0.0,-1.194,2863
2864,AUG,36,2202.1392,9,-1.0449,-11.481,-9.1,2.1301,-0.4,-1.194,2864
2865,AUG,33,487.4199,5,2.725,-5.781,-9.7,0.0,0.0,-1.194,2865
2866,AUG,36,874.1203,6,1.2649,-9.981,-11.7,0.3399,-0.4,-1.194,2866
2867,AUG,39,44706.286,4,-8.5711,-12.381,-5.0,0.0039,0.0,-1.194,2867
2868,AUG,36,634.7289,6,2.0649,-10.381,-12.6,0.3399,-0.7,-1.194,2868
2869,AUG,39,23572.3385,4,-6.9711,-13.281,-7.5,0.0039,0.0,-1.194,2869
2870,AUG,36,150.3713,6,5.6649,-6.881,-13.0,0.3399,-0.4,-1.194,2870
2871,AUG,36,2376.2547,6,-1.2351,-10.581,-9.5,0.3399,-0.7,-1.194,2871
2872,AUG,36,985.5754,6,0.9649,-10.081,-11.5,0.3399,-0.4,-1.194,2872
2873,AUG,36,176.4641,6,5.2649,-8.581,-14.3,0.3399,-0.4,-1.194,2873
2874,AUG,33,756.8412,5,1.625,-4.981,-7.8,0.0,0.0,-1.194,2874
2875,AUG,33,853.3425,5,1.325,-7.381,-7.4,0.0,-2.5,-1.194,2875
2876,AUG,36,2574.1789,6,-1.4351,-12.381,-11.8,0.3399,0.0,-1.194,2876
2877,AUG,33,761.7878,10,1.6087,-8.281,-8.1,2.9837,0.0,-1.194,2877
2878,AUG,33,399.0606,5,3.225,-5.481,-9.9,0.0,0.0,-1.194,2878
2879,AUG,33,146.3184,7,5.7332,-4.681,-10.8,0.8082,0.0,-1.194,2879
2880,AUG,36,1795.9031,6,-0.5351,-11.281,-10.1,0.3399,-1.5,-1.194,2880
2881,AUG,39,46530.901,4,-8.6711,-13.281,-5.8,0.0039,0.0,-1.194,2881
2882,AUG,36,874.1203,6,1.2649,-9.781,-11.5,0.3399,-0.4,-1.194,2882
2883,AUG,33,452.8837,10,2.9087,-9.581,-10.7,2.9837,0.0,-1.194,2883
2884,AUG,34,2679.2398,6,-1.5351,-11.581,-10.9,0.3399,0.0,-1.194,2884
2885,AUG,34,233.489,6,4.5649,-10.881,-16.3,0.3399,0.0,-1.194,2885
2886,AUG,34,93.0445,6,6.8649,-8.581,-16.3,0.3399,0.0,-1.194,2886
2887,AUG,34,1945.4883,6,-0.7351,-11.181,-11.3,0.3399,0.0,-1.194,2887
2888,AUG,34,744.8687,6,1.6649,-11.481,-14.0,0.3399,0.0,-1.194,2888
2889,AUG,31,368.3775,5,3.425,-8.281,-10.1,0.0,-2.8,-1.194,2889
2890,AUG,31,724.7925,7,1.7332,-8.681,-7.6,0.8082,-3.2,-1.194,2890
2891,AUG,37,4952.9133,4,-3.0711,-8.581,-6.7,0.0039,0.0,-1.194,2891
2892,AUG,34,11770.849,6,-5.2351,-16.381,-10.2,0.3399,-1.8,-1.194,2892
2893,AUG,34,144.4748,6,5.7649,-9.281,-14.1,0.3399,-1.8,-1.194,2893
2894,AUG,34,96.8419,6,6.7649,-9.681,-15.5,0.3399,-1.8,-1.194,2894
2895,AUG,34,334.6743,6,3.6649,-7.581,-12.1,0.3399,0.0,-1.194,2895
2896,AUG,27,18510.4168,7,-6.3668,-11.581,-5.6,0.8082,0.0,-1.194,2896
2897,AUG,37,29966.7669,4,-7.5711,-12.381,-6.0,0.0039,0.0,-1.194,2897
2898,AUG,34,198.9642,6,4.9649,-9.781,-13.8,0.3399,-1.8,-1.194,2898
2899,AUG,34,442.8253,6,2.9649,-14.081,-17.9,0.3399,0.0,-1.194,2899
2900,AUG,31,1899.2442,5,-0.675,-7.581,-8.1,0.0,0.0,-1.194,2900
2901,AUG,31,819.8804,5,1.425,-4.981,-7.6,0.0,0.0,-1.194,2901
2902,AUG,34,1111.2415,6,0.6649,-8.381,-9.9,0.3399,0.0,-1.194,2902
2903,AUG,34,13271.6952,6,-5.5351,-15.181,-10.5,0.3399,0.0,-1.194,2903
2904,AUG,34,191.1623,6,5.0649,-12.281,-16.4,0.3399,-1.8,-1.194,2904
2905,AUG,34,2193.5485,6,-1.0351,-15.581,-13.6,0.3399,-1.8,-1.194,2905
2906,AUG,34,118.7477,9,6.2551,-12.881,-16.4,2.1301,-1.8,-1.194,2906
2907,AUG,31,1970.3141,7,-0.7668,-10.681,-10.3,0.8082,0.0,-1.194,2907
2908,AUG,34,2574.1789,6,-1.4351,-11.381,-10.8,0.3399,0.0,-1.194,2908
2909,AUG,34,3689.7297,6,-2.3351,-12.681,-9.4,0.3399,-1.8,-1.194,2909
2910,AUG,34,4160.19,6,-2.6351,-13.581,-11.8,0.3399,0.0,-1.194,2910
2911,AUG,34,2902.4004,6,-1.7351,-13.481,-10.8,0.3399,-1.8,-1.194,2911
2912,AUG,34,266.9671,8,4.2299,-10.781,-13.0,1.4049,-1.8,-1.194,2912
2913,AUG,34,2107.5329,6,-0.9351,-15.981,-14.1,0.3399,-1.8,-1.194,2913
2914,AUG,31,141.0406,5,5.825,-5.481,-9.4,0.0,-3.1,-1.194,2914
2915,AUG,31,370.7852,10,3.4087,-8.281,-9.9,2.9837,0.0,-1.194,2915
2916,AUG,34,7890.0379,6,-4.2351,-11.281,-7.9,0.3399,0.0,-1.194,2916
2917,AUG,31,90.8328,5,6.925,-5.181,-10.1,0.0,-3.2,-1.194,2917
2918,AUG,34,1412.6861,6,0.0649,-10.381,-9.5,0.3399,-1.8,-1.194,2918
2919,AUG,32,467.3885,8,2.8299,-10.681,-13.3,1.4049,0.0,-1.194,2919
2920,AUG,34,100.7944,6,6.6649,-9.981,-15.7,0.3399,-1.8,-1.194,2920
2921,AUG,34,1530.3523,6,-0.1351,-12.581,-11.5,0.3399,-1.8,-1.194,2921
2922,AUG,31,432.2994,5,3.025,-3.481,-6.1,0.0,-1.6,-1.194,2922
2923,AUG,34,2473.2377,6,-1.3351,-12.081,-9.8,0.3399,-1.8,-1.194,2923
2924,AUG,37,26577.9377,4,-7.2711,-12.381,-6.3,0.0039,0.0,-1.194,2924
2925,AUG,34,540.8748,6,2.4649,-12.481,-14.0,0.3399,-1.8,-1.194,2925
2926,AUG,31,3460.7789,5,-2.175,-11.281,-8.8,0.0,-1.5,-1.194,2926
2927,AUG,34,3545.0444,6,-2.2351,-14.081,-12.7,0.3399,0.0,-1.194,2927
2928,AUG,34,263.2601,6,4.2649,-7.581,-12.7,0.3399,0.0,-1.194,2928
2929,AUG,21,106246.7495,6,-10.7351,-15.881,-6.0,0.3399,0.0,-1.194,2929
2930,AUG,24,9377.2912,7,-4.6668,-11.581,-7.3,0.8082,0.0,-1.194,2930
2931,AUG,31,449.943,5,2.925,-5.781,-9.9,0.0,0.0,-1.194,2931
2932,AUG,34,5081.3313,6,-3.1351,-14.481,-12.2,0.3399,0.0,-1.194,2932
2933,AUG,34,786.186,8,1.5299,-10.781,-10.3,1.4049,-1.8,-1.194,2933
2934,AUG,34,687.597,6,1.8649,-8.381,-11.1,0.3399,0.0,-1.194,2934
2935,AUG,34,1876.5204,9,-0.6449,-13.781,-10.4,2.1301,-1.8,-1.194,2935
2936,AUG,34,9259.1382,6,-4.6351,-14.281,-10.5,0.3399,0.0,-1.194,2936
2937,AUG,31,1753.2145,5,-0.475,-7.881,-7.1,0.0,-1.5,-1.194,2937
2938,AUG,37,4506.7026,6,-2.8351,-14.981,-13.0,0.3399,0.0,-1.194,2938
2939,AUG,34,1304.0671,6,0.2649,-12.681,-12.0,0.3399,-1.8,-1.194,2939
2940,AUG,34,775.2693,6,1.5649,-8.281,-10.7,0.3399,0.0,-1.194,2940
2941,AUG,34,9259.1382,6,-4.6351,-15.081,-11.3,0.3399,0.0,-1.194,2941
2942,AUG,34,1412.6861,6,0.0649,-10.381,-11.3,0.3399,0.0,-1.194,2942
2943,AUG,37,2316.2007,4,-1.1711,-6.381,-6.4,0.0039,0.0,-1.194,2943
2944,AUG,31,110.9448,5,6.425,-8.681,-13.1,0.0,-3.2,-1.194,2944
2945,AUG,18,430.89,7,3.0332,-1.181,-4.6,0.8082,0.0,-1.194,2945
2946,AUG,31,278.4088,5,4.125,-3.981,-7.4,0.0,-1.9,-1.194,2946
2947,AUG,37,2944.5126,4,-1.7711,-6.381,-5.8,0.0039,0.0,-1.194,2947
2948,AUG,31,644.9311,5,2.025,-8.081,-8.1,0.0,-3.2,-1.194,2948
2949,AUG,31,2949.0516,5,-1.775,-10.781,-10.2,0.0,0.0,-1.194,2949
2950,AUG,34,10865.8086,6,-5.0351,-11.281,-7.1,0.3399,0.0,-1.194,2950
2951,AUG,37,28791.6809,4,-7.4711,-13.281,-7.0,0.0039,0.0,-1.194,2951
2952,AUG,34,985.5754,6,0.9649,-9.581,-9.6,0.3399,-1.8,-1.194,2952
2953,AUG,37,726.044,4,1.7289,-4.281,-7.2,0.0039,0.0,-1.194,2953
2954,AUG,27,7687.3897,8,-4.1701,-9.581,-5.2,1.4049,0.0,-1.194,2954
2955,AUG,34,687.597,6,1.8649,-10.181,-12.9,0.3399,0.0,-1.194,2955
2956,AUG,37,39650.6199,4,-8.2711,-13.281,-6.2,0.0039,0.0,-1.194,2956
2957,AUG,31,756.8412,5,1.625,-8.381,-9.3,0.0,-1.9,-1.194,2957
2958,AUG,31,288.8269,7,4.0332,-2.981,-7.4,0.8082,0.0,-1.194,2958
2959,AUG,25,585.9257,6,2.2649,-7.381,-10.5,0.3399,0.0,-1.194,2959
2960,AUG,31,418.0623,10,3.1087,-9.581,-10.9,2.9837,0.0,-1.194,2960
2961,AUG,37,8004.5178,4,-4.2711,-8.781,-5.7,0.0039,0.0,-1.194,2961
2962,AUG,37,24534.4055,4,-7.0711,-12.081,-6.2,0.0039,0.0,-1.194,2962
2963,AUG,31,1001.4168,5,0.925,-9.881,-8.7,0.0,-3.3,-1.194,2963
2964,AUG,37,59153.26,4,-9.2711,-12.981,-4.9,0.0039,0.0,-1.194,2964
2965,AUG,34,1156.595,6,0.5649,-11.481,-12.9,0.3399,0.0,-1.194,2965
2966,AUG,33,7990.7202,7,-4.2668,-11.581,-7.7,0.8082,0.0,-1.194,2966
2967,AUG,34,1304.0671,6,0.2649,-10.681,-11.8,0.3399,0.0,-1.194,2967
2968,AUG,31,1325.0277,5,0.225,-9.781,-7.9,0.0,-3.3,-1.194,2968
2969,AUG,34,2574.1789,6,-1.4351,-13.781,-13.2,0.3399,0.0,-1.194,2969
2970,AUG,34,909.7962,6,1.1649,-8.181,-10.2,0.3399,0.0,-1.194,2970
2971,AUG,31,430.89,7,3.0332,-5.381,-8.8,0.8082,0.0,-1.194,2971
2972,AUG,34,1025.8,6,0.8649,-11.181,-12.9,0.3399,0.0,-1.194,2972
2973,AUG,31,210.4132,5,4.825,-2.081,-8.1,0.0,0.0,-1.194,2973
2974,AUG,34,176.4641,6,5.2649,-8.281,-14.4,0.3399,0.0,-1.194,2974
2975,AUG,31,186.6183,5,5.125,-7.481,-13.8,0.0,0.0,-1.194,2975
2976,AUG,34,1156.595,6,0.5649,-12.481,-12.1,0.3399,-1.8,-1.194,2976
2977,AUG,31,761.7878,10,1.6087,-8.281,-8.1,2.9837,0.0,-1.194,2977
2978,AUG,34,1257.8377,9,0.3551,-12.881,-10.5,2.1301,-1.8,-1.194,2978
2979,AUG,34,2788.5887,6,-1.6351,-11.681,-10.9,0.3399,0.0,-1.194,2979
2980,AUG,31,301.5982,5,3.925,-2.381,-7.5,0.0,0.0,-1.194,2980
2981,AUG,34,321.5507,6,3.7649,-9.781,-12.6,0.3399,-1.8,-1.194,2981
2982,AUG,34,479.7093,6,2.7649,-8.581,-12.2,0.3399,0.0,-1.194,2982
2983,AUG,34,1725.4804,6,-0.4351,-8.281,-8.7,0.3399,0.0,-1.194,2983
2984,AUG,34,874.1203,6,1.2649,-12.381,-12.7,0.3399,-1.8,-1.194,2984
2985,AUG,31,924.4196,5,1.125,-13.081,-11.2,0.0,-4.2,-1.194,2985
2986,AUG,34,909.7962,6,1.1649,-8.181,-10.2,0.3399,0.0,-1.194,2986
2987,AUG,30,5963.0575,6,-3.5351,-11.281,-8.6,0.3399,0.0,-1.194,2987
2988,AUG,31,487.4199,5,2.725,-5.781,-9.7,0.0,0.0,-1.194,2988
2989,AUG,31,452.8837,10,2.9087,-9.581,-10.7,2.9837,0.0,-1.194,2989
2990,AUG,37,14013.782,4,-5.6711,-13.281,-8.8,0.0039,0.0,-1.194,2990
2991,AUG,37,3455.4523,4,-2.1711,-8.581,-7.6,0.0039,0.0,-1.194,2991
2992,AUG,31,671.2529,5,1.925,-8.781,-9.1,0.0,-2.8,-1.194,2992
2993,AUG,31,172.2696,5,5.325,-4.381,-10.9,0.0,0.0,-1.194,2993
2994,AUG,34,985.5754,6,0.9649,-12.881,-12.9,0.3399,-1.8,-1.194,2994
2995,AUG,33,152.7883,5,5.625,-7.781,-11.2,0.0,-3.4,-1.194,2995
2996,AUG,36,1592.8111,6,-0.2351,-8.581,-9.2,0.3399,0.0,-1.194,2996
2997,AUG,36,2024.8903,6,-0.8351,-11.481,-11.5,0.3399,0.0,-1.194,2997
2998,AUG,33,452.8837,10,2.9087,-9.581,-10.7,2.9837,0.0,-1.194,2998
2999,AUG,33,186.6183,5,5.125,-7.481,-13.8,0.0,0.0,-1.194,2999
3000,AUG,36,1252.9307,6,0.3649,-11.881,-12.3,0.3399,-0.8,-1.194,3000
3001,AUG,33,370.7852,10,3.4087,-8.281,-9.9,2.9837,0.0,-1.194,3001
3002,AUG,33,89.746,9,6.9551,-3.381,-9.4,2.1301,0.0,-1.194,3002
3003,AUG,39,6049.578,4,-3.5711,-8.781,-6.4,0.0039,0.0,-1.194,3003
3004,AUG,39,16445.4907,4,-6.0711,-13.281,-8.4,0.0039,0.0,-1.194,3004
3005,AUG,34,467.3885,8,2.8299,-10.681,-13.3,1.4049,0.0,-1.194,3005
3006,AUG,36,138.8095,6,5.8649,-7.281,-14.0,0.3399,0.0,-1.194,3006
3007,AUG,33,90.8328,5,6.925,-8.881,-13.6,0.0,-3.4,-1.194,3007
3008,AUG,36,3545.0444,6,-2.2351,-13.081,-11.7,0.3399,0.0,-1.194,3008
3009,AUG,33,172.2696,5,5.325,-9.681,-13.0,0.0,-3.2,-1.194,3009
3010,AUG,36,243.0185,6,4.4649,-11.281,-15.8,0.3399,-0.8,-1.194,3010
3011,AUG,33,449.943,5,2.925,-5.781,-9.9,0.0,0.0,-1.194,3011
3012,AUG,33,487.4199,5,2.725,-5.781,-9.7,0.0,0.0,-1.194,3012
3013,AUG,36,2788.5887,6,-1.6351,-14.581,-13.0,0.3399,-0.8,-1.194,3013
3014,AUG,36,2482.9238,9,-1.3449,-12.781,-9.7,2.1301,-0.8,-1.194,3014
3015,AUG,36,9259.1382,6,-4.6351,-11.481,-7.5,0.3399,-0.2,-1.194,3015
3016,AUG,33,1970.3141,7,-0.7668,-10.681,-10.3,0.8082,0.0,-1.194,3016
3017,AUG,39,726.044,4,1.7289,-5.081,-8.0,0.0039,0.0,-1.194,3017
3018,AUG,33,2949.0516,5,-1.775,-10.781,-10.2,0.0,0.0,-1.194,3018
3019,AUG,39,59153.26,4,-9.2711,-12.981,-4.9,0.0039,0.0,-1.194,3019
3020,AUG,33,165.5144,5,5.425,-5.681,-9.0,0.0,-3.3,-1.194,3020
3021,AUG,36,6206.4301,6,-3.6351,-11.681,-8.9,0.3399,0.0,-1.194,3021
3022,AUG,33,83.8488,5,7.125,-7.981,-10.4,0.0,-5.9,-1.194,3022
3023,AUG,36,775.2693,6,1.5649,-7.181,-9.6,0.3399,0.0,-1.194,3023
3024,AUG,33,256.1646,7,4.3332,-5.381,-10.1,0.8082,0.0,-1.194,3024
3025,AUG,36,7890.0379,6,-4.2351,-11.281,-7.9,0.3399,0.0,-1.194,3025
3026,AUG,36,5081.3313,6,-3.1351,-13.481,-11.2,0.3399,0.0,-1.194,3026
3027,AUG,36,3144.1487,6,-1.9351,-11.581,-10.5,0.3399,0.0,-1.194,3027
3028,AUG,39,11770.849,6,-5.2351,-14.981,-10.6,0.3399,0.0,-1.194,3028
3029,AUG,36,93.0445,6,6.8649,-10.281,-15.3,0.3399,-2.7,-1.194,3029
3030,AUG,39,31189.8122,4,-7.6711,-13.281,-6.8,0.0039,0.0,-1.194,3030
3031,AUG,36,138.8095,6,5.8649,-9.181,-15.9,0.3399,0.0,-1.194,3031
3032,AUG,36,2283.0746,6,-1.1351,-11.081,-10.8,0.3399,0.0,-1.194,3032
3033,AUG,36,985.5754,6,0.9649,-12.881,-12.0,0.3399,-2.7,-1.194,3033
3034,AUG,36,1172.8811,8,0.5299,-9.781,-9.3,1.4049,-0.8,-1.194,3034
3035,AUG,33,165.5144,5,5.425,-10.881,-11.6,0.0,-5.9,-1.194,3035
3036,AUG,36,3272.472,6,-2.0351,-10.181,-9.0,0.3399,0.0,-1.194,3036
3037,AUG,39,5584.4363,4,-3.3711,-8.581,-6.4,0.0039,0.0,-1.194,3037
3038,AUG,36,150.9602,9,5.6551,-11.881,-15.8,2.1301,-0.8,-1.194,3038
3039,AUG,36,123.1121,6,6.1649,-8.681,-14.9,0.3399,-0.8,-1.194,3039
3040,AUG,36,660.6343,6,1.9649,-10.481,-13.3,0.3399,0.0,-1.194,3040
3041,AUG,35,7376.3274,7,-4.0668,-11.581,-7.9,0.8082,0.0,-1.194,3041
3042,AUG,36,1530.3523,6,-0.1351,-11.381,-12.1,0.3399,0.0,-1.194,3042
3043,AUG,33,698.649,5,1.825,-8.281,-9.5,0.0,-1.8,-1.194,3043
3044,AUG,36,348.3335,6,3.5649,-7.881,-11.7,0.3399,-0.6,-1.194,3044
3045,AUG,36,408.7772,6,3.1649,-8.781,-12.0,0.3399,-0.8,-1.194,3045
3046,AUG,36,3997.0566,6,-2.5351,-12.481,-10.8,0.3399,0.0,-1.194,3046
3047,AUG,36,479.7093,6,2.7649,-10.281,-11.2,0.3399,-2.7,-1.194,3047
3048,AUG,33,549.5685,5,2.425,-7.981,-10.0,0.0,-1.6,-1.194,3048
3049,AUG,33,194.2349,5,5.025,-5.681,-8.6,0.0,-3.3,-1.194,3049
3050,AUG,33,669.0645,7,1.9332,-8.881,-7.8,0.8082,-3.4,-1.194,3050
3051,AUG,36,377.347,6,3.3649,-13.981,-17.3,0.3399,-0.9,-1.194,3051
3052,AUG,39,39650.6199,4,-8.2711,-13.281,-6.2,0.0039,0.0,-1.194,3052
3053,AUG,33,418.0623,10,3.1087,-9.581,-10.9,2.9837,0.0,-1.194,3053
3054,AUG,33,202.1623,5,4.925,-12.681,-12.1,0.0,-6.7,-1.194,3054
3055,AUG,36,398.2782,8,3.2299,-9.781,-12.0,1.4049,-0.8,-1.194,3055
3056,AUG,39,44706.286,4,-8.5711,-13.181,-5.8,0.0039,0.0,-1.194,3056
3057,AUG,36,775.2693,6,1.5649,-7.181,-9.6,0.3399,0.0,-1.194,3057
3058,AUG,36,874.1203,6,1.2649,-9.981,-11.8,0.3399,-0.3,-1.194,3058
3059,AUG,39,24534.4055,4,-7.0711,-12.081,-6.2,0.0039,0.0,-1.194,3059
3060,AUG,36,1111.2415,6,0.6649,-11.681,-12.4,0.3399,-0.8,-1.194,3060
3061,AUG,23,106246.7495,6,-10.7351,-15.881,-6.0,0.3399,0.0,-1.194,3061
3062,AUG,36,183.6662,6,5.1649,-8.281,-13.5,0.3399,-0.8,-1.194,3062
3063,AUG,33,623.6913,10,2.1087,-8.281,-8.6,2.9837,0.0,-1.194,3063
3064,AUG,29,5574.8103,7,-3.3668,-11.581,-8.6,0.8082,0.0,-1.194,3064
3065,AUG,39,2225.3756,4,-1.0711,-6.381,-6.5,0.0039,0.0,-1.194,3065
3066,AUG,36,233.489,6,4.5649,-12.581,-15.3,0.3399,-2.7,-1.194,3066
3067,AUG,20,893.9753,10,1.2087,-7.181,-6.6,2.9837,0.0,-1.194,3067
3068,AUG,33,94.54,5,6.825,-4.081,-10.0,0.0,-2.1,-1.194,3068
3069,AUG,36,634.7289,6,2.0649,-10.081,-10.3,0.3399,-2.7,-1.194,3069
3070,AUG,36,408.7772,6,3.1649,-8.781,-12.8,0.3399,0.0,-1.194,3070
3071,AUG,36,252.9369,6,4.3649,-6.581,-11.8,0.3399,0.0,-1.194,3071
3072,AUG,33,1042.288,5,0.825,-9.781,-8.6,0.0,-3.2,-1.194,3072
3073,AUG,36,1725.4804,6,-0.4351,-12.581,-13.0,0.3399,0.0,-1.194,3073
3074,AUG,33,32.1032,5,9.525,-15.481,-16.2,0.0,-10.0,-1.194,3074
3075,AUG,36,2193.5485,6,-1.0351,-14.481,-12.6,0.3399,-1.7,-1.194,3075
3076,AUG,36,1156.595,6,0.5649,-13.181,-11.9,0.3399,-2.7,-1.194,3076
3077,AUG,39,3189.7684,4,-1.9711,-8.581,-7.8,0.0039,0.0,-1.194,3077
3078,AUG,36,9259.1382,6,-4.6351,-14.181,-10.4,0.3399,0.0,-1.194,3078
3079,AUG,36,946.928,6,1.0649,-10.981,-12.3,0.3399,-0.6,-1.194,3079
3080,AUG,26,8656.2873,7,-4.4668,-11.581,-7.5,0.8082,0.0,-1.194,3080
3081,AUG,33,1899.2442,5,-0.675,-7.581,-8.1,0.0,0.0,-1.194,3081
3082,AUG,36,775.2693,6,1.5649,-11.481,-13.9,0.3399,0.0,-1.194,3082
3083,AUG,36,263.2601,6,4.2649,-8.381,-11.7,0.3399,-1.8,-1.194,3083
3084,AUG,36,2376.2547,6,-1.2351,-10.681,-10.3,0.3399,0.0,-1.194,3084
3085,AUG,27,479.7093,6,2.7649,-7.381,-11.0,0.3399,0.0,-1.194,3085
3086,AUG,33,326.7191,5,3.725,-4.181,-6.8,0.0,-2.3,-1.194,3086
3087,AUG,36,348.3335,6,3.5649,-7.281,-11.7,0.3399,0.0,-1.194,3087
3088,AUG,32,8212.0571,6,-4.3351,-14.681,-7.8,0.3399,-3.4,-1.194,3088
3089,AUG,36,128.1367,6,6.0649,-8.981,-15.1,0.3399,-0.8,-1.194,3089
3090,AUG,36,7890.0379,6,-4.2351,-13.281,-9.9,0.3399,0.0,-1.194,3090
3091,AUG,33,178.7159,7,5.2332,-4.681,-10.3,0.8082,0.0,-1.194,3091
3092,AUG,36,5504.5682,6,-3.3351,-15.381,-12.9,0.3399,0.0,-1.194,3092
3093,AUG,36,2193.5485,6,-1.0351,-10.581,-10.4,0.3399,0.0,-1.194,3093
3094,AUG,36,4329.9814,6,-2.7351,-14.981,-13.1,0.3399,0.0,-1.194,3094
3095,AUG,33,2512.9908,5,-1.375,-11.381,-9.6,0.0,-1.6,-1.194,3095
3096,AUG,33,549.5685,5,2.425,-6.981,-8.5,0.0,-2.1,-1.194,3096
3097,AUG,29,7687.3897,8,-4.1701,-9.581,-5.2,1.4049,0.0,-1.194,3097
3098,AUG,39,1750.5161,4,-0.4711,-6.381,-7.1,0.0039,0.0,-1.194,3098
3099,AUG,36,1470.3426,6,-0.0351,-9.381,-9.4,0.3399,-0.8,-1.194,3099
3100,AUG,33,727.1632,5,1.725,-13.081,-11.8,0.0,-4.2,-1.194,3100
3101,AUG,36,8896.0599,6,-4.5351,-14.081,-10.4,0.3399,0.0,-1.194,3101
3102,AUG,36,1111.2415,6,0.6649,-10.081,-8.9,0.3399,-2.7,-1.194,3102
3103,AUG,36,775.2693,6,1.5649,-9.681,-11.8,0.3399,-0.3,-1.194,3103
3104,AUG,39,44706.286,4,-8.5711,-12.381,-5.0,0.0039,0.0,-1.194,3104
3105,AUG,36,1599.0492,9,-0.2449,-11.881,-9.9,2.1301,-0.8,-1.194,3105
3106,AUG,35,73.1903,6,7.4649,-9.981,-15.1,0.3399,-3.2,-1.194,3106
3107,AUG,32,278.4088,5,4.125,-5.781,-11.1,0.0,0.0,-1.194,3107
3108,AUG,35,1592.8111,6,-0.2351,-12.581,-12.9,0.3399,-0.3,-1.194,3108
3109,AUG,35,660.6343,6,1.9649,-11.581,-13.4,0.3399,-1.0,-1.194,3109
3110,AUG,38,12936.2862,4,-5.4711,-12.381,-8.1,0.0039,0.0,-1.194,3110
3111,AUG,32,278.4088,5,4.125,-5.781,-11.1,0.0,0.0,-1.194,3111
3112,AUG,35,806.9107,6,1.4649,-9.781,-8.9,0.3399,-3.2,-1.194,3112
3113,AUG,28,7087.0796,7,-3.9668,-11.581,-8.0,0.8082,0.0,-1.194,3113
3114,AUG,35,191.1623,6,5.0649,-10.981,-12.4,0.3399,-4.5,-1.194,3114
3115,AUG,32,129.7718,7,6.0332,-3.781,-10.2,0.8082,0.0,-1.194,3115
3116,AUG,35,2376.2547,6,-1.2351,-17.681,-12.3,0.3399,-5.0,-1.194,3116
3117,AUG,35,5729.2283,6,-3.4351,-13.681,-10.8,0.3399,-0.3,-1.194,3117
3118,AUG,35,479.7093,6,2.7649,-6.881,-10.0,0.3399,-0.5,-1.194,3118
3119,AUG,35,118.2845,6,6.2649,-8.181,-14.3,0.3399,-1.0,-1.194,3119
3120,AUG,32,152.7883,5,5.625,-4.281,-8.8,0.0,-2.3,-1.194,3120
3121,AUG,35,321.5507,6,3.7649,-6.881,-11.0,0.3399,-0.5,-1.194,3121
3122,AUG,35,266.9671,8,4.2299,-8.981,-13.0,1.4049,0.0,-1.194,3122
3123,AUG,22,25170.5279,6,-7.1351,-15.981,-9.7,0.3399,0.0,-1.194,3123
3124,AUG,38,186.3311,4,5.1289,-4.281,-10.6,0.0039,0.0,-1.194,3124
3125,AUG,32,432.2994,5,3.025,-7.681,-10.6,0.0,-1.3,-1.194,3125
3126,AUG,38,2316.2007,4,-1.1711,-8.581,-8.6,0.0039,0.0,-1.194,3126
3127,AUG,32,60.8855,5,7.925,-6.181,-13.5,0.0,-1.8,-1.194,3127
3128,AUG,38,36078.4737,6,-8.0351,-14.981,-7.8,0.3399,0.0,-1.194,3128
3129,AUG,35,362.5501,6,3.4649,-9.781,-10.9,0.3399,-3.2,-1.194,3129
3130,AUG,31,6459.7355,6,-3.7351,-11.281,-8.4,0.3399,0.0,-1.194,3130
3131,AUG,35,1795.9031,6,-0.5351,-14.481,-13.8,0.3399,-1.0,-1.194,3131
3132,AUG,32,1325.0277,5,0.225,-10.781,-12.2,0.0,0.0,-1.194,3132
3133,AUG,32,3460.7789,5,-2.175,-11.081,-8.8,0.0,-1.3,-1.194,3133
3134,AUG,35,609.8393,6,2.1649,-12.581,-12.4,0.3399,-3.2,-1.194,3134
3135,AUG,32,238.7926,10,4.5087,-8.281,-11.0,2.9837,0.0,-1.194,3135
3136,AUG,32,65.9568,5,7.725,-6.481,-11.0,0.0,-4.4,-1.194,3136
3137,AUG,35,715.6602,6,1.7649,-11.981,-13.1,0.3399,-1.5,-1.194,3137
3138,AUG,35,1067.6664,6,0.7649,-11.181,-12.3,0.3399,-0.5,-1.194,3138
3139,AUG,35,6723.3792,6,-3.8351,-15.081,-11.6,0.3399,-0.5,-1.194,3139
3140,AUG,32,671.2529,5,1.925,-5.981,-9.1,0.0,0.0,-1.194,3140
3141,AUG,32,102.0806,7,6.6332,-5.381,-12.4,0.8082,0.0,-1.194,3141
3142,AUG,35,1657.8191,6,-0.3351,-12.181,-12.2,0.3399,-0.5,-1.194,3142
3143,AUG,32,146.3184,7,5.7332,-4.681,-10.8,0.8082,0.0,-1.194,3143
3144,AUG,35,909.7962,6,1.1649,-12.881,-11.7,0.3399,-3.2,-1.194,3144
3145,AUG,35,4160.19,6,-2.6351,-11.281,-9.5,0.3399,0.0,-1.194,3145
3146,AUG,32,258.6822,10,4.3087,-9.581,-12.1,2.9837,0.0,-1.194,3146
3147,AUG,38,313.4243,4,3.8289,-6.381,-11.4,0.0039,0.0,-1.194,3147
3148,AUG,35,744.8687,6,1.6649,-9.281,-10.8,0.3399,-1.0,-1.194,3148
3149,AUG,32,468.3067,5,2.825,-6.581,-10.6,0.0,0.0,-1.194,3149
3150,AUG,26,113.6462,6,6.3649,-7.381,-14.6,0.3399,0.0,-1.194,3150
3151,AUG,35,96.8419,6,6.7649,-6.281,-13.4,0.3399,-0.5,-1.194,3151
3152,AUG,32,787.7305,5,1.525,-7.581,-10.3,0.0,0.0,-1.194,3152
3153,AUG,35,1025.8,6,0.8649,-10.581,-12.0,0.3399,-0.3,-1.194,3153
3154,AUG,32,418.0623,10,3.1087,-9.581,-10.9,2.9837,0.0,-1.194,3154
3155,AUG,35,321.5507,6,3.7649,-11.181,-15.3,0.3399,-0.5,-1.194,3155
3156,AUG,35,2107.5329,6,-0.9351,-14.481,-14.1,0.3399,-0.3,-1.194,3156
3157,AUG,32,1747.4987,7,-0.4668,-10.681,-10.6,0.8082,0.0,-1.194,3157
3158,AUG,35,1067.6664,6,0.7649,-14.181,-13.4,0.3399,-2.4,-1.194,3158
3159,AUG,35,198.9642,6,4.9649,-15.881,-18.1,0.3399,-3.6,-1.194,3159
3160,AUG,35,70.3202,6,7.5649,-8.781,-15.7,0.3399,-1.5,-1.194,3160
3161,AUG,35,215.5365,6,4.7649,-7.681,-12.1,0.3399,-1.2,-1.194,3161
3162,AUG,35,73.1903,6,7.4649,-9.081,-15.9,0.3399,-1.5,-1.194,3162
3163,AUG,38,12429.0159,4,-5.3711,-12.981,-8.8,0.0039,0.0,-1.194,3163
3164,AUG,35,4329.9814,6,-2.7351,-13.781,-11.4,0.3399,-0.5,-1.194,3164
3165,AUG,32,1042.288,5,0.825,-5.681,-7.5,0.0,-0.2,-1.194,3165
3166,AUG,35,1252.9307,6,0.3649,-10.181,-11.1,0.3399,-0.3,-1.194,3166
3167,AUG,19,63.7846,10,7.8087,-3.381,-9.4,2.9837,0.0,-1.194,3167
3168,AUG,35,4160.19,6,-2.6351,-13.481,-10.7,0.3399,-1.0,-1.194,3168
3169,AUG,35,183.6662,6,5.1649,-12.281,-15.1,0.3399,-3.2,-1.194,3169
3170,AUG,35,128.1367,6,6.0649,-6.081,-12.7,0.3399,-0.3,-1.194,3170
3171,AUG,35,806.9107,6,1.4649,-14.181,-12.9,0.3399,-3.6,-1.194,3171
3172,AUG,38,852.0291,4,1.3289,-8.781,-11.3,0.0039,0.0,-1.194,3172
3173,AUG,35,233.489,6,4.5649,-8.881,-12.8,0.3399,-1.5,-1.194,3173
3174,AUG,38,15800.6141,4,-5.9711,-13.281,-8.5,0.0039,0.0,-1.194,3174
3175,AUG,35,392.7479,6,3.2649,-9.081,-12.7,0.3399,-0.5,-1.194,3175
3176,AUG,35,321.5507,6,3.7649,-9.981,-14.3,0.3399,-0.3,-1.194,3176
3177,AUG,38,313.4243,4,3.8289,-6.381,-11.4,0.0039,0.0,-1.194,3177
3178,AUG,35,67.5628,6,7.6649,-6.981,-15.0,0.3399,-0.5,-1.194,3178
3179,AUG,38,12936.2862,4,-5.4711,-12.381,-8.1,0.0039,0.0,-1.194,3179
3180,AUG,35,85.8904,6,7.0649,-9.581,-16.3,0.3399,-1.2,-1.194,3180
3181,AUG,32,46.0155,5,8.625,-10.881,-15.3,0.0,-5.4,-1.194,3181
3182,AUG,32,313.9075,5,3.825,-8.781,-11.5,0.0,-2.3,-1.194,3182
3183,AUG,35,1657.8191,6,-0.3351,-9.881,-9.9,0.3399,-0.5,-1.194,3183
3184,AUG,33,467.3885,8,2.8299,-10.681,-13.3,1.4049,0.0,-1.194,3184
3185,AUG,34,3059.4055,7,-1.8668,-11.581,-10.1,0.8082,0.0,-1.194,3185
3186,AUG,32,571.9982,5,2.325,-6.481,-10.0,0.0,0.0,-1.194,3186
3187,AUG,35,138.8095,6,5.8649,-11.381,-16.6,0.3399,-1.5,-1.194,3187
3188,AUG,35,1309.1743,9,0.2551,-11.981,-11.3,2.1301,0.0,-1.194,3188
3189,AUG,38,11023.4652,4,-5.0711,-13.281,-9.4,0.0039,0.0,-1.194,3189
3190,AUG,35,1725.4804,6,-0.4351,-11.281,-11.2,0.3399,-0.5,-1.194,3190
3191,AUG,38,9025.1366,4,-4.5711,-13.281,-9.9,0.0039,0.0,-1.194,3191
3192,AUG,32,172.2696,5,5.325,-3.981,-8.4,0.0,-2.1,-1.194,3192
3193,AUG,35,2574.1789,6,-1.4351,-11.381,-10.3,0.3399,-0.5,-1.194,3193
3194,AUG,28,3318.552,8,-2.0701,-9.581,-7.3,1.4049,0.0,-1.194,3194
3195,AUG,35,109.6174,9,6.4551,-11.081,-16.6,2.1301,0.0,-1.194,3195
3196,AUG,32,186.6183,5,5.125,-7.481,-13.8,0.0,0.0,-1.194,3196
3197,AUG,38,449.2504,4,2.9289,-8.581,-12.7,0.0039,0.0,-1.194,3197
3198,AUG,35,14963.9074,6,-5.8351,-11.281,-6.3,0.3399,0.0,-1.194,3198
3199,AUG,35,377.347,6,3.3649,-9.981,-11.0,0.3399,-3.2,-1.194,3199
3200,AUG,32,194.2349,5,5.025,-9.381,-11.2,0.0,-4.4,-1.194,3200
3201,AUG,32,326.7191,5,3.725,-7.181,-9.8,0.0,-2.3,-1.194,3201
3202,AUG,35,362.5501,6,3.4649,-9.381,-13.2,0.3399,-0.5,-1.194,3202
3203,AUG,35,786.186,8,1.5299,-8.981,-10.3,1.4049,0.0,-1.194,3203
3204,AUG,32,367.1765,7,3.4332,-5.481,-9.3,0.8082,0.0,-1.194,3204
3205,AUG,38,4572.0923,4,-2.8711,-12.081,-10.4,0.0039,0.0,-1.194,3205
3206,AUG,35,985.5754,6,0.9649,-8.081,-9.6,0.3399,-0.3,-1.194,3206
3207,AUG,35,348.3335,6,3.5649,-8.481,-12.4,0.3399,-0.5,-1.194,3207
3208,AUG,32,1684.4658,5,-0.375,-8.881,-9.7,0.0,0.0,-1.194,3208
3209,AUG,32,248.5385,10,4.4087,-8.281,-10.9,2.9837,0.0,-1.194,3209
3210,AUG,32,227.939,5,4.625,-3.681,-8.2,0.0,-1.3,-1.194,3210
3211,AUG,35,519.6655,6,2.5649,-14.081,-13.0,0.3399,-4.5,-1.194,3211
3212,AUG,32,49.8482,5,8.425,-2.081,-11.7,0.0,0.0,-1.194,3212
3213,AUG,35,1067.6664,6,0.7649,-10.281,-11.4,0.3399,-0.5,-1.194,3213
3214,AUG,35,1161.1247,9,0.5551,-11.081,-10.7,2.1301,0.0,-1.194,3214
3215,AUG,35,1156.595,6,0.5649,-15.681,-13.4,0.3399,-3.7,-1.194,3215
3216,AUG,25,3449.496,7,-2.1668,-11.581,-9.8,0.8082,0.0,-1.194,3216
3217,AUG,36,17815.2769,4,-6.2711,-13.481,-8.4,0.0039,0.0,-1.194,3217
3218,AUG,33,11770.849,6,-5.2351,-14.581,-10.2,0.3399,0.0,-1.194,3218
3219,AUG,30,172.2696,5,5.325,-4.381,-10.9,0.0,0.0,-1.194,3219
3220,AUG,33,562.9498,6,2.3649,-6.381,-9.6,0.3399,0.0,-1.194,3220
3221,AUG,33,548.4909,8,2.4299,-8.981,-11.2,1.4049,0.0,-1.194,3221
3222,AUG,20,58307.2554,6,-9.2351,-15.881,-7.5,0.3399,0.0,-1.194,3222
3223,AUG,33,8547.2189,6,-4.4351,-11.381,-7.8,0.3399,0.0,-1.194,3223
3224,AUG,33,5729.2283,6,-3.4351,-11.281,-8.7,0.3399,0.0,-1.194,3224
3225,AUG,33,2482.9238,9,-1.3449,-11.981,-9.7,2.1301,0.0,-1.194,3225
3226,AUG,33,1530.3523,6,-0.1351,-9.581,-10.3,0.3399,0.0,-1.194,3226
3227,AUG,30,1493.9759,5,-0.075,-5.981,-6.0,0.0,-1.1,-1.194,3227
3228,AUG,30,924.4196,5,1.125,-9.781,-8.8,0.0,-3.3,-1.194,3228
3229,AUG,33,634.7289,6,2.0649,-12.381,-11.8,0.3399,-3.5,-1.194,3229
3230,AUG,33,4329.9814,6,-2.7351,-14.181,-12.3,0.3399,0.0,-1.194,3230
3231,AUG,33,207.8957,9,4.8551,-11.081,-15.0,2.1301,0.0,-1.194,3231
3232,AUG,33,2202.1392,9,-1.0449,-11.081,-9.1,2.1301,0.0,-1.194,3232
3233,AUG,32,4048.0618,7,-2.5668,-11.581,-9.4,0.8082,0.0,-1.194,3233
3234,AUG,36,1040.6838,4,0.8289,-5.681,-7.7,0.0039,0.0,-1.194,3234
3235,AUG,33,224.3332,6,4.6649,-8.681,-11.3,0.3399,-2.9,-1.194,3235
3236,AUG,33,744.8687,6,1.6649,-9.681,-12.2,0.3399,0.0,-1.194,3236
3237,AUG,33,10030.3551,6,-4.8351,-13.381,-9.4,0.3399,0.0,-1.194,3237
3238,AUG,33,2193.5485,6,-1.0351,-11.981,-11.8,0.3399,0.0,-1.194,3238
3239,AUG,26,6293.8233,8,-3.6701,-9.581,-5.7,1.4049,0.0,-1.194,3239
3240,AUG,30,301.5982,5,3.925,-2.381,-7.5,0.0,0.0,-1.194,3240
3241,AUG,33,1615.2396,8,-0.2701,-8.981,-8.5,1.4049,0.0,-1.194,3241
3242,AUG,36,27662.6734,4,-7.3711,-14.681,-8.5,0.0039,0.0,-1.194,3242
3243,AUG,33,138.8095,6,5.8649,-6.481,-13.2,0.3399,0.0,-1.194,3243
3244,AUG,33,3840.3201,6,-2.4351,-13.781,-12.2,0.3399,0.0,-1.194,3244
3245,AUG,31,467.3885,8,2.8299,-10.681,-13.3,1.4049,0.0,-1.194,3245
3246,AUG,30,418.0623,10,3.1087,-9.581,-10.9,2.9837,0.0,-1.194,3246
3247,AUG,30,130.1963,5,6.025,-2.081,-9.3,0.0,0.0,-1.194,3247
3248,AUG,33,839.8435,6,1.3649,-6.381,-8.6,0.3399,0.0,-1.194,3248
3249,AUG,30,1001.4168,5,0.925,-9.881,-8.7,0.0,-3.3,-1.194,3249
3250,AUG,30,68.6487,5,7.625,-6.581,-11.2,0.0,-4.2,-1.194,3250
3251,AUG,24,274.0047,6,4.1649,-7.381,-12.4,0.3399,0.0,-1.194,3251
3252,AUG,33,1025.8,6,0.8649,-9.381,-11.1,0.3399,0.0,-1.194,3252
3253,AUG,33,2788.5887,6,-1.6351,-12.281,-11.5,0.3399,0.0,-1.194,3253
3254,AUG,36,14585.7319,4,-5.7711,-14.681,-10.1,0.0039,0.0,-1.194,3254
3255,AUG,30,593.4025,7,2.2332,-4.681,-7.3,0.8082,0.0,-1.194,3255
3256,AUG,33,2376.2547,6,-1.2351,-9.881,-9.5,0.3399,0.0,-1.194,3256
3257,AUG,33,408.7772,6,3.1649,-8.381,-12.4,0.3399,0.0,-1.194,3257
3258,AUG,30,756.8412,5,1.625,-12.081,-11.7,0.0,-3.2,-1.194,3258
3259,AUG,33,1025.8,6,0.8649,-6.481,-8.2,0.3399,0.0,-1.194,3259
3260,AUG,30,449.943,5,2.925,-5.781,-9.9,0.0,0.0,-1.194,3260
3261,AUG,36,2410.7327,4,-1.2711,-7.781,-7.7,0.0039,0.0,-1.194,3261
3262,AUG,30,644.9311,5,2.025,-8.881,-9.2,0.0,-2.9,-1.194,3262
3263,AUG,36,41268.8961,4,-8.3711,-13.781,-6.6,0.0039,0.0,-1.194,3263
3264,AUG,33,37.6738,5,9.125,-7.281,-11.6,0.0,-6.0,-1.194,3264
3265,AUG,30,90.8328,5,6.925,-5.981,-10.5,0.0,-3.6,-1.194,3265
3266,AUG,30,1042.288,5,0.825,-4.981,-7.0,0.0,0.0,-1.194,3266
3267,AUG,36,56833.6847,4,-9.1711,-14.381,-6.4,0.0039,0.0,-1.194,3267
3268,AUG,30,487.4199,5,2.725,-5.781,-9.7,0.0,0.0,-1.194,3268
3269,AUG,33,2574.1789,6,-1.4351,-10.281,-9.7,0.3399,0.0,-1.194,3269
3270,AUG,30,1175.1853,5,0.525,-11.081,-11.5,0.0,-1.3,-1.194,3270
3271,AUG,36,15574.6351,6,-5.9351,-15.981,-10.9,0.3399,0.0,-1.194,3271
3272,AUG,33,5081.3313,6,-3.1351,-12.681,-10.4,0.3399,0.0,-1.194,3272
3273,AUG,30,60.8855,5,7.925,-10.181,-14.6,0.0,-4.7,-1.194,3273
3274,AUG,36,28791.6809,4,-7.4711,-14.681,-8.4,0.0039,0.0,-1.194,3274
3275,AUG,33,3144.1487,6,-1.9351,-10.781,-9.7,0.3399,0.0,-1.194,3275
3276,AUG,30,353.9323,5,3.525,-8.381,-10.2,0.0,-2.9,-1.194,3276
3277,AUG,26,22608.9581,7,-6.8668,-11.581,-5.1,0.8082,0.0,-1.194,3277
3278,AUG,30,449.943,5,2.925,-2.981,-6.0,0.0,-1.1,-1.194,3278
3279,AUG,33,1156.595,6,0.5649,-9.681,-11.1,0.3399,0.0,-1.194,3279
3280,AUG,33,4506.7026,6,-2.8351,-10.881,-8.9,0.3399,0.0,-1.194,3280
3281,AUG,30,817.2075,7,1.4332,-10.681,-12.5,0.8082,0.0,-1.194,3281
3282,AUG,30,1554.9501,5,-0.175,-7.581,-8.6,0.0,0.0,-1.194,3282
3283,AUG,29,7580.646,6,-4.1351,-11.281,-8.0,0.3399,0.0,-1.194,3283
3284,AUG,33,3689.7297,6,-2.3351,-9.381,-7.9,0.3399,0.0,-1.194,3284
3285,AUG,30,47.8935,5,8.525,-5.781,-11.9,0.0,-3.6,-1.194,3285
3286,AUG,33,7283.3863,6,-4.0351,-12.481,-9.3,0.3399,0.0,-1.194,3286
3287,AUG,36,4220.5519,4,-2.6711,-9.981,-8.5,0.0039,0.0,-1.194,3287
3288,AUG,17,12.3771,14,11.9076,-0.981,-6.4,7.6826,0.0,-1.194,3288
3289,AUG,36,9393.483,4,-4.6711,-10.181,-6.7,0.0039,0.0,-1.194,3289
3290,AUG,33,263.2601,6,4.2649,-5.781,-10.9,0.3399,0.0,-1.194,3290
3291,AUG,33,687.597,6,1.8649,-12.081,-11.3,0.3399,-3.5,-1.194,3291
3292,AUG,30,2949.0516,5,-1.775,-10.781,-10.2,0.0,0.0,-1.194,3292
3293,AUG,33,233.489,6,4.5649,-9.081,-14.5,0.3399,0.0,-1.194,3293
3294,AUG,36,7690.6368,4,-4.1711,-11.081,-8.1,0.0039,0.0,-1.194,3294
3295,AUG,30,58.498,5,8.025,-8.981,-11.3,0.0,-6.9,-1.194,3295
3296,AUG,33,2024.8903,6,-0.8351,-10.681,-10.7,0.3399,0.0,-1.194,3296
3297,AUG,33,93.0445,6,6.8649,-6.781,-14.5,0.3399,0.0,-1.194,3297
3298,AUG,30,452.8837,10,2.9087,-9.581,-10.7,2.9837,0.0,-1.194,3298
3299,AUG,33,408.7772,6,3.1649,-7.981,-12.0,0.3399,0.0,-1.194,3299
3300,AUG,33,1725.4804,6,-0.4351,-11.081,-11.5,0.3399,0.0,-1.194,3300
3301,AUG,30,186.6183,5,5.125,-7.481,-13.8,0.0,0.0,-1.194,3301
3302,AUG,33,334.6743,6,3.6649,-10.481,-15.0,0.3399,0.0,-1.194,3302
3303,AUG,33,1111.2415,6,0.6649,-6.581,-8.1,0.3399,0.0,-1.194,3303
3304,AUG,33,169.5444,6,5.3649,-7.881,-14.1,0.3399,0.0,-1.194,3304
3305,AUG,30,549.5685,5,2.425,-7.581,-10.1,0.0,-1.1,-1.194,3305
3306,AUG,30,87.271,5,7.025,-3.081,-10.2,0.0,-1.1,-1.194,3306
3307,AUG,33,176.4641,6,5.2649,-8.181,-14.3,0.3399,0.0,-1.194,3307
3308,AUG,33,252.9369,6,4.3649,-7.481,-12.7,0.3399,0.0,-1.194,3308
3309,AUG,33,2376.2547,6,-1.2351,-9.781,-9.4,0.3399,0.0,-1.194,3309
3310,AUG,30,1273.0695,5,0.325,-7.681,-7.9,0.0,-1.3,-1.194,3310
3311,AUG,33,687.597,6,1.8649,-6.581,-9.3,0.3399,0.0,-1.194,3311
3312,AUG,23,4750.4922,7,-2.9668,-11.581,-9.0,0.8082,0.0,-1.194,3312
3313,AUG,33,1530.3523,6,-0.1351,-10.581,-11.3,0.3399,0.0,-1.194,3313
3314,AUG,33,1470.3426,6,-0.0351,-8.581,-9.4,0.3399,0.0,-1.194,3314
3315,AUG,33,1725.4804,6,-0.4351,-7.781,-8.2,0.3399,0.0,-1.194,3315
3316,AUG,36,41268.8961,4,-8.3711,-13.781,-6.6,0.0039,0.0,-1.194,3316
3317,AUG,33,377.347,6,3.3649,-12.281,-16.5,0.3399,0.0,-1.194,3317
3318,AUG,30,485.8308,7,2.7332,-5.381,-8.5,0.8082,0.0,-1.194,3318
3319,AUG,36,3455.4523,4,-2.1711,-7.781,-6.8,0.0039,0.0,-1.194,3319
3320,AUG,33,8896.0599,6,-4.5351,-13.281,-9.6,0.3399,0.0,-1.194,3320
3321,AUG,33,1304.0671,6,0.2649,-10.881,-12.0,0.3399,0.0,-1.194,3321
3322,AUG,33,4160.19,6,-2.6351,-11.781,-10.0,0.3399,0.0,-1.194,3322
3323,AUG,33,479.7093,6,2.7649,-6.781,-10.4,0.3399,0.0,-1.194,3323
3324,AUG,33,2902.4004,6,-1.7351,-11.681,-10.8,0.3399,0.0,-1.194,3324
3325,AUG,33,562.9498,6,2.3649,-10.681,-13.9,0.3399,0.0,-1.194,3325
3326,AUG,33,562.9498,6,2.3649,-7.981,-11.2,0.3399,0.0,-1.194,3326
3327,AUG,30,119.7939,7,6.2332,-2.981,-9.6,0.8082,0.0,-1.194,3327
3328,AUG,33,87.8414,10,7.0087,-8.281,-13.5,2.9837,0.0,-1.194,3328
3329,AUG,36,176.4641,6,5.2649,-9.881,-12.7,0.3399,-3.3,-1.194,3329
3330,AUG,39,726.044,4,1.7289,-4.281,-7.2,0.0039,0.0,-1.194,3330
3331,AUG,36,7890.0379,6,-4.2351,-11.281,-7.9,0.3399,0.0,-1.194,3331
3332,AUG,39,39650.6199,4,-8.2711,-13.281,-6.2,0.0039,0.0,-1.194,3332
3333,AUG,36,263.2601,6,4.2649,-10.581,-15.0,0.3399,-0.7,-1.194,3333
3334,AUG,36,2902.4004,6,-1.7351,-11.681,-10.8,0.3399,0.0,-1.194,3334
3335,AUG,29,7687.3897,8,-4.1701,-9.581,-5.2,1.4049,0.0,-1.194,3335
3336,AUG,36,2032.8205,9,-0.8449,-11.981,-10.2,2.1301,0.0,-1.194,3336
3337,AUG,36,634.7289,6,2.0649,-9.181,-11.8,0.3399,-0.3,-1.194,3337
3338,AUG,36,1362.6061,9,0.1551,-11.081,-10.3,2.1301,0.0,-1.194,3338
3339,AUG,36,609.8393,6,2.1649,-6.981,-9.5,0.3399,-0.5,-1.194,3339
3340,AUG,39,8004.5178,4,-4.2711,-8.781,-5.7,0.0039,0.0,-1.194,3340
3341,AUG,33,528.0183,5,2.525,-6.481,-10.2,0.0,0.0,-1.194,3341
3342,AUG,36,2193.5485,6,-1.0351,-10.281,-10.1,0.3399,0.0,-1.194,3342
3343,AUG,33,962.1483,5,1.025,-8.881,-11.1,0.0,0.0,-1.194,3343
3344,AUG,36,183.6662,6,5.1649,-5.781,-11.8,0.3399,0.0,-1.194,3344
3345,AUG,36,634.7289,6,2.0649,-9.281,-9.5,0.3399,-2.7,-1.194,3345
3346,AUG,33,125.0909,5,6.125,-4.881,-12.2,0.0,0.0,-1.194,3346
3347,AUG,33,63.3705,5,7.825,-8.381,-14.5,0.0,-2.9,-1.194,3347
3348,AUG,36,207.8957,9,4.8551,-11.081,-15.0,2.1301,0.0,-1.194,3348
3349,AUG,36,93.0445,6,6.8649,-9.481,-14.5,0.3399,-2.7,-1.194,3349
3350,AUG,36,11770.849,6,-5.2351,-14.581,-10.2,0.3399,0.0,-1.194,3350
3351,AUG,36,660.6343,6,1.9649,-12.581,-12.4,0.3399,-3.0,-1.194,3351
3352,AUG,33,1976.7588,5,-0.775,-9.781,-10.2,0.0,0.0,-1.194,3352
3353,AUG,29,13441.0512,7,-5.5668,-11.581,-6.4,0.8082,0.0,-1.194,3353
3354,AUG,39,36601.9515,4,-8.0711,-12.381,-5.5,0.0039,0.0,-1.194,3354
3355,AUG,36,1156.595,6,0.5649,-12.381,-11.1,0.3399,-2.7,-1.194,3355
3356,AUG,33,16.9271,5,11.125,-5.481,-14.7,0.0,-3.1,-1.194,3356
3357,AUG,36,2679.2398,6,-1.5351,-16.181,-12.2,0.3399,-3.3,-1.194,3357
3358,AUG,36,408.7772,6,3.1649,-7.981,-12.0,0.3399,0.0,-1.194,3358
3359,AUG,36,2376.2547,6,-1.2351,-9.881,-9.5,0.3399,0.0,-1.194,3359
3360,AUG,33,4.5214,5,14.425,-11.981,-17.7,0.0,-9.9,-1.194,3360
3361,AUG,20,253.9275,9,4.3551,-3.581,-7.0,2.1301,0.0,-1.194,3361
3362,AUG,36,252.9369,6,4.3649,-10.281,-10.8,0.3399,-4.7,-1.194,3362
3363,AUG,36,3272.472,6,-2.0351,-13.381,-12.2,0.3399,0.0,-1.194,3363
3364,AUG,36,1357.2905,6,0.1649,-11.181,-11.5,0.3399,-0.7,-1.194,3364
3365,AUG,33,1081.2906,7,0.7332,-10.681,-11.8,0.8082,0.0,-1.194,3365
3366,AUG,36,806.9107,6,1.4649,-15.481,-12.3,0.3399,-5.5,-1.194,3366
3367,AUG,36,479.7093,6,2.7649,-9.481,-10.4,0.3399,-2.7,-1.194,3367
3368,AUG,33,58.498,5,8.025,-2.181,-11.3,0.0,-0.1,-1.194,3368
3369,AUG,36,133.3664,6,5.9649,-7.981,-14.1,0.3399,-0.7,-1.194,3369
3370,AUG,33,209.7272,7,4.8332,-5.481,-10.6,0.8082,-0.1,-1.194,3370
3371,AUG,36,308.9417,6,3.8649,-10.181,-13.2,0.3399,-1.7,-1.194,3371
3372,AUG,26,25491.7212,7,-7.1668,-11.581,-4.8,0.8082,0.0,-1.194,3372
3373,AUG,33,15.0129,5,11.425,-11.881,-17.0,0.0,-7.5,-1.194,3373
3374,AUG,36,562.9498,6,2.3649,-10.681,-13.9,0.3399,0.0,-1.194,3374
3375,AUG,36,985.5754,6,0.9649,-12.081,-11.2,0.3399,-2.7,-1.194,3375
3376,AUG,36,4329.9814,6,-2.7351,-14.181,-12.3,0.3399,0.0,-1.194,3376
3377,AUG,39,786.5181,4,1.5289,-6.381,-9.1,0.0039,0.0,-1.194,3377
3378,AUG,36,224.3332,6,4.6649,-7.581,-11.3,0.3399,-1.8,-1.194,3378
3379,AUG,36,2376.2547,6,-1.2351,-12.281,-11.9,0.3399,0.0,-1.194,3379
3380,AUG,36,909.7962,6,1.1649,-13.281,-12.0,0.3399,-3.3,-1.194,3380
3381,AUG,36,1025.8,6,0.8649,-12.881,-13.5,0.3399,-1.1,-1.194,3381
3382,AUG,39,75199.6649,4,-9.8711,-12.981,-4.3,0.0039,0.0,-1.194,3382
3383,AUG,36,2283.0746,6,-1.1351,-14.781,-12.2,0.3399,-2.3,-1.194,3383
3384,AUG,39,42953.2196,4,-8.4711,-12.381,-5.1,0.0039,0.0,-1.194,3384
3385,AUG,36,548.4909,8,2.4299,-8.981,-11.2,1.4049,0.0,-1.194,3385
3386,AUG,33,186.6183,5,5.125,-7.481,-13.8,0.0,0.0,-1.194,3386
3387,AUG,36,224.3332,6,4.6649,-6.381,-11.9,0.3399,0.0,-1.194,3387
3388,AUG,33,258.6822,10,4.3087,-9.581,-12.1,2.9837,0.0,-1.194,3388
3389,AUG,33,549.5685,5,2.425,-6.581,-10.2,0.0,0.0,-1.194,3389
3390,AUG,39,2944.5126,4,-1.7711,-6.381,-5.8,0.0039,0.0,-1.194,3390
3391,AUG,35,3314.231,7,-2.0668,-11.581,-9.9,0.8082,0.0,-1.194,3391
3392,AUG,33,42.4774,5,8.825,-5.581,-12.4,0.0,-3.2,-1.194,3392
3393,AUG,36,2193.5485,6,-1.0351,-15.081,-11.8,0.3399,-3.1,-1.194,3393
3394,AUG,39,4952.9133,4,-3.0711,-8.581,-6.7,0.0039,0.0,-1.194,3394
3395,AUG,33,49.8482,5,8.425,-5.381,-12.0,0.0,-3.0,-1.194,3395
3396,AUG,33,432.2994,5,3.025,-6.381,-10.6,0.0,0.0,-1.194,3396
3397,AUG,33,47.8935,5,8.525,-10.281,-15.5,0.0,-4.5,-1.194,3397
3398,AUG,33,301.5982,5,3.925,-8.781,-11.1,0.0,-2.8,-1.194,3398
3399,AUG,34,138.8095,6,5.8649,-9.681,-13.3,0.3399,-3.1,-1.194,3399
3400,AUG,36,296.8272,6,3.9649,-8.481,-13.0,0.3399,-0.3,-1.194,3400
3401,AUG,36,2473.2377,6,-1.3351,-10.781,-10.3,0.3399,0.0,-1.194,3401
3402,AUG,36,3406.0327,6,-2.1351,-10.881,-9.6,0.3399,0.0,-1.194,3402
3403,AUG,33,415.3476,5,3.125,-7.581,-11.9,0.0,0.0,-1.194,3403
3404,AUG,36,946.928,6,1.0649,-9.281,-8.5,0.3399,-2.7,-1.194,3404
3405,AUG,36,1025.8,6,0.8649,-9.781,-11.5,0.3399,0.0,-1.194,3405
3406,AUG,36,2107.5329,6,-0.9351,-16.181,-12.6,0.3399,-3.5,-1.194,3406
3407,AUG,32,9259.1382,6,-4.6351,-11.281,-7.5,0.3399,0.0,-1.194,3407
3408,AUG,33,487.4199,5,2.725,-12.181,-13.1,0.0,-3.0,-1.194,3408
3409,AUG,39,20086.82,4,-6.5711,-13.281,-7.9,0.0039,0.0,-1.194,3409
3410,AUG,36,1357.2905,6,0.1649,-7.781,-8.8,0.3399,0.0,-1.194,3410
3411,AUG,33,136.3957,10,5.9087,-9.581,-13.7,2.9837,0.0,-1.194,3411
3412,AUG,36,243.0185,6,4.4649,-9.481,-11.8,0.3399,-3.0,-1.194,3412
3413,AUG,36,138.8095,6,5.8649,-8.281,-14.3,0.3399,-0.7,-1.194,3413
3414,AUG,33,115.4729,5,6.325,-10.281,-13.3,0.0,-4.5,-1.194,3414
3415,AUG,36,12751.2726,6,-5.4351,-11.281,-6.7,0.3399,0.0,-1.194,3415
3416,AUG,39,46530.901,4,-8.6711,-13.281,-5.8,0.0039,0.0,-1.194,3416
3417,AUG,39,8896.0599,6,-4.5351,-14.981,-11.3,0.3399,0.0,-1.194,3417
3418,AUG,39,4952.9133,4,-3.0711,-8.581,-6.7,0.0039,0.0,-1.194,3418
3419,AUG,36,64.9134,6,7.7649,-5.581,-13.9,0.3399,-0.3,-1.194,3419
3420,AUG,33,202.1623,5,4.925,-1.981,-8.1,0.0,0.0,-1.194,3420
3421,AUG,39,24534.4055,4,-7.0711,-12.081,-6.2,0.0039,0.0,-1.194,3421
3422,AUG,36,1412.6861,6,0.0649,-12.381,-13.0,0.3399,-0.3,-1.194,3422
3423,AUG,33,106.5943,5,6.525,-7.881,-13.2,0.0,-2.4,-1.194,3423
3424,AUG,33,8.2389,5,12.925,-14.881,-19.1,0.0,-9.9,-1.194,3424
3425,AUG,27,425.4608,6,3.0649,-7.381,-11.3,0.3399,0.0,-1.194,3425
3426,AUG,33,193.6016,7,5.0332,-5.481,-10.9,0.8082,0.0,-1.194,3426
3427,AUG,36,442.8253,6,2.9649,-8.081,-11.2,0.3399,-0.7,-1.194,3427
3428,AUG,36,243.0185,6,4.4649,-8.881,-13.7,0.3399,-0.5,-1.194,3428
3429,AUG,33,368.3775,5,3.425,-6.481,-11.1,0.0,0.0,-1.194,3429
3430,AUG,36,377.347,6,3.3649,-16.981,-16.5,0.3399,-4.7,-1.194,3430
3431,AUG,33,165.5144,5,5.425,-1.881,-8.5,0.0,0.0,-1.194,3431
3432,AUG,36,233.489,6,4.5649,-11.781,-14.5,0.3399,-2.7,-1.194,3432
3433,AUG,36,224.3332,6,4.6649,-6.381,-11.9,0.3399,0.0,-1.194,3433
3434,AUG,36,2024.8903,6,-0.8351,-10.681,-10.7,0.3399,0.0,-1.194,3434
3435,AUG,36,687.597,6,1.8649,-8.881,-11.3,0.3399,-0.3,-1.194,3435
3436,AUG,36,643.6666,8,2.0299,-8.981,-10.8,1.4049,0.0,-1.194,3436
3437,AUG,23,68424.8856,6,-9.6351,-15.781,-7.0,0.3399,0.0,-1.194,3437
3438,AUG,33,65.9568,5,7.725,-6.881,-11.0,0.0,-4.8,-1.194,3438
3439,AUG,32,186.6183,5,5.125,-10.281,-13.8,0.0,-2.8,-1.194,3439
3440,AUG,32,415.3476,5,3.125,-4.881,-9.2,0.0,0.0,-1.194,3440
3441,AUG,35,3840.3201,6,-2.4351,-11.781,-10.2,0.3399,0.0,-1.194,3441
3442,AUG,31,16210.2888,6,-6.0351,-11.281,-6.1,0.3399,0.0,-1.194,3442
3443,AUG,35,1725.4804,6,-0.4351,-7.781,-8.2,0.3399,0.0,-1.194,3443
3444,AUG,35,93.0445,6,6.8649,-6.781,-14.5,0.3399,0.0,-1.194,3444
3445,AUG,32,1129.1028,5,0.625,-9.381,-8.4,0.0,-2.8,-1.194,3445
3446,AUG,32,452.8837,10,2.9087,-9.581,-10.7,2.9837,0.0,-1.194,3446
3447,AUG,32,1129.1028,5,0.625,-8.281,-10.1,0.0,0.0,-1.194,3447
3448,AUG,38,5812.3561,4,-3.4711,-8.581,-6.3,0.0039,0.0,-1.194,3448
3449,AUG,35,1657.8191,6,-0.3351,-6.481,-7.0,0.3399,0.0,-1.194,3449
3450,AUG,35,2902.4004,6,-1.7351,-11.681,-10.8,0.3399,0.0,-1.194,3450
3451,AUG,32,146.3184,7,5.7332,-7.281,-10.6,0.8082,-2.8,-1.194,3451
3452,AUG,35,3840.3201,6,-2.4351,-13.781,-12.2,0.3399,0.0,-1.194,3452
3453,AUG,35,1795.9031,6,-0.5351,-9.381,-9.7,0.3399,0.0,-1.194,3453
3454,AUG,26,585.9257,6,2.2649,-7.381,-10.5,0.3399,0.0,-1.194,3454
3455,AUG,32,1084.8273,5,0.725,-7.781,-9.7,0.0,0.0,-1.194,3455
3456,AUG,32,3194.6855,5,-1.975,-12.581,-9.0,0.0,-2.8,-1.194,3456
3457,AUG,38,39650.6199,4,-8.2711,-13.281,-6.2,0.0039,0.0,-1.194,3457
3458,AUG,35,408.7772,6,3.1649,-7.981,-12.0,0.3399,0.0,-1.194,3458
3459,AUG,38,75199.6649,4,-9.8711,-12.981,-4.3,0.0039,0.0,-1.194,3459
3460,AUG,25,18510.4168,7,-6.3668,-11.581,-5.6,0.8082,0.0,-1.194,3460
3461,AUG,38,46530.901,4,-8.6711,-13.281,-5.8,0.0039,0.0,-1.194,3461
3462,AUG,32,219.0009,5,4.725,-5.181,-11.1,0.0,0.0,-1.194,3462
3463,AUG,35,2024.8903,6,-0.8351,-10.681,-10.7,0.3399,0.0,-1.194,3463
3464,AUG,35,1025.8,6,0.8649,-9.381,-11.1,0.3399,0.0,-1.194,3464
3465,AUG,35,10030.3551,6,-4.8351,-13.381,-9.4,0.3399,0.0,-1.194,3465
3466,AUG,38,4952.9133,4,-3.0711,-8.581,-6.7,0.0039,0.0,-1.194,3466
3467,AUG,35,687.597,6,1.8649,-6.581,-9.3,0.3399,0.0,-1.194,3467
3468,AUG,35,1470.3426,6,-0.0351,-8.581,-9.4,0.3399,0.0,-1.194,3468
3469,AUG,38,44706.286,4,-8.5711,-12.381,-5.0,0.0039,0.0,-1.194,3469
3470,AUG,32,383.4123,5,3.325,-4.781,-9.3,0.0,0.0,-1.194,3470
3471,AUG,32,227.1959,7,4.6332,-5.881,-8.1,0.8082,-2.8,-1.194,3471
3472,AUG,38,12251.2573,6,-5.3351,-14.981,-10.5,0.3399,0.0,-1.194,3472
3473,AUG,35,224.3332,6,4.6649,-5.781,-11.3,0.3399,0.0,-1.194,3473
3474,AUG,32,432.2994,5,3.025,-7.181,-11.4,0.0,0.0,-1.194,3474
3475,AUG,35,1304.0671,6,0.2649,-10.881,-12.0,0.3399,0.0,-1.194,3475
3476,AUG,35,562.9498,6,2.3649,-7.981,-11.2,0.3399,0.0,-1.194,3476
3477,AUG,35,839.8435,6,1.3649,-6.381,-8.6,0.3399,0.0,-1.194,3477
3478,AUG,35,562.9498,6,2.3649,-6.381,-9.6,0.3399,0.0,-1.194,3478
3479,AUG,35,233.489,6,4.5649,-9.081,-14.5,0.3399,0.0,-1.194,3479
3480,AUG,35,252.9369,6,4.3649,-7.481,-12.7,0.3399,0.0,-1.194,3480
3481,AUG,32,278.4088,5,4.125,-4.881,-10.2,0.0,0.0,-1.194,3481
3482,AUG,35,1615.2396,8,-0.2701,-8.981,-8.5,1.4049,0.0,-1.194,3482
3483,AUG,32,571.9982,5,2.325,-8.781,-9.5,0.0,-2.8,-1.194,3483
3484,AUG,38,24534.4055,4,-7.0711,-12.081,-6.2,0.0039,0.0,-1.194,3484
3485,AUG,32,418.0623,10,3.1087,-9.581,-10.9,2.9837,0.0,-1.194,3485
3486,AUG,28,6818.0517,8,-3.8701,-9.581,-5.5,1.4049,0.0,-1.194,3486
3487,AUG,32,340.0536,5,3.625,-5.181,-10.0,0.0,0.0,-1.194,3487
3488,AUG,32,109.1898,6,6.4649,-6.881,-11.4,0.3399,-2.8,-1.194,3488
3489,AUG,35,2788.5887,6,-1.6351,-12.281,-11.5,0.3399,0.0,-1.194,3489
3490,AUG,32,277.5012,7,4.1332,-8.281,-10.0,0.8082,-2.8,-1.194,3490
3491,AUG,19,79.597,9,7.2551,-0.381,-6.7,2.1301,0.0,-1.194,3491
3492,AUG,35,744.8687,6,1.6649,-9.681,-12.2,0.3399,0.0,-1.194,3492
3493,AUG,35,2202.1392,9,-1.0449,-11.081,-9.1,2.1301,0.0,-1.194,3493
3494,AUG,35,9259.1382,6,-4.6351,-13.281,-7.5,0.3399,-2.0,-1.194,3494
3495,AUG,35,5081.3313,6,-3.1351,-12.681,-10.4,0.3399,0.0,-1.194,3495
3496,AUG,32,1223.1486,5,0.425,-7.681,-9.3,0.0,0.0,-1.194,3496
3497,AUG,38,726.044,4,1.7289,-4.281,-7.2,0.0039,0.0,-1.194,3497
3498,AUG,32,368.3775,5,3.425,-8.581,-10.4,0.0,-2.8,-1.194,3498
3499,AUG,32,817.2075,7,1.4332,-11.881,-10.9,0.8082,-2.8,-1.194,3499
3500,AUG,35,1725.4804,6,-0.4351,-11.081,-11.5,0.3399,0.0,-1.194,3500
3501,AUG,35,1156.595,6,0.5649,-9.681,-11.1,0.3399,0.0,-1.194,3501
3502,AUG,35,1111.2415,6,0.6649,-6.581,-8.1,0.3399,0.0,-1.194,3502
3503,AUG,32,727.1632,5,1.725,-9.281,-9.4,0.0,-2.8,-1.194,3503
3504,AUG,35,8547.2189,6,-4.4351,-13.281,-9.7,0.3399,0.0,-1.194,3504
3505,AUG,38,2944.5126,4,-1.7711,-6.381,-5.8,0.0039,0.0,-1.194,3505
3506,AUG,35,176.4641,6,5.2649,-8.181,-14.3,0.3399,0.0,-1.194,3506
3507,AUG,38,23572.3385,4,-6.9711,-13.281,-7.5,0.0039,0.0,-1.194,3507
3508,AUG,32,1753.2145,5,-0.475,-13.581,-11.5,0.0,-2.8,-1.194,3508
3509,AUG,35,1203.7996,6,0.4649,-9.581,-10.9,0.3399,0.0,-1.194,3509
3510,AUG,32,399.0606,5,3.225,-8.281,-12.7,0.0,0.0,-1.194,3510
3511,AUG,35,2376.2547,6,-1.2351,-9.781,-9.4,0.3399,0.0,-1.194,3511
3512,AUG,35,4506.7026,6,-2.8351,-10.881,-8.9,0.3399,0.0,-1.194,3512
3513,AUG,32,466.7799,7,2.8332,-8.181,-8.6,0.8082,-2.8,-1.194,3513
3514,AUG,28,24492.115,7,-7.0668,-11.581,-4.9,0.8082,0.0,-1.194,3514
3515,AUG,35,334.6743,6,3.6649,-10.481,-15.0,0.3399,0.0,-1.194,3515
3516,AUG,35,1592.8111,6,-0.2351,-10.781,-11.4,0.3399,0.0,-1.194,3516
3517,AUG,34,2939.4371,7,-1.7668,-11.581,-10.2,0.8082,0.0,-1.194,3517
3518,AUG,35,4329.9814,6,-2.7351,-14.181,-12.3,0.3399,0.0,-1.194,3518
3519,AUG,35,7283.3863,6,-4.0351,-12.481,-9.3,0.3399,0.0,-1.194,3519
3520,AUG,38,2944.5126,4,-1.7711,-6.381,-5.8,0.0039,0.0,-1.194,3520
3521,AUG,35,150.3713,6,5.6649,-6.481,-13.0,0.3399,0.0,-1.194,3521
3522,AUG,35,2193.5485,6,-1.0351,-11.981,-11.8,0.3399,0.0,-1.194,3522
3523,AUG,32,819.8804,5,1.425,-4.681,-7.3,0.0,0.0,-1.194,3523
3524,AUG,38,39650.6199,4,-8.2711,-12.381,-5.3,0.0039,0.0,-1.194,3524
3525,AUG,35,634.7289,6,2.0649,-8.881,-11.8,0.3399,0.0,-1.194,3525
3526,AUG,35,660.6343,6,1.9649,-8.381,-11.2,0.3399,0.0,-1.194,3526
3527,AUG,33,246.4405,8,4.4299,-11.881,-13.3,1.4049,-2.8,-1.194,3527
3528,AUG,35,1530.3523,6,-0.1351,-10.581,-11.3,0.3399,0.0,-1.194,3528
3529,AUG,32,1493.9759,5,-0.075,-9.181,-7.5,0.0,-2.8,-1.194,3529
3530,AUG,35,169.5444,6,5.3649,-7.881,-14.1,0.3399,0.0,-1.194,3530
3531,AUG,35,263.2601,6,4.2649,-5.781,-10.9,0.3399,0.0,-1.194,3531
3532,AUG,35,562.9498,6,2.3649,-10.681,-13.9,0.3399,0.0,-1.194,3532
3533,AUG,35,442.8253,6,2.9649,-6.481,-10.3,0.3399,0.0,-1.194,3533
3534,AUG,35,2376.2547,6,-1.2351,-9.881,-9.5,0.3399,0.0,-1.194,3534
3535,AUG,35,2574.1789,6,-1.4351,-10.281,-9.7,0.3399,0.0,-1.194,3535
3536,AUG,35,687.597,6,1.8649,-8.581,-11.3,0.3399,0.0,-1.194,3536
3537,AUG,35,479.7093,6,2.7649,-6.781,-10.4,0.3399,0.0,-1.194,3537
3538,AUG,32,1129.1028,5,0.625,-10.381,-9.4,0.0,-2.8,-1.194,3538
3539,AUG,22,83575.3936,6,-10.1351,-15.881,-6.6,0.3399,0.0,-1.194,3539
3540,AUG,35,11770.849,6,-5.2351,-14.581,-10.2,0.3399,0.0,-1.194,3540
3541,AUG,35,548.4909,8,2.4299,-8.981,-11.2,1.4049,0.0,-1.194,3541
3542,AUG,35,207.8957,9,4.8551,-11.081,-15.0,2.1301,0.0,-1.194,3542
3543,AUG,35,3855.3602,9,-2.4449,-11.981,-8.6,2.1301,0.0,-1.194,3543
3544,AUG,35,377.347,6,3.3649,-12.281,-16.5,0.3399,0.0,-1.194,3544
3545,AUG,32,1379.1066,5,0.125,-9.281,-7.8,0.0,-2.8,-1.194,3545
3546,AUG,38,8004.5178,4,-4.2711,-8.781,-5.7,0.0039,0.0,-1.194,3546
3547,AUG,32,1899.2442,5,-0.675,-11.681,-9.4,0.0,-2.8,-1.194,3547
3548,AUG,35,7283.3863,6,-4.0351,-11.281,-8.1,0.3399,0.0,-1.194,3548
3549,AUG,32,399.0606,5,3.225,-8.581,-10.2,0.0,-2.8,-1.194,3549
3550,AUG,36,1615.2396,8,-0.2701,-8.981,-8.5,1.4049,0.0,-1.194,3550
3551,AUG,36,1530.3523,6,-0.1351,-10.581,-11.3,0.3399,0.0,-1.194,3551
3552,AUG,39,41268.8961,4,-8.3711,-12.381,-5.2,0.0039,0.0,-1.194,3552
3553,AUG,36,10865.8086,6,-5.0351,-14.581,-10.4,0.3399,0.0,-1.194,3553
3554,AUG,36,634.7289,6,2.0649,-8.881,-11.8,0.3399,0.0,-1.194,3554
3555,AUG,39,726.044,4,1.7289,-4.281,-7.2,0.0039,0.0,-1.194,3555
3556,AUG,36,548.4909,8,2.4299,-8.981,-11.2,1.4049,0.0,-1.194,3556
3557,AUG,33,32.1032,5,9.525,-5.481,-13.9,0.0,-2.3,-1.194,3557
3558,AUG,36,408.7772,6,3.1649,-7.981,-12.0,0.3399,0.0,-1.194,3558
3559,AUG,36,4506.7026,6,-2.8351,-10.881,-8.9,0.3399,0.0,-1.194,3559
3560,AUG,36,176.4641,6,5.2649,-8.181,-14.3,0.3399,0.0,-1.194,3560
3561,AUG,36,252.9369,6,4.3649,-6.481,-11.7,0.3399,0.0,-1.194,3561
3562,AUG,33,698.649,5,1.825,-6.981,-10.0,0.0,0.0,-1.194,3562
3563,AUG,36,562.9498,6,2.3649,-6.381,-9.6,0.3399,0.0,-1.194,3563
3564,AUG,39,3455.4523,4,-2.1711,-8.781,-7.8,0.0039,0.0,-1.194,3564
3565,AUG,39,36601.9515,4,-8.0711,-13.281,-6.4,0.0039,0.0,-1.194,3565
3566,AUG,33,301.5982,5,3.925,-3.581,-8.7,0.0,0.0,-1.194,3566
3567,AUG,36,2788.5887,6,-1.6351,-12.281,-11.5,0.3399,0.0,-1.194,3567
3568,AUG,33,819.8804,5,1.425,-7.181,-9.8,0.0,0.0,-1.194,3568
3569,AUG,36,93.0445,6,6.8649,-6.781,-14.5,0.3399,0.0,-1.194,3569
3570,AUG,36,9637.0351,6,-4.7351,-13.281,-9.4,0.3399,0.0,-1.194,3570
3571,AUG,36,2202.1392,9,-1.0449,-11.081,-9.1,2.1301,0.0,-1.194,3571
3572,AUG,39,32462.7742,4,-7.7711,-12.381,-5.8,0.0039,0.0,-1.194,3572
3573,AUG,36,3144.1487,6,-1.9351,-10.781,-9.7,0.3399,0.0,-1.194,3573
3574,AUG,33,1899.2442,5,-0.675,-8.781,-8.2,0.0,-1.1,-1.194,3574
3575,AUG,39,2611.5287,4,-1.4711,-8.581,-8.3,0.0039,0.0,-1.194,3575
3576,AUG,36,744.8687,6,1.6649,-9.681,-12.2,0.3399,0.0,-1.194,3576
3577,AUG,36,687.597,6,1.8649,-6.581,-9.3,0.3399,0.0,-1.194,3577
3578,AUG,36,4690.6365,6,-2.9351,-12.681,-10.6,0.3399,0.0,-1.194,3578
3579,AUG,36,562.9498,6,2.3649,-7.981,-11.2,0.3399,0.0,-1.194,3579
3580,AUG,36,1025.8,6,0.8649,-9.381,-11.1,0.3399,0.0,-1.194,3580
3581,AUG,33,850.5605,7,1.3332,-6.681,-8.4,0.8082,0.0,-1.194,3581
3582,AUG,36,2902.4004,6,-1.7351,-11.681,-10.8,0.3399,0.0,-1.194,3582
3583,AUG,36,169.5444,6,5.3649,-7.881,-14.1,0.3399,0.0,-1.194,3583
3584,AUG,36,985.5754,6,0.9649,-6.381,-8.2,0.3399,0.0,-1.194,3584
3585,AUG,36,10030.3551,6,-4.8351,-13.381,-9.4,0.3399,0.0,-1.194,3585
3586,AUG,36,562.9498,6,2.3649,-10.681,-13.9,0.3399,0.0,-1.194,3586
3587,AUG,36,687.597,6,1.8649,-8.581,-11.3,0.3399,0.0,-1.194,3587
3588,AUG,36,150.3713,6,5.6649,-6.481,-13.0,0.3399,0.0,-1.194,3588
3589,AUG,33,1893.0522,7,-0.6668,-11.881,-10.4,0.8082,-1.2,-1.194,3589
3590,AUG,39,1271.11,4,0.3289,-6.381,-7.9,0.0039,0.0,-1.194,3590
3591,AUG,36,2193.5485,6,-1.0351,-11.981,-11.8,0.3399,0.0,-1.194,3591
3592,AUG,32,8896.0599,6,-4.5351,-11.281,-7.6,0.3399,0.0,-1.194,3592
3593,AUG,39,1821.9606,4,-0.5711,-8.581,-9.2,0.0039,0.0,-1.194,3593
3594,AUG,33,1129.1028,5,0.625,-6.681,-8.5,0.0,0.0,-1.194,3594
3595,AUG,33,671.2529,5,1.925,-6.981,-10.1,0.0,0.0,-1.194,3595
3596,AUG,39,1271.11,4,0.3289,-6.381,-7.9,0.0039,0.0,-1.194,3596
3597,AUG,33,671.2529,5,1.925,-7.781,-10.9,0.0,0.0,-1.194,3597
3598,AUG,35,10158.3494,7,-4.8668,-11.581,-7.1,0.8082,0.0,-1.194,3598
3599,AUG,33,1042.288,5,0.825,-6.181,-8.2,0.0,0.0,-1.194,3599
3600,AUG,36,744.8687,6,1.6649,-6.481,-9.0,0.3399,0.0,-1.194,3600
3601,AUG,36,687.597,6,1.8649,-9.581,-12.3,0.3399,0.0,-1.194,3601
3602,AUG,36,1156.595,6,0.5649,-9.681,-11.1,0.3399,0.0,-1.194,3602
3603,AUG,33,340.0536,5,3.625,-3.881,-7.9,0.0,-0.8,-1.194,3603
3604,AUG,36,20607.6264,6,-6.6351,-11.881,-6.1,0.3399,0.0,-1.194,3604
3605,AUG,39,18542.3787,4,-6.3711,-12.081,-6.9,0.0039,0.0,-1.194,3605
3606,AUG,36,252.9369,6,4.3649,-7.481,-12.7,0.3399,0.0,-1.194,3606
3607,AUG,33,3069.4124,5,-1.875,-11.981,-10.2,0.0,-1.1,-1.194,3607
3608,AUG,36,2376.2547,6,-1.2351,-9.881,-9.5,0.3399,0.0,-1.194,3608
3609,AUG,27,179.0245,4,5.2289,-8.081,-11.5,0.0039,-3.0,-1.194,3609
3610,AUG,33,171.7079,7,5.3332,-4.981,-9.5,0.8082,-1.2,-1.194,3610
3611,AUG,36,7283.3863,6,-4.0351,-12.481,-9.3,0.3399,0.0,-1.194,3611
3612,AUG,33,415.3476,5,3.125,-8.781,-12.0,0.0,-1.1,-1.194,3612
3613,AUG,36,1725.4804,6,-0.4351,-11.081,-11.5,0.3399,0.0,-1.194,3613
3614,AUG,36,1725.4804,6,-0.4351,-7.781,-8.2,0.3399,0.0,-1.194,3614
3615,AUG,33,278.4088,5,4.125,-3.281,-8.6,0.0,0.0,-1.194,3615
3616,AUG,36,3855.3602,9,-2.4449,-11.981,-8.6,2.1301,0.0,-1.194,3616
3617,AUG,36,12251.2573,6,-5.3351,-11.981,-7.5,0.3399,0.0,-1.194,3617
3618,AUG,36,2574.1789,6,-1.4351,-10.281,-9.7,0.3399,0.0,-1.194,3618
3619,AUG,36,1470.3426,6,-0.0351,-8.581,-9.4,0.3399,0.0,-1.194,3619
3620,AUG,36,233.489,6,4.5649,-9.081,-14.5,0.3399,0.0,-1.194,3620
3621,AUG,36,377.347,6,3.3649,-12.281,-16.5,0.3399,0.0,-1.194,3621
3622,AUG,33,401.6688,10,3.2087,-10.781,-11.0,2.9837,-1.2,-1.194,3622
3623,AUG,39,14585.7319,4,-5.7711,-13.281,-8.7,0.0039,0.0,-1.194,3623
3624,AUG,33,236.4685,7,4.5332,-4.181,-7.9,0.8082,-1.2,-1.194,3624
3625,AUG,36,479.7093,6,2.7649,-6.781,-10.4,0.3399,0.0,-1.194,3625
3626,AUG,36,2902.4004,6,-1.7351,-9.381,-8.5,0.3399,0.0,-1.194,3626
3627,AUG,29,6818.0517,8,-3.8701,-9.581,-5.5,1.4049,0.0,-1.194,3627
3628,AUG,36,296.8272,6,3.9649,-8.381,-13.2,0.3399,0.0,-1.194,3628
3629,AUG,36,4329.9814,6,-2.7351,-14.181,-12.3,0.3399,0.0,-1.194,3629
3630,AUG,33,3460.7789,5,-2.175,-10.981,-10.0,0.0,0.0,-1.194,3630
3631,AUG,33,2057.437,5,-0.875,-7.581,-7.9,0.0,0.0,-1.194,3631
3632,AUG,36,1304.0671,6,0.2649,-10.881,-12.0,0.3399,0.0,-1.194,3632
3633,AUG,33,3325.0715,5,-2.075,-10.081,-9.2,0.0,0.0,-1.194,3633
3634,AUG,33,1129.1028,5,0.625,-7.681,-9.5,0.0,0.0,-1.194,3634
3635,AUG,26,11921.0532,7,-5.2668,-11.581,-6.7,0.8082,0.0,-1.194,3635
3636,AUG,36,224.3332,6,4.6649,-5.781,-11.3,0.3399,0.0,-1.194,3636
3637,AUG,36,207.8957,9,4.8551,-11.081,-15.0,2.1301,0.0,-1.194,3637
3638,AUG,36,3020.8572,6,-1.8351,-11.781,-10.8,0.3399,0.0,-1.194,3638
3639,AUG,33,23.8788,6,10.2649,-9.181,-13.5,0.3399,-6.8,-1.194,3639
3640,AUG,36,3840.3201,6,-2.4351,-13.781,-12.2,0.3399,0.0,-1.194,3640
3641,AUG,33,399.0606,5,3.225,-6.681,-11.1,0.0,0.0,-1.194,3641
3642,AUG,33,356.2456,10,3.5087,-9.481,-10.0,2.9837,-1.2,-1.194,3642
3643,AUG,36,2024.8903,6,-0.8351,-10.681,-10.7,0.3399,0.0,-1.194,3643
3644,AUG,33,570.1334,7,2.3332,-6.581,-9.3,0.8082,0.0,-1.194,3644
3645,AUG,39,39650.6199,4,-8.2711,-12.981,-5.9,0.0039,0.0,-1.194,3645
3646,AUG,20,198.9642,6,4.9649,-0.481,-6.3,0.3399,0.0,-1.194,3646
3647,AUG,33,186.6183,5,5.125,-8.681,-13.9,0.0,-1.1,-1.194,3647
3648,AUG,29,16417.1432,7,-6.0668,-11.581,-5.9,0.8082,0.0,-1.194,3648
3649,AUG,39,53824.1101,6,-9.0351,-14.981,-6.8,0.3399,0.0,-1.194,3649
3650,AUG,33,531.4693,10,2.5087,-9.481,-9.0,2.9837,-1.2,-1.194,3650
3651,AUG,33,129.7718,7,6.0332,-5.881,-11.1,0.8082,-1.2,-1.194,3651
3652,AUG,36,263.2601,6,4.2649,-5.781,-10.9,0.3399,0.0,-1.194,3652
3653,AUG,36,334.6743,6,3.6649,-10.481,-15.0,0.3399,0.0,-1.194,3653
3654,AUG,34,449.0608,8,2.9299,-11.881,-13.4,1.4049,-1.2,-1.194,3654
3655,AUG,36,2376.2547,6,-1.2351,-9.781,-9.4,0.3399,0.0,-1.194,3655
3656,AUG,36,1111.2415,6,0.6649,-6.581,-8.1,0.3399,0.0,-1.194,3656
3657,AUG,33,435.1248,10,3.0087,-10.781,-10.8,2.9837,-1.2,-1.194,3657
3658,AUG,39,33787.69,4,-7.8711,-13.281,-6.6,0.0039,0.0,-1.194,3658
3659,AUG,23,71217.537,6,-9.7351,-15.981,-7.1,0.3399,0.0,-1.194,3659
3660,AUG,33,267.4916,5,4.225,-5.581,-11.0,0.0,0.0,-1.194,3660
3661,AUG,43,715.6602,6,1.7649,-10.381,-11.6,0.3399,-1.4,-1.194,3661
3662,AUG,43,118.2845,6,6.2649,-9.181,-14.9,0.3399,-1.4,-1.194,3662
3663,AUG,46,2944.5126,4,-1.7711,-6.981,-6.4,0.0039,0.0,-1.194,3663
3664,AUG,40,120.1857,5,6.225,-2.881,-10.3,0.0,0.0,-1.194,3664
3665,AUG,40,80.5609,5,7.225,-7.181,-11.3,0.0,-4.3,-1.194,3665
3666,AUG,43,176.4641,6,5.2649,-11.381,-14.5,0.3399,-3.0,-1.194,3666
3667,AUG,41,193.854,8,5.0299,-8.181,-13.0,1.4049,0.0,-1.194,3667
3668,AUG,40,71.4505,5,7.525,-5.181,-13.9,0.0,0.0,-1.194,3668
3669,AUG,40,80.2982,7,7.2332,-4.581,-12.2,0.8082,0.0,-1.194,3669
3670,AUG,43,1945.4883,6,-0.7351,-10.381,-9.1,0.3399,-1.4,-1.194,3670
3671,AUG,43,41.8055,6,8.8649,-6.581,-14.9,0.3399,-1.4,-1.194,3671
3672,AUG,46,38095.8012,4,-8.1711,-12.381,-5.4,0.0039,0.0,-1.194,3672
3673,AUG,43,1530.3523,6,-0.1351,-10.881,-10.2,0.3399,-1.4,-1.194,3673
3674,AUG,43,334.6743,6,3.6649,-6.581,-9.7,0.3399,-1.4,-1.194,3674
3675,AUG,46,12936.2862,4,-5.4711,-12.981,-8.7,0.0039,0.0,-1.194,3675
3676,AUG,40,115.4729,5,6.325,-3.581,-11.1,0.0,0.0,-1.194,3676
3677,AUG,43,2482.9238,9,-1.3449,-10.881,-7.2,2.1301,-1.4,-1.194,3677
3678,AUG,46,3064.6881,4,-1.8711,-9.181,-8.5,0.0039,0.0,-1.194,3678
3679,AUG,40,47.7374,7,8.5332,-2.181,-11.1,0.8082,0.0,-1.194,3679
3680,AUG,43,1530.3523,6,-0.1351,-9.681,-9.0,0.3399,-1.4,-1.194,3680
3681,AUG,43,10439.7279,6,-4.9351,-14.181,-8.7,0.3399,-1.4,-1.194,3681
3682,AUG,43,540.8748,6,2.4649,-6.581,-8.5,0.3399,-1.4,-1.194,3682
3683,AUG,40,853.3425,5,1.325,-9.081,-11.6,0.0,0.0,-1.194,3683
3684,AUG,43,215.5365,6,4.7649,-6.581,-10.8,0.3399,-1.4,-1.194,3684
3685,AUG,40,165.5144,5,5.425,-5.781,-12.4,0.0,0.0,-1.194,3685
3686,AUG,42,2406.5773,7,-1.2668,-10.381,-9.4,0.8082,-0.1,-1.194,3686
3687,AUG,43,1252.9307,6,0.3649,-9.181,-9.0,0.3399,-1.4,-1.194,3687
3688,AUG,40,20.8102,10,10.6087,-7.881,-16.7,2.9837,0.0,-1.194,3688
3689,AUG,40,227.939,5,4.625,-5.181,-11.0,0.0,0.0,-1.194,3689
3690,AUG,46,78268.818,4,-9.9711,-15.781,-7.0,0.0039,0.0,-1.194,3690
3691,AUG,43,460.8985,6,2.8649,-10.881,-13.2,0.3399,-1.4,-1.194,3691
3692,AUG,40,58.498,5,8.025,-4.581,-12.1,0.0,-1.7,-1.194,3692
3693,AUG,43,609.8393,6,2.1649,-11.281,-11.3,0.3399,-3.0,-1.194,3693
3694,AUG,43,414.5333,8,3.1299,-8.281,-9.8,1.4049,-1.4,-1.194,3694
3695,AUG,46,33304.4615,6,-7.8351,-14.981,-8.0,0.3399,0.0,-1.194,3695
3696,AUG,30,29538.1849,6,-7.5351,-15.881,-9.2,0.3399,0.0,-1.194,3696
3697,AUG,43,660.6343,6,1.9649,-6.581,-8.0,0.3399,-1.4,-1.194,3697
3698,AUG,43,215.5365,6,4.7649,-9.181,-11.8,0.3399,-3.0,-1.194,3698
3699,AUG,46,11941.6373,4,-5.2711,-12.081,-8.0,0.0039,0.0,-1.194,3699
3700,AUG,43,1530.3523,6,-0.1351,-12.481,-10.2,0.3399,-3.0,-1.194,3700
3701,AUG,43,2193.5485,6,-1.0351,-10.981,-9.4,0.3399,-1.4,-1.194,3701
3702,AUG,40,248.5385,10,4.4087,-7.881,-10.5,2.9837,0.0,-1.194,3702
3703,AUG,43,1945.4883,6,-0.7351,-14.581,-11.7,0.3399,-3.0,-1.194,3703
3704,AUG,46,6049.578,4,-3.5711,-13.881,-11.5,0.0039,0.0,-1.194,3704
3705,AUG,40,49.8482,5,8.425,-2.881,-12.5,0.0,0.0,-1.194,3705
3706,AUG,43,687.597,6,1.8649,-8.181,-7.9,0.3399,-3.0,-1.194,3706
3707,AUG,43,285.1877,6,4.0649,-8.781,-10.7,0.3399,-3.0,-1.194,3707
3708,AUG,43,1412.6861,6,0.0649,-10.381,-9.9,0.3399,-1.4,-1.194,3708
3709,AUG,46,39650.6199,4,-8.2711,-13.281,-6.2,0.0039,0.0,-1.194,3709
3710,AUG,43,348.3335,6,3.5649,-8.581,-10.6,0.3399,-2.4,-1.194,3710
3711,AUG,43,191.1623,6,5.0649,-4.981,-9.5,0.3399,-1.4,-1.194,3711
3712,AUG,46,8004.5178,4,-4.2711,-9.381,-6.3,0.0039,0.0,-1.194,3712
3713,AUG,40,6.2267,5,13.625,-8.881,-17.7,0.0,-6.0,-1.194,3713
3714,AUG,43,150.3713,6,5.6649,-8.681,-12.2,0.3399,-3.0,-1.194,3714
3715,AUG,43,744.8687,6,1.6649,-10.381,-11.5,0.3399,-1.4,-1.194,3715
3716,AUG,40,10.4397,7,12.3332,-2.881,-15.6,0.8082,0.0,-1.194,3716
3717,AUG,36,22608.9581,7,-6.8668,-11.581,-5.1,0.8082,0.0,-1.194,3717
3718,AUG,40,186.6183,5,5.125,-5.181,-11.5,0.0,0.0,-1.194,3718
3719,AUG,43,460.8985,6,2.8649,-6.581,-8.9,0.3399,-1.4,-1.194,3719
3720,AUG,43,1357.2905,6,0.1649,-10.481,-10.1,0.3399,-1.4,-1.194,3720
3721,AUG,43,2107.5329,6,-0.9351,-9.681,-8.2,0.3399,-1.4,-1.194,3721
3722,AUG,43,744.8687,6,1.6649,-9.681,-10.8,0.3399,-1.4,-1.194,3722
3723,AUG,43,2679.2398,6,-1.5351,-12.981,-10.9,0.3399,-1.4,-1.194,3723
3724,AUG,40,1.2557,16,17.6277,-2.881,-10.9,10.8027,0.0,-1.194,3724
3725,AUG,40,415.3476,5,3.125,-4.881,-7.9,0.0,-1.3,-1.194,3725
3726,AUG,40,6.2267,5,13.625,-6.281,-15.1,0.0,-6.0,-1.194,3726
3727,AUG,43,460.8985,6,2.8649,-9.781,-11.1,0.3399,-2.4,-1.194,3727
3728,AUG,43,6459.7355,6,-3.7351,-13.781,-9.5,0.3399,-1.4,-1.194,3728
3729,AUG,43,460.8985,6,2.8649,-9.181,-11.5,0.3399,-1.4,-1.194,3729
3730,AUG,43,1203.7996,6,0.4649,-10.881,-10.8,0.3399,-1.4,-1.194,3730
3731,AUG,40,5.5166,16,13.9277,-2.881,-7.2,10.8027,0.0,-1.194,3731
3732,AUG,43,89.3959,6,6.9649,-8.781,-13.6,0.3399,-3.0,-1.194,3732
3733,AUG,43,215.5365,6,4.7649,-7.481,-11.7,0.3399,-1.4,-1.194,3733
3734,AUG,43,1220.7504,8,0.4299,-8.281,-7.1,1.4049,-1.4,-1.194,3734
3735,AUG,40,1038.8899,7,0.8332,-8.181,-9.4,0.8082,0.0,-1.194,3735
3736,AUG,27,239.5032,12,4.5013,-7.281,-7.9,5.0763,0.0,-1.194,3736
3737,AUG,40,5.5166,16,13.9277,-2.881,-7.2,10.8027,0.0,-1.194,3737
3738,AUG,43,989.4352,9,0.9551,-9.981,-8.6,2.1301,-1.4,-1.194,3738
3739,AUG,33,23531.7063,7,-6.9668,-11.581,-5.0,0.8082,0.0,-1.194,3739
3740,AUG,43,4882.0772,6,-3.0351,-12.481,-8.9,0.3399,-1.4,-1.194,3740
3741,AUG,46,2944.5126,4,-1.7711,-8.881,-8.3,0.0039,0.0,-1.194,3741
3742,AUG,43,109.1898,6,6.4649,-6.581,-12.5,0.3399,-1.4,-1.194,3742
3743,AUG,40,644.9311,5,2.025,-7.381,-9.4,0.0,-1.2,-1.194,3743
3744,AUG,36,5363.1886,8,-3.2701,-9.581,-6.1,1.4049,0.0,-1.194,3744
3745,AUG,40,31.7191,9,9.5551,-2.281,-10.9,2.1301,0.0,-1.194,3745
3746,AUG,43,2024.8903,6,-0.8351,-12.581,-11.2,0.3399,-1.4,-1.194,3746
3747,AUG,46,4055.0515,4,-2.5711,-9.181,-7.8,0.0039,0.0,-1.194,3747
3748,AUG,43,82.5224,6,7.1649,-8.781,-13.8,0.3399,-3.0,-1.194,3748
3749,AUG,43,123.1121,6,6.1649,-5.481,-10.6,0.3399,-1.9,-1.194,3749
3750,AUG,43,1156.595,6,0.5649,-12.581,-11.0,0.3399,-3.0,-1.194,3750
3751,AUG,43,2193.5485,6,-1.0351,-10.881,-9.3,0.3399,-1.4,-1.194,3751
3752,AUG,43,3689.7297,6,-2.3351,-8.681,-7.2,0.3399,0.0,-1.194,3752
3753,AUG,40,1001.4168,5,0.925,-5.781,-7.9,0.0,0.0,-1.194,3753
3754,AUG,40,98.0777,7,6.7332,-2.881,-10.0,0.8082,0.0,-1.194,3754
3755,AUG,40,2141.408,5,-0.975,-7.781,-8.0,0.0,0.0,-1.194,3755
3756,AUG,43,1869.1999,6,-0.6351,-9.181,-8.0,0.3399,-1.4,-1.194,3756
3757,AUG,43,150.3713,6,5.6649,-10.881,-16.0,0.3399,-1.4,-1.194,3757
3758,AUG,40,340.0536,5,3.625,-4.581,-9.4,0.0,0.0,-1.194,3758
3759,AUG,46,29966.7669,4,-7.5711,-12.381,-6.0,0.0039,0.0,-1.194,3759
3760,AUG,34,123.1121,6,6.1649,-11.481,-14.4,0.3399,-4.1,-1.194,3760
3761,AUG,43,1156.595,6,0.5649,-7.481,-7.5,0.3399,-1.4,-1.194,3761
3762,AUG,40,246.9246,5,4.425,-3.581,-9.2,0.0,0.0,-1.194,3762
3763,AUG,43,985.5754,6,0.9649,-10.881,-11.3,0.3399,-1.4,-1.194,3763
3764,AUG,43,839.8435,6,1.3649,-9.481,-8.7,0.3399,-3.0,-1.194,3764
3765,AUG,43,392.7479,6,3.2649,-6.581,-9.3,0.3399,-1.4,-1.194,3765
3766,AUG,43,93.4089,9,6.8551,-9.981,-14.5,2.1301,-1.4,-1.194,3766
3767,AUG,40,2.5826,5,15.825,-6.281,-17.3,0.0,-6.0,-1.194,3767
3768,AUG,46,726.044,4,1.7289,-4.281,-7.2,0.0039,0.0,-1.194,3768
3769,AUG,39,2788.5887,6,-1.6351,-10.681,-7.9,0.3399,-2.0,-1.194,3769
3770,AUG,40,146.3184,7,5.7332,-4.581,-10.7,0.8082,0.0,-1.194,3770
3771,AUG,43,5288.7177,6,-3.2351,-8.681,-6.3,0.3399,0.0,-1.194,3771
3772,AUG,35,6723.3792,6,-3.8351,-12.481,-9.5,0.3399,0.0,-1.194,3772
3773,AUG,35,207.8957,9,4.8551,-11.081,-15.0,2.1301,0.0,-1.194,3773
3774,AUG,32,3460.7789,5,-2.175,-9.781,-8.8,0.0,0.0,-1.194,3774
3775,AUG,35,93.0445,6,6.8649,-9.281,-14.5,0.3399,-2.5,-1.194,3775
3776,AUG,35,4506.7026,6,-2.8351,-10.881,-8.9,0.3399,0.0,-1.194,3776
3777,AUG,35,1876.5204,9,-0.6449,-11.081,-9.5,2.1301,0.0,-1.194,3777
3778,AUG,32,275.0778,9,4.1551,-3.381,-6.6,2.1301,0.0,-1.194,3778
3779,AUG,35,886.4289,8,1.2299,-8.981,-10.0,1.4049,0.0,-1.194,3779
3780,AUG,38,726.044,4,1.7289,-4.281,-7.2,0.0039,0.0,-1.194,3780
3781,AUG,38,922.9968,4,1.1289,-6.381,-8.7,0.0039,0.0,-1.194,3781
3782,AUG,35,2574.1789,6,-1.4351,-10.281,-9.7,0.3399,0.0,-1.194,3782
3783,AUG,35,150.3713,6,5.6649,-6.481,-13.0,0.3399,0.0,-1.194,3783
3784,AUG,35,634.7289,6,2.0649,-9.681,-12.6,0.3399,0.0,-1.194,3784
3785,AUG,35,2788.5887,6,-1.6351,-12.281,-11.5,0.3399,0.0,-1.194,3785
3786,AUG,38,8004.5178,4,-4.2711,-8.781,-5.7,0.0039,0.0,-1.194,3786
3787,AUG,35,1412.6861,6,0.0649,-11.781,-12.7,0.3399,0.0,-1.194,3787
3788,AUG,32,194.2349,5,5.025,-11.181,-11.2,0.0,-6.2,-1.194,3788
3789,AUG,33,138.8095,6,5.8649,-9.881,-13.3,0.3399,-3.3,-1.194,3789
3790,AUG,35,2902.4004,6,-1.7351,-12.681,-11.8,0.3399,0.0,-1.194,3790
3791,AUG,38,44706.286,4,-8.5711,-12.381,-5.0,0.0039,0.0,-1.194,3791
3792,AUG,32,193.6016,7,5.0332,-5.481,-10.8,0.8082,-0.1,-1.194,3792
3793,AUG,35,2902.4004,6,-1.7351,-11.681,-10.8,0.3399,0.0,-1.194,3793
3794,AUG,32,853.3425,5,1.325,-6.381,-8.9,0.0,0.0,-1.194,3794
3795,AUG,35,252.9369,6,4.3649,-7.481,-12.7,0.3399,0.0,-1.194,3795
3796,AUG,35,660.6343,6,1.9649,-9.381,-12.2,0.3399,0.0,-1.194,3796
3797,AUG,28,4950.8222,8,-3.0701,-9.581,-6.3,1.4049,0.0,-1.194,3797
3798,AUG,35,1412.6861,6,0.0649,-9.781,-10.7,0.3399,0.0,-1.194,3798
3799,AUG,38,29966.7669,4,-7.5711,-13.281,-6.9,0.0039,0.0,-1.194,3799
3800,AUG,32,74.3667,5,7.425,-8.281,-10.7,0.0,-6.2,-1.194,3800
3801,AUG,38,39650.6199,4,-8.2711,-12.381,-5.3,0.0039,0.0,-1.194,3801
3802,AUG,35,687.597,6,1.8649,-8.981,-9.3,0.3399,-2.4,-1.194,3802
3803,AUG,35,4690.6365,6,-2.9351,-11.781,-9.7,0.3399,0.0,-1.194,3803
3804,AUG,35,1470.3426,6,-0.0351,-8.581,-9.4,0.3399,0.0,-1.194,3804
3805,AUG,35,11770.849,6,-5.2351,-14.581,-10.2,0.3399,0.0,-1.194,3805
3806,AUG,32,130.1963,5,6.025,-8.081,-11.6,0.0,-3.7,-1.194,3806
3807,AUG,35,1156.595,6,0.5649,-12.081,-11.1,0.3399,-2.4,-1.194,3807
3808,AUG,35,224.3332,6,4.6649,-5.781,-11.3,0.3399,0.0,-1.194,3808
3809,AUG,35,479.7093,6,2.7649,-9.281,-10.4,0.3399,-2.5,-1.194,3809
3810,AUG,35,377.347,6,3.3649,-12.281,-16.5,0.3399,0.0,-1.194,3810
3811,AUG,35,1725.4804,6,-0.4351,-7.781,-8.2,0.3399,0.0,-1.194,3811
3812,AUG,35,2024.8903,6,-0.8351,-10.681,-10.7,0.3399,0.0,-1.194,3812
3813,AUG,32,671.2529,5,1.925,-6.481,-9.6,0.0,0.0,-1.194,3813
3814,AUG,32,1001.4168,5,0.925,-6.581,-8.7,0.0,0.0,-1.194,3814
3815,AUG,35,6206.4301,6,-3.6351,-11.281,-8.5,0.3399,0.0,-1.194,3815
3816,AUG,35,1530.3523,6,-0.1351,-10.581,-11.3,0.3399,0.0,-1.194,3816
3817,AUG,25,8316.8486,7,-4.3668,-11.581,-7.6,0.8082,0.0,-1.194,3817
3818,AUG,35,138.8095,6,5.8649,-7.381,-13.2,0.3399,-0.9,-1.194,3818
3819,AUG,38,2944.5126,4,-1.7711,-6.381,-5.8,0.0039,0.0,-1.194,3819
3820,AUG,32,301.5982,5,3.925,-4.381,-7.5,0.0,-2.0,-1.194,3820
3821,AUG,35,687.597,6,1.8649,-8.581,-11.3,0.3399,0.0,-1.194,3821
3822,AUG,38,22647.997,4,-6.8711,-13.281,-7.6,0.0039,0.0,-1.194,3822
3823,AUG,32,65.9568,5,7.725,-5.481,-11.1,0.0,-3.3,-1.194,3823
3824,AUG,35,233.489,6,4.5649,-11.481,-14.5,0.3399,-2.4,-1.194,3824
3825,AUG,32,1223.1486,5,0.425,-6.481,-8.1,0.0,0.0,-1.194,3825
3826,AUG,38,36078.4737,6,-8.0351,-14.981,-7.8,0.3399,0.0,-1.194,3826
3827,AUG,26,377.347,6,3.3649,-7.381,-11.6,0.3399,0.0,-1.194,3827
3828,AUG,34,3736.8132,7,-2.3668,-11.581,-9.6,0.8082,0.0,-1.194,3828
3829,AUG,35,2689.7327,9,-1.5449,-11.981,-9.5,2.1301,0.0,-1.194,3829
3830,AUG,28,12407.5918,7,-5.3668,-11.581,-6.6,0.8082,0.0,-1.194,3830
3831,AUG,35,609.8393,6,2.1649,-6.481,-9.5,0.3399,0.0,-1.194,3831
3832,AUG,35,2193.5485,6,-1.0351,-12.081,-11.8,0.3399,-0.1,-1.194,3832
3833,AUG,32,418.0623,10,3.1087,-9.581,-10.9,2.9837,0.0,-1.194,3833
3834,AUG,32,819.8804,5,1.425,-5.981,-8.6,0.0,0.0,-1.194,3834
3835,AUG,32,278.4088,5,4.125,-10.381,-11.1,0.0,-4.6,-1.194,3835
3836,AUG,35,1025.8,6,0.8649,-11.781,-11.1,0.3399,-2.4,-1.194,3836
3837,AUG,32,71.4505,5,7.525,-5.181,-11.1,0.0,-2.8,-1.194,3837
3838,AUG,31,2902.4004,6,-1.7351,-12.781,-10.4,0.3399,-1.5,-1.194,3838
3839,AUG,32,106.5943,5,6.525,-2.181,-9.8,0.0,-0.1,-1.194,3839
3840,AUG,32,1684.4658,5,-0.375,-7.581,-8.4,0.0,0.0,-1.194,3840
3841,AUG,35,1304.0671,6,0.2649,-10.881,-12.0,0.3399,0.0,-1.194,3841
3842,AUG,35,169.5444,6,5.3649,-7.881,-14.1,0.3399,0.0,-1.194,3842
3843,AUG,32,186.6183,5,5.125,-7.481,-13.8,0.0,0.0,-1.194,3843
3844,AUG,35,243.0185,6,4.4649,-8.381,-13.7,0.3399,0.0,-1.194,3844
3845,AUG,38,4952.9133,4,-3.0711,-8.581,-6.7,0.0039,0.0,-1.194,3845
3846,AUG,32,106.5943,5,6.525,-6.581,-9.8,0.0,-4.5,-1.194,3846
3847,AUG,35,1067.6664,6,0.7649,-8.981,-8.2,0.3399,-2.4,-1.194,3847
3848,AUG,35,562.9498,6,2.3649,-10.681,-13.9,0.3399,0.0,-1.194,3848
3849,AUG,35,634.7289,6,2.0649,-8.881,-11.8,0.3399,0.0,-1.194,3849
3850,AUG,35,3144.1487,6,-1.9351,-13.281,-12.2,0.3399,0.0,-1.194,3850
3851,AUG,35,562.9498,6,2.3649,-7.981,-11.2,0.3399,0.0,-1.194,3851
3852,AUG,32,368.3775,5,3.425,-1.881,-6.5,0.0,0.0,-1.194,3852
3853,AUG,32,528.0183,5,2.525,-9.881,-10.3,0.0,-3.3,-1.194,3853
3854,AUG,35,4506.7026,6,-2.8351,-13.381,-11.4,0.3399,0.0,-1.194,3854
3855,AUG,35,308.9417,6,3.8649,-6.381,-11.1,0.3399,0.0,-1.194,3855
3856,AUG,38,5812.3561,4,-3.4711,-8.581,-6.3,0.0039,0.0,-1.194,3856
3857,AUG,22,20607.6264,6,-6.6351,-15.781,-10.0,0.3399,0.0,-1.194,3857
3858,AUG,35,3840.3201,6,-2.4351,-13.781,-12.2,0.3399,0.0,-1.194,3858
3859,AUG,32,399.0606,5,3.225,-5.481,-9.9,0.0,0.0,-1.194,3859
3860,AUG,35,224.3332,6,4.6649,-5.781,-11.3,0.3399,0.0,-1.194,3860
3861,AUG,35,308.9417,6,3.8649,-6.381,-11.1,0.3399,0.0,-1.194,3861
3862,AUG,32,0.0005,23,36.994,-2.781,-15.2,25.769,0.0,-1.194,3862
3863,AUG,32,313.9075,5,3.825,-9.781,-10.5,0.0,-4.3,-1.194,3863
3864,AUG,38,61567.505,4,-9.3711,-12.981,-4.8,0.0039,0.0,-1.194,3864
3865,AUG,35,377.347,6,3.3649,-10.481,-13.8,0.3399,-0.9,-1.194,3865
3866,AUG,32,301.5982,5,3.925,-10.381,-10.9,0.0,-4.6,-1.194,3866
3867,AUG,35,176.4641,6,5.2649,-8.181,-14.3,0.3399,0.0,-1.194,3867
3868,AUG,32,51.8827,5,8.325,-5.681,-11.9,0.0,-3.3,-1.194,3868
3869,AUG,35,334.6743,6,3.6649,-10.481,-15.0,0.3399,0.0,-1.194,3869
3870,AUG,32,452.8837,10,2.9087,-9.581,-10.7,2.9837,0.0,-1.194,3870
3871,AUG,38,46530.901,4,-8.6711,-13.281,-5.8,0.0039,0.0,-1.194,3871
3872,AUG,32,619.6414,5,2.125,-8.881,-12.2,0.0,0.0,-1.194,3872
3873,AUG,35,1725.4804,6,-0.4351,-11.081,-11.5,0.3399,0.0,-1.194,3873
3874,AUG,35,408.7772,6,3.1649,-7.981,-12.0,0.3399,0.0,-1.194,3874
3875,AUG,32,785.1623,7,1.5332,-5.481,-7.4,0.8082,0.0,-1.194,3875
3876,AUG,35,467.3885,8,2.8299,-8.981,-11.6,1.4049,0.0,-1.194,3876
3877,AUG,38,18542.3787,4,-6.3711,-12.081,-6.9,0.0039,0.0,-1.194,3877
3878,AUG,32,924.4196,5,1.125,-11.981,-11.5,0.0,-2.8,-1.194,3878
3879,AUG,19,166.5961,10,5.4087,-7.181,-10.8,2.9837,0.0,-1.194,3879
3880,AUG,35,3144.1487,6,-1.9351,-10.781,-9.7,0.3399,0.0,-1.194,3880
3881,AUG,35,3689.7297,6,-2.3351,-14.181,-12.7,0.3399,0.0,-1.194,3881
3882,AUG,35,2376.2547,6,-1.2351,-9.881,-9.5,0.3399,0.0,-1.194,3882
3883,AUG,22,106246.7495,6,-10.7351,-15.881,-6.0,0.3399,0.0,-1.194,3883
3884,AUG,35,634.7289,6,2.0649,-9.881,-11.8,0.3399,-1.0,-1.194,3884
3885,AUG,38,2944.5126,4,-1.7711,-8.581,-8.0,0.0039,0.0,-1.194,3885
3886,AUG,32,485.8308,7,2.7332,-5.381,-8.5,0.8082,0.0,-1.194,3886
3887,AUG,35,71.4505,5,7.525,-7.281,-10.3,0.0,-5.7,-1.194,3887
3888,AUG,35,909.7962,6,1.1649,-9.681,-11.4,0.3399,-0.3,-1.194,3888
3889,AUG,38,38095.8012,4,-8.1711,-12.381,-5.4,0.0039,0.0,-1.194,3889
3890,AUG,35,2202.1392,9,-1.0449,-11.081,-9.1,2.1301,0.0,-1.194,3890
3891,AUG,35,9637.0351,6,-4.7351,-15.581,-10.7,0.3399,-1.0,-1.194,3891
3892,AUG,35,1470.3426,6,-0.0351,-8.581,-9.4,0.3399,0.0,-1.194,3892
3893,AUG,35,609.8393,6,2.1649,-6.881,-9.6,0.3399,-0.3,-1.194,3893
3894,AUG,35,562.9498,6,2.3649,-11.681,-13.9,0.3399,-1.0,-1.194,3894
3895,AUG,35,176.4641,6,5.2649,-8.181,-14.3,0.3399,0.0,-1.194,3895
3896,AUG,32,727.1632,5,1.725,-8.581,-8.9,0.0,-2.6,-1.194,3896
3897,AUG,32,152.7883,5,5.625,-2.081,-8.9,0.0,0.0,-1.194,3897
3898,AUG,35,985.5754,6,0.9649,-6.881,-8.4,0.3399,-0.3,-1.194,3898
3899,AUG,32,312.8841,7,3.8332,-4.681,-8.9,0.8082,0.0,-1.194,3899
3900,AUG,35,4329.9814,6,-2.7351,-16.081,-12.3,0.3399,-1.9,-1.194,3900
3901,AUG,35,138.8095,6,5.8649,-7.481,-13.2,0.3399,-1.0,-1.194,3901
3902,AUG,35,562.9498,6,2.3649,-7.981,-11.2,0.3399,0.0,-1.194,3902
3903,AUG,35,3855.3602,9,-2.4449,-11.981,-8.6,2.1301,0.0,-1.194,3903
3904,AUG,32,368.3775,5,3.425,-2.881,-6.5,0.0,-1.0,-1.194,3904
3905,AUG,28,7687.3897,8,-4.1701,-9.581,-5.2,1.4049,0.0,-1.194,3905
3906,AUG,35,1795.9031,6,-0.5351,-11.581,-10.2,0.3399,-1.7,-1.194,3906
3907,AUG,32,1042.288,5,0.825,-11.881,-10.9,0.0,-3.0,-1.194,3907
3908,AUG,32,172.2696,5,5.325,-4.381,-10.9,0.0,0.0,-1.194,3908
3909,AUG,35,252.9369,6,4.3649,-7.481,-12.7,0.3399,0.0,-1.194,3909
3910,AUG,35,425.4608,6,3.0649,-7.081,-10.7,0.3399,-0.3,-1.194,3910
3911,AUG,28,22608.9581,7,-6.8668,-11.581,-5.1,0.8082,0.0,-1.194,3911
3912,AUG,32,449.943,5,2.925,-5.781,-9.9,0.0,0.0,-1.194,3912
3913,AUG,35,1304.0671,6,0.2649,-10.881,-12.0,0.3399,0.0,-1.194,3913
3914,AUG,32,80.5609,5,7.225,-2.981,-10.4,0.0,-1.0,-1.194,3914
3915,AUG,35,1357.2905,6,0.1649,-9.381,-8.5,0.3399,-1.9,-1.194,3915
3916,AUG,35,5963.0575,6,-3.5351,-11.281,-8.6,0.3399,0.0,-1.194,3916
3917,AUG,35,3406.0327,6,-2.1351,-13.681,-11.4,0.3399,-1.0,-1.194,3917
3918,AUG,35,1530.3523,6,-0.1351,-10.881,-11.3,0.3399,-0.3,-1.194,3918
3919,AUG,38,8671.2341,4,-4.4711,-13.281,-10.0,0.0039,0.0,-1.194,3919
3920,AUG,35,263.2601,6,4.2649,-7.681,-10.9,0.3399,-1.9,-1.194,3920
3921,AUG,35,6997.7831,6,-3.9351,-13.181,-9.4,0.3399,-0.7,-1.194,3921
3922,AUG,32,140.5808,7,5.8332,-2.981,-9.2,0.8082,0.0,-1.194,3922
3923,AUG,35,8896.0599,6,-4.5351,-16.281,-9.7,0.3399,-2.9,-1.194,3923
3924,AUG,35,207.8957,9,4.8551,-11.081,-15.0,2.1301,0.0,-1.194,3924
3925,AUG,32,2949.0516,5,-1.775,-10.781,-10.2,0.0,0.0,-1.194,3925
3926,AUG,38,2944.5126,4,-1.7711,-6.381,-5.8,0.0039,0.0,-1.194,3926
3927,AUG,32,269.2399,10,4.2087,-8.281,-10.7,2.9837,0.0,-1.194,3927
3928,AUG,34,7677.3803,7,-4.1668,-11.581,-7.8,0.8082,0.0,-1.194,3928
3929,AUG,35,1025.8,6,0.8649,-7.181,-8.2,0.3399,-0.7,-1.194,3929
3930,AUG,25,9009.5798,7,-4.5668,-11.581,-7.4,0.8082,0.0,-1.194,3930
3931,AUG,32,201.5032,7,4.9332,-8.781,-10.8,0.8082,-3.3,-1.194,3931
3932,AUG,32,399.0606,5,3.225,-8.081,-9.9,0.0,-2.6,-1.194,3932
3933,AUG,32,727.1632,5,1.725,-9.781,-9.4,0.0,-3.3,-1.194,3933
3934,AUG,35,3840.3201,6,-2.4351,-13.781,-12.2,0.3399,0.0,-1.194,3934
3935,AUG,32,1273.0695,5,0.325,-7.481,-8.0,0.0,-1.0,-1.194,3935
3936,AUG,31,3840.3201,6,-2.4351,-11.281,-9.7,0.3399,0.0,-1.194,3936
3937,AUG,35,408.7772,6,3.1649,-8.981,-12.0,0.3399,-1.0,-1.194,3937
3938,AUG,32,370.7852,10,3.4087,-8.281,-9.9,2.9837,0.0,-1.194,3938
3939,AUG,38,8004.5178,4,-4.2711,-8.781,-5.7,0.0039,0.0,-1.194,3939
3940,AUG,35,2473.2377,6,-1.3351,-14.581,-11.8,0.3399,-2.3,-1.194,3940
3941,AUG,26,519.6655,6,2.5649,-7.381,-10.8,0.3399,0.0,-1.194,3941
3942,AUG,32,487.4199,5,2.725,-5.781,-9.7,0.0,0.0,-1.194,3942
3943,AUG,35,2902.4004,6,-1.7351,-12.681,-10.8,0.3399,-1.0,-1.194,3943
3944,AUG,35,1203.7996,6,0.4649,-12.281,-11.1,0.3399,-2.5,-1.194,3944
3945,AUG,35,687.597,6,1.8649,-9.581,-11.3,0.3399,-1.0,-1.194,3945
3946,AUG,35,8896.0599,6,-4.5351,-14.281,-9.6,0.3399,-1.0,-1.194,3946
3947,AUG,38,16445.4907,4,-6.0711,-13.281,-8.4,0.0039,0.0,-1.194,3947
3948,AUG,19,278.4088,5,4.125,0.719,-4.6,0.0,0.0,-1.194,3948
3949,AUG,35,1025.8,6,0.8649,-9.681,-9.5,0.3399,-1.9,-1.194,3949
3950,AUG,32,159.0241,5,5.525,-5.581,-9.1,0.0,-3.2,-1.194,3950
3951,AUG,35,2574.1789,6,-1.4351,-12.181,-9.7,0.3399,-1.9,-1.194,3951
3952,AUG,35,442.8253,6,2.9649,-9.281,-11.2,0.3399,-1.9,-1.194,3952
3953,AUG,32,1899.2442,5,-0.675,-7.581,-8.1,0.0,0.0,-1.194,3953
3954,AUG,32,418.0623,10,3.1087,-9.581,-10.9,2.9837,0.0,-1.194,3954
3955,AUG,38,726.044,4,1.7289,-4.281,-7.2,0.0039,0.0,-1.194,3955
3956,AUG,35,334.6743,6,3.6649,-10.481,-15.0,0.3399,0.0,-1.194,3956
3957,AUG,35,460.8985,6,2.8649,-8.881,-10.1,0.3399,-2.5,-1.194,3957
3958,AUG,35,562.9498,6,2.3649,-8.881,-9.6,0.3399,-2.5,-1.194,3958
3959,AUG,38,38095.8012,4,-8.1711,-14.081,-6.3,0.0039,-0.8,-1.194,3959
3960,AUG,35,4160.19,6,-2.6351,-12.781,-10.0,0.3399,-1.0,-1.194,3960
3961,AUG,35,207.0846,6,4.8649,-9.381,-14.8,0.3399,-0.3,-1.194,3961
3962,AUG,35,82.5224,6,7.1649,-7.081,-14.8,0.3399,-0.3,-1.194,3962
3963,AUG,32,452.8837,10,2.9087,-9.581,-10.7,2.9837,0.0,-1.194,3963
3964,AUG,32,383.4123,5,3.325,-9.881,-11.1,0.0,-3.3,-1.194,3964
3965,AUG,32,102.4145,5,6.625,-8.881,-13.3,0.0,-3.4,-1.194,3965
3966,AUG,35,169.5444,6,5.3649,-7.881,-14.1,0.3399,0.0,-1.194,3966
3967,AUG,38,4952.9133,4,-3.0711,-8.581,-6.7,0.0039,0.0,-1.194,3967
3968,AUG,32,1042.288,5,0.825,-4.981,-7.0,0.0,0.0,-1.194,3968
3969,AUG,35,1725.4804,6,-0.4351,-11.081,-11.5,0.3399,0.0,-1.194,3969
3970,AUG,32,1747.4987,7,-0.4668,-10.681,-10.6,0.8082,0.0,-1.194,3970
3971,AUG,38,1433.1833,4,0.0289,-6.381,-7.6,0.0039,0.0,-1.194,3971
3972,AUG,35,377.347,6,3.3649,-12.581,-16.5,0.3399,-0.3,-1.194,3972
3973,AUG,32,1554.9501,5,-0.175,-5.881,-5.9,0.0,-1.0,-1.194,3973
3974,AUG,32,301.5982,5,3.925,-2.381,-7.5,0.0,0.0,-1.194,3974
3975,AUG,35,408.7772,6,3.1649,-9.081,-12.4,0.3399,-0.7,-1.194,3975
3976,AUG,35,1025.8,6,0.8649,-9.981,-11.4,0.3399,-0.3,-1.194,3976
3977,AUG,33,467.3885,8,2.8299,-10.681,-13.3,1.4049,0.0,-1.194,3977
3978,AUG,35,8212.0571,6,-4.3351,-11.481,-7.8,0.3399,-0.2,-1.194,3978
3979,AUG,35,3144.1487,6,-1.9351,-11.781,-9.7,0.3399,-1.0,-1.194,3979
3980,AUG,32,1976.7588,5,-0.775,-11.181,-9.1,0.0,-2.5,-1.194,3980
3981,AUG,35,1203.7996,6,0.4649,-9.881,-10.9,0.3399,-0.3,-1.194,3981
3982,AUG,35,2024.8903,6,-0.8351,-11.681,-10.7,0.3399,-1.0,-1.194,3982
3983,AUG,35,499.2879,6,2.6649,-11.381,-13.2,0.3399,-1.7,-1.194,3983
3984,AUG,32,186.6183,5,5.125,-7.481,-13.8,0.0,0.0,-1.194,3984
3985,AUG,38,24534.4055,4,-7.0711,-12.881,-6.2,0.0039,-0.8,-1.194,3985
3986,AUG,35,2193.5485,6,-1.0351,-12.281,-11.8,0.3399,-0.3,-1.194,3986
3987,AUG,32,962.1483,5,1.025,-7.781,-7.5,0.0,-2.5,-1.194,3987
3988,AUG,38,33787.69,4,-7.8711,-12.381,-5.7,0.0039,0.0,-1.194,3988
3989,AUG,35,4506.7026,6,-2.8351,-11.881,-8.9,0.3399,-1.0,-1.194,3989
3990,AUG,35,3689.7297,6,-2.3351,-10.381,-7.9,0.3399,-1.0,-1.194,3990
3991,AUG,35,224.3332,6,4.6649,-6.781,-11.3,0.3399,-1.0,-1.194,3991
3992,AUG,38,22324.0874,6,-6.8351,-14.981,-9.0,0.3399,0.0,-1.194,3992
3993,AUG,38,33787.69,4,-7.8711,-12.981,-6.3,0.0039,0.0,-1.194,3993
3994,AUG,36,3689.7297,6,-2.3351,-9.381,-7.9,0.3399,0.0,-1.194,3994
3995,AUG,36,169.5444,6,5.3649,-7.881,-14.1,0.3399,0.0,-1.194,3995
3996,AUG,36,1725.4804,6,-0.4351,-11.081,-11.5,0.3399,0.0,-1.194,3996
3997,AUG,39,8004.5178,4,-4.2711,-8.781,-5.7,0.0039,0.0,-1.194,3997
3998,AUG,36,263.2601,6,4.2649,-5.781,-10.9,0.3399,0.0,-1.194,3998
3999,AUG,33,172.2696,5,5.325,-4.681,-10.9,0.0,-0.3,-1.194,3999
4000,AUG,33,1899.2442,5,-0.675,-8.881,-9.4,0.0,0.0,-1.194,4000
4001,AUG,33,399.0606,5,3.225,-5.481,-9.9,0.0,0.0,-1.194,4001
4002,AUG,36,93.0445,6,6.8649,-6.781,-14.5,0.3399,0.0,-1.194,4002
4003,AUG,36,377.347,6,3.3649,-12.281,-16.5,0.3399,0.0,-1.194,4003
4004,AUG,36,1657.8191,6,-0.3351,-6.481,-7.0,0.3399,0.0,-1.194,4004
4005,AUG,36,5504.5682,6,-3.3351,-11.281,-8.8,0.3399,0.0,-1.194,4005
4006,AUG,36,1530.3523,6,-0.1351,-10.581,-11.3,0.3399,0.0,-1.194,4006
4007,AUG,36,985.5754,6,0.9649,-6.381,-8.2,0.3399,0.0,-1.194,4007
4008,AUG,33,186.6183,5,5.125,-7.481,-13.8,0.0,0.0,-1.194,4008
4009,AUG,36,11770.849,6,-5.2351,-14.581,-10.2,0.3399,0.0,-1.194,4009
4010,AUG,33,452.8837,10,2.9087,-9.581,-10.7,2.9837,0.0,-1.194,4010
4011,AUG,36,1615.2396,8,-0.2701,-8.981,-8.5,1.4049,0.0,-1.194,4011
4012,AUG,36,2107.5329,6,-0.9351,-9.581,-9.5,0.3399,0.0,-1.194,4012
4013,AUG,36,252.9369,6,4.3649,-7.481,-12.7,0.3399,0.0,-1.194,4013
4014,AUG,36,3840.3201,6,-2.4351,-13.781,-12.2,0.3399,0.0,-1.194,4014
4015,AUG,35,8316.8486,7,-4.3668,-11.581,-7.6,0.8082,0.0,-1.194,4015
4016,AUG,39,4758.6949,4,-2.9711,-8.581,-6.8,0.0039,0.0,-1.194,4016
4017,AUG,36,2574.1789,6,-1.4351,-10.281,-9.7,0.3399,0.0,-1.194,4017
4018,AUG,36,3144.1487,6,-1.9351,-10.781,-9.7,0.3399,0.0,-1.194,4018
4019,AUG,33,313.9075,5,3.825,-1.881,-6.9,0.0,0.0,-1.194,4019
4020,AUG,33,850.5605,7,1.3332,-5.481,-7.2,0.8082,0.0,-1.194,4020
4021,AUG,36,634.7289,6,2.0649,-8.881,-11.8,0.3399,0.0,-1.194,4021
4022,AUG,33,165.5144,5,5.425,-5.481,-8.7,0.0,-3.4,-1.194,4022
4023,AUG,36,687.597,6,1.8649,-8.581,-11.3,0.3399,0.0,-1.194,4023
4024,AUG,36,9637.0351,6,-4.7351,-13.281,-9.4,0.3399,0.0,-1.194,4024
4025,AUG,36,1025.8,6,0.8649,-9.381,-11.1,0.3399,0.0,-1.194,4025
4026,AUG,27,585.9257,6,2.2649,-7.381,-10.5,0.3399,0.0,-1.194,4026
4027,AUG,33,353.9323,5,3.525,-1.981,-6.7,0.0,0.0,-1.194,4027
4028,AUG,36,334.6743,6,3.6649,-10.481,-15.0,0.3399,0.0,-1.194,4028
4029,AUG,39,39650.6199,4,-8.2711,-13.281,-6.2,0.0039,0.0,-1.194,4029
4030,AUG,33,370.7852,10,3.4087,-8.281,-9.9,2.9837,0.0,-1.194,4030
4031,AUG,33,1129.1028,5,0.625,-5.481,-7.3,0.0,0.0,-1.194,4031
4032,AUG,39,19299.156,4,-6.4711,-13.281,-8.0,0.0039,0.0,-1.194,4032
4033,AUG,36,4160.19,6,-2.6351,-11.781,-10.0,0.3399,0.0,-1.194,4033
4034,AUG,33,761.7878,10,1.6087,-8.281,-8.1,2.9837,0.0,-1.194,4034
4035,AUG,33,202.1623,5,4.925,-2.881,-8.2,0.0,-0.8,-1.194,4035
4036,AUG,39,2944.5126,4,-1.7711,-6.381,-5.8,0.0039,0.0,-1.194,4036
4037,AUG,36,2193.5485,6,-1.0351,-11.981,-11.8,0.3399,0.0,-1.194,4037
4038,AUG,36,1156.595,6,0.5649,-9.681,-11.1,0.3399,0.0,-1.194,4038
4039,AUG,36,3855.3602,9,-2.4449,-11.981,-8.6,2.1301,0.0,-1.194,4039
4040,AUG,33,418.0623,10,3.1087,-9.581,-10.9,2.9837,0.0,-1.194,4040
4041,AUG,39,726.044,4,1.7289,-4.281,-7.2,0.0039,0.0,-1.194,4041
4042,AUG,36,10030.3551,6,-4.8351,-13.381,-9.4,0.3399,0.0,-1.194,4042
4043,AUG,33,487.4199,5,2.725,-7.681,-9.7,0.0,-1.9,-1.194,4043
4044,AUG,33,2141.408,5,-0.975,-6.381,-6.6,0.0,0.0,-1.194,4044
4045,AUG,36,1470.3426,6,-0.0351,-8.581,-9.4,0.3399,0.0,-1.194,4045
4046,AUG,36,207.8957,9,4.8551,-11.081,-15.0,2.1301,0.0,-1.194,4046
4047,AUG,33,1970.3141,7,-0.7668,-10.681,-10.3,0.8082,0.0,-1.194,4047
4048,AUG,33,1824.7692,5,-0.575,-6.481,-7.1,0.0,0.0,-1.194,4048
4049,AUG,39,41268.8961,4,-8.3711,-12.381,-5.2,0.0039,0.0,-1.194,4049
4050,AUG,33,485.8308,7,2.7332,-6.181,-8.5,0.8082,-0.8,-1.194,4050
4051,AUG,36,548.4909,8,2.4299,-8.981,-11.2,1.4049,0.0,-1.194,4051
4052,AUG,36,2376.2547,6,-1.2351,-9.881,-9.5,0.3399,0.0,-1.194,4052
4053,AUG,29,25491.7212,7,-7.1668,-11.581,-4.8,0.8082,0.0,-1.194,4053
4054,AUG,33,1273.0695,5,0.325,-6.481,-8.0,0.0,0.0,-1.194,4054
4055,AUG,36,408.7772,6,3.1649,-7.981,-12.0,0.3399,0.0,-1.194,4055
4056,AUG,36,744.8687,6,1.6649,-9.681,-12.2,0.3399,0.0,-1.194,4056
4057,AUG,36,4329.9814,6,-2.7351,-14.181,-12.3,0.3399,0.0,-1.194,4057
4058,AUG,36,687.597,6,1.8649,-6.481,-9.2,0.3399,0.0,-1.194,4058
4059,AUG,36,2024.8903,6,-0.8351,-10.681,-10.7,0.3399,0.0,-1.194,4059
4060,AUG,29,7687.3897,8,-4.1701,-9.581,-5.2,1.4049,0.0,-1.194,4060
4061,AUG,36,2202.1392,9,-1.0449,-11.081,-9.1,2.1301,0.0,-1.194,4061
4062,AUG,36,2376.2547,6,-1.2351,-9.781,-9.4,0.3399,0.0,-1.194,4062
4063,AUG,36,562.9498,6,2.3649,-7.981,-11.2,0.3399,0.0,-1.194,4063
4064,AUG,33,3460.7789,5,-2.175,-9.781,-8.8,0.0,0.0,-1.194,4064
4065,AUG,33,819.8804,5,1.425,-5.981,-8.6,0.0,0.0,-1.194,4065
4066,AUG,34,467.3885,8,2.8299,-10.681,-13.3,1.4049,0.0,-1.194,4066
4067,AUG,36,2788.5887,6,-1.6351,-12.281,-11.5,0.3399,0.0,-1.194,4067
4068,AUG,36,176.4641,6,5.2649,-8.181,-14.3,0.3399,0.0,-1.194,4068
4069,AUG,36,150.3713,6,5.6649,-6.481,-13.0,0.3399,0.0,-1.194,4069
4070,AUG,20,334.6743,6,3.6649,0.319,-4.2,0.3399,0.0,-1.194,4070
4071,AUG,33,266.6195,7,4.2332,-3.781,-8.4,0.8082,0.0,-1.194,4071
4072,AUG,39,2944.5126,4,-1.7711,-6.381,-5.8,0.0039,0.0,-1.194,4072
4073,AUG,33,2949.0516,5,-1.775,-10.781,-10.2,0.0,0.0,-1.194,4073
4074,AUG,33,449.943,5,2.925,-7.681,-9.9,0.0,-1.9,-1.194,4074
4075,AUG,36,2902.4004,6,-1.7351,-11.681,-10.8,0.3399,0.0,-1.194,4075
4076,AUG,36,4506.7026,6,-2.8351,-10.881,-8.9,0.3399,0.0,-1.194,4076
4077,AUG,36,233.489,6,4.5649,-9.081,-14.5,0.3399,0.0,-1.194,4077
4078,AUG,33,1175.1853,5,0.525,-4.881,-6.6,0.0,0.0,-1.194,4078
4079,AUG,33,1899.2442,5,-0.675,-7.581,-8.1,0.0,0.0,-1.194,4079
4080,AUG,39,24534.4055,4,-7.0711,-12.081,-6.2,0.0039,0.0,-1.194,4080
4081,AUG,36,687.597,6,1.8649,-6.581,-9.3,0.3399,0.0,-1.194,4081
4082,AUG,39,4952.9133,4,-3.0711,-8.581,-6.7,0.0039,0.0,-1.194,4082
4083,AUG,36,479.7093,6,2.7649,-6.781,-10.4,0.3399,0.0,-1.194,4083
4084,AUG,36,562.9498,6,2.3649,-6.381,-9.6,0.3399,0.0,-1.194,4084
4085,AUG,36,660.6343,6,1.9649,-8.381,-11.2,0.3399,0.0,-1.194,4085
4086,AUG,33,267.4916,5,4.225,-2.981,-7.8,0.0,-0.6,-1.194,4086
4087,AUG,36,1725.4804,6,-0.4351,-7.781,-8.2,0.3399,0.0,-1.194,4087
4088,AUG,39,61567.505,4,-9.3711,-12.981,-4.8,0.0039,0.0,-1.194,4088
4089,AUG,39,36601.9515,4,-8.0711,-12.381,-5.5,0.0039,0.0,-1.194,4089
4090,AUG,36,7283.3863,6,-4.0351,-12.481,-9.3,0.3399,0.0,-1.194,4090
4091,AUG,36,9259.1382,6,-4.6351,-11.281,-7.5,0.3399,0.0,-1.194,4091
4092,AUG,33,1493.9759,5,-0.075,-6.581,-7.7,0.0,0.0,-1.194,4092
4093,AUG,36,562.9498,6,2.3649,-10.681,-13.9,0.3399,0.0,-1.194,4093
4094,AUG,36,5081.3313,6,-3.1351,-12.681,-10.4,0.3399,0.0,-1.194,4094
4095,AUG,23,106246.7495,6,-10.7351,-15.881,-6.0,0.3399,0.0,-1.194,4095
4096,AUG,39,53824.1101,6,-9.0351,-14.981,-6.8,0.3399,0.0,-1.194,4096
4097,AUG,33,368.3775,5,3.425,-2.381,-6.7,0.0,-0.3,-1.194,4097
4098,AUG,39,46530.901,4,-8.6711,-13.281,-5.8,0.0039,0.0,-1.194,4098
4099,AUG,32,14377.1281,6,-5.7351,-11.281,-6.4,0.3399,0.0,-1.194,4099
4100,AUG,36,224.3332,6,4.6649,-5.781,-11.3,0.3399,0.0,-1.194,4100
4101,AUG,36,1304.0671,6,0.2649,-10.881,-12.0,0.3399,0.0,-1.194,4101
4102,AUG,36,1111.2415,6,0.6649,-6.581,-8.1,0.3399,0.0,-1.194,4102
4103,AUG,26,25491.7212,7,-7.1668,-11.581,-4.8,0.8082,0.0,-1.194,4103
4104,AUG,33,962.1483,5,1.025,-5.281,-7.2,0.0,-0.3,-1.194,4104
4105,AUG,36,104.9081,6,6.5649,-10.381,-14.3,0.3399,-3.5,-1.194,4105
4106,AUG,39,44706.286,4,-8.5711,-12.381,-5.0,0.0039,0.0,-1.194,4106
4107,AUG,36,1362.6061,9,0.1551,-11.981,-11.2,2.1301,0.0,-1.194,4107
4108,AUG,33,209.7272,7,4.8332,-6.081,-8.3,0.8082,-3.0,-1.194,4108
4109,AUG,33,368.3775,5,3.425,-8.781,-10.4,0.0,-3.0,-1.194,4109
4110,AUG,33,885.2747,7,1.2332,-12.081,-10.7,0.8082,-3.0,-1.194,4110
4111,AUG,36,3144.1487,6,-1.9351,-13.881,-11.6,0.3399,-1.2,-1.194,4111
4112,AUG,36,660.6343,6,1.9649,-7.381,-9.4,0.3399,-0.8,-1.194,4112
4113,AUG,33,671.2529,5,1.925,-9.481,-9.6,0.0,-3.0,-1.194,4113
4114,AUG,33,340.0536,5,3.625,-8.781,-10.6,0.0,-3.0,-1.194,4114
4115,AUG,39,8004.5178,4,-4.2711,-8.781,-5.7,0.0039,0.0,-1.194,4115
4116,AUG,36,2679.2398,6,-1.5351,-15.881,-12.2,0.3399,-3.0,-1.194,4116
4117,AUG,36,660.6343,6,1.9649,-10.281,-11.2,0.3399,-1.9,-1.194,4117
4118,AUG,33,399.0606,5,3.225,-5.181,-9.5,0.0,-0.1,-1.194,4118
4119,AUG,36,408.7772,6,3.1649,-9.181,-12.0,0.3399,-1.2,-1.194,4119
4120,AUG,36,1304.0671,6,0.2649,-10.481,-9.4,0.3399,-2.2,-1.194,4120
4121,AUG,36,1795.9031,6,-0.5351,-11.181,-10.2,0.3399,-1.3,-1.194,4121
4122,AUG,39,5812.3561,4,-3.4711,-8.581,-6.3,0.0039,0.0,-1.194,4122
4123,AUG,36,207.8957,9,4.8551,-11.081,-15.0,2.1301,0.0,-1.194,4123
4124,AUG,39,23572.3385,4,-6.9711,-13.281,-7.5,0.0039,0.0,-1.194,4124
4125,AUG,36,1111.2415,6,0.6649,-10.581,-10.9,0.3399,-1.2,-1.194,4125
4126,AUG,36,909.7962,6,1.1649,-12.981,-12.0,0.3399,-3.0,-1.194,4126
4127,AUG,39,726.044,4,1.7289,-4.281,-7.2,0.0039,0.0,-1.194,4127
4128,AUG,33,819.8804,5,1.425,-4.881,-7.5,0.0,0.0,-1.194,4128
4129,AUG,39,2944.5126,4,-1.7711,-6.381,-5.8,0.0039,0.0,-1.194,4129
4130,AUG,33,432.2994,5,3.025,-8.881,-11.6,0.0,-1.5,-1.194,4130
4131,AUG,39,4952.9133,4,-3.0711,-8.581,-6.7,0.0039,0.0,-1.194,4131
4132,AUG,36,950.6365,9,1.0551,-11.081,-11.2,2.1301,0.0,-1.194,4132
4133,AUG,36,169.5444,6,5.3649,-7.281,-12.7,0.3399,-0.8,-1.194,4133
4134,AUG,29,25491.7212,7,-7.1668,-11.581,-4.8,0.8082,0.0,-1.194,4134
4135,AUG,36,334.6743,6,3.6649,-10.181,-11.2,0.3399,-3.5,-1.194,4135
4136,AUG,32,4690.6365,6,-2.9351,-11.281,-9.2,0.3399,0.0,-1.194,4136
4137,AUG,39,39650.6199,4,-8.2711,-12.381,-5.3,0.0039,0.0,-1.194,4137
4138,AUG,35,10158.3494,7,-4.8668,-11.581,-7.1,0.8082,0.0,-1.194,4138
4139,AUG,36,2107.5329,6,-0.9351,-14.681,-13.3,0.3399,-1.3,-1.194,4139
4140,AUG,36,224.3332,6,4.6649,-6.981,-11.3,0.3399,-1.2,-1.194,4140
4141,AUG,36,499.2879,6,2.6649,-7.381,-10.1,0.3399,-0.8,-1.194,4141
4142,AUG,36,67.5628,6,7.6649,-7.581,-15.3,0.3399,-0.8,-1.194,4142
4143,AUG,36,169.5444,6,5.3649,-7.581,-12.6,0.3399,-1.2,-1.194,4143
4144,AUG,36,2024.8903,6,-0.8351,-11.881,-10.7,0.3399,-1.2,-1.194,4144
4145,AUG,36,2376.2547,6,-1.2351,-12.081,-10.5,0.3399,-1.2,-1.194,4145
4146,AUG,36,169.5444,6,5.3649,-9.881,-15.3,0.3399,-0.8,-1.194,4146
4147,AUG,33,383.4123,5,3.325,-4.981,-9.5,0.0,0.0,-1.194,4147
4148,AUG,36,1530.3523,6,-0.1351,-12.781,-12.7,0.3399,-0.8,-1.194,4148
4149,AUG,36,377.347,6,3.3649,-13.081,-16.5,0.3399,-0.8,-1.194,4149
4150,AUG,39,960.6674,4,1.0289,-6.381,-8.6,0.0039,0.0,-1.194,4150
4151,AUG,33,1618.4129,5,-0.275,-13.781,-11.7,0.0,-3.0,-1.194,4151
4152,AUG,36,100.7944,6,6.6649,-10.081,-14.1,0.3399,-3.5,-1.194,4152
4153,AUG,36,118.2845,6,6.2649,-7.081,-12.9,0.3399,-1.3,-1.194,4153
4154,AUG,36,2788.5887,6,-1.6351,-15.481,-11.7,0.3399,-3.0,-1.194,4154
4155,AUG,27,585.9257,6,2.2649,-7.381,-10.5,0.3399,0.0,-1.194,4155
4156,AUG,36,128.1367,6,6.0649,-7.681,-13.4,0.3399,-1.2,-1.194,4156
4157,AUG,39,33787.69,4,-7.8711,-13.281,-6.6,0.0039,0.0,-1.194,4157
4158,AUG,36,585.9257,6,2.2649,-10.981,-12.8,0.3399,-1.3,-1.194,4158
4159,AUG,33,135.0682,7,5.9332,-7.481,-10.8,0.8082,-3.0,-1.194,4159
4160,AUG,33,340.0536,5,3.625,-5.381,-10.2,0.0,0.0,-1.194,4160
4161,AUG,33,430.89,7,3.0332,-8.381,-8.8,0.8082,-3.0,-1.194,4161
4162,AUG,36,562.9498,6,2.3649,-11.881,-13.9,0.3399,-1.2,-1.194,4162
4163,AUG,36,806.9107,6,1.4649,-8.381,-8.8,0.3399,-1.9,-1.194,4163
4164,AUG,36,1530.3523,6,-0.1351,-11.381,-11.3,0.3399,-0.8,-1.194,4164
4165,AUG,33,528.0183,5,2.525,-8.981,-9.7,0.0,-3.0,-1.194,4165
4166,AUG,33,219.0009,5,4.725,-5.381,-11.3,0.0,0.0,-1.194,4166
4167,AUG,33,256.1646,7,4.3332,-8.481,-10.2,0.8082,-3.0,-1.194,4167
4168,AUG,33,1042.288,5,0.825,-9.581,-8.6,0.0,-3.0,-1.194,4168
4169,AUG,33,2319.7712,5,-1.175,-7.881,-7.9,0.0,0.0,-1.194,4169
4170,AUG,33,1175.1853,5,0.525,-10.581,-9.3,0.0,-3.0,-1.194,4170
4171,AUG,33,140.5808,7,5.8332,-7.681,-10.9,0.8082,-3.0,-1.194,4171
4172,AUG,33,1379.1066,5,0.125,-9.381,-7.7,0.0,-3.0,-1.194,4172
4173,AUG,36,1412.6861,6,0.0649,-11.581,-11.2,0.3399,-1.3,-1.194,4173
4174,AUG,36,198.9642,6,4.9649,-12.681,-15.0,0.3399,-3.5,-1.194,4174
4175,AUG,33,100.7944,6,6.6649,-7.081,-11.6,0.3399,-3.0,-1.194,4175
4176,AUG,36,1025.8,6,0.8649,-13.281,-11.5,0.3399,-3.5,-1.194,4176
4177,AUG,36,744.8687,6,1.6649,-10.181,-11.9,0.3399,-0.8,-1.194,4177
4178,AUG,33,1129.1028,5,0.625,-8.481,-10.3,0.0,0.0,-1.194,4178
4179,AUG,34,246.4405,8,4.4299,-12.081,-13.3,1.4049,-3.0,-1.194,4179
4180,AUG,36,2902.4004,6,-1.7351,-12.881,-10.8,0.3399,-1.2,-1.194,4180
4181,AUG,33,1042.288,5,0.825,-8.081,-10.0,0.0,-0.1,-1.194,4181
4182,AUG,36,4329.9814,6,-2.7351,-15.481,-12.3,0.3399,-1.3,-1.194,4182
4183,AUG,39,46530.901,4,-8.6711,-13.281,-5.8,0.0039,0.0,-1.194,4183
4184,AUG,36,5288.7177,6,-3.2351,-14.481,-10.9,0.3399,-1.2,-1.194,4184
4185,AUG,39,20906.6312,4,-6.6711,-12.081,-6.6,0.0039,0.0,-1.194,4185
4186,AUG,39,75199.6649,4,-9.8711,-12.981,-4.3,0.0039,0.0,-1.194,4186
4187,AUG,20,39.4677,10,9.0087,-1.181,-8.4,2.9837,0.0,-1.194,4187
4188,AUG,33,2949.0516,5,-1.775,-12.781,-9.2,0.0,-3.0,-1.194,4188
4189,AUG,36,3144.1487,6,-1.9351,-13.481,-10.2,0.3399,-2.2,-1.194,4189
4190,AUG,26,23531.7063,7,-6.9668,-11.581,-5.0,0.8082,0.0,-1.194,4190
4191,AUG,36,634.7289,6,2.0649,-10.081,-11.8,0.3399,-1.2,-1.194,4191
4192,AUG,33,399.0606,5,3.225,-8.481,-12.9,0.0,0.0,-1.194,4192
4193,AUG,36,348.3335,6,3.5649,-7.581,-11.2,0.3399,-0.8,-1.194,4193
4194,AUG,36,687.597,6,1.8649,-9.781,-11.3,0.3399,-1.2,-1.194,4194
4195,AUG,36,8896.0599,6,-4.5351,-15.781,-10.9,0.3399,-1.2,-1.194,4195
4196,AUG,36,460.8985,6,2.8649,-10.381,-13.3,0.3399,-0.8,-1.194,4196
4197,AUG,36,874.1203,6,1.2649,-9.081,-9.9,0.3399,-1.3,-1.194,4197
4198,AUG,33,129.7718,7,6.0332,-7.681,-11.1,0.8082,-3.0,-1.194,4198
4199,AUG,36,5963.0575,6,-3.5351,-11.281,-8.6,0.3399,0.0,-1.194,4199
4200,AUG,23,51713.5067,6,-8.9351,-15.881,-7.8,0.3399,0.0,-1.194,4200
4201,AUG,29,2315.2228,8,-1.1701,-9.581,-8.2,1.4049,0.0,-1.194,4201
4202,AUG,36,660.6343,6,1.9649,-10.981,-12.6,0.3399,-1.2,-1.194,4202
4203,AUG,36,2376.2547,6,-1.2351,-12.981,-11.4,0.3399,-1.2,-1.194,4203
4204,AUG,36,169.5444,6,5.3649,-7.581,-12.6,0.3399,-1.2,-1.194,4204
4205,AUG,39,10865.8086,6,-5.0351,-14.981,-10.8,0.3399,0.0,-1.194,4205
4206,AUG,33,186.6183,5,5.125,-10.481,-13.8,0.0,-3.0,-1.194,4206
4207,AUG,33,1129.1028,5,0.625,-12.581,-10.7,0.0,-3.7,-1.194,4207
4208,AUG,36,176.4641,6,5.2649,-9.581,-12.7,0.3399,-3.0,-1.194,4208
4209,AUG,33,1273.0695,5,0.325,-9.481,-8.0,0.0,-3.0,-1.194,4209
4210,AUG,36,548.4909,8,2.4299,-8.981,-11.2,1.4049,0.0,-1.194,4210
4211,AUG,36,2024.8903,6,-0.8351,-11.981,-10.8,0.3399,-1.2,-1.194,4211
4212,AUG,33,278.4088,5,4.125,-5.081,-10.4,0.0,0.0,-1.194,4212
4213,AUG,36,839.8435,6,1.3649,-10.481,-11.9,0.3399,-0.8,-1.194,4213
4214,AUG,36,1530.3523,6,-0.1351,-13.581,-13.0,0.3399,-1.3,-1.194,4214
4215,AUG,36,414.5333,8,3.1299,-8.981,-11.9,1.4049,0.0,-1.194,4215
4216,AUG,36,1530.3523,6,-0.1351,-9.581,-10.3,0.3399,0.0,-1.194,4216
4217,AUG,36,252.9369,6,4.3649,-7.481,-12.7,0.3399,0.0,-1.194,4217
4218,AUG,39,39083.5403,6,-8.2351,-14.981,-7.6,0.3399,0.0,-1.194,4218
4219,AUG,33,227.939,5,4.625,-5.481,-11.3,0.0,0.0,-1.194,4219
4220,AUG,36,2574.1789,6,-1.4351,-10.281,-9.7,0.3399,0.0,-1.194,4220
4221,AUG,39,2944.5126,4,-1.7711,-6.381,-5.8,0.0039,0.0,-1.194,4221
4222,AUG,33,819.8804,5,1.425,-5.981,-8.6,0.0,0.0,-1.194,4222
4223,AUG,33,51.8827,5,8.325,-5.681,-11.9,0.0,-3.3,-1.194,4223
4224,AUG,36,11770.849,6,-5.2351,-14.581,-10.2,0.3399,0.0,-1.194,4224
4225,AUG,39,2944.5126,4,-1.7711,-6.381,-5.8,0.0039,0.0,-1.194,4225
4226,AUG,36,263.2601,6,4.2649,-5.781,-10.9,0.3399,0.0,-1.194,4226
4227,AUG,36,1530.3523,6,-0.1351,-10.581,-11.3,0.3399,0.0,-1.194,4227
4228,AUG,33,301.5982,5,3.925,-9.981,-10.9,0.0,-4.2,-1.194,4228
4229,AUG,36,1725.4804,6,-0.4351,-7.781,-8.2,0.3399,0.0,-1.194,4229
4230,AUG,36,2902.4004,6,-1.7351,-11.681,-10.8,0.3399,0.0,-1.194,4230
4231,AUG,36,634.7289,6,2.0649,-8.881,-11.8,0.3399,0.0,-1.194,4231
4232,AUG,36,660.6343,6,1.9649,-8.381,-11.2,0.3399,0.0,-1.194,4232
4233,AUG,36,176.4641,6,5.2649,-8.181,-14.3,0.3399,0.0,-1.194,4233
4234,AUG,36,687.597,6,1.8649,-6.581,-9.3,0.3399,0.0,-1.194,4234
4235,AUG,36,93.0445,6,6.8649,-6.781,-14.5,0.3399,0.0,-1.194,4235
4236,AUG,33,485.8308,7,2.7332,-5.481,-8.5,0.8082,-0.1,-1.194,4236
4237,AUG,36,207.8957,9,4.8551,-11.081,-15.0,2.1301,0.0,-1.194,4237
4238,AUG,36,377.347,6,3.3649,-12.281,-16.5,0.3399,0.0,-1.194,4238
4239,AUG,33,452.8837,10,2.9087,-9.581,-10.7,2.9837,0.0,-1.194,4239
4240,AUG,33,3460.7789,5,-2.175,-9.781,-8.8,0.0,0.0,-1.194,4240
4241,AUG,36,2376.2547,6,-1.2351,-9.881,-9.5,0.3399,0.0,-1.194,4241
4242,AUG,36,7283.3863,6,-4.0351,-12.481,-9.3,0.3399,0.0,-1.194,4242
4243,AUG,36,4160.19,6,-2.6351,-11.781,-10.0,0.3399,0.0,-1.194,4243
4244,AUG,36,9259.1382,6,-4.6351,-11.281,-7.5,0.3399,0.0,-1.194,4244
4245,AUG,36,562.9498,6,2.3649,-10.681,-13.9,0.3399,0.0,-1.194,4245
4246,AUG,36,3144.1487,6,-1.9351,-10.781,-9.7,0.3399,0.0,-1.194,4246
4247,AUG,39,726.044,4,1.7289,-4.281,-7.2,0.0039,0.0,-1.194,4247
4248,AUG,36,1725.4804,6,-0.4351,-11.081,-11.5,0.3399,0.0,-1.194,4248
4249,AUG,36,4506.7026,6,-2.8351,-10.881,-8.9,0.3399,0.0,-1.194,4249
4251,AUG,33,595.3434,5,2.225,-1.881,-5.3,0.0,0.0,-1.194,4251
4252,AUG,33,962.1483,5,1.025,-6.481,-8.7,0.0,0.0,-1.194,4252
4253,AUG,36,985.5754,6,0.9649,-6.381,-8.2,0.3399,0.0,-1.194,4253
4254,AUG,39,4572.0923,4,-2.8711,-8.581,-6.9,0.0039,0.0,-1.194,4254
4255,AUG,36,10030.3551,6,-4.8351,-13.381,-9.4,0.3399,0.0,-1.194,4255
4256,AUG,36,5081.3313,6,-3.1351,-12.681,-10.4,0.3399,0.0,-1.194,4256
4257,AUG,33,1493.9759,5,-0.075,-6.581,-7.7,0.0,0.0,-1.194,4257
4258,AUG,36,548.4909,8,2.4299,-8.981,-11.2,1.4049,0.0,-1.194,4258
4259,AUG,33,2141.408,5,-0.975,-6.381,-6.6,0.0,0.0,-1.194,4259
4260,AUG,39,4952.9133,4,-3.0711,-8.581,-6.7,0.0039,0.0,-1.194,4260
4261,AUG,36,9637.0351,6,-4.7351,-13.281,-9.4,0.3399,0.0,-1.194,4261
4262,AUG,36,4329.9814,6,-2.7351,-14.181,-12.3,0.3399,0.0,-1.194,4262
4263,AUG,33,368.3775,5,3.425,-1.981,-6.6,0.0,0.0,-1.194,4263
4264,AUG,36,2193.5485,6,-1.0351,-11.981,-11.8,0.3399,0.0,-1.194,4264
4265,AUG,36,562.9498,6,2.3649,-6.481,-9.7,0.3399,0.0,-1.194,4265
4266,AUG,36,1304.0671,6,0.2649,-10.881,-12.0,0.3399,0.0,-1.194,4266
4267,AUG,39,24534.4055,4,-7.0711,-12.081,-6.2,0.0039,0.0,-1.194,4267
4268,AUG,36,224.3332,6,4.6649,-5.781,-11.3,0.3399,0.0,-1.194,4268
4269,AUG,36,150.3713,6,5.6649,-6.481,-13.0,0.3399,0.0,-1.194,4269
4270,AUG,33,528.0183,5,2.525,-9.881,-10.3,0.0,-3.3,-1.194,4270
4271,AUG,29,7687.3897,8,-4.1701,-9.581,-5.2,1.4049,0.0,-1.194,4271
4272,AUG,39,39650.6199,4,-8.2711,-13.281,-6.2,0.0039,0.0,-1.194,4272
4273,AUG,36,562.9498,6,2.3649,-7.981,-11.2,0.3399,0.0,-1.194,4273
4274,AUG,36,3855.3602,9,-2.4449,-11.981,-8.6,2.1301,0.0,-1.194,4274
4275,AUG,34,138.8095,6,5.8649,-9.881,-13.3,0.3399,-3.3,-1.194,4275
4276,AUG,36,334.6743,6,3.6649,-10.481,-15.0,0.3399,0.0,-1.194,4276
4277,AUG,36,1657.8191,6,-0.3351,-6.481,-7.0,0.3399,0.0,-1.194,4277
4278,AUG,39,18542.3787,4,-6.3711,-13.281,-8.1,0.0039,0.0,-1.194,4278
4279,AUG,36,744.8687,6,1.6649,-9.681,-12.2,0.3399,0.0,-1.194,4279
4280,AUG,36,2202.1392,9,-1.0449,-11.081,-9.1,2.1301,0.0,-1.194,4280
4281,AUG,33,418.0623,10,3.1087,-9.581,-10.9,2.9837,0.0,-1.194,4281
4282,AUG,35,4048.0618,7,-2.5668,-11.581,-9.4,0.8082,0.0,-1.194,4282
4283,AUG,36,562.9498,6,2.3649,-6.381,-9.6,0.3399,0.0,-1.194,4283
4284,AUG,33,924.4196,5,1.125,-11.981,-11.5,0.0,-2.8,-1.194,4284
4285,AUG,33,135.51,5,5.925,-4.881,-9.2,0.0,-2.8,-1.194,4285
4286,AUG,36,169.5444,6,5.3649,-7.881,-14.1,0.3399,0.0,-1.194,4286
4287,AUG,29,25491.7212,7,-7.1668,-11.581,-4.8,0.8082,0.0,-1.194,4287
4288,AUG,33,267.4916,5,4.225,-2.181,-7.5,0.0,-0.1,-1.194,4288
4289,AUG,39,46530.901,4,-8.6711,-13.281,-5.8,0.0039,0.0,-1.194,4289
4290,AUG,33,71.4505,5,7.525,-5.181,-11.1,0.0,-2.8,-1.194,4290
4291,AUG,36,687.597,6,1.8649,-8.581,-11.3,0.3399,0.0,-1.194,4291
4292,AUG,36,2376.2547,6,-1.2351,-9.781,-9.4,0.3399,0.0,-1.194,4292
4293,AUG,33,1899.2442,5,-0.675,-7.581,-8.1,0.0,0.0,-1.194,4293
4294,AUG,36,10865.8086,6,-5.0351,-11.281,-7.1,0.3399,0.0,-1.194,4294
4295,AUG,39,35166.6801,4,-7.9711,-12.381,-5.6,0.0039,0.0,-1.194,4295
4296,AUG,33,1824.7692,5,-0.575,-6.481,-7.1,0.0,0.0,-1.194,4296
4297,AUG,36,479.7093,6,2.7649,-6.781,-10.4,0.3399,0.0,-1.194,4297
4298,AUG,33,71.4505,5,7.525,-7.581,-10.8,0.0,-5.5,-1.194,4298
4299,AUG,33,850.5605,7,1.3332,-5.481,-7.2,0.8082,0.0,-1.194,4299
4300,AUG,36,233.489,6,4.5649,-9.081,-14.5,0.3399,0.0,-1.194,4300
4301,AUG,33,1129.1028,5,0.625,-5.481,-7.3,0.0,0.0,-1.194,4301
4302,AUG,36,2679.2398,6,-1.5351,-9.381,-8.7,0.3399,0.0,-1.194,4302
4303,AUG,32,5729.2283,6,-3.4351,-11.281,-8.7,0.3399,0.0,-1.194,4303
4304,AUG,36,1156.595,6,0.5649,-9.681,-11.1,0.3399,0.0,-1.194,4304
4305,AUG,36,3840.3201,6,-2.4351,-13.781,-12.2,0.3399,0.0,-1.194,4305
4306,AUG,39,8004.5178,4,-4.2711,-8.781,-5.7,0.0039,0.0,-1.194,4306
4307,AUG,33,383.4123,5,3.325,-4.881,-9.4,0.0,0.0,-1.194,4307
4308,AUG,36,2788.5887,6,-1.6351,-12.281,-11.5,0.3399,0.0,-1.194,4308
4309,AUG,39,75199.6649,4,-9.8711,-12.981,-4.3,0.0039,0.0,-1.194,4309
4310,AUG,27,585.9257,6,2.2649,-7.381,-10.5,0.3399,0.0,-1.194,4310
4311,AUG,33,698.649,5,1.825,-8.881,-11.9,0.0,0.0,-1.194,4311
4312,AUG,33,125.0909,5,6.125,-9.981,-13.1,0.0,-4.2,-1.194,4312
4313,AUG,20,150.3713,6,5.6649,0.419,-6.1,0.3399,0.0,-1.194,4313
4314,AUG,33,172.2696,5,5.325,-7.181,-10.9,0.0,-2.8,-1.194,4314
4315,AUG,33,65.9568,5,7.725,-5.481,-11.1,0.0,-3.3,-1.194,4315
4316,AUG,36,2024.8903,6,-0.8351,-10.681,-10.7,0.3399,0.0,-1.194,4316
4317,AUG,36,408.7772,6,3.1649,-7.981,-12.0,0.3399,0.0,-1.194,4317
4318,AUG,36,1111.2415,6,0.6649,-6.581,-8.1,0.3399,0.0,-1.194,4318
4319,AUG,36,1025.8,6,0.8649,-9.381,-11.1,0.3399,0.0,-1.194,4319
4320,AUG,23,83575.3936,6,-10.1351,-15.781,-6.5,0.3399,0.0,-1.194,4320
4321,AUG,33,186.6183,5,5.125,-7.481,-13.8,0.0,0.0,-1.194,4321
4322,AUG,39,39650.6199,4,-8.2711,-12.381,-5.3,0.0039,0.0,-1.194,4322
4323,AUG,36,1470.3426,6,-0.0351,-8.581,-9.4,0.3399,0.0,-1.194,4323
4324,AUG,26,25491.7212,7,-7.1668,-11.581,-4.8,0.8082,0.0,-1.194,4324
4325,AUG,33,353.9323,5,3.525,-7.781,-9.7,0.0,-2.8,-1.194,4325
4326,AUG,36,1615.2396,8,-0.2701,-8.981,-8.5,1.4049,0.0,-1.194,4326
4327,AUG,39,39650.6199,4,-8.2711,-12.381,-5.3,0.0039,0.0,-1.194,4327
4328,AUG,26,11453.5932,7,-5.1668,-11.581,-6.8,0.8082,0.0,-1.194,4328
4329,AUG,33,1379.1066,5,0.125,-6.581,-7.9,0.0,0.0,-1.194,4329
4330,AUG,39,5155.0585,4,-3.1711,-8.581,-6.6,0.0039,0.0,-1.194,4330
4331,AUG,36,176.4641,6,5.2649,-8.181,-14.3,0.3399,0.0,-1.194,4331
4332,AUG,33,179.3005,5,5.225,-5.781,-12.2,0.0,0.0,-1.194,4332
4333,AUG,36,224.3332,6,4.6649,-5.781,-11.3,0.3399,0.0,-1.194,4333
4334,AUG,23,47737.3435,6,-8.7351,-15.981,-8.1,0.3399,0.0,-1.194,4334
4335,AUG,33,186.6183,5,5.125,-7.481,-13.8,0.0,0.0,-1.194,4335
4336,AUG,36,2902.4004,6,-1.7351,-11.681,-10.8,0.3399,0.0,-1.194,4336
4337,AUG,36,207.8957,9,4.8551,-11.081,-15.0,2.1301,0.0,-1.194,4337
4338,AUG,36,408.7772,6,3.1649,-7.981,-12.0,0.3399,0.0,-1.194,4338
4339,AUG,36,4329.9814,6,-2.7351,-14.181,-12.3,0.3399,0.0,-1.194,4339
4340,AUG,33,669.0645,7,1.9332,-4.681,-7.0,0.8082,0.0,-1.194,4340
4341,AUG,36,1304.0671,6,0.2649,-10.881,-12.0,0.3399,0.0,-1.194,4341
4342,AUG,36,562.9498,6,2.3649,-6.381,-9.6,0.3399,0.0,-1.194,4342
4343,AUG,36,1725.4804,6,-0.4351,-11.081,-11.5,0.3399,0.0,-1.194,4343
4344,AUG,36,2193.5485,6,-1.0351,-11.981,-11.8,0.3399,0.0,-1.194,4344
4345,AUG,36,634.7289,6,2.0649,-8.881,-11.8,0.3399,0.0,-1.194,4345
4346,AUG,36,16871.8856,6,-6.1351,-11.281,-6.0,0.3399,0.0,-1.194,4346
4347,AUG,36,1111.2415,6,0.6649,-6.581,-8.1,0.3399,0.0,-1.194,4347
4348,AUG,36,169.5444,6,5.3649,-7.881,-14.1,0.3399,0.0,-1.194,4348
4349,AUG,36,479.7093,6,2.7649,-6.781,-10.4,0.3399,0.0,-1.194,4349
4350,AUG,39,20906.6312,4,-6.6711,-13.281,-7.8,0.0039,0.0,-1.194,4350
4351,AUG,36,744.8687,6,1.6649,-9.681,-12.2,0.3399,0.0,-1.194,4351
4352,AUG,33,172.2696,5,5.325,-4.381,-10.9,0.0,0.0,-1.194,4352
4353,AUG,36,150.3713,6,5.6649,-6.481,-13.0,0.3399,0.0,-1.194,4353
4354,AUG,33,289.7717,5,4.025,-2.681,-7.2,0.0,-0.7,-1.194,4354
4355,AUG,33,1379.1066,5,0.125,-8.881,-10.2,0.0,0.0,-1.194,4355
4356,AUG,36,1530.3523,6,-0.1351,-10.581,-11.3,0.3399,0.0,-1.194,4356
4357,AUG,36,1252.9307,6,0.3649,-6.481,-7.7,0.3399,0.0,-1.194,4357
4358,AUG,33,278.4088,5,4.125,-2.081,-7.4,0.0,0.0,-1.194,4358
4359,AUG,27,585.9257,6,2.2649,-7.381,-10.5,0.3399,0.0,-1.194,4359
4360,AUG,33,819.8804,5,1.425,-5.981,-8.6,0.0,0.0,-1.194,4360
4361,AUG,33,452.8837,10,2.9087,-9.581,-10.7,2.9837,0.0,-1.194,4361
4362,AUG,39,2944.5126,4,-1.7711,-6.381,-5.8,0.0039,0.0,-1.194,4362
4363,AUG,33,1824.7692,5,-0.575,-6.481,-7.1,0.0,0.0,-1.194,4363
4364,AUG,33,301.5982,5,3.925,-2.381,-7.5,0.0,0.0,-1.194,4364
4365,AUG,36,839.8435,6,1.3649,-9.581,-11.8,0.3399,0.0,-1.194,4365
4366,AUG,36,687.597,6,1.8649,-8.581,-11.3,0.3399,0.0,-1.194,4366
4367,AUG,35,10158.3494,7,-4.8668,-11.581,-7.1,0.8082,0.0,-1.194,4367
4368,AUG,39,8004.5178,4,-4.2711,-8.781,-5.7,0.0039,0.0,-1.194,4368
4369,AUG,36,9637.0351,6,-4.7351,-13.281,-9.4,0.3399,0.0,-1.194,4369
4370,AUG,39,4952.9133,4,-3.0711,-8.581,-6.7,0.0039,0.0,-1.194,4370
4371,AUG,33,1824.7692,5,-0.575,-7.581,-8.2,0.0,0.0,-1.194,4371
4372,AUG,36,1156.595,6,0.5649,-9.681,-11.1,0.3399,0.0,-1.194,4372
4373,AUG,33,850.5605,7,1.3332,-5.481,-7.2,0.8082,0.0,-1.194,4373
4374,AUG,36,2024.8903,6,-0.8351,-10.681,-10.7,0.3399,0.0,-1.194,4374
4375,AUG,36,334.6743,6,3.6649,-10.481,-15.0,0.3399,0.0,-1.194,4375
4376,AUG,39,2944.5126,4,-1.7711,-6.381,-5.8,0.0039,0.0,-1.194,4376
4377,AUG,36,8547.2189,6,-4.4351,-11.281,-7.7,0.3399,0.0,-1.194,4377
4378,AUG,36,2202.1392,9,-1.0449,-11.081,-9.1,2.1301,0.0,-1.194,4378
4379,AUG,33,1970.3141,7,-0.7668,-10.681,-10.3,0.8082,0.0,-1.194,4379
4380,AUG,36,377.347,6,3.3649,-12.281,-16.5,0.3399,0.0,-1.194,4380
4381,AUG,36,10030.3551,6,-4.8351,-13.381,-9.4,0.3399,0.0,-1.194,4381
4382,AUG,34,467.3885,8,2.8299,-10.681,-13.3,1.4049,0.0,-1.194,4382
4383,AUG,39,24534.4055,4,-7.0711,-12.081,-6.2,0.0039,0.0,-1.194,4383
4384,AUG,36,233.489,6,4.5649,-9.081,-14.5,0.3399,0.0,-1.194,4384
4385,AUG,33,370.7852,10,3.4087,-8.281,-9.9,2.9837,0.0,-1.194,4385
4386,AUG,39,44706.286,4,-8.5711,-12.381,-5.0,0.0039,0.0,-1.194,4386
4387,AUG,36,2376.2547,6,-1.2351,-9.881,-9.5,0.3399,0.0,-1.194,4387
4388,AUG,36,3840.3201,6,-2.4351,-13.781,-12.2,0.3399,0.0,-1.194,4388
4389,AUG,33,71.4505,5,7.525,-7.581,-11.3,0.0,-5.0,-1.194,4389
4390,AUG,33,2949.0516,5,-1.775,-10.781,-10.2,0.0,0.0,-1.194,4390
4391,AUG,36,2574.1789,6,-1.4351,-10.281,-9.7,0.3399,0.0,-1.194,4391
4392,AUG,33,761.7878,10,1.6087,-8.281,-8.1,2.9837,0.0,-1.194,4392
4393,AUG,29,17784.5683,7,-6.2668,-11.581,-5.7,0.8082,0.0,-1.194,4393
4394,AUG,39,53824.1101,6,-9.0351,-14.981,-6.8,0.3399,0.0,-1.194,4394
4395,AUG,33,277.5012,7,4.1332,-3.781,-8.3,0.8082,0.0,-1.194,4395
4396,AUG,33,1042.288,5,0.825,-4.981,-7.0,0.0,0.0,-1.194,4396
4397,AUG,36,5081.3313,6,-3.1351,-12.681,-10.4,0.3399,0.0,-1.194,4397
4398,AUG,33,289.7717,5,4.025,-7.581,-10.5,0.0,-2.3,-1.194,4398
4399,AUG,36,252.9369,6,4.3649,-7.481,-12.7,0.3399,0.0,-1.194,4399
4400,AUG,36,499.2879,6,2.6649,-8.381,-11.9,0.3399,0.0,-1.194,4400
4401,AUG,36,11770.849,6,-5.2351,-14.581,-10.2,0.3399,0.0,-1.194,4401
4402,AUG,36,3855.3602,9,-2.4449,-11.981,-8.6,2.1301,0.0,-1.194,4402
4403,AUG,33,418.0623,10,3.1087,-9.581,-10.9,2.9837,0.0,-1.194,4403
4404,AUG,36,1725.4804,6,-0.4351,-7.781,-8.2,0.3399,0.0,-1.194,4404
4405,AUG,36,985.5754,6,0.9649,-6.381,-8.2,0.3399,0.0,-1.194,4405
4406,AUG,36,93.0445,6,6.8649,-6.781,-14.5,0.3399,0.0,-1.194,4406
4407,AUG,36,4506.7026,6,-2.8351,-10.881,-8.9,0.3399,0.0,-1.194,4407
4408,AUG,36,1615.2396,8,-0.2701,-8.981,-8.5,1.4049,0.0,-1.194,4408
4409,AUG,33,382.1623,7,3.3332,-2.981,-6.7,0.8082,0.0,-1.194,4409
4410,AUG,36,562.9498,6,2.3649,-7.981,-11.2,0.3399,0.0,-1.194,4410
4411,AUG,33,1129.1028,5,0.625,-5.481,-7.3,0.0,0.0,-1.194,4411
4412,AUG,29,7687.3897,8,-4.1701,-9.581,-5.2,1.4049,0.0,-1.194,4412
4413,AUG,33,399.0606,5,3.225,-5.781,-10.2,0.0,0.0,-1.194,4413
4414,AUG,36,1470.3426,6,-0.0351,-8.581,-9.4,0.3399,0.0,-1.194,4414
4415,AUG,36,2788.5887,6,-1.6351,-12.281,-11.5,0.3399,0.0,-1.194,4415
4416,AUG,20,383.4123,5,3.325,0.319,-4.2,0.0,0.0,-1.194,4416
4417,AUG,36,687.597,6,1.8649,-6.581,-9.3,0.3399,0.0,-1.194,4417
4418,AUG,33,507.3131,5,2.625,-10.981,-12.5,0.0,-2.3,-1.194,4418
4419,AUG,39,726.044,4,1.7289,-4.281,-7.2,0.0039,0.0,-1.194,4419
4420,AUG,36,308.9417,6,3.8649,-6.481,-11.2,0.3399,0.0,-1.194,4420
4421,AUG,36,548.4909,8,2.4299,-8.981,-11.2,1.4049,0.0,-1.194,4421
4422,AUG,36,3545.0444,6,-2.2351,-9.381,-8.0,0.3399,0.0,-1.194,4422
4423,AUG,39,46530.901,4,-8.6711,-13.281,-5.8,0.0039,0.0,-1.194,4423
4424,AUG,39,39650.6199,4,-8.2711,-13.281,-6.2,0.0039,0.0,-1.194,4424
4425,AUG,36,3144.1487,6,-1.9351,-10.781,-9.7,0.3399,0.0,-1.194,4425
4426,AUG,36,263.2601,6,4.2649,-5.781,-10.9,0.3399,0.0,-1.194,4426
4427,AUG,33,485.8308,7,2.7332,-5.381,-8.5,0.8082,0.0,-1.194,4427
4428,AUG,36,1025.8,6,0.8649,-9.381,-11.1,0.3399,0.0,-1.194,4428
4429,AUG,39,75199.6649,4,-9.8711,-12.981,-4.3,0.0039,0.0,-1.194,4429
4430,AUG,33,399.0606,5,3.225,-5.481,-9.9,0.0,0.0,-1.194,4430
4431,AUG,36,2376.2547,6,-1.2351,-9.781,-9.4,0.3399,0.0,-1.194,4431
4432,AUG,36,562.9498,6,2.3649,-10.681,-13.9,0.3399,0.0,-1.194,4432
4433,AUG,33,289.7717,5,4.025,-2.581,-7.1,0.0,-0.7,-1.194,4433
4434,AUG,36,3689.7297,6,-2.3351,-11.781,-10.3,0.3399,0.0,-1.194,4434
4435,AUG,33,1753.2145,5,-0.475,-5.581,-5.6,0.0,-0.7,-1.194,4435
4436,AUG,36,7283.3863,6,-4.0351,-12.481,-9.3,0.3399,0.0,-1.194,4436
4437,AUG,32,338.945,7,3.6332,-5.481,-9.4,0.8082,-0.1,-1.194,4437
4438,AUG,33,138.8095,6,5.8649,-9.781,-13.3,0.3399,-3.2,-1.194,4438
4439,AUG,32,3460.7789,5,-2.175,-10.681,-8.8,0.0,-0.9,-1.194,4439
4440,AUG,35,2193.5485,6,-1.0351,-11.981,-11.8,0.3399,0.0,-1.194,4440
4441,AUG,35,2788.5887,6,-1.6351,-12.281,-11.5,0.3399,0.0,-1.194,4441
4442,AUG,35,10030.3551,6,-4.8351,-13.381,-9.4,0.3399,0.0,-1.194,4442
4443,AUG,35,1111.2415,6,0.6649,-6.581,-8.1,0.3399,0.0,-1.194,4443
4444,AUG,32,65.9568,5,7.725,-7.081,-10.7,0.0,-5.3,-1.194,4444
4445,AUG,32,165.5144,5,5.425,-2.181,-8.7,0.0,-0.1,-1.194,4445
4446,AUG,32,172.2696,5,5.325,-6.581,-10.9,0.0,-2.2,-1.194,4446
4447,AUG,35,985.5754,6,0.9649,-6.381,-8.2,0.3399,0.0,-1.194,4447
4448,AUG,38,726.044,4,1.7289,-4.281,-7.2,0.0039,0.0,-1.194,4448
4449,AUG,35,2902.4004,6,-1.7351,-11.681,-10.8,0.3399,0.0,-1.194,4449
4450,AUG,38,38095.8012,4,-8.1711,-14.281,-7.3,0.0039,0.0,-1.194,4450
4451,AUG,35,263.2601,6,4.2649,-5.781,-10.9,0.3399,0.0,-1.194,4451
4452,AUG,28,7687.3897,8,-4.1701,-9.581,-5.2,1.4049,0.0,-1.194,4452
4453,AUG,38,2718.1141,4,-1.5711,-8.781,-8.4,0.0039,0.0,-1.194,4453
4454,AUG,35,7283.3863,6,-4.0351,-12.481,-9.3,0.3399,0.0,-1.194,4454
4455,AUG,32,1493.9759,5,-0.075,-6.581,-7.7,0.0,0.0,-1.194,4455
4456,AUG,32,1435.3926,5,0.025,-7.281,-7.6,0.0,-0.9,-1.194,4456
4457,AUG,38,4572.0923,4,-2.8711,-13.281,-11.6,0.0039,0.0,-1.194,4457
4458,AUG,32,120.1857,5,6.225,-4.881,-9.4,0.0,-2.9,-1.194,4458
4459,AUG,35,460.8985,6,2.8649,-6.481,-10.2,0.3399,0.0,-1.194,4459
4460,AUG,32,54.0002,5,8.225,-5.681,-11.8,0.0,-3.3,-1.194,4460
4461,AUG,26,585.9257,6,2.2649,-7.381,-10.5,0.3399,0.0,-1.194,4461
4462,AUG,35,224.3332,6,4.6649,-5.781,-11.3,0.3399,0.0,-1.194,4462
4463,AUG,35,176.4641,6,5.2649,-8.181,-14.3,0.3399,0.0,-1.194,4463
4464,AUG,19,140.7641,8,5.8299,-0.781,-6.4,1.4049,0.0,-1.194,4464
4465,AUG,35,1615.2396,8,-0.2701,-8.981,-8.5,1.4049,0.0,-1.194,4465
4466,AUG,35,1156.595,6,0.5649,-9.681,-11.1,0.3399,0.0,-1.194,4466
4467,AUG,35,1530.3523,6,-0.1351,-10.581,-11.3,0.3399,0.0,-1.194,4467
4468,AUG,34,4564.2113,7,-2.8668,-12.581,-10.1,0.8082,0.0,-1.194,4468
4469,AUG,35,479.7093,6,2.7649,-6.781,-10.4,0.3399,0.0,-1.194,4469
4470,AUG,32,60.8855,5,7.925,-7.081,-10.9,0.0,-5.3,-1.194,4470
4471,AUG,35,634.7289,6,2.0649,-8.881,-11.8,0.3399,0.0,-1.194,4471
4472,AUG,32,1042.288,5,0.825,-8.381,-8.5,0.0,-1.9,-1.194,4472
4473,AUG,35,1725.4804,6,-0.4351,-11.081,-11.5,0.3399,0.0,-1.194,4473
4474,AUG,35,377.347,6,3.3649,-12.281,-16.5,0.3399,0.0,-1.194,4474
4475,AUG,35,5081.3313,6,-3.1351,-12.681,-10.4,0.3399,0.0,-1.194,4475
4476,AUG,31,14963.9074,6,-5.8351,-11.281,-6.3,0.3399,0.0,-1.194,4476
4477,AUG,32,819.8804,5,1.425,-5.981,-8.6,0.0,0.0,-1.194,4477
4478,AUG,32,727.1632,5,1.725,-8.881,-11.8,0.0,0.0,-1.194,4478
4479,AUG,35,1025.8,6,0.8649,-9.381,-11.1,0.3399,0.0,-1.194,4479
4480,AUG,38,23572.3385,4,-6.9711,-13.281,-7.5,0.0039,0.0,-1.194,4480
4481,AUG,38,1821.9606,4,-0.5711,-8.581,-9.2,0.0039,0.0,-1.194,4481
4482,AUG,35,233.489,6,4.5649,-9.081,-14.5,0.3399,0.0,-1.194,4482
4483,AUG,32,1129.1028,5,0.625,-5.481,-7.3,0.0,0.0,-1.194,4483
4484,AUG,35,150.3713,6,5.6649,-6.481,-13.0,0.3399,0.0,-1.194,4484
4485,AUG,35,2913.7673,9,-1.7449,-11.981,-9.3,2.1301,0.0,-1.194,4485
4486,AUG,32,186.6183,5,5.125,-7.481,-13.8,0.0,0.0,-1.194,4486
4487,AUG,35,4329.9814,6,-2.7351,-14.181,-12.3,0.3399,0.0,-1.194,4487
4488,AUG,35,4506.7026,6,-2.8351,-10.881,-8.9,0.3399,0.0,-1.194,4488
4489,AUG,35,744.8687,6,1.6649,-9.681,-12.2,0.3399,0.0,-1.194,4489
4490,AUG,35,3840.3201,6,-2.4351,-13.781,-12.2,0.3399,0.0,-1.194,4490
4491,AUG,38,12429.0159,4,-5.3711,-12.981,-8.8,0.0039,0.0,-1.194,4491
4492,AUG,38,1376.984,4,0.1289,-8.581,-9.9,0.0039,0.0,-1.194,4492
4493,AUG,35,687.597,6,1.8649,-6.581,-9.3,0.3399,0.0,-1.194,4493
4494,AUG,32,172.2696,5,5.325,-4.281,-8.6,0.0,-2.2,-1.194,4494
4495,AUG,35,2376.2547,6,-1.2351,-9.881,-9.5,0.3399,0.0,-1.194,4495
4496,AUG,35,1252.9307,6,0.3649,-9.581,-10.8,0.3399,0.0,-1.194,4496
4497,AUG,35,4160.19,6,-2.6351,-11.781,-10.0,0.3399,0.0,-1.194,4497
4498,AUG,35,2193.5485,6,-1.0351,-9.381,-9.2,0.3399,0.0,-1.194,4498
4499,AUG,35,18277.1873,6,-6.3351,-12.981,-7.5,0.3399,0.0,-1.194,4499
4500,AUG,35,334.6743,6,3.6649,-10.481,-15.0,0.3399,0.0,-1.194,4500
4501,AUG,35,362.5501,6,3.4649,-8.381,-12.7,0.3399,0.0,-1.194,4501
4502,AUG,35,2574.1789,6,-1.4351,-10.281,-9.7,0.3399,0.0,-1.194,4502
4503,AUG,32,399.0606,5,3.225,-5.481,-9.9,0.0,0.0,-1.194,4503
4504,AUG,38,37550.9584,6,-8.1351,-14.981,-7.7,0.3399,0.0,-1.194,4504
4505,AUG,32,68.6487,5,7.625,-5.481,-11.0,0.0,-3.3,-1.194,4505
4506,AUG,32,1970.3141,7,-0.7668,-10.681,-10.3,0.8082,0.0,-1.194,4506
4507,AUG,35,8547.2189,6,-4.4351,-14.581,-11.0,0.3399,0.0,-1.194,4507
4508,AUG,32,487.4199,5,2.725,-12.381,-13.1,0.0,-3.2,-1.194,4508
4509,AUG,35,2202.1392,9,-1.0449,-11.081,-9.1,2.1301,0.0,-1.194,4509
4510,AUG,35,687.597,6,1.8649,-8.581,-11.3,0.3399,0.0,-1.194,4510
4511,AUG,38,2944.5126,4,-1.7711,-6.381,-5.8,0.0039,0.0,-1.194,4511
4512,AUG,32,487.4199,5,2.725,-8.181,-9.7,0.0,-2.4,-1.194,4512
4513,AUG,28,20052.1959,7,-6.5668,-11.581,-5.4,0.8082,0.0,-1.194,4513
4514,AUG,38,12936.2862,4,-5.4711,-13.081,-8.8,0.0039,0.0,-1.194,4514
4515,AUG,35,207.8957,9,4.8551,-11.081,-15.0,2.1301,0.0,-1.194,4515
4516,AUG,32,696.3713,7,1.8332,-5.481,-7.7,0.8082,0.0,-1.194,4516
4517,AUG,35,909.7962,6,1.1649,-6.481,-8.5,0.3399,0.0,-1.194,4517
4518,AUG,35,408.7772,6,3.1649,-7.981,-12.0,0.3399,0.0,-1.194,4518
4519,AUG,25,10158.3494,7,-4.8668,-11.581,-7.1,0.8082,0.0,-1.194,4519
4520,AUG,32,432.2994,5,3.025,-3.481,-6.1,0.0,-1.6,-1.194,4520
4521,AUG,35,8212.0571,6,-4.3351,-11.681,-8.2,0.3399,0.0,-1.194,4521
4522,AUG,35,2376.2547,6,-1.2351,-9.781,-9.4,0.3399,0.0,-1.194,4522
4523,AUG,35,3144.1487,6,-1.9351,-10.781,-9.7,0.3399,0.0,-1.194,4523
4524,AUG,35,562.9498,6,2.3649,-7.981,-11.2,0.3399,0.0,-1.194,4524
4525,AUG,35,562.9498,6,2.3649,-10.681,-13.9,0.3399,0.0,-1.194,4525
4526,AUG,38,1821.9606,4,-0.5711,-6.381,-7.0,0.0039,0.0,-1.194,4526
4527,AUG,32,60.8855,5,7.925,-6.581,-11.5,0.0,-4.2,-1.194,4527
4528,AUG,32,449.943,5,2.925,-8.181,-9.9,0.0,-2.4,-1.194,4528
4529,AUG,35,1470.3426,6,-0.0351,-8.581,-9.4,0.3399,0.0,-1.194,4529
4530,AUG,32,1753.2145,5,-0.475,-7.581,-8.3,0.0,0.0,-1.194,4530
4531,AUG,35,1725.4804,6,-0.4351,-7.781,-8.2,0.3399,0.0,-1.194,4531
4532,AUG,32,399.0606,5,3.225,-7.781,-9.3,0.0,-2.9,-1.194,4532
4533,AUG,35,2024.8903,6,-0.8351,-10.681,-10.7,0.3399,0.0,-1.194,4533
4534,AUG,35,1304.0671,6,0.2649,-10.881,-12.0,0.3399,0.0,-1.194,4534
4535,AUG,32,77.4018,5,7.325,-4.481,-10.6,0.0,-2.4,-1.194,4535
4536,AUG,35,252.9369,6,4.3649,-7.481,-12.7,0.3399,0.0,-1.194,4536
4537,AUG,35,93.0445,6,6.8649,-6.781,-14.5,0.3399,0.0,-1.194,4537
4538,AUG,35,562.9498,6,2.3649,-6.381,-9.6,0.3399,0.0,-1.194,4538
4539,AUG,38,15800.6141,4,-5.9711,-12.381,-7.6,0.0039,0.0,-1.194,4539
4540,AUG,38,9393.483,4,-4.6711,-12.381,-8.9,0.0039,0.0,-1.194,4540
4541,AUG,35,548.4909,8,2.4299,-8.981,-11.2,1.4049,0.0,-1.194,4541
4542,AUG,35,169.5444,6,5.3649,-7.881,-14.1,0.3399,0.0,-1.194,4542
4544,AUG,22,94231.7033,6,-10.4351,-15.781,-6.2,0.3399,0.0,-1.194,4544
4545,AUG,32,1824.7692,5,-0.575,-6.481,-7.1,0.0,0.0,-1.194,4545
4546,AUG,35,9637.0351,6,-4.7351,-13.281,-9.4,0.3399,0.0,-1.194,4546
4547,AUG,32,449.943,5,2.925,-7.181,-9.1,0.0,-2.2,-1.194,4547
4548,AUG,33,468.3067,5,2.825,-7.181,-10.5,0.0,-0.7,-1.194,4548
4549,AUG,33,382.1623,7,3.3332,-2.981,-6.7,0.8082,0.0,-1.194,4549
4550,AUG,36,207.8957,9,4.8551,-11.081,-15.0,2.1301,0.0,-1.194,4550
4551,AUG,36,2376.2547,6,-1.2351,-9.781,-9.4,0.3399,0.0,-1.194,4551
4552,AUG,36,2574.1789,6,-1.4351,-10.281,-9.7,0.3399,0.0,-1.194,4552
4553,AUG,36,687.597,6,1.8649,-8.581,-11.3,0.3399,0.0,-1.194,4553
4554,AUG,36,1725.4804,6,-0.4351,-11.081,-11.5,0.3399,0.0,-1.194,4554
4555,AUG,36,634.7289,6,2.0649,-8.881,-11.8,0.3399,0.0,-1.194,4555
4556,AUG,36,687.597,6,1.8649,-6.581,-9.3,0.3399,0.0,-1.194,4556
4557,AUG,36,1615.2396,8,-0.2701,-8.981,-8.5,1.4049,0.0,-1.194,4557
4558,AUG,36,3840.3201,6,-2.4351,-13.781,-12.2,0.3399,0.0,-1.194,4558
4559,AUG,39,2944.5126,4,-1.7711,-6.381,-5.8,0.0039,0.0,-1.194,4559
4560,AUG,36,1304.0671,6,0.2649,-10.881,-12.0,0.3399,0.0,-1.194,4560
4561,AUG,36,839.8435,6,1.3649,-9.581,-11.8,0.3399,0.0,-1.194,4561
4562,AUG,39,726.044,4,1.7289,-4.281,-7.2,0.0039,0.0,-1.194,4562
4563,AUG,36,7283.3863,6,-4.0351,-12.481,-9.3,0.3399,0.0,-1.194,4563
4564,AUG,33,186.6183,5,5.125,-7.481,-13.8,0.0,0.0,-1.194,4564
4565,AUG,33,277.5012,7,4.1332,-3.781,-8.3,0.8082,0.0,-1.194,4565
4566,AUG,36,233.489,6,4.5649,-9.081,-14.5,0.3399,0.0,-1.194,4566
4567,AUG,39,22647.997,4,-6.8711,-13.281,-7.6,0.0039,0.0,-1.194,4567
4568,AUG,39,75199.6649,4,-9.8711,-12.981,-4.3,0.0039,0.0,-1.194,4568
4569,AUG,36,2788.5887,6,-1.6351,-12.281,-11.5,0.3399,0.0,-1.194,4569
4570,AUG,39,2944.5126,4,-1.7711,-6.381,-5.8,0.0039,0.0,-1.194,4570
4571,AUG,33,761.7878,10,1.6087,-8.281,-8.1,2.9837,0.0,-1.194,4571
4572,AUG,39,46530.901,4,-8.6711,-13.281,-5.8,0.0039,0.0,-1.194,4572
4573,AUG,36,263.2601,6,4.2649,-5.781,-10.9,0.3399,0.0,-1.194,4573
4574,AUG,36,2107.5329,6,-0.9351,-10.781,-10.7,0.3399,0.0,-1.194,4574
4575,AUG,36,11770.849,6,-5.2351,-14.581,-10.2,0.3399,0.0,-1.194,4575
4576,AUG,33,449.943,5,2.925,-5.781,-9.9,0.0,0.0,-1.194,4576
4577,AUG,33,1554.9501,5,-0.175,-7.581,-8.6,0.0,0.0,-1.194,4577
4578,AUG,33,301.5982,5,3.925,-2.381,-7.5,0.0,0.0,-1.194,4578
4579,AUG,26,15154.8571,7,-5.8668,-11.581,-6.1,0.8082,0.0,-1.194,4579
4580,AUG,33,819.8804,5,1.425,-5.981,-8.6,0.0,0.0,-1.194,4580
4581,AUG,36,377.347,6,3.3649,-12.281,-16.5,0.3399,0.0,-1.194,4581
4582,AUG,36,3689.7297,6,-2.3351,-11.781,-10.3,0.3399,0.0,-1.194,4582
4583,AUG,33,1129.1028,5,0.625,-5.481,-7.3,0.0,0.0,-1.194,4583
4584,AUG,36,408.7772,6,3.1649,-7.981,-12.0,0.3399,0.0,-1.194,4584
4585,AUG,36,1725.4804,6,-0.4351,-7.781,-8.2,0.3399,0.0,-1.194,4585
4586,AUG,36,2902.4004,6,-1.7351,-11.681,-10.8,0.3399,0.0,-1.194,4586
4587,AUG,36,562.9498,6,2.3649,-6.381,-9.6,0.3399,0.0,-1.194,4587
4588,AUG,33,186.6183,5,5.125,-2.681,-8.3,0.0,-0.7,-1.194,4588
4589,AUG,33,850.5605,7,1.3332,-5.481,-7.2,0.8082,0.0,-1.194,4589
4590,AUG,36,2376.2547,6,-1.2351,-9.881,-9.5,0.3399,0.0,-1.194,4590
4591,AUG,36,2202.1392,9,-1.0449,-11.081,-9.1,2.1301,0.0,-1.194,4591
4592,AUG,33,1273.0695,5,0.325,-5.581,-6.4,0.0,-0.7,-1.194,4592
4593,AUG,33,642.8285,7,2.0332,-4.681,-7.1,0.8082,0.0,-1.194,4593
4594,AUG,36,12251.2573,6,-5.3351,-11.281,-6.8,0.3399,0.0,-1.194,4594
4595,AUG,33,370.7852,10,3.4087,-8.281,-9.9,2.9837,0.0,-1.194,4595
4596,AUG,36,562.9498,6,2.3649,-10.681,-13.9,0.3399,0.0,-1.194,4596
4597,AUG,36,562.9498,6,2.3649,-7.981,-11.2,0.3399,0.0,-1.194,4597
4598,AUG,36,9637.0351,6,-4.7351,-13.281,-9.4,0.3399,0.0,-1.194,4598
4599,AUG,35,9377.2912,7,-4.6668,-11.581,-7.3,0.8082,0.0,-1.194,4599
4600,AUG,29,2315.2228,8,-1.1701,-9.581,-8.2,1.4049,0.0,-1.194,4600
4601,AUG,33,278.4088,5,4.125,-2.081,-7.4,0.0,0.0,-1.194,4601
4602,AUG,39,39650.6199,4,-8.2711,-13.281,-6.2,0.0039,0.0,-1.194,4602
4603,AUG,36,1111.2415,6,0.6649,-6.581,-8.1,0.3399,0.0,-1.194,4603
4604,AUG,36,224.3332,6,4.6649,-5.781,-11.3,0.3399,0.0,-1.194,4604
4605,AUG,33,888.1703,5,1.225,-4.981,-7.4,0.0,0.0,-1.194,4605
4606,AUG,33,452.8837,10,2.9087,-9.581,-10.7,2.9837,0.0,-1.194,4606
4607,AUG,39,4952.9133,4,-3.0711,-8.581,-6.7,0.0039,0.0,-1.194,4607
4608,AUG,36,408.7772,6,3.1649,-8.381,-12.4,0.3399,0.0,-1.194,4608
4609,AUG,36,1156.595,6,0.5649,-9.681,-11.1,0.3399,0.0,-1.194,4609
4610,AUG,36,2193.5485,6,-1.0351,-11.981,-11.8,0.3399,0.0,-1.194,4610
4611,AUG,20,152.7883,5,5.625,0.519,-6.3,0.0,0.0,-1.194,4611
4612,AUG,33,110.9448,5,6.425,-7.781,-12.9,0.0,-2.5,-1.194,4612
4613,AUG,33,756.8412,5,1.625,-6.581,-9.4,0.0,0.0,-1.194,4613
4614,AUG,36,3545.0444,6,-2.2351,-9.381,-8.0,0.3399,0.0,-1.194,4614
4615,AUG,39,8004.5178,4,-4.2711,-8.781,-5.7,0.0039,0.0,-1.194,4615
4616,AUG,36,479.7093,6,2.7649,-6.781,-10.4,0.3399,0.0,-1.194,4616
4617,AUG,36,1025.8,6,0.8649,-9.381,-11.1,0.3399,0.0,-1.194,4617
4618,AUG,36,8896.0599,6,-4.5351,-13.381,-9.7,0.3399,0.0,-1.194,4618
4619,AUG,34,467.3885,8,2.8299,-10.681,-13.3,1.4049,0.0,-1.194,4619
4620,AUG,36,4506.7026,6,-2.8351,-10.881,-8.9,0.3399,0.0,-1.194,4620
4621,AUG,36,334.6743,6,3.6649,-10.481,-15.0,0.3399,0.0,-1.194,4621
4622,AUG,36,909.7962,6,1.1649,-6.381,-8.4,0.3399,0.0,-1.194,4622
4623,AUG,33,2949.0516,5,-1.775,-10.781,-10.2,0.0,0.0,-1.194,4623
4624,AUG,36,3855.3602,9,-2.4449,-11.981,-8.6,2.1301,0.0,-1.194,4624
4625,AUG,33,210.4132,5,4.825,-11.181,-14.7,0.0,-2.5,-1.194,4625
4626,AUG,39,5812.3561,4,-3.4711,-8.581,-6.3,0.0039,0.0,-1.194,4626
4627,AUG,39,37550.9584,6,-8.1351,-14.981,-7.7,0.3399,0.0,-1.194,4627
4628,AUG,39,39650.6199,4,-8.2711,-12.381,-5.3,0.0039,0.0,-1.194,4628
4629,AUG,36,744.8687,6,1.6649,-9.681,-12.2,0.3399,0.0,-1.194,4629
4630,AUG,33,1678.9741,7,-0.3668,-10.681,-10.7,0.8082,0.0,-1.194,4630
4631,AUG,29,13989.6261,7,-5.6668,-11.581,-6.3,0.8082,0.0,-1.194,4631
4632,AUG,36,4329.9814,6,-2.7351,-14.181,-12.3,0.3399,0.0,-1.194,4632
4633,AUG,39,44706.286,4,-8.5711,-12.381,-5.0,0.0039,0.0,-1.194,4633
4634,AUG,36,252.9369,6,4.3649,-7.481,-12.7,0.3399,0.0,-1.194,4634
4635,AUG,36,1530.3523,6,-0.1351,-10.581,-11.3,0.3399,0.0,-1.194,4635
4636,AUG,36,5081.3313,6,-3.1351,-12.681,-10.4,0.3399,0.0,-1.194,4636
4637,AUG,36,9259.1382,6,-4.6351,-11.281,-7.5,0.3399,0.0,-1.194,4637
4638,AUG,36,308.9417,6,3.8649,-6.481,-11.2,0.3399,0.0,-1.194,4638
4639,AUG,33,418.0623,10,3.1087,-9.581,-10.9,2.9837,0.0,-1.194,4639
4640,AUG,33,383.4123,5,3.325,-5.781,-10.3,0.0,0.0,-1.194,4640
4641,AUG,36,93.0445,6,6.8649,-6.781,-14.5,0.3399,0.0,-1.194,4641
4642,AUG,36,150.3713,6,5.6649,-6.481,-13.0,0.3399,0.0,-1.194,4642
4643,AUG,33,485.8308,7,2.7332,-5.381,-8.5,0.8082,0.0,-1.194,4643
4644,AUG,39,24534.4055,4,-7.0711,-12.081,-6.2,0.0039,0.0,-1.194,4644
4645,AUG,33,172.2696,5,5.325,-4.381,-10.9,0.0,0.0,-1.194,4645
4646,AUG,36,169.5444,6,5.3649,-7.881,-14.1,0.3399,0.0,-1.194,4646
4647,AUG,36,548.4909,8,2.4299,-8.981,-11.2,1.4049,0.0,-1.194,4647
4648,AUG,33,1001.4168,5,0.925,-6.481,-8.6,0.0,0.0,-1.194,4648
4649,AUG,33,1976.7588,5,-0.775,-8.881,-9.3,0.0,0.0,-1.194,4649
4650,AUG,36,1025.8,6,0.8649,-6.481,-8.2,0.3399,0.0,-1.194,4650
4651,AUG,33,399.0606,5,3.225,-5.481,-9.9,0.0,0.0,-1.194,4651
4652,AUG,36,176.4641,6,5.2649,-8.181,-14.3,0.3399,0.0,-1.194,4652
4653,AUG,33,571.9982,5,2.325,-2.581,-5.4,0.0,-0.7,-1.194,4653
4654,AUG,23,39083.5403,6,-8.2351,-15.981,-8.6,0.3399,0.0,-1.194,4654
4655,AUG,32,6997.7831,6,-3.9351,-11.281,-8.2,0.3399,0.0,-1.194,4655
4656,AUG,27,585.9257,6,2.2649,-7.381,-10.5,0.3399,0.0,-1.194,4656
4657,AUG,36,2024.8903,6,-0.8351,-10.681,-10.7,0.3399,0.0,-1.194,4657
4658,AUG,36,1470.3426,6,-0.0351,-8.581,-9.4,0.3399,0.0,-1.194,4658
4659,AUG,39,24534.4055,4,-7.0711,-12.081,-6.2,0.0039,0.0,-1.194,4659
4660,AUG,33,56.2041,5,8.125,-5.481,-11.7,0.0,-3.1,-1.194,4660
4661,AUG,39,20086.82,4,-6.5711,-13.281,-7.9,0.0039,0.0,-1.194,4661
4662,AUG,36,634.7289,6,2.0649,-8.881,-11.8,0.3399,0.0,-1.194,4662
4663,AUG,33,186.6183,5,5.125,-7.481,-13.8,0.0,0.0,-1.194,4663
4664,AUG,39,4952.9133,4,-3.0711,-8.581,-6.7,0.0039,0.0,-1.194,4664
4665,AUG,33,368.3775,5,3.425,-1.981,-6.6,0.0,0.0,-1.194,4665
4667,AUG,36,224.3332,6,4.6649,-8.181,-12.7,0.3399,-1.0,-1.194,4667
4668,AUG,36,233.489,6,4.5649,-9.081,-14.5,0.3399,0.0,-1.194,4668
4669,AUG,36,548.4909,8,2.4299,-8.981,-11.2,1.4049,0.0,-1.194,4669
4670,AUG,35,3449.496,7,-2.1668,-11.581,-9.8,0.8082,0.0,-1.194,4670
4671,AUG,32,8547.2189,6,-4.4351,-11.281,-7.7,0.3399,0.0,-1.194,4671
4672,AUG,33,39.2114,5,9.025,-12.181,-14.6,0.0,-7.8,-1.194,4672
4673,AUG,36,874.1203,6,1.2649,-9.381,-11.5,0.3399,0.0,-1.194,4673
4674,AUG,36,2193.5485,6,-1.0351,-11.981,-11.8,0.3399,0.0,-1.194,4674
4675,AUG,36,9259.1382,6,-4.6351,-11.281,-7.5,0.3399,0.0,-1.194,4675
4676,AUG,33,98.3985,5,6.725,-6.781,-10.0,0.0,-4.7,-1.194,4676
4677,AUG,33,1223.1486,5,0.425,-8.881,-10.5,0.0,0.0,-1.194,4677
4678,AUG,36,150.3713,6,5.6649,-6.481,-13.0,0.3399,0.0,-1.194,4678
4679,AUG,36,5963.0575,6,-3.5351,-13.381,-10.7,0.3399,0.0,-1.194,4679
4680,AUG,33,787.7305,5,1.525,-5.981,-8.7,0.0,0.0,-1.194,4680
4681,AUG,36,2202.1392,9,-1.0449,-11.081,-9.1,2.1301,0.0,-1.194,4681
4682,AUG,33,3460.7789,5,-2.175,-9.781,-8.8,0.0,0.0,-1.194,4682
4683,AUG,33,1001.4168,5,0.925,-6.581,-8.7,0.0,0.0,-1.194,4683
4684,AUG,33,248.5385,10,4.4087,-8.281,-10.9,2.9837,0.0,-1.194,4684
4685,AUG,36,408.7772,6,3.1649,-6.381,-10.4,0.3399,0.0,-1.194,4685
4686,AUG,36,687.597,6,1.8649,-6.581,-9.3,0.3399,0.0,-1.194,4686
4687,AUG,36,263.2601,6,4.2649,-5.781,-10.9,0.3399,0.0,-1.194,4687
4688,AUG,36,1357.2905,6,0.1649,-11.381,-11.5,0.3399,-0.9,-1.194,4688
4689,AUG,39,8004.5178,4,-4.2711,-8.781,-5.7,0.0039,0.0,-1.194,4689
4690,AUG,36,2902.4004,6,-1.7351,-11.681,-10.8,0.3399,0.0,-1.194,4690
4691,AUG,36,1156.595,6,0.5649,-9.681,-11.1,0.3399,0.0,-1.194,4691
4692,AUG,36,2679.2398,6,-1.5351,-10.781,-10.1,0.3399,0.0,-1.194,4692
4693,AUG,33,962.1483,5,1.025,-6.481,-8.7,0.0,0.0,-1.194,4693
4694,AUG,33,418.0623,10,3.1087,-9.581,-10.9,2.9837,0.0,-1.194,4694
4695,AUG,33,1129.1028,5,0.625,-5.481,-7.3,0.0,0.0,-1.194,4695
4696,AUG,36,2574.1789,6,-1.4351,-10.281,-9.7,0.3399,0.0,-1.194,4696
4697,AUG,36,3704.1801,9,-2.3449,-11.981,-8.7,2.1301,0.0,-1.194,4697
4698,AUG,36,479.7093,6,2.7649,-6.781,-10.4,0.3399,0.0,-1.194,4698
4699,AUG,20,146.5091,8,5.7299,-2.581,-8.1,1.4049,0.0,-1.194,4699
4700,AUG,36,1304.0671,6,0.2649,-9.281,-9.4,0.3399,-1.0,-1.194,4700
4701,AUG,36,93.0445,6,6.8649,-6.781,-14.5,0.3399,0.0,-1.194,4701
4702,AUG,36,4160.19,6,-2.6351,-13.281,-11.5,0.3399,0.0,-1.194,4702
4703,AUG,39,39650.6199,4,-8.2711,-13.281,-6.2,0.0039,0.0,-1.194,4703
4704,AUG,36,138.8095,6,5.8649,-8.481,-14.3,0.3399,-0.9,-1.194,4704
4705,AUG,36,11309.279,6,-5.1351,-11.281,-7.0,0.3399,0.0,-1.194,4705
4706,AUG,36,660.6343,6,1.9649,-10.881,-11.2,0.3399,-2.5,-1.194,4706
4707,AUG,33,248.5385,10,4.4087,-9.581,-12.2,2.9837,0.0,-1.194,4707
4708,AUG,36,133.3664,6,5.9649,-8.181,-14.1,0.3399,-0.9,-1.194,4708
4709,AUG,33,94.54,5,6.825,-11.081,-13.0,0.0,-6.1,-1.194,4709
4710,AUG,36,562.9498,6,2.3649,-10.681,-13.9,0.3399,0.0,-1.194,4710
4711,AUG,33,787.7305,5,1.525,-6.381,-9.1,0.0,0.0,-1.194,4711
4712,AUG,33,1970.3141,7,-0.7668,-10.681,-10.3,0.8082,0.0,-1.194,4712
4713,AUG,33,267.4916,5,4.225,-9.981,-11.2,0.0,-4.2,-1.194,4713
4714,AUG,36,4329.9814,6,-2.7351,-14.181,-12.3,0.3399,0.0,-1.194,4714
4715,AUG,33,382.1623,7,3.3332,-5.481,-9.1,0.8082,-0.1,-1.194,4715
4716,AUG,36,408.7772,6,3.1649,-6.381,-10.4,0.3399,0.0,-1.194,4716
4717,AUG,36,1111.2415,6,0.6649,-6.581,-8.1,0.3399,0.0,-1.194,4717
4718,AUG,36,11770.849,6,-5.2351,-14.581,-10.2,0.3399,0.0,-1.194,4718
4719,AUG,33,65.9568,5,7.725,-5.381,-11.3,0.0,-3.0,-1.194,4719
4720,AUG,33,135.51,5,5.925,-8.181,-12.6,0.0,-2.7,-1.194,4720
4721,AUG,36,1203.7996,6,0.4649,-9.581,-10.9,0.3399,0.0,-1.194,4721
4722,AUG,36,1156.595,6,0.5649,-11.581,-12.0,0.3399,-1.0,-1.194,4722
4723,AUG,33,671.2529,5,1.925,-6.481,-9.6,0.0,0.0,-1.194,4723
4724,AUG,33,301.5982,5,3.925,-1.881,-7.0,0.0,0.0,-1.194,4724
4725,AUG,36,744.8687,6,1.6649,-9.681,-12.2,0.3399,0.0,-1.194,4725
4726,AUG,36,2024.8903,6,-0.8351,-10.681,-10.7,0.3399,0.0,-1.194,4726
4727,AUG,36,263.2601,6,4.2649,-10.781,-15.0,0.3399,-0.9,-1.194,4727
4728,AUG,33,352.7784,7,3.5332,-5.481,-9.4,0.8082,0.0,-1.194,4728
4729,AUG,34,138.8095,6,5.8649,-9.681,-13.3,0.3399,-3.1,-1.194,4729
4730,AUG,36,3406.0327,6,-2.1351,-14.481,-12.2,0.3399,-1.0,-1.194,4730
4731,AUG,36,1025.8,6,0.8649,-9.381,-11.1,0.3399,0.0,-1.194,4731
4732,AUG,29,24492.115,7,-7.0668,-11.581,-4.9,0.8082,0.0,-1.194,4732
4733,AUG,33,106.5943,5,6.525,-2.181,-9.8,0.0,-0.1,-1.194,4733
4734,AUG,36,1530.3523,6,-0.1351,-10.581,-11.3,0.3399,0.0,-1.194,4734
4735,AUG,33,36.1965,5,9.225,-8.181,-12.5,0.0,-6.1,-1.194,4735
4736,AUG,39,75199.6649,4,-9.8711,-12.981,-4.3,0.0039,0.0,-1.194,4736
4737,AUG,36,442.8253,6,2.9649,-8.281,-11.2,0.3399,-0.9,-1.194,4737
4738,AUG,29,7687.3897,8,-4.1701,-9.581,-5.2,1.4049,0.0,-1.194,4738
4739,AUG,36,442.8253,6,2.9649,-6.481,-10.3,0.3399,0.0,-1.194,4739
4740,AUG,36,2376.2547,6,-1.2351,-9.881,-9.5,0.3399,0.0,-1.194,4740
4741,AUG,27,585.9257,6,2.2649,-7.381,-10.5,0.3399,0.0,-1.194,4741
4742,AUG,36,408.7772,6,3.1649,-7.981,-12.0,0.3399,0.0,-1.194,4742
4743,AUG,33,853.3425,5,1.325,-12.181,-11.7,0.0,-3.0,-1.194,4743
4744,AUG,36,4506.7026,6,-2.8351,-12.681,-10.7,0.3399,0.0,-1.194,4744
4745,AUG,26,15154.8571,7,-5.8668,-11.581,-6.1,0.8082,0.0,-1.194,4745
4746,AUG,23,60686.972,6,-9.3351,-15.781,-7.3,0.3399,0.0,-1.194,4746
4747,AUG,36,1172.8811,8,0.5299,-8.981,-9.3,1.4049,0.0,-1.194,4747
4748,AUG,39,1681.8731,4,-0.3711,-6.381,-7.2,0.0039,0.0,-1.194,4748
4749,AUG,36,1725.4804,6,-0.4351,-7.781,-8.2,0.3399,0.0,-1.194,4749
4750,AUG,39,19023.1412,6,-6.4351,-14.981,-9.4,0.3399,0.0,-1.194,4750
4751,AUG,39,726.044,4,1.7289,-4.281,-7.2,0.0039,0.0,-1.194,4751
4752,AUG,36,687.597,6,1.8649,-8.581,-11.3,0.3399,0.0,-1.194,4752
4753,AUG,36,1869.1999,6,-0.6351,-13.181,-12.0,0.3399,-1.4,-1.194,4753
4754,AUG,39,2944.5126,4,-1.7711,-6.381,-5.8,0.0039,0.0,-1.194,4754
4755,AUG,36,2788.5887,6,-1.6351,-12.281,-11.5,0.3399,0.0,-1.194,4755
4756,AUG,36,207.8957,9,4.8551,-11.081,-15.0,2.1301,0.0,-1.194,4756
4757,AUG,39,42953.2196,4,-8.4711,-12.381,-5.1,0.0039,0.0,-1.194,4757
4758,AUG,36,377.347,6,3.3649,-12.281,-16.5,0.3399,0.0,-1.194,4758
4759,AUG,36,224.3332,6,4.6649,-7.381,-11.3,0.3399,-1.6,-1.194,4759
4760,AUG,36,4506.7026,6,-2.8351,-10.881,-8.9,0.3399,0.0,-1.194,4760
4761,AUG,36,1869.1999,6,-0.6351,-9.781,-10.0,0.3399,0.0,-1.194,4761
4762,AUG,33,267.4916,5,4.225,-9.981,-11.2,0.0,-4.2,-1.194,4762
4763,AUG,33,756.8412,5,1.625,-7.581,-10.4,0.0,0.0,-1.194,4763
4764,AUG,39,46530.901,4,-8.6711,-13.281,-5.8,0.0039,0.0,-1.194,4764
4765,AUG,39,36601.9515,4,-8.0711,-12.381,-5.5,0.0039,0.0,-1.194,4765
4766,AUG,39,4952.9133,4,-3.0711,-8.581,-6.7,0.0039,0.0,-1.194,4766
4767,AUG,33,383.4123,5,3.325,-4.881,-9.4,0.0,0.0,-1.194,4767
4768,AUG,36,1657.8191,6,-0.3351,-7.081,-7.0,0.3399,-0.6,-1.194,4768
4769,AUG,36,2473.2377,6,-1.3351,-15.781,-12.0,0.3399,-3.3,-1.194,4769
4770,AUG,30,1970.3141,7,-0.7668,-10.681,-10.3,0.8082,0.0,-1.194,4770
4771,AUG,33,2107.5329,6,-0.9351,-10.381,-9.7,0.3399,-0.6,-1.194,4771
4772,AUG,33,442.8253,6,2.9649,-6.981,-10.6,0.3399,-0.2,-1.194,4772
4773,AUG,30,595.3434,5,2.225,-1.881,-5.3,0.0,0.0,-1.194,4773
4774,AUG,33,562.9498,6,2.3649,-11.281,-13.9,0.3399,-0.6,-1.194,4774
4775,AUG,33,4329.9814,6,-2.7351,-14.881,-12.3,0.3399,-0.7,-1.194,4775
4776,AUG,33,1615.2396,8,-0.2701,-8.981,-8.5,1.4049,0.0,-1.194,4776
4777,AUG,36,1376.984,4,0.1289,-7.781,-9.1,0.0039,0.0,-1.194,4777
4778,AUG,30,257.0025,5,4.325,-3.081,-7.9,0.0,-0.7,-1.194,4778
4779,AUG,23,25491.7212,7,-7.1668,-11.581,-4.8,0.8082,0.0,-1.194,4779
4780,AUG,33,2193.5485,6,-1.0351,-12.181,-11.8,0.3399,-0.2,-1.194,4780
4781,AUG,36,3896.0409,4,-2.4711,-7.781,-6.5,0.0039,0.0,-1.194,4781
4782,AUG,33,7890.0379,6,-4.2351,-11.281,-7.9,0.3399,0.0,-1.194,4782
4783,AUG,33,2024.8903,6,-0.8351,-11.281,-10.7,0.3399,-0.6,-1.194,4783
4784,AUG,33,1025.8,6,0.8649,-6.781,-8.3,0.3399,-0.2,-1.194,4784
4785,AUG,26,25491.7212,7,-7.1668,-11.581,-4.8,0.8082,0.0,-1.194,4785
4786,AUG,36,1040.6838,4,0.8289,-5.681,-7.7,0.0039,0.0,-1.194,4786
4787,AUG,33,946.928,6,1.0649,-9.581,-11.3,0.3399,-0.2,-1.194,4787
4788,AUG,36,6296.4818,4,-3.6711,-9.981,-7.5,0.0039,0.0,-1.194,4788
4789,AUG,33,150.3713,6,5.6649,-7.081,-13.0,0.3399,-0.6,-1.194,4789
4790,AUG,30,850.5605,7,1.3332,-5.481,-7.2,0.8082,0.0,-1.194,4790
4791,AUG,33,4506.7026,6,-2.8351,-11.481,-8.9,0.3399,-0.6,-1.194,4791
4792,AUG,33,562.9498,6,2.3649,-6.981,-9.6,0.3399,-0.6,-1.194,4792
4793,AUG,36,11023.4652,4,-5.0711,-11.081,-7.2,0.0039,0.0,-1.194,4793
4794,AUG,33,5081.3313,6,-3.1351,-13.981,-10.2,0.3399,-1.5,-1.194,4794
4795,AUG,30,210.4132,5,4.825,-7.081,-11.5,0.0,-1.6,-1.194,4795
4796,AUG,33,1869.1999,6,-0.6351,-9.781,-9.8,0.3399,-0.2,-1.194,4796
4797,AUG,30,120.1857,5,6.225,-7.081,-9.5,0.0,-5.0,-1.194,4797
4798,AUG,33,687.597,6,1.8649,-6.681,-9.2,0.3399,-0.2,-1.194,4798
4799,AUG,33,2902.4004,6,-1.7351,-12.281,-10.8,0.3399,-0.6,-1.194,4799
4800,AUG,33,224.3332,6,4.6649,-8.681,-12.7,0.3399,-1.5,-1.194,4800
4801,AUG,30,1824.7692,5,-0.575,-6.481,-7.1,0.0,0.0,-1.194,4801
4802,AUG,30,94.54,5,6.825,-7.481,-10.4,0.0,-5.1,-1.194,4802
4803,AUG,36,10591.2023,4,-4.9711,-10.181,-6.4,0.0039,0.0,-1.194,4803
4804,AUG,33,1067.6664,6,0.7649,-9.881,-11.3,0.3399,-0.2,-1.194,4804
4805,AUG,30,487.4199,5,2.725,-6.081,-9.7,0.0,-0.3,-1.194,4805
4806,AUG,30,507.3131,5,2.625,-9.981,-12.7,0.0,-1.1,-1.194,4806
4807,AUG,30,1824.7692,5,-0.575,-4.881,-5.5,0.0,0.0,-1.194,4807
4808,AUG,33,408.7772,6,3.1649,-8.581,-12.0,0.3399,-0.6,-1.194,4808
4809,AUG,36,88248.5109,4,-10.2711,-14.381,-5.3,0.0039,0.0,-1.194,4809
4810,AUG,33,1657.8191,6,-0.3351,-8.481,-8.3,0.3399,-0.7,-1.194,4810
4811,AUG,30,172.2696,5,5.325,-5.581,-10.9,0.0,-1.2,-1.194,4811
4812,AUG,33,2376.2547,6,-1.2351,-10.581,-9.5,0.3399,-0.7,-1.194,4812
4813,AUG,33,2574.1789,6,-1.4351,-10.981,-9.7,0.3399,-0.7,-1.194,4813
4814,AUG,33,11770.849,6,-5.2351,-15.181,-10.2,0.3399,-0.6,-1.194,4814
4815,AUG,33,1530.3523,6,-0.1351,-10.781,-11.3,0.3399,-0.2,-1.194,4815
4816,AUG,33,1156.595,6,0.5649,-12.081,-12.0,0.3399,-1.5,-1.194,4816
4817,AUG,33,263.2601,6,4.2649,-11.381,-15.0,0.3399,-1.5,-1.194,4817
4818,AUG,33,3406.0327,6,-2.1351,-14.981,-12.2,0.3399,-1.5,-1.194,4818
4819,AUG,20,106246.7495,6,-10.7351,-15.881,-6.0,0.3399,0.0,-1.194,4819
4820,AUG,33,3855.3602,9,-2.4449,-11.981,-8.6,2.1301,0.0,-1.194,4820
4821,AUG,31,467.3885,8,2.8299,-10.681,-13.3,1.4049,0.0,-1.194,4821
4822,AUG,36,61567.505,4,-9.3711,-14.681,-6.5,0.0039,0.0,-1.194,4822
4823,AUG,30,924.4196,5,1.125,-5.381,-7.3,0.0,-0.4,-1.194,4823
4824,AUG,33,9259.1382,6,-4.6351,-11.281,-7.5,0.3399,0.0,-1.194,4824
4825,AUG,36,24534.4055,4,-7.0711,-13.481,-7.6,0.0039,0.0,-1.194,4825
4826,AUG,30,452.8837,10,2.9087,-9.581,-10.7,2.9837,0.0,-1.194,4826
4827,AUG,30,669.0645,7,1.9332,-4.681,-7.0,0.8082,0.0,-1.194,4827
4829,AUG,33,1304.0671,6,0.2649,-9.781,-9.4,0.3399,-1.5,-1.194,4829
4830,AUG,33,2788.5887,6,-1.6351,-12.981,-11.5,0.3399,-0.7,-1.194,4830
4831,AUG,36,7580.646,6,-4.1351,-15.981,-12.7,0.3399,0.0,-1.194,4831
4832,AUG,33,1357.2905,6,0.1649,-11.981,-11.5,0.3399,-1.5,-1.194,4832
4833,AUG,36,41268.8961,4,-8.3711,-13.781,-6.6,0.0039,0.0,-1.194,4833
4834,AUG,36,48429.9848,4,-8.7711,-14.681,-7.1,0.0039,0.0,-1.194,4834
4835,AUG,33,377.347,6,3.3649,-12.481,-16.5,0.3399,-0.2,-1.194,4835
4836,AUG,33,839.8435,6,1.3649,-6.981,-8.6,0.3399,-0.6,-1.194,4836
4837,AUG,36,41268.8961,4,-8.3711,-13.781,-6.6,0.0039,0.0,-1.194,4837
4838,AUG,30,146.797,5,5.725,-6.781,-9.1,0.0,-4.6,-1.194,4838
4839,AUG,33,548.4909,8,2.4299,-8.981,-11.2,1.4049,0.0,-1.194,4839
4840,AUG,33,3406.0327,6,-2.1351,-9.981,-8.1,0.3399,-0.6,-1.194,4840
4841,AUG,30,1129.1028,5,0.625,-5.481,-7.3,0.0,0.0,-1.194,4841
4842,AUG,33,9637.0351,6,-4.7351,-13.881,-9.4,0.3399,-0.6,-1.194,4842
4843,AUG,33,215.5365,6,4.7649,-9.281,-14.7,0.3399,-0.2,-1.194,4843
4844,AUG,24,585.9257,6,2.2649,-7.381,-10.5,0.3399,0.0,-1.194,4844
4845,AUG,30,449.943,5,2.925,-6.081,-9.9,0.0,-0.3,-1.194,4845
4846,AUG,30,3460.7789,5,-2.175,-9.781,-8.8,0.0,0.0,-1.194,4846
4847,AUG,30,368.3775,5,3.425,-1.981,-6.6,0.0,0.0,-1.194,4847
4848,AUG,26,7687.3897,8,-4.1701,-9.581,-5.2,1.4049,0.0,-1.194,4848
4849,AUG,36,28791.6809,4,-7.4711,-14.681,-8.4,0.0039,0.0,-1.194,4849
4850,AUG,30,130.1963,5,6.025,-7.581,-13.8,0.0,-1.0,-1.194,4850
4851,AUG,33,10030.3551,6,-4.8351,-14.081,-9.4,0.3399,-0.7,-1.194,4851
4852,AUG,30,1325.0277,5,0.225,-7.681,-8.1,0.0,-1.0,-1.194,4852
4853,AUG,33,263.2601,6,4.2649,-6.481,-10.9,0.3399,-0.7,-1.194,4853
4854,AUG,17,225.2118,9,4.6551,-1.081,-4.8,2.1301,0.0,-1.194,4854
4855,AUG,30,1273.0695,5,0.325,-6.481,-8.0,0.0,0.0,-1.194,4855
4856,AUG,33,744.8687,6,1.6649,-10.381,-12.2,0.3399,-0.7,-1.194,4856
4857,AUG,30,2615.5545,5,-1.475,-10.781,-10.5,0.0,0.0,-1.194,4857
4858,AUG,33,138.8095,6,5.8649,-9.081,-14.3,0.3399,-1.5,-1.194,4858
4859,AUG,30,115.4729,5,6.325,-6.981,-9.9,0.0,-4.6,-1.194,4859
4860,AUG,33,207.8957,9,4.8551,-11.081,-15.0,2.1301,0.0,-1.194,4860
4861,AUG,33,4160.19,6,-2.6351,-12.381,-10.0,0.3399,-0.6,-1.194,4861
4862,AUG,33,224.3332,6,4.6649,-6.381,-11.3,0.3399,-0.6,-1.194,4862
4863,AUG,33,687.597,6,1.8649,-9.181,-11.3,0.3399,-0.6,-1.194,4863
4864,AUG,30,819.8804,5,1.425,-5.981,-8.6,0.0,0.0,-1.194,4864
4865,AUG,33,1470.3426,6,-0.0351,-7.381,-7.3,0.3399,-0.9,-1.194,4865
4866,AUG,29,8547.2189,6,-4.4351,-11.281,-7.7,0.3399,0.0,-1.194,4866
4867,AUG,33,3997.0566,6,-2.5351,-13.281,-11.0,0.3399,-0.6,-1.194,4867
4868,AUG,30,430.89,7,3.0332,-6.381,-8.8,0.8082,-1.0,-1.194,4868
4869,AUG,32,10158.3494,7,-4.8668,-11.581,-7.1,0.8082,0.0,-1.194,4869
4870,AUG,33,85.8904,6,7.0649,-6.981,-14.7,0.3399,-0.2,-1.194,4870
4871,AUG,30,1493.9759,5,-0.075,-6.581,-7.7,0.0,0.0,-1.194,4871
4872,AUG,33,3144.1487,6,-1.9351,-11.381,-9.7,0.3399,-0.6,-1.194,4872
4873,AUG,33,660.6343,6,1.9649,-9.281,-11.2,0.3399,-0.9,-1.194,4873
4874,AUG,33,634.7289,6,2.0649,-6.781,-9.5,0.3399,-0.2,-1.194,4874
4875,AUG,33,634.7289,6,2.0649,-9.481,-11.8,0.3399,-0.6,-1.194,4875
4876,AUG,30,418.0623,10,3.1087,-9.581,-10.9,2.9837,0.0,-1.194,4876
4877,AUG,33,133.3664,6,5.9649,-8.781,-14.1,0.3399,-1.5,-1.194,4877
4878,AUG,33,442.8253,6,2.9649,-8.881,-11.2,0.3399,-1.5,-1.194,4878
4879,AUG,33,2202.1392,9,-1.0449,-11.081,-9.1,2.1301,0.0,-1.194,4879
4880,AUG,30,2141.408,5,-0.975,-6.381,-6.6,0.0,0.0,-1.194,4880
4881,AUG,35,150.3713,6,5.6649,-6.481,-13.0,0.3399,0.0,-1.194,4881
4882,AUG,35,1304.0671,6,0.2649,-8.281,-9.4,0.3399,0.0,-1.194,4882
4883,AUG,22,17560.4844,6,-6.2351,-15.781,-10.4,0.3399,0.0,-1.194,4883
4884,AUG,32,2141.408,5,-0.975,-6.381,-6.6,0.0,0.0,-1.194,4884
4885,AUG,35,11770.849,6,-5.2351,-14.581,-10.2,0.3399,0.0,-1.194,4885
4886,AUG,35,263.2601,6,4.2649,-5.781,-10.9,0.3399,0.0,-1.194,4886
4887,AUG,35,207.8957,9,4.8551,-11.081,-15.0,2.1301,0.0,-1.194,4887
4888,AUG,35,5081.3313,6,-3.1351,-11.281,-9.0,0.3399,0.0,-1.194,4888
4889,AUG,35,479.7093,6,2.7649,-6.781,-10.4,0.3399,0.0,-1.194,4889
4890,AUG,35,562.9498,6,2.3649,-10.681,-13.9,0.3399,0.0,-1.194,4890
4891,AUG,32,1129.1028,5,0.625,-8.881,-10.7,0.0,0.0,-1.194,4891
4892,AUG,32,11.8094,5,12.025,-9.281,-15.0,0.0,-7.5,-1.194,4892
4893,AUG,32,1493.9759,5,-0.075,-6.581,-7.7,0.0,0.0,-1.194,4893
4894,AUG,34,5802.3372,7,-3.4668,-11.581,-8.5,0.8082,0.0,-1.194,4894
4895,AUG,38,2944.5126,4,-1.7711,-6.381,-5.8,0.0039,0.0,-1.194,4895
4896,AUG,38,44706.286,4,-8.5711,-12.381,-5.0,0.0039,0.0,-1.194,4896
4897,AUG,32,595.3434,5,2.225,-1.881,-5.3,0.0,0.0,-1.194,4897
4898,AUG,35,687.597,6,1.8649,-6.581,-9.3,0.3399,0.0,-1.194,4898
4899,AUG,32,28.4728,5,9.825,-8.481,-13.4,0.0,-6.1,-1.194,4899
4900,AUG,35,408.7772,6,3.1649,-7.981,-12.0,0.3399,0.0,-1.194,4900
4901,AUG,32,159.0241,5,5.525,-4.481,-8.8,0.0,-2.4,-1.194,4901
4902,AUG,35,2902.4004,6,-1.7351,-11.681,-10.8,0.3399,0.0,-1.194,4902
4903,AUG,35,806.9107,6,1.4649,-6.381,-8.7,0.3399,0.0,-1.194,4903
4904,AUG,32,368.3775,5,3.425,-1.981,-6.6,0.0,0.0,-1.194,4904
4905,AUG,38,726.044,4,1.7289,-4.281,-7.2,0.0039,0.0,-1.194,4905
4906,AUG,35,2376.2547,6,-1.2351,-9.381,-9.0,0.3399,0.0,-1.194,4906
4907,AUG,38,24534.4055,4,-7.0711,-12.081,-6.2,0.0039,0.0,-1.194,4907
4908,AUG,35,1615.2396,8,-0.2701,-8.981,-8.5,1.4049,0.0,-1.194,4908
4909,AUG,35,377.347,6,3.3649,-12.281,-16.5,0.3399,0.0,-1.194,4909
4910,AUG,32,1824.7692,5,-0.575,-6.481,-7.1,0.0,0.0,-1.194,4910
4911,AUG,32,219.0009,5,4.725,-4.781,-8.0,0.0,-2.7,-1.194,4911
4912,AUG,32,172.2696,5,5.325,-6.781,-10.9,0.0,-2.4,-1.194,4912
4913,AUG,38,4758.6949,4,-2.9711,-8.581,-6.8,0.0039,0.0,-1.194,4913
4914,AUG,32,267.4916,5,4.225,-2.181,-7.5,0.0,-0.1,-1.194,4914
4915,AUG,32,850.5605,7,1.3332,-5.481,-7.2,0.8082,0.0,-1.194,4915
4916,AUG,38,18277.1873,6,-6.3351,-14.981,-9.5,0.3399,0.0,-1.194,4916
4917,AUG,35,334.6743,6,3.6649,-10.481,-15.0,0.3399,0.0,-1.194,4917
4918,AUG,35,1025.8,6,0.8649,-9.381,-11.1,0.3399,0.0,-1.194,4918
4919,AUG,32,485.8308,7,2.7332,-5.481,-8.5,0.8082,-0.1,-1.194,4919
4920,AUG,32,1129.1028,5,0.625,-5.481,-7.3,0.0,0.0,-1.194,4920
4921,AUG,35,562.9498,6,2.3649,-6.381,-9.6,0.3399,0.0,-1.194,4921
4922,AUG,32,449.943,5,2.925,-8.481,-9.9,0.0,-2.7,-1.194,4922
4923,AUG,32,60.8855,5,7.925,-5.581,-11.5,0.0,-3.2,-1.194,4923
4924,AUG,35,2024.8903,6,-0.8351,-10.681,-10.7,0.3399,0.0,-1.194,4924
4925,AUG,35,13271.6952,6,-5.5351,-11.281,-6.6,0.3399,0.0,-1.194,4925
4926,AUG,35,233.489,6,4.5649,-9.081,-14.5,0.3399,0.0,-1.194,4926
4927,AUG,25,5802.3372,7,-3.4668,-11.581,-8.5,0.8082,0.0,-1.194,4927
4928,AUG,35,2376.2547,6,-1.2351,-9.881,-9.5,0.3399,0.0,-1.194,4928
4929,AUG,35,4506.7026,6,-2.8351,-10.881,-8.9,0.3399,0.0,-1.194,4929
4930,AUG,32,3460.7789,5,-2.175,-9.781,-8.8,0.0,0.0,-1.194,4930
4931,AUG,35,1530.3523,6,-0.1351,-10.581,-11.3,0.3399,0.0,-1.194,4931
4932,AUG,32,415.3476,5,3.125,-7.381,-9.3,0.0,-2.4,-1.194,4932
4933,AUG,35,9637.0351,6,-4.7351,-13.281,-9.4,0.3399,0.0,-1.194,4933
4934,AUG,35,1725.4804,6,-0.4351,-7.781,-8.2,0.3399,0.0,-1.194,4934
4935,AUG,32,1899.2442,5,-0.675,-7.581,-8.1,0.0,0.0,-1.194,4935
4937,AUG,32,227.939,5,4.625,-6.881,-11.3,0.0,-1.4,-1.194,4937
4938,AUG,35,2788.5887,6,-1.6351,-12.281,-11.5,0.3399,0.0,-1.194,4938
4939,AUG,35,169.5444,6,5.3649,-7.881,-14.1,0.3399,0.0,-1.194,4939
4940,AUG,32,819.8804,5,1.425,-5.981,-8.6,0.0,0.0,-1.194,4940
4941,AUG,35,2574.1789,6,-1.4351,-10.281,-9.7,0.3399,0.0,-1.194,4941
4942,AUG,35,5081.3313,6,-3.1351,-12.681,-10.4,0.3399,0.0,-1.194,4942
4943,AUG,35,3855.3602,9,-2.4449,-11.981,-8.6,2.1301,0.0,-1.194,4943
4944,AUG,35,224.3332,6,4.6649,-5.781,-11.3,0.3399,0.0,-1.194,4944
4945,AUG,35,377.347,6,3.3649,-8.381,-12.6,0.3399,0.0,-1.194,4945
4946,AUG,32,186.6183,5,5.125,-7.481,-13.8,0.0,0.0,-1.194,4946
4947,AUG,35,687.597,6,1.8649,-8.581,-11.3,0.3399,0.0,-1.194,4947
4948,AUG,38,46530.901,4,-8.6711,-13.281,-5.8,0.0039,0.0,-1.194,4948
4949,AUG,35,93.0445,6,6.8649,-6.781,-14.5,0.3399,0.0,-1.194,4949
4950,AUG,33,40.1662,6,8.9649,-11.881,-15.1,0.3399,-6.6,-1.194,4950
4951,AUG,38,39650.6199,4,-8.2711,-12.381,-5.3,0.0039,0.0,-1.194,4951
4952,AUG,32,12.2913,5,11.925,-9.281,-14.9,0.0,-7.5,-1.194,4952
4953,AUG,32,36.1965,5,9.225,-8.281,-12.6,0.0,-6.1,-1.194,4953
4954,AUG,35,540.8748,6,2.4649,-12.081,-12.0,0.3399,-3.4,-1.194,4954
4955,AUG,35,3144.1487,6,-1.9351,-10.781,-9.7,0.3399,0.0,-1.194,4955
4956,AUG,35,839.8435,6,1.3649,-9.581,-11.8,0.3399,0.0,-1.194,4956
4957,AUG,32,549.5685,5,2.425,-12.381,-12.8,0.0,-3.2,-1.194,4957
4958,AUG,35,308.9417,6,3.8649,-6.481,-11.2,0.3399,0.0,-1.194,4958
4959,AUG,35,634.7289,6,2.0649,-8.881,-11.8,0.3399,0.0,-1.194,4959
4960,AUG,38,61567.505,4,-9.3711,-12.981,-4.8,0.0039,0.0,-1.194,4960
4961,AUG,35,3689.7297,6,-2.3351,-11.781,-10.3,0.3399,0.0,-1.194,4961
4962,AUG,28,17784.5683,7,-6.2668,-11.581,-5.7,0.8082,0.0,-1.194,4962
4963,AUG,35,562.9498,6,2.3649,-7.981,-11.2,0.3399,0.0,-1.194,4963
4964,AUG,28,5152.882,8,-3.1701,-9.581,-6.2,1.4049,0.0,-1.194,4964
4965,AUG,35,1725.4804,6,-0.4351,-11.081,-11.5,0.3399,0.0,-1.194,4965
4966,AUG,35,1592.8111,6,-0.2351,-14.981,-12.2,0.3399,-3.4,-1.194,4966
4967,AUG,38,2944.5126,4,-1.7711,-6.381,-5.8,0.0039,0.0,-1.194,4967
4968,AUG,35,176.4641,6,5.2649,-8.181,-14.3,0.3399,0.0,-1.194,4968
4969,AUG,35,4329.9814,6,-2.7351,-14.181,-12.3,0.3399,0.0,-1.194,4969
4970,AUG,35,2202.1392,9,-1.0449,-11.081,-9.1,2.1301,0.0,-1.194,4970
4971,AUG,19,92.0847,11,6.8908,-0.781,-4.9,3.9658,0.0,-1.194,4971
4972,AUG,38,39650.6199,4,-8.2711,-13.281,-6.2,0.0039,0.0,-1.194,4972
4973,AUG,35,1156.595,6,0.5649,-9.681,-11.1,0.3399,0.0,-1.194,4973
4974,AUG,31,7580.646,6,-4.1351,-11.281,-8.0,0.3399,0.0,-1.194,4974
4975,AUG,35,744.8687,6,1.6649,-9.681,-12.2,0.3399,0.0,-1.194,4975
4976,AUG,35,2193.5485,6,-1.0351,-11.981,-11.8,0.3399,0.0,-1.194,4976
4977,AUG,35,10030.3551,6,-4.8351,-13.381,-9.4,0.3399,0.0,-1.194,4977
4978,AUG,38,22647.997,4,-6.8711,-13.281,-7.6,0.0039,0.0,-1.194,4978
4979,AUG,32,102.4145,5,6.625,-11.881,-13.1,0.0,-6.6,-1.194,4979
4980,AUG,35,548.4909,8,2.4299,-8.981,-11.2,1.4049,0.0,-1.194,4980
4981,AUG,35,7283.3863,6,-4.0351,-12.781,-9.3,0.3399,-0.3,-1.194,4981
4982,AUG,32,756.8412,5,1.625,-4.881,-7.7,0.0,0.0,-1.194,4982
4983,AUG,32,1273.0695,5,0.325,-6.481,-8.0,0.0,0.0,-1.194,4983
4984,AUG,38,8004.5178,4,-4.2711,-8.781,-5.7,0.0039,0.0,-1.194,4984
4985,AUG,35,2024.8903,6,-0.8351,-9.781,-9.8,0.3399,0.0,-1.194,4985
4986,AUG,38,5812.3561,4,-3.4711,-8.581,-6.3,0.0039,0.0,-1.194,4986
4987,AUG,35,1111.2415,6,0.6649,-6.581,-8.1,0.3399,0.0,-1.194,4987
4988,AUG,26,585.9257,6,2.2649,-7.381,-10.5,0.3399,0.0,-1.194,4988
4989,AUG,35,946.928,6,1.0649,-6.481,-8.4,0.3399,0.0,-1.194,4989
4990,AUG,35,104.9081,6,6.5649,-8.681,-12.7,0.3399,-3.4,-1.194,4990
4991,AUG,32,449.943,5,2.925,-8.481,-9.9,0.0,-2.7,-1.194,4991
4992,AUG,32,1493.9759,5,-0.075,-6.581,-7.7,0.0,0.0,-1.194,4992
4993,AUG,35,909.7962,6,1.1649,-14.781,-12.0,0.3399,-4.8,-1.194,4993
4994,AUG,35,2115.7868,9,-0.9449,-14.081,-9.2,2.1301,-3.0,-1.194,4994
4995,AUG,35,634.7289,6,2.0649,-11.881,-11.8,0.3399,-3.0,-1.194,4995
4996,AUG,35,660.6343,6,1.9649,-12.081,-11.2,0.3399,-3.7,-1.194,4996
4997,AUG,32,110.9448,5,6.425,-8.681,-13.1,0.0,-3.2,-1.194,4997
4998,AUG,35,207.8957,9,4.8551,-14.081,-15.0,2.1301,-3.0,-1.194,4998
4999,AUG,32,42.4774,5,8.825,-9.481,-12.4,0.0,-7.1,-1.194,4999
5000,AUG,35,946.928,6,1.0649,-12.181,-11.5,0.3399,-2.6,-1.194,5000
5001,AUG,35,377.347,6,3.3649,-9.381,-10.6,0.3399,-3.0,-1.194,5001
5002,AUG,32,186.6183,5,5.125,-3.081,-8.4,0.0,-1.0,-1.194,5002
5003,AUG,35,922.6071,8,1.1299,-12.081,-9.9,1.4049,-3.1,-1.194,5003
5004,AUG,35,687.597,6,1.8649,-11.581,-11.3,0.3399,-3.0,-1.194,5004
5005,AUG,19,65.1677,9,7.7551,-1.181,-8.0,2.1301,0.0,-1.194,5005
5006,AUG,32,368.3775,5,3.425,-1.981,-6.6,0.0,0.0,-1.194,5006
5007,AUG,35,3997.0566,6,-2.5351,-16.281,-11.6,0.3399,-3.0,-1.194,5007
5008,AUG,35,2902.4004,6,-1.7351,-14.681,-10.8,0.3399,-3.0,-1.194,5008
5009,AUG,32,2949.0516,5,-1.775,-10.781,-10.2,0.0,0.0,-1.194,5009
5010,AUG,35,1725.4804,6,-0.4351,-13.381,-10.7,0.3399,-3.1,-1.194,5010
5011,AUG,25,10572.946,7,-4.9668,-11.581,-7.0,0.8082,0.0,-1.194,5011
5012,AUG,31,7580.646,6,-4.1351,-13.581,-8.0,0.3399,-2.3,-1.194,5012
5013,AUG,35,548.4909,8,2.4299,-12.081,-11.2,1.4049,-3.1,-1.194,5013
5014,AUG,32,452.8837,10,2.9087,-9.581,-10.7,2.9837,0.0,-1.194,5014
5015,AUG,28,25491.7212,7,-7.1668,-11.581,-4.8,0.8082,0.0,-1.194,5015
5016,AUG,32,186.3311,4,5.1289,-6.081,-8.5,0.0039,-3.9,-1.194,5016
5017,AUG,35,362.5501,6,3.4649,-11.981,-13.7,0.3399,-2.6,-1.194,5017
5018,AUG,35,3032.688,9,-1.8449,-14.981,-9.2,2.1301,-3.0,-1.194,5018
5019,AUG,35,1795.9031,6,-0.5351,-15.381,-12.6,0.3399,-3.1,-1.194,5019
5020,AUG,35,82.5224,6,7.1649,-11.681,-17.1,0.3399,-2.6,-1.194,5020
5021,AUG,38,24534.4055,4,-7.0711,-12.081,-6.2,0.0039,0.0,-1.194,5021
5022,AUG,35,104.9081,6,6.5649,-12.181,-14.3,0.3399,-5.3,-1.194,5022
5023,AUG,38,8004.5178,4,-4.2711,-8.781,-5.7,0.0039,0.0,-1.194,5023
5024,AUG,35,2788.5887,6,-1.6351,-11.281,-10.5,0.3399,0.0,-1.194,5024
5025,AUG,35,1025.8,6,0.8649,-15.081,-11.5,0.3399,-5.3,-1.194,5025
5026,AUG,35,1025.8,6,0.8649,-12.981,-11.6,0.3399,-3.1,-1.194,5026
5027,AUG,32,1325.0277,5,0.225,-4.881,-6.3,0.0,0.0,-1.194,5027
5028,AUG,32,487.4199,5,2.725,-6.281,-9.7,0.0,-0.5,-1.194,5028
5029,AUG,35,4690.6365,6,-2.9351,-16.481,-11.3,0.3399,-3.1,-1.194,5029
5030,AUG,35,5081.3313,6,-3.1351,-11.281,-9.0,0.3399,0.0,-1.194,5030
5031,AUG,35,62.368,6,7.8649,-9.481,-15.2,0.3399,-3.0,-1.194,5031
5032,AUG,35,321.5507,6,3.7649,-9.381,-11.0,0.3399,-3.0,-1.194,5032
5033,AUG,35,243.0185,6,4.4649,-9.181,-11.9,0.3399,-2.6,-1.194,5033
5034,AUG,35,4506.7026,6,-2.8351,-13.881,-8.9,0.3399,-3.0,-1.194,5034
5035,AUG,32,257.0025,5,4.325,-3.081,-7.9,0.0,-0.7,-1.194,5035
5036,AUG,35,1357.2905,6,0.1649,-17.281,-13.5,0.3399,-4.8,-1.194,5036
5037,AUG,26,585.9257,6,2.2649,-7.381,-10.5,0.3399,0.0,-1.194,5037
5038,AUG,32,1273.0695,5,0.325,-6.481,-8.0,0.0,0.0,-1.194,5038
5039,AUG,38,44706.286,4,-8.5711,-12.381,-5.0,0.0039,0.0,-1.194,5039
5040,AUG,38,39650.6199,4,-8.2711,-12.381,-5.3,0.0039,0.0,-1.194,5040
5041,AUG,38,5812.3561,4,-3.4711,-8.581,-6.3,0.0039,0.0,-1.194,5041
5042,AUG,35,946.928,6,1.0649,-12.381,-11.3,0.3399,-3.0,-1.194,5042
5043,AUG,35,562.9498,6,2.3649,-13.681,-13.9,0.3399,-3.0,-1.194,5043
5044,AUG,32,669.0645,7,1.9332,-4.681,-7.0,0.8082,0.0,-1.194,5044
5045,AUG,35,11770.849,6,-5.2351,-17.581,-10.2,0.3399,-3.0,-1.194,5045
5046,AUG,35,2193.5485,6,-1.0351,-14.581,-11.8,0.3399,-2.6,-1.194,5046
5047,AUG,38,398.4464,4,3.2289,-6.381,-10.8,0.0039,0.0,-1.194,5047
5048,AUG,35,392.7479,6,3.2649,-9.181,-10.7,0.3399,-2.6,-1.194,5048
5049,AUG,35,2024.8903,6,-0.8351,-14.781,-11.8,0.3399,-3.0,-1.194,5049
5050,AUG,35,32.8849,6,9.4649,-9.381,-17.1,0.3399,-2.6,-1.194,5050
5051,AUG,35,2473.2377,6,-1.3351,-17.681,-12.4,0.3399,-4.8,-1.194,5051
5052,AUG,32,77.4018,5,7.325,-9.281,-13.8,0.0,-4.0,-1.194,5052
5053,AUG,35,1530.3523,6,-0.1351,-15.681,-13.4,0.3399,-3.0,-1.194,5053
5054,AUG,33,467.3885,8,2.8299,-10.681,-13.3,1.4049,0.0,-1.194,5054
5055,AUG,38,2944.5126,4,-1.7711,-6.381,-5.8,0.0039,0.0,-1.194,5055
5056,AUG,32,172.2696,5,5.325,-8.081,-10.9,0.0,-3.7,-1.194,5056
5057,AUG,32,418.0623,10,3.1087,-9.581,-10.9,2.9837,0.0,-1.194,5057
5058,AUG,35,408.7772,6,3.1649,-12.281,-13.7,0.3399,-2.6,-1.194,5058
5059,AUG,38,23572.3385,4,-6.9711,-13.281,-7.5,0.0039,0.0,-1.194,5059
5060,AUG,35,100.7944,6,6.6649,-11.881,-14.1,0.3399,-5.3,-1.194,5060
5061,AUG,38,46530.901,4,-8.6711,-13.281,-5.8,0.0039,0.0,-1.194,5061
5062,AUG,35,3144.1487,6,-1.9351,-13.781,-9.7,0.3399,-3.0,-1.194,5062
5063,AUG,35,806.9107,6,1.4649,-12.781,-12.1,0.3399,-3.0,-1.194,5063
5064,AUG,35,176.4641,6,5.2649,-11.381,-12.7,0.3399,-4.8,-1.194,5064
5065,AUG,38,75199.6649,4,-9.8711,-12.981,-4.3,0.0039,0.0,-1.194,5065
5066,AUG,32,1824.7692,5,-0.575,-6.381,-7.0,0.0,0.0,-1.194,5066
5067,AUG,35,377.347,6,3.3649,-14.881,-16.5,0.3399,-2.6,-1.194,5067
5068,AUG,35,224.3332,6,4.6649,-8.781,-11.3,0.3399,-3.0,-1.194,5068
5069,AUG,32,644.9311,5,2.025,-9.381,-8.6,0.0,-4.0,-1.194,5069
5070,AUG,35,348.3335,6,3.5649,-9.081,-10.9,0.3399,-2.6,-1.194,5070
5071,AUG,35,169.5444,6,5.3649,-9.381,-13.0,0.3399,-2.6,-1.194,5071
5072,AUG,35,479.7093,6,2.7649,-10.181,-10.1,0.3399,-3.7,-1.194,5072
5073,AUG,32,165.5144,5,5.425,-4.381,-8.7,0.0,-2.3,-1.194,5073
5074,AUG,32,1899.2442,5,-0.675,-8.881,-9.4,0.0,0.0,-1.194,5074
5075,AUG,32,165.5144,5,5.425,-3.081,-9.0,0.0,-0.7,-1.194,5075
5076,AUG,35,285.1877,6,4.0649,-12.781,-14.6,0.3399,-3.1,-1.194,5076
5077,AUG,32,528.0183,5,2.525,-1.881,-5.6,0.0,0.0,-1.194,5077
5078,AUG,38,2574.1789,6,-1.4351,-14.981,-14.4,0.3399,0.0,-1.194,5078
5079,AUG,28,3594.9625,8,-2.2701,-9.581,-7.1,1.4049,0.0,-1.194,5079
5080,AUG,35,233.489,6,4.5649,-10.981,-13.4,0.3399,-3.0,-1.194,5080
5081,AUG,38,726.044,4,1.7289,-4.281,-7.2,0.0039,0.0,-1.194,5081
5082,AUG,32,850.5605,7,1.3332,-5.481,-7.2,0.8082,0.0,-1.194,5082
5083,AUG,32,819.8804,5,1.425,-5.981,-8.6,0.0,0.0,-1.194,5083
5084,AUG,35,2024.8903,6,-0.8351,-13.681,-10.7,0.3399,-3.0,-1.194,5084
5085,AUG,32,54.0002,5,8.225,-9.281,-11.6,0.0,-7.1,-1.194,5085
5086,AUG,32,432.2994,5,3.025,-7.281,-9.2,0.0,-2.3,-1.194,5086
5087,AUG,38,39650.6199,4,-8.2711,-13.281,-6.2,0.0039,0.0,-1.194,5087
5088,AUG,35,634.7289,6,2.0649,-10.881,-10.7,0.3399,-3.1,-1.194,5088
5089,AUG,32,1824.7692,5,-0.575,-6.481,-7.1,0.0,0.0,-1.194,5089
5090,AUG,22,65741.7423,6,-9.5351,-15.881,-7.2,0.3399,0.0,-1.194,5090
5091,AUG,35,263.2601,6,4.2649,-8.881,-10.9,0.3399,-3.1,-1.194,5091
5092,AUG,35,334.6743,6,3.6649,-11.981,-11.2,0.3399,-5.3,-1.194,5092
5093,AUG,32,2414.4489,5,-1.275,-9.781,-9.7,0.0,0.0,-1.194,5093
5094,AUG,32,449.943,5,2.925,-6.281,-9.9,0.0,-0.5,-1.194,5094
5095,AUG,35,1530.3523,6,-0.1351,-13.181,-11.3,0.3399,-2.6,-1.194,5095
5096,AUG,32,1970.3141,7,-0.7668,-10.681,-10.3,0.8082,0.0,-1.194,5096
5097,AUG,38,4952.9133,4,-3.0711,-8.581,-6.7,0.0039,0.0,-1.194,5097
5098,AUG,32,1129.1028,5,0.625,-5.481,-7.3,0.0,0.0,-1.194,5098
5099,AUG,35,715.6602,6,1.7649,-12.281,-10.9,0.3399,-4.0,-1.194,5099
5100,AUG,34,10158.3494,7,-4.8668,-11.581,-7.1,0.8082,0.0,-1.194,5100
5101,AUG,35,198.9642,6,4.9649,-14.481,-15.0,0.3399,-5.3,-1.194,5101
5102,AUG,35,4329.9814,6,-2.7351,-17.281,-12.3,0.3399,-3.1,-1.194,5102
5103,AUG,34,2788.5887,6,-1.6351,-12.281,-11.5,0.3399,0.0,-1.194,5103
5104,AUG,34,2376.2547,6,-1.2351,-9.881,-9.5,0.3399,0.0,-1.194,5104
5105,AUG,37,44706.286,4,-8.5711,-12.381,-5.0,0.0039,0.0,-1.194,5105
5106,AUG,34,1156.595,6,0.5649,-9.681,-11.1,0.3399,0.0,-1.194,5106
5107,AUG,31,1824.7692,5,-0.575,-4.881,-5.5,0.0,0.0,-1.194,5107
5108,AUG,34,1725.4804,6,-0.4351,-7.781,-8.2,0.3399,0.0,-1.194,5108
5109,AUG,34,2193.5485,6,-1.0351,-11.981,-11.8,0.3399,0.0,-1.194,5109
5110,AUG,31,172.2696,5,5.325,-4.781,-10.9,0.0,-0.4,-1.194,5110
5111,AUG,34,93.0445,6,6.8649,-6.781,-14.5,0.3399,0.0,-1.194,5111
5112,AUG,31,449.943,5,2.925,-6.281,-9.9,0.0,-0.5,-1.194,5112
5113,AUG,34,806.9107,6,1.4649,-10.781,-13.1,0.3399,0.0,-1.194,5113
5114,AUG,37,4160.19,6,-2.6351,-14.981,-13.2,0.3399,0.0,-1.194,5114
5115,AUG,31,1129.1028,5,0.625,-5.481,-7.3,0.0,0.0,-1.194,5115
5116,AUG,34,687.597,6,1.8649,-6.581,-9.3,0.3399,0.0,-1.194,5116
5118,AUG,37,4952.9133,4,-3.0711,-8.581,-6.7,0.0039,0.0,-1.194,5118
5119,AUG,34,4506.7026,6,-2.8351,-10.881,-8.9,0.3399,0.0,-1.194,5119
5120,AUG,32,467.3885,8,2.8299,-10.681,-13.3,1.4049,0.0,-1.194,5120
5121,AUG,31,2228.8061,5,-1.075,-9.781,-9.9,0.0,0.0,-1.194,5121
5122,AUG,31,595.3434,5,2.225,-1.881,-5.3,0.0,0.0,-1.194,5122
5123,AUG,34,7283.3863,6,-4.0351,-12.481,-9.3,0.3399,0.0,-1.194,5123
5124,AUG,31,368.3775,5,3.425,-1.981,-6.6,0.0,0.0,-1.194,5124
5125,AUG,25,585.9257,6,2.2649,-7.381,-10.5,0.3399,0.0,-1.194,5125
5126,AUG,24,12913.9876,7,-5.4668,-11.581,-6.5,0.8082,0.0,-1.194,5126
5127,AUG,34,4329.9814,6,-2.7351,-14.181,-12.3,0.3399,0.0,-1.194,5127
5128,AUG,31,18.337,5,10.925,-9.481,-14.1,0.0,-7.5,-1.194,5128
5129,AUG,37,19299.156,4,-6.4711,-13.281,-8.0,0.0039,0.0,-1.194,5129
5130,AUG,34,1530.3523,6,-0.1351,-10.581,-11.3,0.3399,0.0,-1.194,5130
5131,AUG,31,850.5605,7,1.3332,-5.481,-7.2,0.8082,0.0,-1.194,5131
5132,AUG,34,2902.4004,6,-1.7351,-11.681,-10.8,0.3399,0.0,-1.194,5132
5133,AUG,31,165.5144,5,5.425,-3.081,-9.0,0.0,-0.7,-1.194,5133
5134,AUG,34,169.5444,6,5.3649,-7.881,-14.1,0.3399,0.0,-1.194,5134
5135,AUG,31,399.0606,5,3.225,-5.481,-9.9,0.0,0.0,-1.194,5135
5136,AUG,34,224.3332,6,4.6649,-5.781,-11.3,0.3399,0.0,-1.194,5136
5137,AUG,34,176.4641,6,5.2649,-8.181,-14.3,0.3399,0.0,-1.194,5137
5138,AUG,34,562.9498,6,2.3649,-10.681,-13.9,0.3399,0.0,-1.194,5138
5139,AUG,34,2376.2547,6,-1.2351,-9.781,-9.4,0.3399,0.0,-1.194,5139
5140,AUG,34,334.6743,6,3.6649,-10.481,-15.0,0.3399,0.0,-1.194,5140
5141,AUG,34,4690.6365,6,-2.9351,-13.381,-11.3,0.3399,0.0,-1.194,5141
5142,AUG,34,3840.3201,6,-2.4351,-13.781,-12.2,0.3399,0.0,-1.194,5142
5143,AUG,37,726.044,4,1.7289,-4.281,-7.2,0.0039,0.0,-1.194,5143
5144,AUG,34,5081.3313,6,-3.1351,-12.681,-10.4,0.3399,0.0,-1.194,5144
5145,AUG,31,1129.1028,5,0.625,-6.581,-8.4,0.0,0.0,-1.194,5145
5146,AUG,34,3144.1487,6,-1.9351,-9.381,-8.3,0.3399,0.0,-1.194,5146
5147,AUG,27,17087.1825,7,-6.1668,-11.581,-5.8,0.8082,0.0,-1.194,5147
5148,AUG,34,1615.2396,8,-0.2701,-8.981,-8.5,1.4049,0.0,-1.194,5148
5149,AUG,31,452.8837,10,2.9087,-9.581,-10.7,2.9837,0.0,-1.194,5149
5150,AUG,31,1084.8273,5,0.725,-6.481,-8.4,0.0,0.0,-1.194,5150
5151,AUG,31,186.6183,5,5.125,-3.081,-8.4,0.0,-1.0,-1.194,5151
5152,AUG,34,252.9369,6,4.3649,-7.481,-12.7,0.3399,0.0,-1.194,5152
5153,AUG,31,819.8804,5,1.425,-5.981,-8.6,0.0,0.0,-1.194,5153
5154,AUG,30,11309.279,6,-5.1351,-13.781,-7.0,0.3399,-2.5,-1.194,5154
5155,AUG,34,1530.3523,6,-0.1351,-6.481,-7.2,0.3399,0.0,-1.194,5155
5156,AUG,34,425.4608,6,3.0649,-6.381,-10.3,0.3399,0.0,-1.194,5156
5157,AUG,34,9637.0351,6,-4.7351,-13.281,-9.4,0.3399,0.0,-1.194,5157
5158,AUG,34,3855.3602,9,-2.4449,-11.981,-8.6,2.1301,0.0,-1.194,5158
5159,AUG,31,418.0623,10,3.1087,-9.581,-10.9,2.9837,0.0,-1.194,5159
5160,AUG,31,669.0645,7,1.9332,-4.681,-7.0,0.8082,0.0,-1.194,5160
5161,AUG,34,9259.1382,6,-4.6351,-11.281,-7.5,0.3399,0.0,-1.194,5161
5162,AUG,34,263.2601,6,4.2649,-5.781,-10.9,0.3399,0.0,-1.194,5162
5163,AUG,31,505.6592,7,2.6332,-10.681,-13.7,0.8082,0.0,-1.194,5163
5164,AUG,31,42.4774,5,8.825,-9.581,-12.1,0.0,-7.5,-1.194,5164
5165,AUG,37,46530.901,4,-8.6711,-13.281,-5.8,0.0039,0.0,-1.194,5165
5166,AUG,34,548.4909,8,2.4299,-8.981,-11.2,1.4049,0.0,-1.194,5166
5167,AUG,34,2574.1789,6,-1.4351,-10.281,-9.7,0.3399,0.0,-1.194,5167
5168,AUG,34,479.7093,6,2.7649,-6.781,-10.4,0.3399,0.0,-1.194,5168
5169,AUG,34,687.597,6,1.8649,-8.581,-11.3,0.3399,0.0,-1.194,5169
5170,AUG,34,233.489,6,4.5649,-9.081,-14.5,0.3399,0.0,-1.194,5170
5171,AUG,37,22647.997,4,-6.8711,-12.081,-6.4,0.0039,0.0,-1.194,5171
5172,AUG,21,29538.1849,6,-7.5351,-15.881,-9.2,0.3399,0.0,-1.194,5172
5173,AUG,31,487.4199,5,2.725,-6.281,-9.7,0.0,-0.5,-1.194,5173
5174,AUG,34,207.8957,9,4.8551,-11.081,-15.0,2.1301,0.0,-1.194,5174
5175,AUG,31,257.0025,5,4.325,-3.081,-7.9,0.0,-0.7,-1.194,5175
5176,AUG,37,2944.5126,4,-1.7711,-6.381,-5.8,0.0039,0.0,-1.194,5176
5177,AUG,34,1725.4804,6,-0.4351,-11.081,-11.5,0.3399,0.0,-1.194,5177
5178,AUG,34,377.347,6,3.3649,-12.281,-16.5,0.3399,0.0,-1.194,5178
5179,AUG,18,101.1891,9,6.6551,0.319,-5.4,2.1301,0.0,-1.194,5179
5180,AUG,34,11770.849,6,-5.2351,-14.581,-10.2,0.3399,0.0,-1.194,5180
5181,AUG,31,2949.0516,5,-1.775,-10.781,-10.2,0.0,0.0,-1.194,5181
5182,AUG,31,1899.2442,5,-0.675,-8.881,-9.4,0.0,0.0,-1.194,5182
5183,AUG,31,888.1703,5,1.225,-5.381,-7.4,0.0,-0.4,-1.194,5183
5184,AUG,34,1111.2415,6,0.6649,-6.581,-8.1,0.3399,0.0,-1.194,5184
5185,AUG,34,150.3713,6,5.6649,-6.481,-13.0,0.3399,0.0,-1.194,5185
5186,AUG,34,1304.0671,6,0.2649,-10.881,-12.0,0.3399,0.0,-1.194,5186
5187,AUG,34,308.9417,6,3.8649,-6.481,-11.2,0.3399,0.0,-1.194,5187
5188,AUG,34,1470.3426,6,-0.0351,-8.581,-9.4,0.3399,0.0,-1.194,5188
5189,AUG,34,874.1203,6,1.2649,-6.381,-8.5,0.3399,0.0,-1.194,5189
5190,AUG,34,744.8687,6,1.6649,-9.681,-12.2,0.3399,0.0,-1.194,5190
5191,AUG,31,98.3985,5,6.725,-5.381,-10.3,0.0,-3.0,-1.194,5191
5192,AUG,33,4385.235,7,-2.7668,-11.581,-9.2,0.8082,0.0,-1.194,5192
5193,AUG,34,1025.8,6,0.8649,-9.381,-11.1,0.3399,0.0,-1.194,5193
5194,AUG,34,609.8393,6,2.1649,-8.381,-11.4,0.3399,0.0,-1.194,5194
5195,AUG,37,5812.3561,4,-3.4711,-8.581,-6.3,0.0039,0.0,-1.194,5195
5196,AUG,31,1435.3926,5,0.025,-6.381,-7.6,0.0,0.0,-1.194,5196
5197,AUG,34,634.7289,6,2.0649,-8.881,-11.8,0.3399,0.0,-1.194,5197
5198,AUG,34,562.9498,6,2.3649,-7.981,-11.2,0.3399,0.0,-1.194,5198
5199,AUG,34,839.8435,6,1.3649,-9.581,-11.8,0.3399,0.0,-1.194,5199
5200,AUG,31,435.1248,10,3.0087,-8.281,-9.5,2.9837,0.0,-1.194,5200
5201,AUG,37,72250.8623,4,-9.7711,-12.981,-4.4,0.0039,0.0,-1.194,5201
5202,AUG,34,2679.2398,6,-1.5351,-11.281,-10.6,0.3399,0.0,-1.194,5202
5203,AUG,31,1493.9759,5,-0.075,-6.481,-7.6,0.0,0.0,-1.194,5203
5204,AUG,37,8004.5178,4,-4.2711,-8.781,-5.7,0.0039,0.0,-1.194,5204
5205,AUG,34,2202.1392,9,-1.0449,-11.081,-9.1,2.1301,0.0,-1.194,5205
5206,AUG,37,36601.9515,4,-8.0711,-13.281,-6.4,0.0039,0.0,-1.194,5206
5207,AUG,37,39650.6199,4,-8.2711,-12.381,-5.3,0.0039,0.0,-1.194,5207
5208,AUG,34,408.7772,6,3.1649,-7.981,-12.0,0.3399,0.0,-1.194,5208
5209,AUG,37,2944.5126,4,-1.7711,-6.381,-5.8,0.0039,0.0,-1.194,5209
5210,AUG,31,186.3311,4,5.1289,-6.281,-8.5,0.0039,-4.1,-1.194,5210
5211,AUG,34,3689.7297,6,-2.3351,-11.781,-10.3,0.3399,0.0,-1.194,5211
5212,AUG,34,2024.8903,6,-0.8351,-10.681,-10.7,0.3399,0.0,-1.194,5212
5213,AUG,27,5152.882,8,-3.1701,-9.581,-6.2,1.4049,0.0,-1.194,5213
5214,AUG,36,207.8957,9,4.8551,-11.081,-15.0,2.1301,0.0,-1.194,5214
5215,AUG,29,11453.5932,7,-5.1668,-11.581,-6.8,0.8082,0.0,-1.194,5215
5216,AUG,36,499.2879,6,2.6649,-8.381,-11.9,0.3399,0.0,-1.194,5216
5217,AUG,23,10439.7279,6,-4.9351,-15.781,-11.7,0.3399,0.0,-1.194,5217
5218,AUG,36,1470.3426,6,-0.0351,-8.581,-9.4,0.3399,0.0,-1.194,5218
5219,AUG,36,2902.4004,6,-1.7351,-11.681,-10.8,0.3399,0.0,-1.194,5219
5220,AUG,36,93.0445,6,6.8649,-6.781,-14.5,0.3399,0.0,-1.194,5220
5221,AUG,36,377.347,6,3.3649,-14.481,-16.5,0.3399,-2.2,-1.194,5221
5222,AUG,33,125.0909,5,6.125,-4.881,-12.2,0.0,0.0,-1.194,5222
5223,AUG,36,9637.0351,6,-4.7351,-13.281,-9.4,0.3399,0.0,-1.194,5223
5224,AUG,33,63.3705,5,7.825,-4.781,-11.1,0.0,-2.7,-1.194,5224
5225,AUG,39,726.044,4,1.7289,-4.281,-7.2,0.0039,0.0,-1.194,5225
5226,AUG,36,1203.7996,6,0.4649,-6.481,-7.8,0.3399,0.0,-1.194,5226
5227,AUG,33,172.2696,5,5.325,-6.781,-10.9,0.0,-2.4,-1.194,5227
5228,AUG,33,26.2835,5,10.025,-7.481,-13.0,0.0,-5.7,-1.194,5228
5229,AUG,36,2376.2547,6,-1.2351,-9.881,-9.5,0.3399,0.0,-1.194,5229
5230,AUG,39,2410.7327,4,-1.2711,-8.581,-8.5,0.0039,0.0,-1.194,5230
5231,AUG,36,408.7772,6,3.1649,-7.981,-12.0,0.3399,0.0,-1.194,5231
5232,AUG,33,227.939,5,4.625,-10.681,-14.7,0.0,-1.8,-1.194,5232
5233,AUG,33,382.1623,7,3.3332,-5.481,-9.1,0.8082,-0.1,-1.194,5233
5234,AUG,33,237.242,5,4.525,-2.181,-7.8,0.0,-0.1,-1.194,5234
5235,AUG,33,194.2349,5,5.025,-6.481,-12.7,0.0,0.0,-1.194,5235
5236,AUG,36,1156.595,6,0.5649,-9.681,-11.1,0.3399,0.0,-1.194,5236
5237,AUG,33,415.3476,5,3.125,-6.381,-10.7,0.0,0.0,-1.194,5237
5238,AUG,33,186.6183,5,5.125,-7.481,-13.8,0.0,0.0,-1.194,5238
5239,AUG,36,7283.3863,6,-4.0351,-12.481,-9.3,0.3399,0.0,-1.194,5239
5240,AUG,33,549.5685,5,2.425,-10.181,-9.6,0.0,-4.2,-1.194,5240
5241,AUG,33,135.51,5,5.925,-1.981,-9.1,0.0,0.0,-1.194,5241
5242,AUG,36,1725.4804,6,-0.4351,-11.081,-11.5,0.3399,0.0,-1.194,5242
5243,AUG,36,1592.8111,6,-0.2351,-14.881,-12.2,0.3399,-3.3,-1.194,5243
5244,AUG,36,4160.19,6,-2.6351,-11.781,-10.0,0.3399,0.0,-1.194,5244
5245,AUG,36,3144.1487,6,-1.9351,-9.381,-8.3,0.3399,0.0,-1.194,5245
5246,AUG,36,11770.849,6,-5.2351,-14.581,-10.2,0.3399,0.0,-1.194,5246
5247,AUG,33,1824.7692,5,-0.575,-9.781,-10.4,0.0,0.0,-1.194,5247
5248,AUG,36,5081.3313,6,-3.1351,-12.681,-10.4,0.3399,0.0,-1.194,5248
5249,AUG,36,2283.0746,6,-1.1351,-9.781,-9.5,0.3399,0.0,-1.194,5249
5250,AUG,36,334.6743,6,3.6649,-10.481,-15.0,0.3399,0.0,-1.194,5250
5251,AUG,33,487.4199,5,2.725,-8.481,-9.7,0.0,-2.7,-1.194,5251
5252,AUG,36,548.4909,8,2.4299,-8.981,-11.2,1.4049,0.0,-1.194,5252
5253,AUG,33,267.4916,5,4.225,-6.481,-10.9,0.0,-1.0,-1.194,5253
5254,AUG,36,687.597,6,1.8649,-8.581,-11.3,0.3399,0.0,-1.194,5254
5255,AUG,36,1111.2415,6,0.6649,-6.581,-8.1,0.3399,0.0,-1.194,5255
5256,AUG,39,25170.5279,6,-7.1351,-14.981,-8.7,0.3399,0.0,-1.194,5256
5257,AUG,35,5802.3372,7,-3.4668,-11.581,-8.5,0.8082,0.0,-1.194,5257
5258,AUG,39,16445.4907,4,-6.0711,-12.981,-8.1,0.0039,0.0,-1.194,5258
5259,AUG,36,68.6487,5,7.625,-6.581,-10.5,0.0,-4.9,-1.194,5259
5260,AUG,36,5081.3313,6,-3.1351,-11.281,-9.0,0.3399,0.0,-1.194,5260
5261,AUG,39,12429.0159,4,-5.3711,-12.381,-8.2,0.0039,0.0,-1.194,5261
5262,AUG,34,41.8055,6,8.8649,-11.781,-15.0,0.3399,-6.5,-1.194,5262
5263,AUG,39,1271.11,4,0.3289,-8.581,-10.1,0.0039,0.0,-1.194,5263
5264,AUG,36,10030.3551,6,-4.8351,-13.381,-9.4,0.3399,0.0,-1.194,5264
5265,AUG,36,687.597,6,1.8649,-6.581,-9.3,0.3399,0.0,-1.194,5265
5266,AUG,33,26.2835,5,10.025,-7.481,-13.0,0.0,-5.7,-1.194,5266
5267,AUG,36,540.8748,6,2.4649,-11.981,-12.0,0.3399,-3.3,-1.194,5267
5268,AUG,36,1025.8,6,0.8649,-9.381,-11.1,0.3399,0.0,-1.194,5268
5269,AUG,36,1111.2415,6,0.6649,-9.981,-11.1,0.3399,-0.4,-1.194,5269
5270,AUG,33,135.51,5,5.925,-4.481,-9.2,0.0,-2.4,-1.194,5270
5271,AUG,39,4055.0515,4,-2.5711,-8.781,-7.4,0.0039,0.0,-1.194,5271
5272,AUG,33,449.943,5,2.925,-8.481,-9.9,0.0,-2.7,-1.194,5272
5273,AUG,33,60.8855,5,7.925,-5.581,-11.5,0.0,-3.2,-1.194,5273
5274,AUG,39,46530.901,4,-8.6711,-13.281,-5.8,0.0039,0.0,-1.194,5274
5275,AUG,36,2788.5887,6,-1.6351,-12.281,-11.5,0.3399,0.0,-1.194,5275
5276,AUG,33,237.242,5,4.525,-5.181,-8.1,0.0,-2.8,-1.194,5276
5277,AUG,39,2944.5126,4,-1.7711,-6.381,-5.8,0.0039,0.0,-1.194,5277
5278,AUG,33,87.271,5,7.025,-7.681,-10.1,0.0,-5.8,-1.194,5278
5279,AUG,36,479.7093,6,2.7649,-6.781,-10.4,0.3399,0.0,-1.194,5279
5280,AUG,36,4506.7026,6,-2.8351,-10.881,-8.9,0.3399,0.0,-1.194,5280
5281,AUG,36,4329.9814,6,-2.7351,-14.181,-12.3,0.3399,0.0,-1.194,5281
5282,AUG,39,6049.578,4,-3.5711,-13.281,-10.9,0.0039,0.0,-1.194,5282
5283,AUG,29,6818.0517,8,-3.8701,-9.581,-5.5,1.4049,0.0,-1.194,5283
5284,AUG,36,18277.1873,6,-6.3351,-13.181,-7.7,0.3399,0.0,-1.194,5284
5285,AUG,36,224.3332,6,4.6649,-5.781,-11.3,0.3399,0.0,-1.194,5285
5286,AUG,36,2193.5485,6,-1.0351,-13.381,-11.8,0.3399,-1.4,-1.194,5286
5287,AUG,33,415.3476,5,3.125,-7.381,-9.3,0.0,-2.4,-1.194,5287
5288,AUG,36,169.5444,6,5.3649,-7.881,-14.1,0.3399,0.0,-1.194,5288
5289,AUG,36,150.3713,6,5.6649,-6.481,-13.0,0.3399,0.0,-1.194,5289
5290,AUG,33,278.4088,5,4.125,-8.981,-10.8,0.0,-3.5,-1.194,5290
5291,AUG,36,176.4641,6,5.2649,-8.181,-14.3,0.3399,0.0,-1.194,5291
5292,AUG,36,25.2529,5,10.125,-8.981,-12.6,0.0,-7.7,-1.194,5292
5293,AUG,36,125.0909,5,6.125,-9.581,-12.2,0.0,-4.7,-1.194,5293
5294,AUG,33,30.8443,5,9.625,-7.681,-13.0,0.0,-5.5,-1.194,5294
5295,AUG,39,26577.9377,4,-7.2711,-13.281,-7.2,0.0039,0.0,-1.194,5295
5296,AUG,36,562.9498,6,2.3649,-6.381,-9.6,0.3399,0.0,-1.194,5296
5297,AUG,33,210.4132,5,4.825,-12.381,-15.2,0.0,-3.2,-1.194,5297
5298,AUG,36,2202.1392,9,-1.0449,-11.081,-9.1,2.1301,0.0,-1.194,5298
5299,AUG,36,562.9498,6,2.3649,-10.681,-13.9,0.3399,0.0,-1.194,5299
5300,AUG,36,634.7289,6,2.0649,-8.881,-11.8,0.3399,0.0,-1.194,5300
5301,AUG,36,1725.4804,6,-0.4351,-7.781,-8.2,0.3399,0.0,-1.194,5301
5302,AUG,32,10865.8086,6,-5.0351,-13.081,-7.1,0.3399,-1.8,-1.194,5302
5303,AUG,36,2024.8903,6,-0.8351,-10.681,-10.7,0.3399,0.0,-1.194,5303
5304,AUG,20,121.8422,11,6.1908,-3.581,-7.0,3.9658,0.0,-1.194,5304
5305,AUG,39,9393.483,4,-4.6711,-12.081,-8.6,0.0039,0.0,-1.194,5305
5306,AUG,36,2574.1789,6,-1.4351,-10.281,-9.7,0.3399,0.0,-1.194,5306
5307,AUG,33,671.2529,5,1.925,-6.581,-9.7,0.0,0.0,-1.194,5307
5308,AUG,33,29.6348,5,9.725,-11.781,-16.2,0.0,-6.5,-1.194,5308
5309,AUG,33,1042.288,5,0.825,-7.581,-9.6,0.0,0.0,-1.194,5309
5310,AUG,36,1615.2396,8,-0.2701,-8.981,-8.5,1.4049,0.0,-1.194,5310
5311,AUG,39,2410.7327,4,-1.2711,-6.381,-6.3,0.0039,0.0,-1.194,5311
5312,AUG,33,210.4132,5,4.825,-1.881,-7.9,0.0,0.0,-1.194,5312
5313,AUG,36,263.2601,6,4.2649,-5.781,-10.9,0.3399,0.0,-1.194,5313
5314,AUG,36,1530.3523,6,-0.1351,-10.581,-11.3,0.3399,0.0,-1.194,5314
5315,AUG,36,104.9081,6,6.5649,-8.581,-12.7,0.3399,-3.3,-1.194,5315
5316,AUG,33,33.4134,5,9.425,-7.881,-13.0,0.0,-5.5,-1.194,5316
5317,AUG,36,562.9498,6,2.3649,-7.981,-11.2,0.3399,0.0,-1.194,5317
5318,AUG,27,267.0799,4,4.2289,-7.581,-10.5,0.0039,-2.5,-1.194,5318
5319,AUG,33,696.3713,7,1.8332,-5.481,-7.7,0.8082,0.0,-1.194,5319
5320,AUG,26,7677.3803,7,-4.1668,-11.581,-7.8,0.8082,0.0,-1.194,5320
5321,AUG,36,1208.5141,9,0.4551,-11.981,-11.5,2.1301,0.0,-1.194,5321
5322,AUG,36,3144.1487,6,-1.9351,-10.781,-9.7,0.3399,0.0,-1.194,5322
5323,AUG,36,233.489,6,4.5649,-9.081,-14.5,0.3399,0.0,-1.194,5323
5324,AUG,39,20906.6312,4,-6.6711,-12.381,-6.9,0.0039,0.0,-1.194,5324
5325,AUG,33,399.0606,5,3.225,-5.481,-9.9,0.0,0.0,-1.194,5325
5326,AUG,36,3855.3602,9,-2.4449,-11.981,-8.6,2.1301,0.0,-1.194,5326
5327,AUG,36,1725.4804,6,-0.4351,-11.081,-11.5,0.3399,0.0,-1.194,5327
5328,AUG,36,169.5444,6,5.3649,-7.881,-14.1,0.3399,0.0,-1.194,5328
5329,AUG,39,1433.1833,4,0.0289,-8.581,-9.8,0.0039,0.0,-1.194,5329
5330,AUG,36,660.6343,6,1.9649,-8.381,-11.2,0.3399,0.0,-1.194,5330
5331,AUG,36,744.8687,6,1.6649,-9.681,-12.2,0.3399,0.0,-1.194,5331
5332,AUG,39,2718.1141,4,-1.5711,-6.381,-6.0,0.0039,0.0,-1.194,5332
5333,AUG,36,9637.0351,6,-4.7351,-13.281,-9.4,0.3399,0.0,-1.194,5333
5334,AUG,33,65.9568,5,7.725,-7.481,-10.7,0.0,-5.7,-1.194,5334
5335,AUG,33,3460.7789,5,-2.175,-9.781,-8.8,0.0,0.0,-1.194,5335
5336,AUG,33,819.8804,5,1.425,-5.981,-8.6,0.0,0.0,-1.194,5336
5337,AUG,36,4506.7026,6,-2.8351,-10.881,-8.9,0.3399,0.0,-1.194,5337
5338,AUG,33,1899.2442,5,-0.675,-7.581,-8.1,0.0,0.0,-1.194,5338
5339,AUG,36,687.597,6,1.8649,-6.581,-9.3,0.3399,0.0,-1.194,5339
5340,AUG,33,46.0155,5,8.625,-7.681,-12.0,0.0,-5.5,-1.194,5340
5341,AUG,36,562.9498,6,2.3649,-10.681,-13.9,0.3399,0.0,-1.194,5341
5342,AUG,36,176.4641,6,5.2649,-8.181,-14.3,0.3399,0.0,-1.194,5342
5343,AUG,27,267.0799,4,4.2289,-7.581,-10.5,0.0039,-2.5,-1.194,5343
5344,AUG,39,2718.1141,4,-1.5711,-8.581,-8.2,0.0039,0.0,-1.194,5344
5345,AUG,33,850.5605,7,1.3332,-5.481,-7.2,0.8082,0.0,-1.194,5345
5346,AUG,35,5802.3372,7,-3.4668,-11.581,-8.5,0.8082,0.0,-1.194,5346
5347,AUG,29,11453.5932,7,-5.1668,-11.581,-6.8,0.8082,0.0,-1.194,5347
5348,AUG,39,726.044,4,1.7289,-4.281,-7.2,0.0039,0.0,-1.194,5348
5349,AUG,29,7687.3897,8,-4.1701,-9.581,-5.2,1.4049,0.0,-1.194,5349
5350,AUG,36,104.9081,6,6.5649,-8.581,-12.7,0.3399,-3.3,-1.194,5350
5351,AUG,36,1725.4804,6,-0.4351,-7.781,-8.2,0.3399,0.0,-1.194,5351
5352,AUG,36,1615.2396,8,-0.2701,-8.981,-8.5,1.4049,0.0,-1.194,5352
5353,AUG,36,334.6743,6,3.6649,-10.481,-15.0,0.3399,0.0,-1.194,5353
5355,AUG,36,377.347,6,3.3649,-12.281,-16.5,0.3399,0.0,-1.194,5355
5356,AUG,36,479.7093,6,2.7649,-6.781,-10.4,0.3399,0.0,-1.194,5356
5357,AUG,39,18542.3787,4,-6.3711,-12.981,-7.8,0.0039,0.0,-1.194,5357
5358,AUG,33,219.0009,5,4.725,-4.781,-8.0,0.0,-2.7,-1.194,5358
5359,AUG,33,267.4916,5,4.225,-2.181,-7.5,0.0,-0.1,-1.194,5359
5360,AUG,36,1592.8111,6,-0.2351,-14.881,-12.2,0.3399,-3.3,-1.194,5360
5361,AUG,36,1156.595,6,0.5649,-9.681,-11.1,0.3399,0.0,-1.194,5361
5362,AUG,33,172.2696,5,5.325,-6.781,-10.9,0.0,-2.4,-1.194,5362
5363,AUG,36,3144.1487,6,-1.9351,-10.781,-9.7,0.3399,0.0,-1.194,5363
5364,AUG,33,1129.1028,5,0.625,-8.881,-10.7,0.0,0.0,-1.194,5364
5365,AUG,36,224.3332,6,4.6649,-5.781,-11.3,0.3399,0.0,-1.194,5365
5366,AUG,36,7283.3863,6,-4.0351,-12.481,-9.3,0.3399,0.0,-1.194,5366
5367,AUG,33,756.8412,5,1.625,-5.681,-7.7,0.0,-0.8,-1.194,5367
5368,AUG,23,80298.1539,6,-10.0351,-15.781,-6.6,0.3399,0.0,-1.194,5368
5369,AUG,33,449.943,5,2.925,-8.481,-9.9,0.0,-2.7,-1.194,5369
5370,AUG,36,1111.2415,6,0.6649,-6.581,-8.1,0.3399,0.0,-1.194,5370
5371,AUG,33,278.4088,5,4.125,-2.781,-7.3,0.0,-0.8,-1.194,5371
5372,AUG,36,687.597,6,1.8649,-8.581,-11.3,0.3399,0.0,-1.194,5372
5373,AUG,36,985.5754,6,0.9649,-6.381,-8.2,0.3399,0.0,-1.194,5373
5374,AUG,36,263.2601,6,4.2649,-5.781,-10.9,0.3399,0.0,-1.194,5374
5375,AUG,36,1025.8,6,0.8649,-9.381,-11.1,0.3399,0.0,-1.194,5375
5376,AUG,36,548.4909,8,2.4299,-8.981,-11.2,1.4049,0.0,-1.194,5376
5377,AUG,36,2283.0746,6,-1.1351,-9.781,-9.5,0.3399,0.0,-1.194,5377
5378,AUG,36,5963.0575,6,-3.5351,-11.281,-8.6,0.3399,0.0,-1.194,5378
5379,AUG,36,585.9257,6,2.2649,-6.481,-9.6,0.3399,0.0,-1.194,5379
5380,AUG,36,2376.2547,6,-1.2351,-9.881,-9.5,0.3399,0.0,-1.194,5380
5381,AUG,33,487.4199,5,2.725,-8.481,-9.7,0.0,-2.7,-1.194,5381
5382,AUG,33,159.0241,5,5.525,-4.481,-8.8,0.0,-2.4,-1.194,5382
5383,AUG,36,233.489,6,4.5649,-9.081,-14.5,0.3399,0.0,-1.194,5383
5384,AUG,39,44066.9007,6,-8.5351,-14.981,-7.3,0.3399,0.0,-1.194,5384
5385,AUG,39,14013.782,4,-5.6711,-12.381,-7.9,0.0039,0.0,-1.194,5385
5386,AUG,36,2193.5485,6,-1.0351,-11.981,-11.8,0.3399,0.0,-1.194,5386
5387,AUG,36,2788.5887,6,-1.6351,-12.281,-11.5,0.3399,0.0,-1.194,5387
5388,AUG,36,1592.8111,6,-0.2351,-9.581,-10.2,0.3399,0.0,-1.194,5388
5389,AUG,36,562.9498,6,2.3649,-6.381,-9.6,0.3399,0.0,-1.194,5389
5390,AUG,32,10865.8086,6,-5.0351,-11.281,-7.1,0.3399,0.0,-1.194,5390
5391,AUG,36,2024.8903,6,-0.8351,-10.681,-10.7,0.3399,0.0,-1.194,5391
5392,AUG,36,2574.1789,6,-1.4351,-10.281,-9.7,0.3399,0.0,-1.194,5392
5393,AUG,36,11770.849,6,-5.2351,-14.581,-10.2,0.3399,0.0,-1.194,5393
5394,AUG,33,485.8308,7,2.7332,-5.481,-8.5,0.8082,-0.1,-1.194,5394
5395,AUG,36,93.0445,6,6.8649,-6.781,-14.5,0.3399,0.0,-1.194,5395
5396,AUG,36,4329.9814,6,-2.7351,-14.181,-12.3,0.3399,0.0,-1.194,5396
5397,AUG,36,150.3713,6,5.6649,-6.481,-13.0,0.3399,0.0,-1.194,5397
5398,AUG,33,1273.0695,5,0.325,-6.481,-8.0,0.0,0.0,-1.194,5398
5399,AUG,36,1530.3523,6,-0.1351,-10.581,-11.3,0.3399,0.0,-1.194,5399
5400,AUG,36,408.7772,6,3.1649,-7.981,-12.0,0.3399,0.0,-1.194,5400
5401,AUG,33,102.4145,5,6.625,-11.781,-13.1,0.0,-6.5,-1.194,5401
5402,AUG,36,1657.8191,6,-0.3351,-6.481,-7.0,0.3399,0.0,-1.194,5402
5403,AUG,33,595.3434,5,2.225,-1.881,-5.3,0.0,0.0,-1.194,5403
5404,AUG,33,2141.408,5,-0.975,-6.381,-6.6,0.0,0.0,-1.194,5404
5405,AUG,36,562.9498,6,2.3649,-7.981,-11.2,0.3399,0.0,-1.194,5405
5406,AUG,33,1824.7692,5,-0.575,-6.481,-7.1,0.0,0.0,-1.194,5406
5407,AUG,39,29966.7669,4,-7.5711,-13.281,-6.9,0.0039,0.0,-1.194,5407
5408,AUG,36,207.8957,9,4.8551,-11.081,-15.0,2.1301,0.0,-1.194,5408
5409,AUG,36,4160.19,6,-2.6351,-11.781,-10.0,0.3399,0.0,-1.194,5409
5410,AUG,33,36.1965,5,9.225,-7.881,-12.8,0.0,-5.5,-1.194,5410
5411,AUG,33,1129.1028,5,0.625,-5.481,-7.3,0.0,0.0,-1.194,5411
5412,AUG,33,415.3476,5,3.125,-7.381,-9.3,0.0,-2.4,-1.194,5412
5413,AUG,26,11004.4638,7,-5.0668,-11.581,-6.9,0.8082,0.0,-1.194,5413
5414,AUG,39,4572.0923,4,-2.8711,-8.781,-7.1,0.0039,0.0,-1.194,5414
5415,AUG,39,46530.901,4,-8.6711,-13.281,-5.8,0.0039,0.0,-1.194,5415
5416,AUG,20,184.3855,9,5.1551,-0.681,-4.9,2.1301,0.0,-1.194,5416
5417,AUG,33,186.6183,5,5.125,-7.481,-13.8,0.0,0.0,-1.194,5417
5418,AUG,36,2202.1392,9,-1.0449,-11.081,-9.1,2.1301,0.0,-1.194,5418
5419,AUG,36,3689.7297,6,-2.3351,-9.381,-7.9,0.3399,0.0,-1.194,5419
5420,AUG,36,2902.4004,6,-1.7351,-11.681,-10.8,0.3399,0.0,-1.194,5420
5421,AUG,39,6820.9316,4,-3.8711,-13.281,-10.6,0.0039,0.0,-1.194,5421
5422,AUG,36,5081.3313,6,-3.1351,-12.681,-10.4,0.3399,0.0,-1.194,5422
5423,AUG,33,571.9982,5,2.325,-6.581,-10.1,0.0,0.0,-1.194,5423
5424,AUG,34,41.8055,6,8.8649,-11.781,-15.0,0.3399,-6.5,-1.194,5424
5425,AUG,39,23572.3385,4,-6.9711,-12.381,-6.6,0.0039,0.0,-1.194,5425
5426,AUG,33,60.8855,5,7.925,-7.481,-10.9,0.0,-5.7,-1.194,5426
5427,AUG,33,756.8412,5,1.625,-12.381,-12.0,0.0,-3.2,-1.194,5427
5428,AUG,36,10030.3551,6,-4.8351,-13.381,-9.4,0.3399,0.0,-1.194,5428
5429,AUG,39,2944.5126,4,-1.7711,-6.381,-5.8,0.0039,0.0,-1.194,5429
5430,AUG,36,9259.1382,6,-4.6351,-11.281,-7.5,0.3399,0.0,-1.194,5430
5431,AUG,36,540.8748,6,2.4649,-11.981,-12.0,0.3399,-3.3,-1.194,5431
5432,AUG,36,1470.3426,6,-0.0351,-8.581,-9.4,0.3399,0.0,-1.194,5432
5433,AUG,33,60.8855,5,7.925,-5.581,-11.5,0.0,-3.2,-1.194,5433
5434,AUG,36,634.7289,6,2.0649,-8.881,-11.8,0.3399,0.0,-1.194,5434
5435,AUG,39,10591.2023,4,-4.9711,-12.081,-8.3,0.0039,0.0,-1.194,5435
5436,AUG,33,1493.9759,5,-0.075,-7.281,-8.4,0.0,0.0,-1.194,5436
5437,AUG,36,233.489,6,4.5649,-9.081,-14.5,0.3399,0.0,-1.194,5437
5438,AUG,39,5812.3561,4,-3.4711,-8.581,-6.3,0.0039,0.0,-1.194,5438
5439,AUG,33,186.6183,5,5.125,-8.181,-14.5,0.0,0.0,-1.194,5439
5440,AUG,23,86986.3887,6,-10.2351,-15.981,-6.6,0.3399,0.0,-1.194,5440
5441,AUG,33,418.0623,10,3.1087,-10.281,-11.6,2.9837,0.0,-1.194,5441
5442,AUG,36,2574.1789,6,-1.4351,-10.281,-9.7,0.3399,0.0,-1.194,5442
5443,AUG,36,1203.7996,6,0.4649,-6.481,-7.8,0.3399,0.0,-1.194,5443
5444,AUG,36,562.9498,6,2.3649,-10.681,-13.9,0.3399,0.0,-1.194,5444
5445,AUG,36,11770.849,6,-5.2351,-14.581,-10.2,0.3399,0.0,-1.194,5445
5446,AUG,33,1824.7692,5,-0.575,-7.181,-7.8,0.0,0.0,-1.194,5446
5447,AUG,36,2902.4004,6,-1.7351,-11.681,-10.8,0.3399,0.0,-1.194,5447
5448,AUG,36,1156.595,6,0.5649,-9.681,-11.1,0.3399,0.0,-1.194,5448
5449,AUG,39,44706.286,4,-8.5711,-12.381,-5.0,0.0039,0.0,-1.194,5449
5450,AUG,36,562.9498,6,2.3649,-7.981,-11.2,0.3399,0.0,-1.194,5450
5451,AUG,35,10158.3494,7,-4.8668,-11.581,-7.1,0.8082,0.0,-1.194,5451
5452,AUG,33,430.89,7,3.0332,-3.681,-7.1,0.8082,0.0,-1.194,5452
5453,AUG,33,819.8804,5,1.425,-6.681,-9.3,0.0,0.0,-1.194,5453
5454,AUG,36,548.4909,8,2.4299,-8.981,-11.2,1.4049,0.0,-1.194,5454
5455,AUG,33,2722.3041,5,-1.575,-9.581,-9.2,0.0,0.0,-1.194,5455
5456,AUG,36,744.8687,6,1.6649,-9.681,-12.2,0.3399,0.0,-1.194,5456
5457,AUG,33,850.5605,7,1.3332,-6.181,-7.9,0.8082,0.0,-1.194,5457
5458,AUG,33,277.5012,7,4.1332,-4.481,-9.0,0.8082,0.0,-1.194,5458
5459,AUG,33,570.1334,7,2.3332,-6.081,-8.8,0.8082,0.0,-1.194,5459
5460,AUG,36,2574.1789,6,-1.4351,-9.381,-8.8,0.3399,0.0,-1.194,5460
5461,AUG,36,224.3332,6,4.6649,-5.781,-11.3,0.3399,0.0,-1.194,5461
5462,AUG,36,1304.0671,6,0.2649,-10.881,-12.0,0.3399,0.0,-1.194,5462
5463,AUG,36,2376.2547,6,-1.2351,-9.781,-9.4,0.3399,0.0,-1.194,5463
5464,AUG,36,687.597,6,1.8649,-8.581,-11.3,0.3399,0.0,-1.194,5464
5465,AUG,36,408.7772,6,3.1649,-7.981,-12.0,0.3399,0.0,-1.194,5465
5466,AUG,39,8004.5178,4,-4.2711,-8.781,-5.7,0.0039,0.0,-1.194,5466
5467,AUG,34,467.3885,8,2.8299,-11.381,-14.0,1.4049,0.0,-1.194,5467
5468,AUG,36,634.7289,6,2.0649,-8.881,-11.8,0.3399,0.0,-1.194,5468
5469,AUG,27,585.9257,6,2.2649,-7.381,-10.5,0.3399,0.0,-1.194,5469
5470,AUG,20,256.1646,7,4.3332,0.519,-4.2,0.8082,0.0,-1.194,5470
5471,AUG,33,1970.3141,7,-0.7668,-11.381,-11.0,0.8082,0.0,-1.194,5471
5472,AUG,36,93.0445,6,6.8649,-6.781,-14.5,0.3399,0.0,-1.194,5472
5473,AUG,36,5081.3313,6,-3.1351,-12.681,-10.4,0.3399,0.0,-1.194,5473
5474,AUG,36,169.5444,6,5.3649,-7.881,-14.1,0.3399,0.0,-1.194,5474
5475,AUG,39,39650.6199,4,-8.2711,-13.281,-6.2,0.0039,0.0,-1.194,5475
5476,AUG,39,2944.5126,4,-1.7711,-6.381,-5.8,0.0039,0.0,-1.194,5476
5477,AUG,36,4160.19,6,-2.6351,-11.781,-10.0,0.3399,0.0,-1.194,5477
5478,AUG,39,2410.7327,4,-1.2711,-6.381,-6.3,0.0039,0.0,-1.194,5478
5479,AUG,39,36078.4737,6,-8.0351,-14.981,-7.8,0.3399,0.0,-1.194,5479
5480,AUG,36,263.2601,6,4.2649,-5.781,-10.9,0.3399,0.0,-1.194,5480
5481,AUG,33,130.1963,5,6.025,-2.781,-9.9,0.0,-0.1,-1.194,5481
5482,AUG,39,726.044,4,1.7289,-4.281,-7.2,0.0039,0.0,-1.194,5482
5483,AUG,33,1129.1028,5,0.625,-7.281,-9.0,0.0,-0.1,-1.194,5483
5484,AUG,36,1615.2396,8,-0.2701,-8.981,-8.5,1.4049,0.0,-1.194,5484
5485,AUG,36,3840.3201,6,-2.4351,-13.781,-12.2,0.3399,0.0,-1.194,5485
5486,AUG,32,10439.7279,6,-4.9351,-11.281,-7.2,0.3399,0.0,-1.194,5486
5487,AUG,36,2788.5887,6,-1.6351,-12.281,-11.5,0.3399,0.0,-1.194,5487
5488,AUG,33,370.7852,10,3.4087,-8.981,-10.6,2.9837,0.0,-1.194,5488
5489,AUG,36,4329.9814,6,-2.7351,-14.181,-12.3,0.3399,0.0,-1.194,5489
5490,AUG,39,24534.4055,4,-7.0711,-12.081,-6.2,0.0039,0.0,-1.194,5490
5491,AUG,36,3144.1487,6,-1.9351,-10.781,-9.7,0.3399,0.0,-1.194,5491
5492,AUG,36,1470.3426,6,-0.0351,-8.581,-9.4,0.3399,0.0,-1.194,5492
5493,AUG,33,761.7878,10,1.6087,-8.981,-8.8,2.9837,0.0,-1.194,5493
5494,AUG,39,4952.9133,4,-3.0711,-8.581,-6.7,0.0039,0.0,-1.194,5494
5495,AUG,36,9637.0351,6,-4.7351,-13.281,-9.4,0.3399,0.0,-1.194,5495
5496,AUG,36,1725.4804,6,-0.4351,-7.781,-8.2,0.3399,0.0,-1.194,5496
5497,AUG,36,207.8957,9,4.8551,-11.081,-15.0,2.1301,0.0,-1.194,5497
5498,AUG,33,1899.2442,5,-0.675,-8.281,-8.8,0.0,0.0,-1.194,5498
5499,AUG,36,2107.5329,6,-0.9351,-9.581,-9.5,0.3399,0.0,-1.194,5499
5500,AUG,36,176.4641,6,5.2649,-8.181,-14.3,0.3399,0.0,-1.194,5500
5501,AUG,29,7687.3897,8,-4.1701,-9.581,-5.2,1.4049,0.0,-1.194,5501
5502,AUG,33,237.242,5,4.525,-6.481,-12.2,0.0,0.0,-1.194,5502
5503,AUG,36,9259.1382,6,-4.6351,-11.281,-7.5,0.3399,0.0,-1.194,5503
5504,AUG,39,75199.6649,4,-9.8711,-12.981,-4.3,0.0039,0.0,-1.194,5504
5505,AUG,33,399.0606,5,3.225,-6.181,-10.6,0.0,0.0,-1.194,5505
5506,AUG,36,985.5754,6,0.9649,-6.381,-8.2,0.3399,0.0,-1.194,5506
5507,AUG,36,1725.4804,6,-0.4351,-11.081,-11.5,0.3399,0.0,-1.194,5507
5508,AUG,33,3460.7789,5,-2.175,-10.481,-9.5,0.0,0.0,-1.194,5508
5509,AUG,36,687.597,6,1.8649,-6.581,-9.3,0.3399,0.0,-1.194,5509
5510,AUG,39,39650.6199,4,-8.2711,-12.381,-5.3,0.0039,0.0,-1.194,5510
5511,AUG,36,252.9369,6,4.3649,-7.481,-12.7,0.3399,0.0,-1.194,5511
5512,AUG,36,1530.3523,6,-0.1351,-10.581,-11.3,0.3399,0.0,-1.194,5512
5513,AUG,26,25491.7212,7,-7.1668,-11.581,-4.8,0.8082,0.0,-1.194,5513
5514,AUG,36,687.597,6,1.8649,-6.481,-9.2,0.3399,0.0,-1.194,5514
5515,AUG,36,2024.8903,6,-0.8351,-10.681,-10.7,0.3399,0.0,-1.194,5515
5516,AUG,36,334.6743,6,3.6649,-10.481,-15.0,0.3399,0.0,-1.194,5516
5517,AUG,33,3902.0467,5,-2.475,-11.481,-10.2,0.0,0.0,-1.194,5517
5518,AUG,36,479.7093,6,2.7649,-8.381,-12.0,0.3399,0.0,-1.194,5518
5519,AUG,29,25491.7212,7,-7.1668,-11.581,-4.8,0.8082,0.0,-1.194,5519
5520,AUG,33,124.6831,7,6.1332,-5.381,-11.9,0.8082,0.0,-1.194,5520
5521,AUG,36,21448.6935,6,-6.7351,-12.581,-6.7,0.3399,0.0,-1.194,5521
5522,AUG,33,1042.288,5,0.825,-5.681,-7.7,0.0,0.0,-1.194,5522
5523,AUG,36,3855.3602,9,-2.4449,-11.981,-8.6,2.1301,0.0,-1.194,5523
5524,AUG,33,172.2696,5,5.325,-5.081,-11.6,0.0,0.0,-1.194,5524
5525,AUG,36,7283.3863,6,-4.0351,-12.481,-9.3,0.3399,0.0,-1.194,5525
5526,AUG,36,1111.2415,6,0.6649,-6.581,-8.1,0.3399,0.0,-1.194,5526
5527,AUG,33,278.4088,5,4.125,-2.781,-8.1,0.0,0.0,-1.194,5527
5528,AUG,36,479.7093,6,2.7649,-6.781,-10.4,0.3399,0.0,-1.194,5528
5529,AUG,33,301.5982,5,3.925,-3.081,-8.2,0.0,0.0,-1.194,5529
5530,AUG,33,452.8837,10,2.9087,-10.281,-11.4,2.9837,0.0,-1.194,5530
5531,AUG,39,23572.3385,4,-6.9711,-13.281,-7.5,0.0039,0.0,-1.194,5531
5532,AUG,33,787.7305,5,1.525,-5.681,-8.3,0.0,-0.1,-1.194,5532
5533,AUG,36,150.3713,6,5.6649,-6.481,-13.0,0.3399,0.0,-1.194,5533
5534,AUG,36,2202.1392,9,-1.0449,-11.081,-9.1,2.1301,0.0,-1.194,5534
5535,AUG,36,4506.7026,6,-2.8351,-10.881,-8.9,0.3399,0.0,-1.194,5535
5536,AUG,33,595.3434,5,2.225,-2.681,-6.0,0.0,-0.1,-1.194,5536
5537,AUG,33,449.943,5,2.925,-6.481,-10.6,0.0,0.0,-1.194,5537
5538,AUG,33,1129.1028,5,0.625,-6.181,-8.0,0.0,0.0,-1.194,5538
5539,AUG,36,1025.8,6,0.8649,-9.381,-11.1,0.3399,0.0,-1.194,5539
5540,AUG,36,377.347,6,3.3649,-12.281,-16.5,0.3399,0.0,-1.194,5540
5541,AUG,39,46530.901,4,-8.6711,-13.281,-5.8,0.0039,0.0,-1.194,5541
5542,AUG,36,2193.5485,6,-1.0351,-11.981,-11.8,0.3399,0.0,-1.194,5542
5543,AUG,36,562.9498,6,2.3649,-6.381,-9.6,0.3399,0.0,-1.194,5543
5544,AUG,36,10030.3551,6,-4.8351,-13.381,-9.4,0.3399,0.0,-1.194,5544
5545,AUG,36,2376.2547,6,-1.2351,-9.881,-9.5,0.3399,0.0,-1.194,5545
5546,AUG,33,2512.9908,5,-1.375,-7.081,-6.9,0.0,0.0,-1.194,5546
5547,AUG,34,7376.3274,7,-4.0668,-11.581,-7.9,0.8082,0.0,-1.194,5547
5548,AUG,35,11770.849,6,-5.2351,-15.181,-10.2,0.3399,-0.6,-1.194,5548
5549,AUG,35,3406.0327,6,-2.1351,-14.781,-12.9,0.3399,-0.6,-1.194,5549
5550,AUG,32,452.8837,10,2.9087,-12.081,-10.7,2.9837,-2.5,-1.194,5550
5551,AUG,38,1221.266,4,0.4289,-8.581,-10.2,0.0039,0.0,-1.194,5551
5552,AUG,35,207.0846,6,4.8649,-8.081,-13.2,0.3399,-0.6,-1.194,5552
5553,AUG,38,24534.4055,4,-7.0711,-13.281,-7.4,0.0039,0.0,-1.194,5553
5554,AUG,32,2512.9908,5,-1.375,-8.881,-8.7,0.0,0.0,-1.194,5554
5555,AUG,38,12429.0159,4,-5.3711,-12.081,-7.9,0.0039,0.0,-1.194,5555
5556,AUG,19,367.6552,8,3.4299,-3.581,-6.8,1.4049,0.0,-1.194,5556
5557,AUG,35,775.2693,6,1.5649,-9.481,-11.8,0.3399,-0.1,-1.194,5557
5558,AUG,35,3406.0327,6,-2.1351,-12.881,-11.5,0.3399,-0.1,-1.194,5558
5559,AUG,32,888.1703,5,1.225,-7.381,-9.8,0.0,0.0,-1.194,5559
5560,AUG,35,274.0047,6,4.1649,-11.081,-15.5,0.3399,-0.6,-1.194,5560
5561,AUG,38,2316.2007,4,-1.1711,-8.781,-8.8,0.0039,0.0,-1.194,5561
5562,AUG,35,1592.8111,6,-0.2351,-8.381,-8.4,0.3399,-0.6,-1.194,5562
5563,AUG,35,3032.688,9,-1.8449,-12.581,-9.2,2.1301,-0.6,-1.194,5563
5564,AUG,38,5504.5682,6,-3.3351,-14.981,-12.5,0.3399,0.0,-1.194,5564
5565,AUG,35,150.3713,6,5.6649,-7.081,-13.5,0.3399,-0.1,-1.194,5565
5566,AUG,32,210.4132,5,4.825,-4.881,-10.9,0.0,0.0,-1.194,5566
5567,AUG,35,278.4088,5,4.125,-11.481,-11.7,0.0,-5.1,-1.194,5567
5568,AUG,25,8316.8486,7,-4.3668,-11.581,-7.6,0.8082,0.0,-1.194,5568
5569,AUG,35,3144.1487,6,-1.9351,-12.381,-11.2,0.3399,-0.1,-1.194,5569
5570,AUG,32,507.3131,5,2.625,-9.981,-13.8,0.0,0.0,-1.194,5570
5571,AUG,32,4579.1403,5,-2.875,-13.281,-11.6,0.0,0.0,-1.194,5571
5572,AUG,32,220.4322,10,4.7087,-10.781,-11.2,2.9837,-2.5,-1.194,5572
5573,AUG,28,3594.9625,8,-2.2701,-9.581,-7.1,1.4049,0.0,-1.194,5573
5574,AUG,26,321.5507,6,3.7649,-7.381,-12.0,0.3399,0.0,-1.194,5574
5575,AUG,32,888.1703,5,1.225,-9.981,-10.7,0.0,-1.7,-1.194,5575
5576,AUG,35,2473.2377,6,-1.3351,-10.881,-9.8,0.3399,-0.6,-1.194,5576
5577,AUG,32,2833.4105,5,-1.675,-9.081,-8.6,0.0,0.0,-1.194,5577
5578,AUG,32,1970.3141,7,-0.7668,-13.181,-10.3,0.8082,-2.5,-1.194,5578
5579,AUG,35,2193.5485,6,-1.0351,-12.581,-12.3,0.3399,-0.1,-1.194,5579
5580,AUG,35,839.8435,6,1.3649,-9.181,-11.3,0.3399,-0.1,-1.194,5580
5581,AUG,32,418.0623,10,3.1087,-12.081,-10.9,2.9837,-2.5,-1.194,5581
5582,AUG,35,1252.9307,6,0.3649,-12.381,-10.2,0.3399,-3.4,-1.194,5582
5583,AUG,35,1270.5733,8,0.3299,-9.581,-9.1,1.4049,-0.6,-1.194,5583
5584,AUG,35,285.1877,6,4.0649,-10.681,-13.6,0.3399,-2.0,-1.194,5584
5585,AUG,35,348.3335,6,3.5649,-7.881,-10.3,0.3399,-2.0,-1.194,5585
5586,AUG,35,715.6602,6,1.7649,-10.281,-12.8,0.3399,-0.1,-1.194,5586
5587,AUG,32,1001.4168,5,0.925,-13.081,-13.5,0.0,-1.7,-1.194,5587
5588,AUG,35,3144.1487,6,-1.9351,-14.381,-12.7,0.3399,-0.6,-1.194,5588
5589,AUG,35,2376.2547,6,-1.2351,-10.481,-10.0,0.3399,-0.1,-1.194,5589
5590,AUG,35,460.8985,6,2.8649,-7.381,-11.0,0.3399,-0.1,-1.194,5590
5591,AUG,35,2902.4004,6,-1.7351,-12.281,-10.8,0.3399,-0.6,-1.194,5591
5592,AUG,32,186.6183,5,5.125,-5.281,-11.2,0.0,-0.4,-1.194,5592
5593,AUG,32,77.4018,5,7.325,-8.881,-16.5,0.0,-0.9,-1.194,5593
5594,AUG,32,278.4088,5,4.125,-4.581,-9.9,0.0,0.0,-1.194,5594
5595,AUG,35,15574.6351,6,-5.9351,-11.281,-6.2,0.3399,0.0,-1.194,5595
5596,AUG,38,31189.8122,4,-7.6711,-13.281,-6.8,0.0039,0.0,-1.194,5596
5597,AUG,38,35166.6801,4,-7.9711,-12.381,-5.6,0.0039,0.0,-1.194,5597
5598,AUG,32,237.242,5,4.525,-11.681,-13.7,0.0,-3.7,-1.194,5598
5599,AUG,32,257.0025,5,4.325,-7.281,-12.4,0.0,-0.4,-1.194,5599
5600,AUG,35,839.8435,6,1.3649,-11.481,-11.2,0.3399,-2.5,-1.194,5600
5601,AUG,35,8896.0599,6,-4.5351,-13.881,-10.1,0.3399,-0.1,-1.194,5601
5602,AUG,38,852.0291,4,1.3289,-6.381,-8.9,0.0039,0.0,-1.194,5602
5603,AUG,32,257.0025,5,4.325,-4.481,-10.0,0.0,0.0,-1.194,5603
5604,AUG,35,334.6743,6,3.6649,-8.581,-12.5,0.3399,-0.6,-1.194,5604
5605,AUG,35,138.8095,6,5.8649,-8.481,-14.6,0.3399,-0.6,-1.194,5605
5606,AUG,32,853.3425,5,1.325,-8.981,-11.5,0.0,0.0,-1.194,5606
5607,AUG,35,138.8095,6,5.8649,-10.381,-15.1,0.3399,-2.0,-1.194,5607
5608,AUG,22,36078.4737,6,-8.0351,-15.881,-8.7,0.3399,0.0,-1.194,5608
5609,AUG,35,68.6487,5,7.625,-7.381,-10.7,0.0,-5.5,-1.194,5609
5610,AUG,35,1304.0671,6,0.2649,-11.481,-12.0,0.3399,-0.6,-1.194,5610
5611,AUG,38,35166.6801,4,-7.9711,-12.381,-5.6,0.0039,0.0,-1.194,5611
5612,AUG,35,252.9369,6,4.3649,-8.981,-14.1,0.3399,-0.1,-1.194,5612
5613,AUG,35,1156.595,6,0.5649,-10.581,-11.9,0.3399,-0.1,-1.194,5613
5614,AUG,33,467.3885,8,2.8299,-13.181,-13.3,1.4049,-2.5,-1.194,5614
5615,AUG,35,1203.7996,6,0.4649,-9.181,-9.9,0.3399,-0.6,-1.194,5615
5616,AUG,35,89.3959,6,6.9649,-7.381,-15.1,0.3399,-0.1,-1.194,5616
5617,AUG,35,7890.0379,6,-4.2351,-13.081,-9.6,0.3399,-0.1,-1.194,5617
5618,AUG,35,687.597,6,1.8649,-6.981,-9.6,0.3399,-0.1,-1.194,5618
5619,AUG,35,4882.0772,6,-3.0351,-14.581,-11.0,0.3399,-1.4,-1.194,5619
5620,AUG,35,442.8253,6,2.9649,-7.881,-9.7,0.3399,-2.0,-1.194,5620
5621,AUG,32,8344.052,5,-4.375,-12.281,-9.1,0.0,0.0,-1.194,5621
5622,AUG,31,2574.1789,6,-1.4351,-11.981,-10.7,0.3399,-0.7,-1.194,5622
5623,AUG,35,634.7289,6,2.0649,-7.081,-9.9,0.3399,-0.1,-1.194,5623
5624,AUG,38,16445.4907,4,-6.0711,-13.281,-8.4,0.0039,0.0,-1.194,5624
5625,AUG,38,33787.69,4,-7.8711,-12.981,-6.3,0.0039,0.0,-1.194,5625
5626,AUG,35,170.2084,9,5.3551,-11.681,-15.5,2.1301,-0.6,-1.194,5626
5627,AUG,32,219.0009,5,4.725,-12.581,-14.4,0.0,-4.1,-1.194,5627
5628,AUG,35,585.9257,6,2.2649,-6.981,-10.0,0.3399,-0.1,-1.194,5628
5629,AUG,32,570.1334,7,2.3332,-7.881,-10.6,0.8082,0.0,-1.194,5629
5630,AUG,35,2376.2547,6,-1.2351,-10.381,-9.9,0.3399,-0.1,-1.194,5630
5631,AUG,35,12251.2573,6,-5.3351,-13.981,-9.4,0.3399,-0.1,-1.194,5631
5632,AUG,35,285.1877,6,4.0649,-11.481,-13.9,0.3399,-2.5,-1.194,5632
5633,AUG,32,186.0099,7,5.1332,-7.181,-10.2,0.8082,-2.5,-1.194,5633
5634,AUG,35,144.4748,6,5.7649,-8.781,-14.8,0.3399,-0.6,-1.194,5634
5635,AUG,35,252.9369,6,4.3649,-6.381,-11.5,0.3399,-0.1,-1.194,5635
5636,AUG,38,5584.4363,4,-3.3711,-8.581,-6.4,0.0039,0.0,-1.194,5636
5637,AUG,35,2283.0746,6,-1.1351,-11.681,-8.9,0.3399,-2.5,-1.194,5637
5638,AUG,28,7990.7202,7,-4.2668,-11.581,-7.7,0.8082,0.0,-1.194,5638
5639,AUG,32,4579.1403,5,-2.875,-10.081,-8.4,0.0,0.0,-1.194,5639
5640,AUG,35,460.8985,6,2.8649,-8.581,-11.7,0.3399,-0.6,-1.194,5640
5641,AUG,35,9259.1382,6,-4.6351,-11.281,-7.5,0.3399,0.0,-1.194,5641
5642,AUG,32,819.8804,5,1.425,-4.381,-7.0,0.0,0.0,-1.194,5642
5643,AUG,32,160.0634,10,5.5087,-10.781,-12.0,2.9837,-2.5,-1.194,5643
5644,AUG,35,1412.6861,6,0.0649,-11.681,-12.0,0.3399,-0.6,-1.194,5644
5645,AUG,35,274.0047,6,4.1649,-6.381,-11.3,0.3399,-0.1,-1.194,5645
5646,AUG,35,431.4518,8,3.0299,-9.581,-11.8,1.4049,-0.6,-1.194,5646
5647,AUG,32,1976.7588,5,-0.775,-8.981,-9.4,0.0,0.0,-1.194,5647
5648,AUG,32,669.0645,7,1.9332,-7.981,-10.3,0.8082,0.0,-1.194,5648
5649,AUG,38,852.0291,4,1.3289,-6.381,-8.9,0.0039,0.0,-1.194,5649
5650,AUG,35,1802.9365,9,-0.5449,-11.681,-9.6,2.1301,-0.6,-1.194,5650
5651,AUG,35,1252.9307,6,0.3649,-10.181,-11.3,0.3399,-0.1,-1.194,5651
5652,AUG,35,1869.1999,6,-0.6351,-9.981,-10.1,0.3399,-0.1,-1.194,5652
5653,AUG,32,962.1483,5,1.025,-9.981,-10.5,0.0,-1.7,-1.194,5653
5654,AUG,32,210.4132,5,4.825,-4.981,-10.6,0.0,-0.4,-1.194,5654
5655,AUG,32,152.7883,5,5.625,-7.881,-14.3,0.0,-0.4,-1.194,5655
5656,AUG,35,377.347,6,3.3649,-13.481,-17.0,0.3399,-0.7,-1.194,5656
5657,AUG,38,506.5323,4,2.6289,-4.281,-8.1,0.0039,0.0,-1.194,5657
5658,AUG,35,2193.5485,6,-1.0351,-11.981,-11.8,0.3399,0.0,-1.194,5658
5659,AUG,35,1025.8,6,0.8649,-9.381,-11.1,0.3399,0.0,-1.194,5659
5660,AUG,32,449.943,5,2.925,-7.781,-9.6,0.0,-2.3,-1.194,5660
5661,AUG,35,4506.7026,6,-2.8351,-10.881,-8.9,0.3399,0.0,-1.194,5661
5662,AUG,38,4952.9133,4,-3.0711,-8.581,-6.7,0.0039,0.0,-1.194,5662
5663,AUG,32,619.6414,5,2.125,-7.481,-8.2,0.0,-2.6,-1.194,5663
5664,AUG,35,377.347,6,3.3649,-12.281,-16.5,0.3399,0.0,-1.194,5664
5665,AUG,35,1470.3426,6,-0.0351,-10.681,-11.5,0.3399,0.0,-1.194,5665
5666,AUG,35,2788.5887,6,-1.6351,-12.281,-11.5,0.3399,0.0,-1.194,5666
5667,AUG,32,1970.3141,7,-0.7668,-10.681,-10.3,0.8082,0.0,-1.194,5667
5668,AUG,32,370.7852,10,3.4087,-8.281,-9.9,2.9837,0.0,-1.194,5668
5669,AUG,35,2574.1789,6,-1.4351,-10.781,-10.2,0.3399,0.0,-1.194,5669
5670,AUG,35,215.5365,6,4.7649,-6.481,-12.1,0.3399,0.0,-1.194,5670
5671,AUG,32,696.3713,7,1.8332,-5.481,-7.7,0.8082,0.0,-1.194,5671
5672,AUG,38,46530.901,4,-8.6711,-13.281,-5.8,0.0039,0.0,-1.194,5672
5673,AUG,32,449.943,5,2.925,-5.781,-9.9,0.0,0.0,-1.194,5673
5674,AUG,35,2193.5485,6,-1.0351,-9.381,-9.2,0.3399,0.0,-1.194,5674
5675,AUG,35,634.7289,6,2.0649,-8.881,-11.8,0.3399,0.0,-1.194,5675
5676,AUG,35,2376.2547,6,-1.2351,-9.881,-9.5,0.3399,0.0,-1.194,5676
5677,AUG,38,44706.286,4,-8.5711,-12.381,-5.0,0.0039,0.0,-1.194,5677
5678,AUG,35,93.0445,6,6.8649,-8.381,-16.1,0.3399,0.0,-1.194,5678
5679,AUG,32,125.0909,5,6.125,-5.181,-9.4,0.0,-3.1,-1.194,5679
5680,AUG,38,2611.5287,4,-1.4711,-8.581,-8.3,0.0039,0.0,-1.194,5680
5681,AUG,35,3545.0444,6,-2.2351,-12.681,-11.3,0.3399,0.0,-1.194,5681
5682,AUG,32,135.51,5,5.925,-4.581,-9.1,0.0,-2.6,-1.194,5682
5683,AUG,35,585.9257,6,2.2649,-9.581,-12.7,0.3399,0.0,-1.194,5683
5684,AUG,35,4329.9814,6,-2.7351,-14.181,-12.3,0.3399,0.0,-1.194,5684
5685,AUG,32,888.1703,5,1.225,-6.581,-9.0,0.0,0.0,-1.194,5685
5686,AUG,35,2292.016,9,-1.1449,-11.981,-9.9,2.1301,0.0,-1.194,5686
5687,AUG,35,252.9369,6,4.3649,-7.481,-12.7,0.3399,0.0,-1.194,5687
5688,AUG,32,353.9323,5,3.525,-5.481,-10.2,0.0,0.0,-1.194,5688
5689,AUG,38,1821.9606,4,-0.5711,-6.381,-7.0,0.0039,0.0,-1.194,5689
5690,AUG,35,519.6655,6,2.5649,-6.381,-9.8,0.3399,0.0,-1.194,5690
5691,AUG,35,1530.3523,6,-0.1351,-10.581,-11.3,0.3399,0.0,-1.194,5691
5692,AUG,35,1470.3426,6,-0.0351,-9.781,-10.6,0.3399,0.0,-1.194,5692
5693,AUG,32,115.4729,5,6.325,-4.881,-11.9,0.0,-0.5,-1.194,5693
5694,AUG,38,1821.9606,4,-0.5711,-6.381,-7.0,0.0039,0.0,-1.194,5694
5695,AUG,32,301.5982,5,3.925,-4.381,-7.0,0.0,-2.5,-1.194,5695
5696,AUG,32,152.2901,7,5.6332,-4.681,-10.7,0.8082,0.0,-1.194,5696
5697,AUG,28,5146.1726,7,-3.1668,-11.581,-8.8,0.8082,0.0,-1.194,5697
5698,AUG,38,726.044,4,1.7289,-4.281,-7.2,0.0039,0.0,-1.194,5698
5699,AUG,38,39650.6199,4,-8.2711,-12.381,-5.3,0.0039,0.0,-1.194,5699
5700,AUG,19,1071.8478,9,0.7551,-6.381,-6.2,2.1301,0.0,-1.194,5700
5701,AUG,32,1084.8273,5,0.725,-6.481,-8.4,0.0,0.0,-1.194,5701
5702,AUG,35,687.597,6,1.8649,-6.581,-9.3,0.3399,0.0,-1.194,5702
5703,AUG,25,12407.5918,7,-5.3668,-11.581,-6.6,0.8082,0.0,-1.194,5703
5704,AUG,35,519.6655,6,2.5649,-6.381,-9.8,0.3399,0.0,-1.194,5704
5705,AUG,38,23572.3385,4,-6.9711,-13.281,-7.5,0.0039,0.0,-1.194,5705
5706,AUG,35,1111.2415,6,0.6649,-6.581,-8.1,0.3399,0.0,-1.194,5706
5707,AUG,35,479.7093,6,2.7649,-6.781,-10.4,0.3399,0.0,-1.194,5707
5708,AUG,35,1304.0671,6,0.2649,-10.881,-12.0,0.3399,0.0,-1.194,5708
5709,AUG,32,368.3775,5,3.425,-8.081,-9.6,0.0,-3.1,-1.194,5709
5710,AUG,35,442.8253,6,2.9649,-9.681,-13.5,0.3399,0.0,-1.194,5710
5711,AUG,32,1493.9759,5,-0.075,-7.581,-8.7,0.0,0.0,-1.194,5711
5712,AUG,33,467.3885,8,2.8299,-10.681,-13.3,1.4049,0.0,-1.194,5712
5713,AUG,35,169.5444,6,5.3649,-5.781,-12.0,0.3399,0.0,-1.194,5713
5714,AUG,32,452.8837,10,2.9087,-9.581,-10.7,2.9837,0.0,-1.194,5714
5715,AUG,35,562.9498,6,2.3649,-10.681,-13.9,0.3399,0.0,-1.194,5715
5716,AUG,35,2902.4004,6,-1.7351,-11.681,-10.8,0.3399,0.0,-1.194,5716
5717,AUG,38,39650.6199,4,-8.2711,-13.281,-6.2,0.0039,0.0,-1.194,5717
5718,AUG,35,562.9498,6,2.3649,-7.981,-11.2,0.3399,0.0,-1.194,5718
5719,AUG,35,207.8957,9,4.8551,-11.081,-15.0,2.1301,0.0,-1.194,5719
5720,AUG,35,233.489,6,4.5649,-9.081,-14.5,0.3399,0.0,-1.194,5720
5721,AUG,35,9259.1382,6,-4.6351,-11.281,-7.5,0.3399,0.0,-1.194,5721
5722,AUG,32,487.4199,5,2.725,-5.781,-9.7,0.0,0.0,-1.194,5722
5723,AUG,35,408.7772,6,3.1649,-7.981,-12.0,0.3399,0.0,-1.194,5723
5724,AUG,35,1412.6861,6,0.0649,-8.581,-9.5,0.3399,0.0,-1.194,5724
5725,AUG,32,819.8804,5,1.425,-7.681,-9.0,0.0,-1.3,-1.194,5725
5726,AUG,38,72250.8623,4,-9.7711,-12.981,-4.4,0.0039,0.0,-1.194,5726
5727,AUG,35,1530.3523,6,-0.1351,-10.281,-11.0,0.3399,0.0,-1.194,5727
5728,AUG,32,471.3674,10,2.8087,-8.281,-9.3,2.9837,0.0,-1.194,5728
5729,AUG,35,3272.472,6,-2.0351,-14.581,-13.4,0.3399,0.0,-1.194,5729
5730,AUG,32,186.6183,5,5.125,-7.481,-13.8,0.0,0.0,-1.194,5730
5731,AUG,32,193.6016,7,5.0332,-5.381,-10.8,0.8082,0.0,-1.194,5731
5732,AUG,35,1725.4804,6,-0.4351,-11.081,-11.5,0.3399,0.0,-1.194,5732
5733,AUG,32,2057.437,5,-0.875,-8.881,-9.2,0.0,0.0,-1.194,5733
5734,AUG,34,10158.3494,7,-4.8668,-11.581,-7.1,0.8082,0.0,-1.194,5734
5735,AUG,32,595.3434,5,2.225,-8.781,-9.9,0.0,-2.3,-1.194,5735
5736,AUG,28,7687.3897,8,-4.1701,-9.581,-5.2,1.4049,0.0,-1.194,5736
5737,AUG,35,519.6655,6,2.5649,-8.581,-12.0,0.3399,0.0,-1.194,5737
5738,AUG,35,334.6743,6,3.6649,-10.481,-15.0,0.3399,0.0,-1.194,5738
5739,AUG,32,819.8804,5,1.425,-8.681,-8.6,0.0,-2.7,-1.194,5739
5740,AUG,31,10030.3551,6,-4.8351,-12.981,-7.3,0.3399,-1.7,-1.194,5740
5741,AUG,26,408.7772,6,3.1649,-7.381,-11.4,0.3399,0.0,-1.194,5741
5742,AUG,35,6459.7355,6,-3.7351,-13.381,-10.5,0.3399,0.0,-1.194,5742
5743,AUG,32,418.0623,10,3.1087,-9.581,-10.9,2.9837,0.0,-1.194,5743
5744,AUG,35,16871.8856,6,-6.1351,-11.281,-6.0,0.3399,0.0,-1.194,5744
5745,AUG,35,93.0445,6,6.8649,-6.481,-14.2,0.3399,0.0,-1.194,5745
5746,AUG,35,5963.0575,6,-3.5351,-13.281,-10.6,0.3399,0.0,-1.194,5746
5747,AUG,35,5963.0575,6,-3.5351,-12.481,-9.8,0.3399,0.0,-1.194,5747
5748,AUG,35,263.2601,6,4.2649,-5.781,-10.9,0.3399,0.0,-1.194,5748
5749,AUG,35,1270.5733,8,0.3299,-8.981,-9.1,1.4049,0.0,-1.194,5749
5750,AUG,35,169.5444,6,5.3649,-7.881,-14.1,0.3399,0.0,-1.194,5750
5751,AUG,38,4952.9133,4,-3.0711,-8.781,-6.9,0.0039,0.0,-1.194,5751
5752,AUG,32,3460.7789,5,-2.175,-11.081,-8.8,0.0,-1.3,-1.194,5752
5753,AUG,35,233.489,6,4.5649,-6.481,-11.9,0.3399,0.0,-1.194,5753
5754,AUG,35,3272.472,6,-2.0351,-13.781,-12.6,0.3399,0.0,-1.194,5754
5755,AUG,35,548.4909,8,2.4299,-8.981,-11.2,1.4049,0.0,-1.194,5755
5756,AUG,35,2202.1392,9,-1.0449,-11.081,-9.1,2.1301,0.0,-1.194,5756
5757,AUG,32,246.1196,7,4.4332,-3.781,-8.6,0.8082,0.0,-1.194,5757
5758,AUG,32,210.4132,5,4.825,-5.481,-8.4,0.0,-3.1,-1.194,5758
5759,AUG,38,24534.4055,4,-7.0711,-12.081,-6.2,0.0039,0.0,-1.194,5759
5760,AUG,35,176.4641,6,5.2649,-8.181,-14.3,0.3399,0.0,-1.194,5760
5761,AUG,35,1067.6664,6,0.7649,-7.781,-9.4,0.3399,0.0,-1.194,5761
5762,AUG,35,1156.595,6,0.5649,-9.681,-11.1,0.3399,0.0,-1.194,5762
5763,AUG,32,2512.9908,5,-1.375,-10.781,-10.6,0.0,0.0,-1.194,5763
5764,AUG,32,94.54,5,6.825,-2.081,-10.1,0.0,0.0,-1.194,5764
5765,AUG,22,90536.598,6,-10.3351,-15.981,-6.5,0.3399,0.0,-1.194,5765
5766,AUG,35,93.0445,6,6.8649,-6.781,-14.5,0.3399,0.0,-1.194,5766
5767,AUG,35,1156.595,6,0.5649,-11.781,-13.2,0.3399,0.0,-1.194,5767
5768,AUG,38,53824.1101,6,-9.0351,-14.981,-6.8,0.3399,0.0,-1.194,5768
5769,AUG,36,687.597,6,1.8649,-6.581,-9.3,0.3399,0.0,-1.194,5769
5770,AUG,36,4506.7026,6,-2.8351,-10.881,-8.9,0.3399,0.0,-1.194,5770
5771,AUG,36,2376.2547,6,-1.2351,-9.881,-9.5,0.3399,0.0,-1.194,5771
5772,AUG,36,4329.9814,6,-2.7351,-14.181,-12.3,0.3399,0.0,-1.194,5772
5773,AUG,27,519.6655,6,2.5649,-7.381,-10.8,0.3399,0.0,-1.194,5773
5774,AUG,33,3602.025,5,-2.275,-10.581,-9.5,0.0,0.0,-1.194,5774
5775,AUG,33,1493.9759,5,-0.075,-8.381,-9.4,0.0,-0.1,-1.194,5775
5776,AUG,36,93.0445,6,6.8649,-6.781,-14.5,0.3399,0.0,-1.194,5776
5777,AUG,33,301.5982,5,3.925,-3.181,-8.3,0.0,0.0,-1.194,5777
5778,AUG,33,507.3131,5,2.625,-8.081,-10.4,0.0,-1.5,-1.194,5778
5779,AUG,36,1111.2415,6,0.6649,-6.581,-8.1,0.3399,0.0,-1.194,5779
5780,AUG,36,2193.5485,6,-1.0351,-11.981,-11.8,0.3399,0.0,-1.194,5780
5781,AUG,29,7687.3897,8,-4.1701,-9.581,-5.2,1.4049,0.0,-1.194,5781
5782,AUG,33,383.4123,5,3.325,-5.781,-10.3,0.0,0.0,-1.194,5782
5783,AUG,33,120.1857,5,6.225,-5.181,-12.6,0.0,0.0,-1.194,5783
5784,AUG,36,9637.0351,6,-4.7351,-13.281,-9.4,0.3399,0.0,-1.194,5784
5785,AUG,36,479.7093,6,2.7649,-6.781,-10.4,0.3399,0.0,-1.194,5785
5786,AUG,39,2944.5126,4,-1.7711,-9.481,-8.9,0.0039,0.0,-1.194,5786
5787,AUG,33,2512.9908,5,-1.375,-11.581,-11.3,0.0,-0.1,-1.194,5787
5788,AUG,36,334.6743,6,3.6649,-10.481,-15.0,0.3399,0.0,-1.194,5788
5789,AUG,33,853.3425,5,1.325,-7.181,-9.7,0.0,0.0,-1.194,5789
5790,AUG,33,619.6414,5,2.125,-7.281,-10.6,0.0,0.0,-1.194,5790
5791,AUG,39,4055.0515,4,-2.5711,-9.781,-8.4,0.0039,0.0,-1.194,5791
5792,AUG,33,194.2349,5,5.025,-4.481,-9.4,0.0,-1.3,-1.194,5792
5793,AUG,36,562.9498,6,2.3649,-6.381,-9.6,0.3399,0.0,-1.194,5793
5794,AUG,33,130.1963,5,6.025,-2.781,-10.0,0.0,0.0,-1.194,5794
5795,AUG,36,13813.3581,6,-5.6351,-12.281,-7.5,0.3399,0.0,-1.194,5795
5796,AUG,33,340.0536,5,3.625,-2.681,-7.5,0.0,0.0,-1.194,5796
5797,AUG,39,9393.483,4,-4.6711,-12.081,-8.6,0.0039,0.0,-1.194,5797
5798,AUG,36,687.597,6,1.8649,-6.481,-9.2,0.3399,0.0,-1.194,5798
5799,AUG,32,14963.9074,6,-5.8351,-11.281,-6.3,0.3399,0.0,-1.194,5799
5800,AUG,33,471.3674,10,2.8087,-9.081,-10.0,2.9837,-0.1,-1.194,5800
5801,AUG,36,2574.1789,6,-1.4351,-10.281,-9.7,0.3399,0.0,-1.194,5801
5802,AUG,36,1725.4804,6,-0.4351,-7.781,-8.2,0.3399,0.0,-1.194,5802
5803,AUG,36,3840.3201,6,-2.4351,-13.781,-12.2,0.3399,0.0,-1.194,5803
5804,AUG,39,78268.818,4,-9.9711,-16.381,-7.6,0.0039,0.0,-1.194,5804
5805,AUG,36,207.8957,9,4.8551,-11.081,-15.0,2.1301,0.0,-1.194,5805
5806,AUG,36,6997.7831,6,-3.9351,-14.581,-11.5,0.3399,0.0,-1.194,5806
5807,AUG,33,129.7718,7,6.0332,-3.781,-10.1,0.8082,-0.1,-1.194,5807
5808,AUG,39,6049.578,4,-3.5711,-14.481,-12.1,0.0039,0.0,-1.194,5808
5809,AUG,29,13989.6261,7,-5.6668,-11.581,-6.3,0.8082,0.0,-1.194,5809
5810,AUG,33,924.4196,5,1.125,-7.381,-9.7,0.0,0.0,-1.194,5810
5811,AUG,33,468.3067,5,2.825,-8.081,-10.6,0.0,-1.5,-1.194,5811
5812,AUG,36,408.7772,6,3.1649,-7.981,-12.0,0.3399,0.0,-1.194,5812
5813,AUG,23,77149.4244,6,-9.9351,-15.881,-6.8,0.3399,0.0,-1.194,5813
5814,AUG,36,1530.3523,6,-0.1351,-10.581,-11.3,0.3399,0.0,-1.194,5814
5815,AUG,34,467.3885,8,2.8299,-11.481,-14.0,1.4049,-0.1,-1.194,5815
5816,AUG,33,312.8841,7,3.8332,-5.481,-9.6,0.8082,-0.1,-1.194,5816
5817,AUG,39,3064.6881,4,-1.8711,-9.781,-9.1,0.0039,0.0,-1.194,5817
5818,AUG,33,368.3775,5,3.425,-6.281,-10.9,0.0,0.0,-1.194,5818
5819,AUG,36,2024.8903,6,-0.8351,-10.681,-10.7,0.3399,0.0,-1.194,5819
5820,AUG,33,1129.1028,5,0.625,-7.281,-9.1,0.0,0.0,-1.194,5820
5821,AUG,33,819.8804,5,1.425,-6.781,-9.4,0.0,0.0,-1.194,5821
5822,AUG,36,634.7289,6,2.0649,-6.481,-9.4,0.3399,0.0,-1.194,5822
5823,AUG,33,98.3985,5,6.725,-2.881,-10.8,0.0,0.0,-1.194,5823
5824,AUG,36,10030.3551,6,-4.8351,-13.381,-9.4,0.3399,0.0,-1.194,5824
5825,AUG,36,1725.4804,6,-0.4351,-11.081,-11.5,0.3399,0.0,-1.194,5825
5826,AUG,36,1615.2396,8,-0.2701,-8.981,-8.5,1.4049,0.0,-1.194,5826
5827,AUG,36,377.347,6,3.3649,-12.281,-16.5,0.3399,0.0,-1.194,5827
5828,AUG,33,452.8837,10,2.9087,-10.381,-11.4,2.9837,-0.1,-1.194,5828
5829,AUG,39,32462.7742,4,-7.7711,-13.281,-6.7,0.0039,0.0,-1.194,5829
5830,AUG,33,201.5032,7,4.9332,-6.181,-11.5,0.8082,0.0,-1.194,5830
5831,AUG,39,8004.5178,4,-4.2711,-9.981,-6.9,0.0039,0.0,-1.194,5831
5832,AUG,33,289.7717,5,4.025,-5.681,-10.9,0.0,0.0,-1.194,5832
5833,AUG,33,186.6183,5,5.125,-8.281,-14.5,0.0,-0.1,-1.194,5833
5834,AUG,36,562.9498,6,2.3649,-10.681,-13.9,0.3399,0.0,-1.194,5834
5835,AUG,36,176.4641,6,5.2649,-8.181,-14.3,0.3399,0.0,-1.194,5835
5836,AUG,36,2202.1392,9,-1.0449,-11.081,-9.1,2.1301,0.0,-1.194,5836
5837,AUG,36,3144.1487,6,-1.9351,-10.781,-9.7,0.3399,0.0,-1.194,5837
5838,AUG,36,2902.4004,6,-1.7351,-11.681,-10.8,0.3399,0.0,-1.194,5838
5839,AUG,36,687.597,6,1.8649,-8.581,-11.3,0.3399,0.0,-1.194,5839
5840,AUG,39,10175.8898,4,-4.8711,-12.981,-9.3,0.0039,0.0,-1.194,5840
5841,AUG,36,2376.2547,6,-1.2351,-9.781,-9.4,0.3399,0.0,-1.194,5841
5842,AUG,36,634.7289,6,2.0649,-8.881,-11.8,0.3399,0.0,-1.194,5842
5843,AUG,36,252.9369,6,4.3649,-8.381,-13.6,0.3399,0.0,-1.194,5843
5844,AUG,26,20052.1959,7,-6.5668,-11.581,-5.4,0.8082,0.0,-1.194,5844
5845,AUG,36,233.489,6,4.5649,-9.081,-14.5,0.3399,0.0,-1.194,5845
5846,AUG,36,3144.1487,6,-1.9351,-11.781,-10.7,0.3399,0.0,-1.194,5846
5847,AUG,36,1470.3426,6,-0.0351,-8.581,-9.4,0.3399,0.0,-1.194,5847
5848,AUG,36,150.3713,6,5.6649,-6.481,-13.0,0.3399,0.0,-1.194,5848
5849,AUG,39,23572.3385,4,-6.9711,-12.381,-6.6,0.0039,0.0,-1.194,5849
5850,AUG,33,1970.3141,7,-0.7668,-11.481,-11.0,0.8082,-0.1,-1.194,5850
5851,AUG,36,263.2601,6,4.2649,-5.781,-10.9,0.3399,0.0,-1.194,5851
5852,AUG,20,266.6195,7,4.2332,-0.581,-5.2,0.8082,0.0,-1.194,5852
5853,AUG,36,1304.0671,6,0.2649,-10.881,-12.0,0.3399,0.0,-1.194,5853
5854,AUG,36,1025.8,6,0.8649,-9.381,-11.1,0.3399,0.0,-1.194,5854
5855,AUG,33,370.7852,10,3.4087,-9.081,-10.6,2.9837,-0.1,-1.194,5855
5856,AUG,36,562.9498,6,2.3649,-7.981,-11.2,0.3399,0.0,-1.194,5856
5857,AUG,39,29966.7669,4,-7.5711,-12.381,-6.0,0.0039,0.0,-1.194,5857
5858,AUG,39,2944.5126,4,-1.7711,-7.581,-7.0,0.0039,0.0,-1.194,5858
5859,AUG,36,169.5444,6,5.3649,-7.881,-14.1,0.3399,0.0,-1.194,5859
5860,AUG,36,7283.3863,6,-4.0351,-12.481,-9.3,0.3399,0.0,-1.194,5860
5861,AUG,36,985.5754,6,0.9649,-6.381,-8.2,0.3399,0.0,-1.194,5861
5862,AUG,39,726.044,4,1.7289,-4.281,-7.2,0.0039,0.0,-1.194,5862
5863,AUG,36,548.4909,8,2.4299,-8.981,-11.2,1.4049,0.0,-1.194,5863
5864,AUG,36,252.9369,6,4.3649,-7.481,-12.7,0.3399,0.0,-1.194,5864
5865,AUG,39,53824.1101,6,-9.0351,-14.981,-6.8,0.3399,0.0,-1.194,5865
5866,AUG,36,744.8687,6,1.6649,-9.681,-12.2,0.3399,0.0,-1.194,5866
5867,AUG,33,724.7925,7,1.7332,-6.281,-8.4,0.8082,0.0,-1.194,5867
5868,AUG,36,5081.3313,6,-3.1351,-12.681,-10.4,0.3399,0.0,-1.194,5868
5869,AUG,33,1129.1028,5,0.625,-6.281,-8.1,0.0,0.0,-1.194,5869
5870,AUG,35,5356.2054,7,-3.2668,-13.481,-9.0,0.8082,-1.6,-1.194,5870
5871,AUG,33,2615.5545,5,-1.475,-9.681,-9.4,0.0,0.0,-1.194,5871
5872,AUG,36,224.3332,6,4.6649,-5.781,-11.3,0.3399,0.0,-1.194,5872
5873,AUG,36,3406.0327,6,-2.1351,-9.381,-8.1,0.3399,0.0,-1.194,5873
5874,AUG,36,1945.4883,6,-0.7351,-9.581,-9.7,0.3399,0.0,-1.194,5874
5875,AUG,33,418.0623,10,3.1087,-10.381,-11.6,2.9837,-0.1,-1.194,5875
5876,AUG,36,1156.595,6,0.5649,-9.681,-11.1,0.3399,0.0,-1.194,5876
5877,AUG,36,16871.8856,6,-6.1351,-12.581,-7.3,0.3399,0.0,-1.194,5877
5878,AUG,36,3855.3602,9,-2.4449,-11.981,-8.6,2.1301,0.0,-1.194,5878
5879,AUG,36,2788.5887,6,-1.6351,-12.281,-11.5,0.3399,0.0,-1.194,5879
5880,AUG,31,172.2696,5,5.325,-4.381,-10.9,0.0,0.0,-1.194,5880
5881,AUG,34,145.0406,9,5.7551,-11.081,-15.9,2.1301,0.0,-1.194,5881
5882,AUG,31,418.0623,10,3.1087,-9.581,-10.9,2.9837,0.0,-1.194,5882
5883,AUG,34,233.489,6,4.5649,-10.481,-15.9,0.3399,0.0,-1.194,5883
5884,AUG,31,370.7852,10,3.4087,-8.281,-9.9,2.9837,0.0,-1.194,5884
5885,AUG,34,118.2845,6,6.2649,-7.881,-15.0,0.3399,0.0,-1.194,5885
5886,AUG,34,408.7772,6,3.1649,-6.481,-9.3,0.3399,-1.2,-1.194,5886
5887,AUG,34,144.4748,6,5.7649,-5.781,-12.4,0.3399,0.0,-1.194,5887
5888,AUG,34,123.1121,6,6.1649,-8.181,-15.2,0.3399,0.0,-1.194,5888
5889,AUG,31,1325.0277,5,0.225,-9.781,-7.9,0.0,-3.3,-1.194,5889
5890,AUG,31,165.5144,5,5.425,-2.081,-8.7,0.0,0.0,-1.194,5890
5891,AUG,34,6459.7355,6,-3.7351,-13.281,-10.4,0.3399,0.0,-1.194,5891
5892,AUG,34,263.2601,6,4.2649,-8.381,-13.5,0.3399,0.0,-1.194,5892
5893,AUG,37,726.044,4,1.7289,-4.281,-7.2,0.0039,0.0,-1.194,5893
5894,AUG,31,90.8328,5,6.925,-3.081,-10.1,0.0,-1.1,-1.194,5894
5895,AUG,31,237.242,5,4.525,-7.581,-12.2,0.0,-1.1,-1.194,5895
5896,AUG,34,486.4642,8,2.7299,-8.981,-11.5,1.4049,0.0,-1.194,5896
5897,AUG,37,4572.0923,4,-2.8711,-8.581,-6.9,0.0039,0.0,-1.194,5897
5898,AUG,34,1795.9031,6,-0.5351,-12.281,-12.6,0.3399,0.0,-1.194,5898
5899,AUG,34,1657.8191,6,-0.3351,-10.281,-10.8,0.3399,0.0,-1.194,5899
5900,AUG,37,19799.5401,6,-6.5351,-14.981,-9.3,0.3399,0.0,-1.194,5900
5901,AUG,31,130.1963,5,6.025,-5.581,-9.6,0.0,-3.2,-1.194,5901
5902,AUG,34,233.489,6,4.5649,-9.081,-14.5,0.3399,0.0,-1.194,5902
5903,AUG,34,4506.7026,6,-2.8351,-11.281,-9.3,0.3399,0.0,-1.194,5903
5904,AUG,34,687.597,6,1.8649,-9.381,-12.1,0.3399,0.0,-1.194,5904
5905,AUG,34,263.2601,6,4.2649,-12.281,-17.4,0.3399,0.0,-1.194,5905
5906,AUG,34,1111.2415,6,0.6649,-7.781,-9.3,0.3399,0.0,-1.194,5906
5907,AUG,31,415.3476,5,3.125,-2.981,-6.2,0.0,-1.1,-1.194,5907
5908,AUG,34,1412.6861,6,0.0649,-10.681,-11.6,0.3399,0.0,-1.194,5908
5909,AUG,34,7580.646,6,-4.1351,-14.581,-11.3,0.3399,0.0,-1.194,5909
5910,AUG,34,5081.3313,6,-3.1351,-11.281,-9.0,0.3399,0.0,-1.194,5910
5911,AUG,34,1362.6061,9,0.1551,-11.981,-11.2,2.1301,0.0,-1.194,5911
5912,AUG,34,176.4641,6,5.2649,-7.481,-13.6,0.3399,0.0,-1.194,5912
5913,AUG,31,1899.2442,5,-0.675,-12.081,-9.4,0.0,-3.2,-1.194,5913
5914,AUG,34,1156.595,6,0.5649,-9.681,-11.1,0.3399,0.0,-1.194,5914
5915,AUG,21,23235.209,6,-6.9351,-15.881,-9.8,0.3399,0.0,-1.194,5915
5916,AUG,34,839.8435,6,1.3649,-10.881,-13.1,0.3399,0.0,-1.194,5916
5917,AUG,34,660.6343,6,1.9649,-6.481,-9.3,0.3399,0.0,-1.194,5917
5918,AUG,31,3460.7789,5,-2.175,-11.081,-8.8,0.0,-1.3,-1.194,5918
5919,AUG,37,1615.9219,4,-0.2711,-8.581,-9.5,0.0039,0.0,-1.194,5919
5920,AUG,34,93.0445,6,6.8649,-6.781,-14.5,0.3399,0.0,-1.194,5920
5921,AUG,31,227.1959,7,4.6332,-2.981,-8.0,0.8082,0.0,-1.194,5921
5922,AUG,34,1536.3457,9,-0.1449,-11.081,-10.0,2.1301,0.0,-1.194,5922
5923,AUG,31,1435.3926,5,0.025,-7.681,-7.6,0.0,-1.3,-1.194,5923
5924,AUG,34,392.7479,6,3.2649,-7.981,-12.1,0.3399,0.0,-1.194,5924
5925,AUG,31,257.0025,5,4.325,-3.981,-7.6,0.0,-1.9,-1.194,5925
5926,AUG,34,442.8253,6,2.9649,-8.581,-12.4,0.3399,0.0,-1.194,5926
5927,AUG,32,467.3885,8,2.8299,-10.681,-13.3,1.4049,0.0,-1.194,5927
5928,AUG,34,2283.0746,6,-1.1351,-10.781,-10.5,0.3399,0.0,-1.194,5928
5929,AUG,34,946.928,6,1.0649,-8.581,-10.5,0.3399,0.0,-1.194,5929
5930,AUG,25,169.5444,6,5.3649,-7.381,-13.6,0.3399,0.0,-1.194,5930
5931,AUG,24,2939.4371,7,-1.7668,-11.581,-10.2,0.8082,0.0,-1.194,5931
5932,AUG,34,1530.3523,6,-0.1351,-11.981,-12.7,0.3399,0.0,-1.194,5932
5933,AUG,37,44706.286,4,-8.5711,-12.381,-5.0,0.0039,0.0,-1.194,5933
5934,AUG,34,1067.6664,6,0.7649,-10.581,-12.2,0.3399,0.0,-1.194,5934
5935,AUG,27,3894.3959,8,-2.4701,-9.581,-6.9,1.4049,0.0,-1.194,5935
5936,AUG,34,1869.1999,6,-0.6351,-11.681,-11.9,0.3399,0.0,-1.194,5936
5937,AUG,34,1432.5782,8,0.0299,-8.981,-8.8,1.4049,0.0,-1.194,5937
5938,AUG,37,17815.2769,4,-6.2711,-12.381,-7.3,0.0039,0.0,-1.194,5938
5939,AUG,33,2504.7979,7,-1.3668,-11.581,-10.6,0.8082,0.0,-1.194,5939
5940,AUG,34,408.7772,6,3.1649,-8.881,-12.9,0.3399,0.0,-1.194,5940
5941,AUG,37,1552.5568,4,-0.1711,-6.381,-7.4,0.0039,0.0,-1.194,5941
5942,AUG,34,100.7944,6,6.6649,-6.481,-14.0,0.3399,0.0,-1.194,5942
5943,AUG,31,644.9311,5,2.025,-8.881,-9.2,0.0,-2.9,-1.194,5943
5944,AUG,31,2949.0516,5,-1.775,-10.781,-10.2,0.0,0.0,-1.194,5944
5945,AUG,37,31189.8122,4,-7.6711,-13.281,-6.8,0.0039,0.0,-1.194,5945
5946,AUG,34,479.7093,6,2.7649,-9.681,-13.3,0.3399,0.0,-1.194,5946
5947,AUG,37,16445.4907,4,-6.0711,-13.281,-8.4,0.0039,0.0,-1.194,5947
5948,AUG,34,1592.8111,6,-0.2351,-9.781,-10.4,0.3399,0.0,-1.194,5948
5949,AUG,30,5288.7177,6,-3.2351,-11.281,-8.9,0.3399,0.0,-1.194,5949
5950,AUG,31,47.8935,5,8.525,-10.781,-15.2,0.0,-5.3,-1.194,5950
5951,AUG,34,1592.8111,6,-0.2351,-9.581,-10.2,0.3399,0.0,-1.194,5951
5952,AUG,31,312.8841,7,3.8332,-8.781,-9.7,0.8082,-3.3,-1.194,5952
5953,AUG,31,452.8837,10,2.9087,-9.581,-10.7,2.9837,0.0,-1.194,5953
5954,AUG,31,1899.2442,5,-0.675,-7.581,-8.1,0.0,0.0,-1.194,5954
5955,AUG,34,479.7093,6,2.7649,-6.781,-10.4,0.3399,0.0,-1.194,5955
5956,AUG,34,6459.7355,6,-3.7351,-13.381,-10.5,0.3399,0.0,-1.194,5956
5957,AUG,37,42953.2196,4,-8.4711,-12.981,-5.7,0.0039,0.0,-1.194,5957
5958,AUG,34,4690.6365,6,-2.9351,-12.481,-10.4,0.3399,0.0,-1.194,5958
5959,AUG,34,392.7479,6,3.2649,-7.981,-12.1,0.3399,0.0,-1.194,5959
5960,AUG,34,479.7093,6,2.7649,-6.581,-10.2,0.3399,0.0,-1.194,5960
5961,AUG,31,531.4693,10,2.5087,-8.281,-9.0,2.9837,0.0,-1.194,5961
5962,AUG,34,362.5501,6,3.4649,-10.681,-15.0,0.3399,0.0,-1.194,5962
5963,AUG,34,2679.2398,6,-1.5351,-11.781,-11.1,0.3399,0.0,-1.194,5963
5964,AUG,31,924.4196,5,1.125,-5.981,-7.2,0.0,-1.1,-1.194,5964
5965,AUG,31,186.6183,5,5.125,-7.481,-13.8,0.0,0.0,-1.194,5965
5966,AUG,37,14013.782,4,-5.6711,-12.081,-7.6,0.0039,0.0,-1.194,5966
5967,AUG,31,353.9323,5,3.525,-8.381,-10.2,0.0,-2.9,-1.194,5967
5968,AUG,31,644.9311,5,2.025,-4.981,-8.2,0.0,0.0,-1.194,5968
5969,AUG,34,2679.2398,6,-1.5351,-13.781,-13.1,0.3399,0.0,-1.194,5969
5970,AUG,37,4392.807,4,-2.7711,-8.781,-7.2,0.0039,0.0,-1.194,5970
5971,AUG,34,1203.7996,6,0.4649,-11.081,-12.4,0.3399,0.0,-1.194,5971
5972,AUG,34,2902.4004,6,-1.7351,-10.881,-10.0,0.3399,0.0,-1.194,5972
5973,AUG,34,1657.8191,6,-0.3351,-9.881,-10.4,0.3399,0.0,-1.194,5973
5974,AUG,34,233.489,6,4.5649,-5.781,-11.2,0.3399,0.0,-1.194,5974
5975,AUG,31,1001.4168,5,0.925,-9.881,-8.7,0.0,-3.3,-1.194,5975
5976,AUG,18,34.6638,7,9.3332,0.419,-9.3,0.8082,0.0,-1.194,5976
5977,AUG,31,1970.3141,7,-0.7668,-10.681,-10.3,0.8082,0.0,-1.194,5977
5978,AUG,37,1552.5568,4,-0.1711,-6.381,-7.4,0.0039,0.0,-1.194,5978
5979,AUG,34,1067.6664,6,0.7649,-6.581,-8.2,0.3399,0.0,-1.194,5979
5980,AUG,34,5081.3313,6,-3.1351,-12.681,-10.4,0.3399,0.0,-1.194,5980
5981,AUG,31,449.943,5,2.925,-5.781,-9.9,0.0,0.0,-1.194,5981
5982,AUG,31,338.945,7,3.6332,-5.381,-9.4,0.8082,0.0,-1.194,5982
5983,AUG,31,487.4199,5,2.725,-5.781,-9.7,0.0,0.0,-1.194,5983
5984,AUG,34,2574.1789,6,-1.4351,-9.381,-8.8,0.3399,0.0,-1.194,5984
5985,AUG,37,22647.997,4,-6.8711,-13.281,-7.6,0.0039,0.0,-1.194,5985
5986,AUG,34,3840.3201,6,-2.4351,-14.181,-12.6,0.3399,0.0,-1.194,5986
5987,AUG,34,20.675,5,10.625,-7.281,-13.1,0.0,-6.0,-1.194,5987
5988,AUG,34,233.489,6,4.5649,-6.481,-10.7,0.3399,-1.2,-1.194,5988
5989,AUG,31,301.5982,5,3.925,-2.381,-7.5,0.0,0.0,-1.194,5989
5990,AUG,33,179.3005,5,5.225,-4.881,-8.5,0.0,-2.8,-1.194,5990
5991,AUG,36,1470.3426,6,-0.0351,-10.581,-9.4,0.3399,-2.0,-1.194,5991
5992,AUG,36,442.8253,6,2.9649,-14.281,-17.8,0.3399,-0.3,-1.194,5992
5993,AUG,36,1203.7996,6,0.4649,-12.681,-12.0,0.3399,-2.0,-1.194,5993
5994,AUG,33,257.0025,5,4.325,-3.381,-7.4,0.0,-1.5,-1.194,5994
5995,AUG,36,1732.238,9,-0.4449,-13.981,-10.6,2.1301,-2.0,-1.194,5995
5996,AUG,33,3460.7789,5,-2.175,-11.381,-8.8,0.0,-1.6,-1.194,5996
5997,AUG,35,7376.3274,7,-4.0668,-11.581,-7.9,0.8082,0.0,-1.194,5997
5998,AUG,33,1970.3141,7,-0.7668,-10.681,-10.3,0.8082,0.0,-1.194,5998
5999,AUG,36,3144.1487,6,-1.9351,-14.281,-12.9,0.3399,-0.3,-1.194,5999
6000,AUG,39,1552.5568,4,-0.1711,-6.381,-7.4,0.0039,0.0,-1.194,6000
6001,AUG,39,44706.286,4,-8.5711,-12.381,-5.0,0.0039,0.0,-1.194,6001
6002,AUG,36,1025.8,6,0.8649,-11.681,-13.1,0.3399,-0.3,-1.194,6002
6003,AUG,36,425.4608,6,3.0649,-8.781,-12.4,0.3399,-0.3,-1.194,6003
6004,AUG,33,172.2696,5,5.325,-4.381,-10.9,0.0,0.0,-1.194,6004
6005,AUG,39,1552.5568,4,-0.1711,-6.381,-7.4,0.0039,0.0,-1.194,6005
6006,AUG,33,485.8308,7,2.7332,-5.381,-8.5,0.8082,0.0,-1.194,6006
6007,AUG,33,186.6183,5,5.125,-7.481,-13.8,0.0,0.0,-1.194,6007
6008,AUG,36,1252.9307,6,0.3649,-10.881,-11.8,0.3399,-0.3,-1.194,6008
6009,AUG,29,19265.8896,7,-6.4668,-11.581,-5.5,0.8082,0.0,-1.194,6009
6010,AUG,36,123.5942,9,6.1551,-13.081,-16.3,2.1301,-2.0,-1.194,6010
6011,AUG,33,2949.0516,5,-1.775,-10.781,-10.2,0.0,0.0,-1.194,6011
6012,AUG,39,11770.849,6,-5.2351,-14.981,-10.6,0.3399,0.0,-1.194,6012
6013,AUG,33,68.6487,5,7.625,-4.981,-10.8,0.0,-3.0,-1.194,6013
6014,AUG,33,468.3067,5,2.825,-7.781,-9.0,0.0,-2.8,-1.194,6014
6015,AUG,36,1309.1743,9,0.2551,-13.081,-10.4,2.1301,-2.0,-1.194,6015
6016,AUG,36,334.6743,6,3.6649,-9.981,-12.5,0.3399,-2.0,-1.194,6016
6017,AUG,36,1025.8,6,0.8649,-13.081,-12.8,0.3399,-2.0,-1.194,6017
6018,AUG,36,985.5754,6,0.9649,-8.581,-10.1,0.3399,-0.3,-1.194,6018
6019,AUG,36,1111.2415,6,0.6649,-8.381,-9.6,0.3399,-0.3,-1.194,6019
6020,AUG,39,22647.997,4,-6.8711,-12.081,-6.4,0.0039,0.0,-1.194,6020
6021,AUG,36,909.7962,6,1.1649,-9.781,-9.8,0.3399,-2.0,-1.194,6021
6022,AUG,36,660.6343,6,1.9649,-11.681,-14.2,0.3399,-0.3,-1.194,6022
6023,AUG,36,609.8393,6,2.1649,-8.481,-11.2,0.3399,-0.3,-1.194,6023
6024,AUG,36,562.9498,6,2.3649,-12.681,-13.9,0.3399,-2.0,-1.194,6024
6025,AUG,36,2283.0746,6,-1.1351,-15.781,-13.5,0.3399,-2.0,-1.194,6025
6026,AUG,33,418.0623,10,3.1087,-9.581,-10.9,2.9837,0.0,-1.194,6026
6027,AUG,36,11309.279,6,-5.1351,-15.281,-10.7,0.3399,-0.3,-1.194,6027
6028,AUG,36,198.9642,6,4.9649,-12.481,-16.3,0.3399,-2.0,-1.194,6028
6029,AUG,29,7687.3897,8,-4.1701,-9.581,-5.2,1.4049,0.0,-1.194,6029
6030,AUG,36,104.9081,6,6.5649,-10.181,-15.6,0.3399,-2.0,-1.194,6030
6031,AUG,36,11770.849,6,-5.2351,-16.581,-10.2,0.3399,-2.0,-1.194,6031
6032,AUG,33,487.4199,5,2.725,-5.781,-9.7,0.0,0.0,-1.194,6032
6033,AUG,33,644.9311,5,2.025,-13.081,-12.1,0.0,-4.2,-1.194,6033
6034,AUG,36,14963.9074,6,-5.8351,-11.281,-6.3,0.3399,0.0,-1.194,6034
6035,AUG,36,3840.3201,6,-2.4351,-12.881,-9.3,0.3399,-2.0,-1.194,6035
6036,AUG,36,6206.4301,6,-3.6351,-13.781,-10.7,0.3399,-0.3,-1.194,6036
6037,AUG,33,449.943,5,2.925,-5.781,-9.9,0.0,0.0,-1.194,6037
6038,AUG,36,8212.0571,6,-4.3351,-14.481,-10.7,0.3399,-0.3,-1.194,6038
6039,AUG,36,1304.0671,6,0.2649,-12.881,-12.0,0.3399,-2.0,-1.194,6039
6040,AUG,27,585.9257,6,2.2649,-7.381,-10.5,0.3399,0.0,-1.194,6040
6041,AUG,36,725.7375,8,1.7299,-10.981,-10.5,1.4049,-2.0,-1.194,6041
6042,AUG,36,909.7962,6,1.1649,-12.581,-12.6,0.3399,-2.0,-1.194,6042
6043,AUG,36,246.4405,8,4.4299,-10.981,-13.2,1.4049,-2.0,-1.194,6043
6044,AUG,36,1592.8111,6,-0.2351,-12.781,-11.4,0.3399,-2.0,-1.194,6044
6045,AUG,33,267.4916,5,4.225,-2.181,-7.5,0.0,-0.1,-1.194,6045
6046,AUG,36,609.8393,6,2.1649,-8.581,-11.3,0.3399,-0.3,-1.194,6046
6047,AUG,36,1657.8191,6,-0.3351,-11.581,-11.8,0.3399,-0.3,-1.194,6047
6048,AUG,33,819.8804,5,1.425,-9.681,-9.1,0.0,-3.2,-1.194,6048
6049,AUG,39,39650.6199,4,-8.2711,-13.281,-6.2,0.0039,0.0,-1.194,6049
6050,AUG,33,77.4018,5,7.325,-3.881,-10.6,0.0,-1.8,-1.194,6050
6051,AUG,32,6459.7355,6,-3.7351,-13.981,-8.4,0.3399,-2.7,-1.194,6051
6052,AUG,20,643.6666,8,2.0299,-3.381,-5.2,1.4049,0.0,-1.194,6052
6053,AUG,36,2788.5887,6,-1.6351,-11.881,-10.8,0.3399,-0.3,-1.194,6053
6054,AUG,36,82.5224,6,7.1649,-8.781,-16.5,0.3399,-0.3,-1.194,6054
6055,AUG,34,467.3885,8,2.8299,-10.681,-13.3,1.4049,0.0,-1.194,6055
6056,AUG,39,56833.6847,4,-9.1711,-12.981,-5.0,0.0039,0.0,-1.194,6056
6057,AUG,36,2574.1789,6,-1.4351,-13.981,-13.1,0.3399,-0.3,-1.194,6057
6058,AUG,39,39650.6199,4,-8.2711,-12.381,-5.3,0.0039,0.0,-1.194,6058
6059,AUG,36,687.597,6,1.8649,-10.381,-12.8,0.3399,-0.3,-1.194,6059
6060,AUG,33,1618.4129,5,-0.275,-7.981,-7.3,0.0,-1.6,-1.194,6060
6061,AUG,39,726.044,4,1.7289,-4.281,-7.2,0.0039,0.0,-1.194,6061
6062,AUG,33,65.9568,5,7.725,-8.881,-14.4,0.0,-3.4,-1.194,6062
6063,AUG,33,102.4145,5,6.625,-12.581,-13.8,0.0,-6.6,-1.194,6063
6064,AUG,36,150.3713,6,5.6649,-9.481,-14.0,0.3399,-2.0,-1.194,6064
6065,AUG,33,1042.288,5,0.825,-9.781,-8.6,0.0,-3.2,-1.194,6065
6066,AUG,36,909.7962,6,1.1649,-11.381,-13.1,0.3399,-0.3,-1.194,6066
6067,AUG,36,233.489,6,4.5649,-7.781,-12.9,0.3399,-0.3,-1.194,6067
6068,AUG,23,106246.7495,6,-10.7351,-15.881,-6.0,0.3399,0.0,-1.194,6068
6069,AUG,36,176.4641,6,5.2649,-8.481,-14.3,0.3399,-0.3,-1.194,6069
6070,AUG,39,2225.3756,4,-1.0711,-8.581,-8.7,0.0039,0.0,-1.194,6070
6071,AUG,36,2376.2547,6,-1.2351,-11.781,-11.1,0.3399,-0.3,-1.194,6071
6072,AUG,36,946.928,6,1.0649,-8.381,-10.0,0.3399,-0.3,-1.194,6072
6073,AUG,33,106.5943,5,6.525,-11.381,-13.2,0.0,-5.9,-1.194,6073
6074,AUG,33,370.7852,10,3.4087,-8.281,-9.9,2.9837,0.0,-1.194,6074
6075,AUG,39,4220.5519,4,-2.6711,-8.781,-7.3,0.0039,0.0,-1.194,6075
6076,AUG,33,186.6183,5,5.125,-5.681,-8.7,0.0,-3.3,-1.194,6076
6077,AUG,36,207.0846,6,4.8649,-9.981,-13.7,0.3399,-2.0,-1.194,6077
6078,AUG,33,257.0025,5,4.325,-7.881,-10.4,0.0,-3.0,-1.194,6078
6079,AUG,36,207.0846,6,4.8649,-11.081,-16.5,0.3399,-0.3,-1.194,6079
6080,AUG,33,761.7878,10,1.6087,-8.281,-8.1,2.9837,0.0,-1.194,6080
6081,AUG,39,16445.4907,4,-6.0711,-13.281,-8.4,0.0039,0.0,-1.194,6081
6082,AUG,36,2902.4004,6,-1.7351,-13.681,-10.8,0.3399,-2.0,-1.194,6082
6083,AUG,33,135.51,5,5.925,-5.181,-9.5,0.0,-2.8,-1.194,6083
6084,AUG,36,4160.19,6,-2.6351,-11.381,-9.3,0.3399,-0.3,-1.194,6084
6085,AUG,36,1945.4883,6,-0.7351,-16.181,-14.3,0.3399,-2.0,-1.194,6085
6086,AUG,36,100.7944,6,6.6649,-9.881,-15.4,0.3399,-2.0,-1.194,6086
6087,AUG,36,4506.7026,6,-2.8351,-14.681,-12.4,0.3399,-0.3,-1.194,6087
6088,AUG,36,9259.1382,6,-4.6351,-11.281,-7.5,0.3399,0.0,-1.194,6088
6089,AUG,33,1899.2442,5,-0.675,-7.581,-8.1,0.0,0.0,-1.194,6089
6090,AUG,36,296.8272,6,3.9649,-7.781,-12.3,0.3399,-0.3,-1.194,6090
6091,AUG,36,1725.4804,6,-0.4351,-8.481,-8.6,0.3399,-0.3,-1.194,6091
6092,AUG,36,1357.2905,6,0.1649,-10.581,-11.3,0.3399,-0.3,-1.194,6092
6093,AUG,33,924.4196,5,1.125,-7.681,-8.8,0.0,-1.2,-1.194,6093
6094,AUG,39,31189.8122,4,-7.6711,-13.281,-6.8,0.0039,0.0,-1.194,6094
6095,AUG,36,2283.0746,6,-1.1351,-12.281,-10.0,0.3399,-2.0,-1.194,6095
6096,AUG,33,452.8837,10,2.9087,-9.581,-10.7,2.9837,0.0,-1.194,6096
6097,AUG,33,312.8841,7,3.8332,-8.881,-9.7,0.8082,-3.4,-1.194,6097
6098,AUG,36,14377.1281,6,-5.7351,-15.381,-10.2,0.3399,-0.3,-1.194,6098
6099,AUG,39,4758.6949,4,-2.9711,-8.581,-6.8,0.0039,0.0,-1.194,6099
6100,AUG,31,1493.9759,5,-0.075,-6.581,-7.7,0.0,0.0,-1.194,6100
6101,AUG,34,1111.2415,6,0.6649,-6.581,-8.1,0.3399,0.0,-1.194,6101
6102,AUG,34,150.3713,6,5.6649,-6.481,-13.0,0.3399,0.0,-1.194,6102
6103,AUG,31,1899.2442,5,-0.675,-8.881,-9.4,0.0,0.0,-1.194,6103
6104,AUG,27,7687.3897,8,-4.1701,-9.581,-5.2,1.4049,0.0,-1.194,6104
6105,AUG,31,368.3775,5,3.425,-1.981,-6.6,0.0,0.0,-1.194,6105
6106,AUG,34,1470.3426,6,-0.0351,-8.581,-9.4,0.3399,0.0,-1.194,6106
6107,AUG,34,263.2601,6,4.2649,-5.781,-10.9,0.3399,0.0,-1.194,6107
6108,AUG,34,176.4641,6,5.2649,-8.181,-14.3,0.3399,0.0,-1.194,6108
6109,AUG,34,3689.7297,6,-2.3351,-9.381,-7.9,0.3399,0.0,-1.194,6109
6110,AUG,34,1725.4804,6,-0.4351,-7.781,-8.2,0.3399,0.0,-1.194,6110
6111,AUG,25,585.9257,6,2.2649,-7.381,-10.5,0.3399,0.0,-1.194,6111
6112,AUG,31,449.943,5,2.925,-1.881,-6.0,0.0,0.0,-1.194,6112
6113,AUG,34,11770.849,6,-5.2351,-14.581,-10.2,0.3399,0.0,-1.194,6113
6114,AUG,34,233.489,6,4.5649,-9.081,-14.5,0.3399,0.0,-1.194,6114
6115,AUG,37,2944.5126,4,-1.7711,-6.381,-5.8,0.0039,0.0,-1.194,6115
6116,AUG,31,1899.2442,5,-0.675,-7.581,-8.1,0.0,0.0,-1.194,6116
6117,AUG,31,370.7852,10,3.4087,-8.281,-9.9,2.9837,0.0,-1.194,6117
6118,AUG,34,3144.1487,6,-1.9351,-10.781,-9.7,0.3399,0.0,-1.194,6118
6119,AUG,31,819.8804,5,1.425,-5.981,-8.6,0.0,0.0,-1.194,6119
6120,AUG,37,24534.4055,4,-7.0711,-12.081,-6.2,0.0039,0.0,-1.194,6120
6121,AUG,37,53824.1101,6,-9.0351,-14.981,-6.8,0.3399,0.0,-1.194,6121
6122,AUG,34,1304.0671,6,0.2649,-10.881,-12.0,0.3399,0.0,-1.194,6122
6123,AUG,34,660.6343,6,1.9649,-8.381,-11.2,0.3399,0.0,-1.194,6123
6124,AUG,34,207.8957,9,4.8551,-11.081,-15.0,2.1301,0.0,-1.194,6124
6125,AUG,31,266.6195,7,4.2332,-3.781,-8.4,0.8082,0.0,-1.194,6125
6126,AUG,31,761.7878,10,1.6087,-8.281,-8.1,2.9837,0.0,-1.194,6126
6127,AUG,37,2944.5126,4,-1.7711,-6.381,-5.8,0.0039,0.0,-1.194,6127
6128,AUG,34,1725.4804,6,-0.4351,-11.081,-11.5,0.3399,0.0,-1.194,6128
6129,AUG,31,278.4088,5,4.125,-4.181,-7.4,0.0,-2.1,-1.194,6129
6130,AUG,31,172.2696,5,5.325,-4.681,-10.9,0.0,-0.3,-1.194,6130
6131,AUG,34,169.5444,6,5.3649,-7.881,-14.1,0.3399,0.0,-1.194,6131
6132,AUG,31,2141.408,5,-0.975,-6.381,-6.6,0.0,0.0,-1.194,6132
6133,AUG,37,39650.6199,4,-8.2711,-12.381,-5.3,0.0039,0.0,-1.194,6133
6134,AUG,34,252.9369,6,4.3649,-7.481,-12.7,0.3399,0.0,-1.194,6134
6135,AUG,34,377.347,6,3.3649,-12.281,-16.5,0.3399,0.0,-1.194,6135
6136,AUG,31,202.1623,5,4.925,-2.881,-8.2,0.0,-0.8,-1.194,6136
6137,AUG,34,2193.5485,6,-1.0351,-11.981,-11.8,0.3399,0.0,-1.194,6137
6138,AUG,34,10030.3551,6,-4.8351,-11.281,-7.3,0.3399,0.0,-1.194,6138
6139,AUG,21,106246.7495,6,-10.7351,-15.881,-6.0,0.3399,0.0,-1.194,6139
6140,AUG,34,2376.2547,6,-1.2351,-9.881,-9.5,0.3399,0.0,-1.194,6140
6141,AUG,31,1273.0695,5,0.325,-6.481,-8.0,0.0,0.0,-1.194,6141
6142,AUG,18,367.1765,7,3.4332,-0.581,-4.4,0.8082,0.0,-1.194,6142
6143,AUG,34,2376.2547,6,-1.2351,-9.781,-9.4,0.3399,0.0,-1.194,6143
6144,AUG,31,449.943,5,2.925,-7.981,-9.9,0.0,-2.2,-1.194,6144
6145,AUG,34,408.7772,6,3.1649,-7.981,-12.0,0.3399,0.0,-1.194,6145
6146,AUG,34,687.597,6,1.8649,-6.481,-9.2,0.3399,0.0,-1.194,6146
6147,AUG,31,368.3775,5,3.425,-2.381,-6.7,0.0,-0.3,-1.194,6147
6148,AUG,34,224.3332,6,4.6649,-5.781,-11.3,0.3399,0.0,-1.194,6148
6149,AUG,27,25491.7212,7,-7.1668,-11.581,-4.8,0.8082,0.0,-1.194,6149
6150,AUG,34,3840.3201,6,-2.4351,-13.781,-12.2,0.3399,0.0,-1.194,6150
6151,AUG,31,485.8308,7,2.7332,-6.181,-8.5,0.8082,-0.8,-1.194,6151
6152,AUG,34,2788.5887,6,-1.6351,-12.281,-11.5,0.3399,0.0,-1.194,6152
6153,AUG,34,562.9498,6,2.3649,-10.681,-13.9,0.3399,0.0,-1.194,6153
6154,AUG,37,61567.505,4,-9.3711,-12.981,-4.8,0.0039,0.0,-1.194,6154
6155,AUG,34,2902.4004,6,-1.7351,-11.681,-10.8,0.3399,0.0,-1.194,6155
6156,AUG,31,487.4199,5,2.725,-7.981,-9.7,0.0,-2.2,-1.194,6156
6157,AUG,34,562.9498,6,2.3649,-7.981,-11.2,0.3399,0.0,-1.194,6157
6158,AUG,24,25491.7212,7,-7.1668,-11.581,-4.8,0.8082,0.0,-1.194,6158
6159,AUG,31,1824.7692,5,-0.575,-6.481,-7.1,0.0,0.0,-1.194,6159
6160,AUG,34,548.4909,8,2.4299,-8.981,-11.2,1.4049,0.0,-1.194,6160
6161,AUG,31,2949.0516,5,-1.775,-10.781,-10.2,0.0,0.0,-1.194,6161
6162,AUG,34,687.597,6,1.8649,-6.581,-9.3,0.3399,0.0,-1.194,6162
6163,AUG,34,2202.1392,9,-1.0449,-11.081,-9.1,2.1301,0.0,-1.194,6163
6164,AUG,31,1970.3141,7,-0.7668,-10.681,-10.3,0.8082,0.0,-1.194,6164
6165,AUG,37,8004.5178,4,-4.2711,-8.781,-5.7,0.0039,0.0,-1.194,6165
6166,AUG,31,1129.1028,5,0.625,-5.481,-7.3,0.0,0.0,-1.194,6166
6167,AUG,34,9637.0351,6,-4.7351,-13.281,-9.4,0.3399,0.0,-1.194,6167
6168,AUG,37,4952.9133,4,-3.0711,-8.581,-6.7,0.0039,0.0,-1.194,6168
6169,AUG,34,634.7289,6,2.0649,-8.881,-11.8,0.3399,0.0,-1.194,6169
6170,AUG,34,985.5754,6,0.9649,-6.381,-8.2,0.3399,0.0,-1.194,6170
6171,AUG,34,2574.1789,6,-1.4351,-10.281,-9.7,0.3399,0.0,-1.194,6171
6172,AUG,34,687.597,6,1.8649,-8.581,-11.3,0.3399,0.0,-1.194,6172
6173,AUG,37,22647.997,4,-6.8711,-13.281,-7.6,0.0039,0.0,-1.194,6173
6174,AUG,34,10030.3551,6,-4.8351,-13.381,-9.4,0.3399,0.0,-1.194,6174
6175,AUG,34,4160.19,6,-2.6351,-11.781,-10.0,0.3399,0.0,-1.194,6175
6176,AUG,34,1615.2396,8,-0.2701,-8.981,-8.5,1.4049,0.0,-1.194,6176
6177,AUG,31,3460.7789,5,-2.175,-9.781,-8.8,0.0,0.0,-1.194,6177
6178,AUG,34,1657.8191,6,-0.3351,-6.481,-7.0,0.3399,0.0,-1.194,6178
6179,AUG,34,4506.7026,6,-2.8351,-10.881,-8.9,0.3399,0.0,-1.194,6179
6180,AUG,31,850.5605,7,1.3332,-5.481,-7.2,0.8082,0.0,-1.194,6180
6181,AUG,34,1156.595,6,0.5649,-9.681,-11.1,0.3399,0.0,-1.194,6181
6182,AUG,32,467.3885,8,2.8299,-10.681,-13.3,1.4049,0.0,-1.194,6182
6183,AUG,34,2107.5329,6,-0.9351,-9.581,-9.5,0.3399,0.0,-1.194,6183
6184,AUG,34,93.0445,6,6.8649,-6.781,-14.5,0.3399,0.0,-1.194,6184
6185,AUG,31,962.1483,5,1.025,-5.281,-7.2,0.0,-0.3,-1.194,6185
6186,AUG,34,4329.9814,6,-2.7351,-14.181,-12.3,0.3399,0.0,-1.194,6186
6187,AUG,34,9259.1382,6,-4.6351,-11.281,-7.5,0.3399,0.0,-1.194,6187
6188,AUG,37,5812.3561,4,-3.4711,-8.581,-6.3,0.0039,0.0,-1.194,6188
6189,AUG,37,44706.286,4,-8.5711,-12.381,-5.0,0.0039,0.0,-1.194,6189
6190,AUG,34,479.7093,6,2.7649,-6.781,-10.4,0.3399,0.0,-1.194,6190
6191,AUG,31,267.4916,5,4.225,-2.981,-7.8,0.0,-0.6,-1.194,6191
6192,AUG,31,452.8837,10,2.9087,-9.581,-10.7,2.9837,0.0,-1.194,6192
6193,AUG,31,418.0623,10,3.1087,-9.581,-10.9,2.9837,0.0,-1.194,6193
6194,AUG,37,726.044,4,1.7289,-4.281,-7.2,0.0039,0.0,-1.194,6194
6195,AUG,34,3855.3602,9,-2.4449,-11.981,-8.6,2.1301,0.0,-1.194,6195
6196,AUG,31,186.6183,5,5.125,-7.481,-13.8,0.0,0.0,-1.194,6196
6197,AUG,34,2024.8903,6,-0.8351,-10.681,-10.7,0.3399,0.0,-1.194,6197
6198,AUG,34,5081.3313,6,-3.1351,-12.681,-10.4,0.3399,0.0,-1.194,6198
6199,AUG,34,7283.3863,6,-4.0351,-12.481,-9.3,0.3399,0.0,-1.194,6199
6200,AUG,34,744.8687,6,1.6649,-9.681,-12.2,0.3399,0.0,-1.194,6200
6201,AUG,37,39650.6199,4,-8.2711,-13.281,-6.2,0.0039,0.0,-1.194,6201
6202,AUG,34,562.9498,6,2.3649,-6.381,-9.6,0.3399,0.0,-1.194,6202
6203,AUG,34,334.6743,6,3.6649,-10.481,-15.0,0.3399,0.0,-1.194,6203
6204,AUG,34,1530.3523,6,-0.1351,-10.581,-11.3,0.3399,0.0,-1.194,6204
6205,AUG,34,1025.8,6,0.8649,-9.381,-11.1,0.3399,0.0,-1.194,6205
6206,AUG,33,3736.8132,7,-2.3668,-14.081,-9.6,0.8082,-2.5,-1.194,6206
6207,AUG,31,1084.8273,5,0.725,-4.881,-6.8,0.0,0.0,-1.194,6207
6208,AUG,30,16210.2888,6,-6.0351,-11.281,-6.1,0.3399,0.0,-1.194,6208
6209,AUG,37,46530.901,4,-8.6711,-13.281,-5.8,0.0039,0.0,-1.194,6209
6210,AUG,31,399.0606,5,3.225,-5.481,-9.9,0.0,0.0,-1.194,6210
6211,AUG,39,2944.5126,4,-1.7711,-6.381,-5.8,0.0039,0.0,-1.194,6211
6212,AUG,33,1970.3141,7,-0.7668,-11.481,-11.0,0.8082,-0.1,-1.194,6212
6213,AUG,33,60.8855,5,7.925,-11.881,-14.3,0.0,-6.7,-1.194,6213
6214,AUG,33,238.7926,10,4.5087,-9.081,-11.7,2.9837,-0.1,-1.194,6214
6215,AUG,36,118.2845,6,6.2649,-12.881,-15.0,0.3399,-5.0,-1.194,6215
6216,AUG,36,1111.2415,6,0.6649,-12.381,-11.1,0.3399,-2.8,-1.194,6216
6217,AUG,36,634.7289,6,2.0649,-8.881,-11.8,0.3399,0.0,-1.194,6217
6218,AUG,36,224.3332,6,4.6649,-7.581,-11.3,0.3399,-1.8,-1.194,6218
6219,AUG,33,146.797,5,5.725,-7.081,-12.6,0.0,-1.4,-1.194,6219
6220,AUG,33,571.9982,5,2.325,-7.581,-9.8,0.0,-1.3,-1.194,6220
6221,AUG,36,1322.4297,8,0.2299,-8.981,-9.0,1.4049,0.0,-1.194,6221
6222,AUG,39,726.044,4,1.7289,-4.281,-7.2,0.0039,0.0,-1.194,6222
6223,AUG,33,227.939,5,4.625,-4.181,-9.0,0.0,-1.0,-1.194,6223
6224,AUG,36,687.597,6,1.8649,-8.981,-9.3,0.3399,-2.4,-1.194,6224
6225,AUG,33,328.8545,10,3.7087,-9.081,-10.9,2.9837,-0.1,-1.194,6225
6226,AUG,33,353.9323,5,3.525,-10.281,-11.3,0.0,-3.7,-1.194,6226
6227,AUG,36,263.2601,6,4.2649,-5.981,-10.9,0.3399,-0.2,-1.194,6227
6228,AUG,36,2107.5329,6,-0.9351,-9.781,-9.7,0.3399,0.0,-1.194,6228
6229,AUG,36,207.8957,9,4.8551,-11.081,-15.0,2.1301,0.0,-1.194,6229
6230,AUG,33,313.9075,5,3.825,-7.581,-11.8,0.0,-0.8,-1.194,6230
6231,AUG,36,609.8393,6,2.1649,-13.481,-11.5,0.3399,-5.0,-1.194,6231
6232,AUG,29,18510.4168,7,-6.3668,-11.581,-5.6,0.8082,0.0,-1.194,6232
6233,AUG,33,1042.288,5,0.825,-12.581,-13.5,0.0,-1.1,-1.194,6233
6234,AUG,36,104.9081,6,6.5649,-8.981,-12.7,0.3399,-3.7,-1.194,6234
6235,AUG,36,408.7772,6,3.1649,-9.281,-10.5,0.3399,-2.8,-1.194,6235
6236,AUG,33,186.6183,5,5.125,-9.281,-14.5,0.0,-1.1,-1.194,6236
6237,AUG,39,46530.901,4,-8.6711,-12.981,-5.5,0.0039,0.0,-1.194,6237
6238,AUG,33,418.0623,10,3.1087,-10.381,-11.6,2.9837,-0.1,-1.194,6238
6239,AUG,33,370.7852,10,3.4087,-10.381,-11.9,2.9837,-0.1,-1.194,6239
6240,AUG,36,540.8748,6,2.4649,-12.381,-12.0,0.3399,-3.7,-1.194,6240
6241,AUG,36,1869.1999,6,-0.6351,-11.981,-8.9,0.3399,-3.3,-1.194,6241
6242,AUG,36,198.9642,6,4.9649,-10.381,-11.2,0.3399,-5.0,-1.194,6242
6243,AUG,33,1129.1028,5,0.625,-9.381,-10.1,0.0,-1.1,-1.194,6243
6244,AUG,36,4690.6365,6,-2.9351,-13.281,-11.2,0.3399,0.0,-1.194,6244
6245,AUG,36,1111.2415,6,0.6649,-8.981,-8.1,0.3399,-2.4,-1.194,6245
6246,AUG,36,377.347,6,3.3649,-15.281,-12.9,0.3399,-6.6,-1.194,6246
6247,AUG,36,2902.4004,6,-1.7351,-11.681,-10.8,0.3399,0.0,-1.194,6247
6248,AUG,36,687.597,6,1.8649,-8.581,-11.3,0.3399,0.0,-1.194,6248
6249,AUG,36,233.489,6,4.5649,-11.781,-13.9,0.3399,-3.3,-1.194,6249
6250,AUG,36,460.8985,6,2.8649,-6.381,-10.1,0.3399,0.0,-1.194,6250
6251,AUG,36,93.0445,6,6.8649,-9.181,-14.5,0.3399,-2.4,-1.194,6251
6252,AUG,33,399.0606,5,3.225,-10.281,-11.0,0.0,-3.7,-1.194,6252
6253,AUG,34,467.3885,8,2.8299,-11.481,-14.0,1.4049,-0.1,-1.194,6253
6254,AUG,36,460.8985,6,2.8649,-6.381,-10.1,0.3399,0.0,-1.194,6254
6255,AUG,23,68424.8856,6,-9.6351,-15.781,-7.0,0.3399,0.0,-1.194,6255
6256,AUG,36,2193.5485,6,-1.0351,-15.881,-11.8,0.3399,-3.9,-1.194,6256
6257,AUG,33,165.5144,5,5.425,-7.081,-12.9,0.0,-0.8,-1.194,6257
6258,AUG,36,744.8687,6,1.6649,-9.681,-12.2,0.3399,0.0,-1.194,6258
6259,AUG,33,468.3067,5,2.825,-4.081,-6.7,0.0,-1.4,-1.194,6259
6260,AUG,39,24534.4055,4,-7.0711,-12.081,-6.2,0.0039,0.0,-1.194,6260
6261,AUG,39,42953.2196,4,-8.4711,-12.381,-5.1,0.0039,0.0,-1.194,6261
6262,AUG,39,1681.8731,4,-0.3711,-6.381,-7.2,0.0039,0.0,-1.194,6262
6263,AUG,39,8004.5178,4,-4.2711,-8.781,-5.7,0.0039,0.0,-1.194,6263
6264,AUG,33,21.5189,5,10.525,-11.981,-14.6,0.0,-9.1,-1.194,6264
6265,AUG,36,874.1203,6,1.2649,-11.781,-11.5,0.3399,-2.4,-1.194,6265
6266,AUG,36,1725.4804,6,-0.4351,-7.781,-8.2,0.3399,0.0,-1.194,6266
6267,AUG,36,548.4909,8,2.4299,-8.981,-11.2,1.4049,0.0,-1.194,6267
6268,AUG,36,839.8435,6,1.3649,-11.781,-10.7,0.3399,-3.3,-1.194,6268
6269,AUG,36,1657.8191,6,-0.3351,-16.181,-13.2,0.3399,-3.5,-1.194,6269
6270,AUG,36,985.5754,6,0.9649,-9.381,-11.2,0.3399,0.0,-1.194,6270
6271,AUG,39,36601.9515,4,-8.0711,-12.381,-5.5,0.0039,0.0,-1.194,6271
6272,AUG,36,1304.0671,6,0.2649,-8.981,-9.4,0.3399,-0.7,-1.194,6272
6273,AUG,33,159.0241,5,5.525,-4.181,-9.5,0.0,-1.4,-1.194,6273
6274,AUG,39,39650.6199,4,-8.2711,-13.281,-6.2,0.0039,0.0,-1.194,6274
6275,AUG,36,408.7772,6,3.1649,-7.981,-12.0,0.3399,0.0,-1.194,6275
6276,AUG,36,1067.6664,6,0.7649,-6.881,-8.1,0.3399,-0.4,-1.194,6276
6277,AUG,36,3144.1487,6,-1.9351,-13.381,-12.3,0.3399,0.0,-1.194,6277
6278,AUG,39,46530.901,4,-8.6711,-13.281,-5.8,0.0039,0.0,-1.194,6278
6279,AUG,35,3314.231,7,-2.0668,-11.581,-9.9,0.8082,0.0,-1.194,6279
6280,AUG,36,2788.5887,6,-1.6351,-12.281,-11.5,0.3399,0.0,-1.194,6280
6281,AUG,33,547.7768,7,2.4332,-7.081,-9.1,0.8082,-0.8,-1.194,6281
6282,AUG,36,2202.1392,9,-1.0449,-11.081,-9.1,2.1301,0.0,-1.194,6282
6283,AUG,39,4952.9133,4,-3.0711,-8.581,-6.7,0.0039,0.0,-1.194,6283
6284,AUG,33,90.8328,5,6.925,-5.381,-11.3,0.0,-2.2,-1.194,6284
6285,AUG,36,233.489,6,4.5649,-11.481,-14.5,0.3399,-2.4,-1.194,6285
6286,AUG,36,1592.8111,6,-0.2351,-15.281,-12.2,0.3399,-3.7,-1.194,6286
6287,AUG,29,7687.3897,8,-4.1701,-9.581,-5.2,1.4049,0.0,-1.194,6287
6288,AUG,33,1493.9759,5,-0.075,-8.081,-8.4,0.0,-0.8,-1.194,6288
6289,AUG,36,377.347,6,3.3649,-15.581,-16.5,0.3399,-3.3,-1.194,6289
6290,AUG,33,165.5144,5,5.425,-3.881,-9.5,0.0,-1.0,-1.194,6290
6291,AUG,33,505.6592,7,2.6332,-7.181,-9.2,0.8082,-1.0,-1.194,6291
6292,AUG,33,1042.288,5,0.825,-8.681,-9.3,0.0,-1.4,-1.194,6292
6293,AUG,36,1869.1999,6,-0.6351,-9.481,-9.7,0.3399,0.0,-1.194,6293
6294,AUG,36,425.4608,6,3.0649,-8.781,-12.3,0.3399,-0.4,-1.194,6294
6295,AUG,36,479.7093,6,2.7649,-9.181,-10.4,0.3399,-2.4,-1.194,6295
6296,AUG,33,1554.9501,5,-0.175,-8.181,-8.4,0.0,-0.8,-1.194,6296
6297,AUG,33,60.8855,5,7.925,-14.881,-14.9,0.0,-9.1,-1.194,6297
6298,AUG,33,1223.1486,5,0.425,-10.481,-11.3,0.0,-0.8,-1.194,6298
6299,AUG,39,4758.6949,4,-2.9711,-8.581,-6.8,0.0039,0.0,-1.194,6299
6300,AUG,36,150.3713,6,5.6649,-6.481,-13.0,0.3399,0.0,-1.194,6300
6301,AUG,39,19023.1412,6,-6.4351,-14.981,-9.4,0.3399,0.0,-1.194,6301
6302,AUG,33,1223.1486,5,0.425,-9.181,-8.8,0.0,-2.0,-1.194,6302
6303,AUG,27,267.0799,4,4.2289,-7.281,-10.5,0.0039,-2.2,-1.194,6303
6304,AUG,36,59.9224,6,7.9649,-10.281,-14.1,0.3399,-5.0,-1.194,6304
6305,AUG,36,2193.5485,6,-1.0351,-9.881,-9.7,0.3399,0.0,-1.194,6305
6306,AUG,36,2107.5329,6,-0.9351,-12.881,-11.7,0.3399,-1.1,-1.194,6306
6307,AUG,39,17116.6869,4,-6.1711,-13.281,-8.3,0.0039,0.0,-1.194,6307
6308,AUG,36,11770.849,6,-5.2351,-14.581,-10.2,0.3399,0.0,-1.194,6308
6309,AUG,33,3602.025,5,-2.275,-12.581,-9.5,0.0,-2.0,-1.194,6309
6310,AUG,20,243.9703,9,4.4551,-3.381,-6.9,2.1301,0.0,-1.194,6310
6311,AUG,36,31998.4945,6,-7.7351,-14.481,-7.6,0.3399,0.0,-1.194,6311
6312,AUG,36,6723.3792,6,-3.8351,-13.381,-10.4,0.3399,0.0,-1.194,6312
6313,AUG,36,3855.3602,9,-2.4449,-11.981,-8.6,2.1301,0.0,-1.194,6313
6314,AUG,36,985.5754,6,0.9649,-11.781,-10.3,0.3399,-3.3,-1.194,6314
6315,AUG,36,1156.595,6,0.5649,-12.081,-11.1,0.3399,-2.4,-1.194,6315
6316,AUG,26,20052.1959,7,-6.5668,-11.581,-5.4,0.8082,0.0,-1.194,6316
6317,AUG,36,2283.0746,6,-1.1351,-15.981,-12.2,0.3399,-3.5,-1.194,6317
6318,AUG,32,9637.0351,6,-4.7351,-12.281,-7.4,0.3399,-1.0,-1.194,6318
6319,AUG,36,62.368,6,7.8649,-10.581,-14.3,0.3399,-5.0,-1.194,6319
6320,AUG,33,63.3705,5,7.825,-6.881,-11.9,0.0,-4.0,-1.194,6320
6321,AUG,36,1111.2415,6,0.6649,-6.581,-8.1,0.3399,0.0,-1.194,6321
6322,AUG,36,176.4641,6,5.2649,-8.181,-14.3,0.3399,0.0,-1.194,6322
6323,AUG,29,25491.7212,7,-7.1668,-11.581,-4.8,0.8082,0.0,-1.194,6323
6324,AUG,33,1824.7692,5,-0.575,-6.481,-7.1,0.0,0.0,-1.194,6324
6325,AUG,36,334.6743,6,3.6649,-10.481,-15.0,0.3399,0.0,-1.194,6325
6326,AUG,36,1156.595,6,0.5649,-9.681,-11.1,0.3399,0.0,-1.194,6326
6327,AUG,36,207.8957,9,4.8551,-11.081,-15.0,2.1301,0.0,-1.194,6327
6328,AUG,33,278.4088,5,4.125,-2.781,-7.3,0.0,-0.8,-1.194,6328
6329,AUG,33,418.0623,10,3.1087,-9.581,-10.9,2.9837,0.0,-1.194,6329
6330,AUG,36,263.2601,6,4.2649,-6.481,-11.6,0.3399,0.0,-1.194,6330
6331,AUG,33,575.7367,10,2.3087,-8.281,-8.8,2.9837,0.0,-1.194,6331
6332,AUG,39,39650.6199,4,-8.2711,-12.381,-5.3,0.0039,0.0,-1.194,6332
6333,AUG,39,23572.3385,4,-6.9711,-13.281,-7.5,0.0039,0.0,-1.194,6333
6334,AUG,33,301.5982,5,3.925,-2.381,-7.5,0.0,0.0,-1.194,6334
6335,AUG,39,4952.9133,4,-3.0711,-8.581,-6.7,0.0039,0.0,-1.194,6335
6336,AUG,39,46530.901,4,-8.6711,-13.281,-5.8,0.0039,0.0,-1.194,6336
6337,AUG,36,93.0445,6,6.8649,-6.781,-14.5,0.3399,0.0,-1.194,6337
6338,AUG,27,585.9257,6,2.2649,-7.381,-10.5,0.3399,0.0,-1.194,6338
6339,AUG,33,850.5605,7,1.3332,-5.481,-7.2,0.8082,0.0,-1.194,6339
6340,AUG,39,726.044,4,1.7289,-4.281,-7.2,0.0039,0.0,-1.194,6340
6341,AUG,36,479.7093,6,2.7649,-8.381,-12.0,0.3399,0.0,-1.194,6341
6342,AUG,33,399.0606,5,3.225,-5.481,-9.9,0.0,0.0,-1.194,6342
6343,AUG,36,224.3332,6,4.6649,-5.781,-11.3,0.3399,0.0,-1.194,6343
6344,AUG,36,2902.4004,6,-1.7351,-11.681,-10.8,0.3399,0.0,-1.194,6344
6345,AUG,33,1325.0277,5,0.225,-7.381,-7.8,0.0,-1.0,-1.194,6345
6346,AUG,39,24534.4055,4,-7.0711,-12.081,-6.2,0.0039,0.0,-1.194,6346
6347,AUG,36,4329.9814,6,-2.7351,-14.181,-12.3,0.3399,0.0,-1.194,6347
6348,AUG,36,479.7093,6,2.7649,-6.781,-10.4,0.3399,0.0,-1.194,6348
6349,AUG,36,7283.3863,6,-4.0351,-12.481,-9.3,0.3399,0.0,-1.194,6349
6350,AUG,36,2193.5485,6,-1.0351,-11.981,-11.8,0.3399,0.0,-1.194,6350
6351,AUG,36,744.8687,6,1.6649,-9.681,-12.2,0.3399,0.0,-1.194,6351
6352,AUG,36,806.9107,6,1.4649,-6.381,-8.7,0.3399,0.0,-1.194,6352
6353,AUG,36,687.597,6,1.8649,-8.581,-11.3,0.3399,0.0,-1.194,6353
6354,AUG,36,10030.3551,6,-4.8351,-13.381,-9.4,0.3399,0.0,-1.194,6354
6355,AUG,33,186.6183,5,5.125,-7.481,-13.8,0.0,0.0,-1.194,6355
6356,AUG,29,5363.1886,8,-3.2701,-9.581,-6.1,1.4049,0.0,-1.194,6356
6357,AUG,36,3840.3201,6,-2.4351,-13.781,-12.2,0.3399,0.0,-1.194,6357
6358,AUG,33,452.8837,10,2.9087,-9.581,-10.7,2.9837,0.0,-1.194,6358
6359,AUG,36,562.9498,6,2.3649,-7.981,-11.2,0.3399,0.0,-1.194,6359
6360,AUG,36,3144.1487,6,-1.9351,-10.781,-9.7,0.3399,0.0,-1.194,6360
6361,AUG,33,1129.1028,5,0.625,-5.481,-7.3,0.0,0.0,-1.194,6361
6362,AUG,36,11770.849,6,-5.2351,-14.581,-10.2,0.3399,0.0,-1.194,6362
6363,AUG,33,449.943,5,2.925,-5.781,-9.9,0.0,0.0,-1.194,6363
6364,AUG,20,171.9318,8,5.3299,0.419,-4.7,1.4049,0.0,-1.194,6364
6365,AUG,33,1493.9759,5,-0.075,-6.581,-7.7,0.0,0.0,-1.194,6365
6366,AUG,36,169.5444,6,5.3649,-7.881,-14.1,0.3399,0.0,-1.194,6366
6367,AUG,39,36078.4737,6,-8.0351,-14.981,-7.8,0.3399,0.0,-1.194,6367
6368,AUG,39,44706.286,4,-8.5711,-12.381,-5.0,0.0039,0.0,-1.194,6368
6369,AUG,36,3144.1487,6,-1.9351,-11.781,-10.7,0.3399,0.0,-1.194,6369
6370,AUG,39,8004.5178,4,-4.2711,-8.781,-5.7,0.0039,0.0,-1.194,6370
6371,AUG,33,325.6539,7,3.7332,-2.981,-7.1,0.8082,0.0,-1.194,6371
6372,AUG,36,252.9369,6,4.3649,-7.481,-12.7,0.3399,0.0,-1.194,6372
6373,AUG,36,1470.3426,6,-0.0351,-8.581,-9.4,0.3399,0.0,-1.194,6373
6374,AUG,36,562.9498,6,2.3649,-10.681,-13.9,0.3399,0.0,-1.194,6374
6375,AUG,33,2949.0516,5,-1.775,-10.781,-10.2,0.0,0.0,-1.194,6375
6376,AUG,36,1725.4804,6,-0.4351,-7.781,-8.2,0.3399,0.0,-1.194,6376
6377,AUG,35,3590.2816,7,-2.2668,-11.581,-9.7,0.8082,0.0,-1.194,6377
6378,AUG,33,669.0645,7,1.9332,-4.681,-7.0,0.8082,0.0,-1.194,6378
6379,AUG,33,819.8804,5,1.425,-5.981,-8.6,0.0,0.0,-1.194,6379
6380,AUG,36,4882.0772,6,-3.0351,-12.681,-10.5,0.3399,0.0,-1.194,6380
6381,AUG,39,72250.8623,4,-9.7711,-12.981,-4.4,0.0039,0.0,-1.194,6381
6382,AUG,36,2574.1789,6,-1.4351,-10.281,-9.7,0.3399,0.0,-1.194,6382
6383,AUG,36,1530.3523,6,-0.1351,-10.581,-11.3,0.3399,0.0,-1.194,6383
6384,AUG,36,3855.3602,9,-2.4449,-11.981,-8.6,2.1301,0.0,-1.194,6384
6385,AUG,36,1203.7996,6,0.4649,-6.481,-7.8,0.3399,0.0,-1.194,6385
6386,AUG,33,1899.2442,5,-0.675,-7.581,-8.1,0.0,0.0,-1.194,6386
6387,AUG,36,4506.7026,6,-2.8351,-10.881,-8.9,0.3399,0.0,-1.194,6387
6388,AUG,36,2376.2547,6,-1.2351,-9.881,-9.5,0.3399,0.0,-1.194,6388
6389,AUG,36,548.4909,8,2.4299,-8.981,-11.2,1.4049,0.0,-1.194,6389
6390,AUG,33,595.3434,5,2.225,-2.681,-5.3,0.0,-0.8,-1.194,6390
6391,AUG,36,634.7289,6,2.0649,-8.881,-11.8,0.3399,0.0,-1.194,6391
6392,AUG,39,39650.6199,4,-8.2711,-13.281,-6.2,0.0039,0.0,-1.194,6392
6393,AUG,36,233.489,6,4.5649,-9.081,-14.5,0.3399,0.0,-1.194,6393
6394,AUG,36,1615.2396,8,-0.2701,-8.981,-8.5,1.4049,0.0,-1.194,6394
6395,AUG,36,1304.0671,6,0.2649,-10.881,-12.0,0.3399,0.0,-1.194,6395
6396,AUG,36,408.7772,6,3.1649,-7.981,-12.0,0.3399,0.0,-1.194,6396
6397,AUG,39,2944.5126,4,-1.7711,-6.381,-5.8,0.0039,0.0,-1.194,6397
6398,AUG,34,467.3885,8,2.8299,-10.681,-13.3,1.4049,0.0,-1.194,6398
6399,AUG,32,6997.7831,6,-3.9351,-11.281,-8.2,0.3399,0.0,-1.194,6399
6400,AUG,36,150.3713,6,5.6649,-6.481,-13.0,0.3399,0.0,-1.194,6400
6401,AUG,33,727.1632,5,1.725,-4.981,-7.9,0.0,0.0,-1.194,6401
6402,AUG,36,9637.0351,6,-4.7351,-13.281,-9.4,0.3399,0.0,-1.194,6402
6403,AUG,39,2225.3756,4,-1.0711,-6.381,-6.5,0.0039,0.0,-1.194,6403
6404,AUG,33,172.2696,5,5.325,-4.381,-10.9,0.0,0.0,-1.194,6404
6405,AUG,36,562.9498,6,2.3649,-6.381,-9.6,0.3399,0.0,-1.194,6405
6406,AUG,39,5812.3561,4,-3.4711,-8.581,-6.3,0.0039,0.0,-1.194,6406
6407,AUG,33,1753.2145,5,-0.475,-8.881,-9.6,0.0,0.0,-1.194,6407
6408,AUG,33,571.9982,5,2.325,-7.281,-10.0,0.0,-0.8,-1.194,6408
6409,AUG,33,277.5012,7,4.1332,-3.781,-8.3,0.8082,0.0,-1.194,6409
6410,AUG,36,2788.5887,6,-1.6351,-12.281,-11.5,0.3399,0.0,-1.194,6410
6411,AUG,36,687.597,6,1.8649,-6.581,-9.3,0.3399,0.0,-1.194,6411
6412,AUG,33,267.4916,5,4.225,-2.081,-7.5,0.0,0.0,-1.194,6412
6413,AUG,36,13813.3581,6,-5.6351,-11.281,-6.5,0.3399,0.0,-1.194,6413
6414,AUG,26,11004.4638,7,-5.0668,-11.581,-6.9,0.8082,0.0,-1.194,6414
6415,AUG,36,715.6602,6,1.7649,-9.581,-12.2,0.3399,0.0,-1.194,6415
6416,AUG,33,1970.3141,7,-0.7668,-10.681,-10.3,0.8082,0.0,-1.194,6416
6417,AUG,36,2024.8903,6,-0.8351,-10.681,-10.7,0.3399,0.0,-1.194,6417
6418,AUG,36,1725.4804,6,-0.4351,-11.081,-11.5,0.3399,0.0,-1.194,6418
6419,AUG,33,487.4199,5,2.725,-5.781,-9.7,0.0,0.0,-1.194,6419
6420,AUG,33,1684.4658,5,-0.375,-5.681,-5.7,0.0,-0.8,-1.194,6420
6421,AUG,36,1025.8,6,0.8649,-9.381,-11.1,0.3399,0.0,-1.194,6421
6422,AUG,36,3020.8572,6,-1.8351,-9.381,-8.4,0.3399,0.0,-1.194,6422
6423,AUG,36,377.347,6,3.3649,-12.281,-16.5,0.3399,0.0,-1.194,6423
6424,AUG,33,2512.9908,5,-1.375,-10.781,-9.6,0.0,-1.0,-1.194,6424
6425,AUG,23,25170.5279,6,-7.1351,-15.981,-9.7,0.3399,0.0,-1.194,6425
6426,AUG,36,6723.3792,6,-3.8351,-11.281,-8.3,0.3399,0.0,-1.194,6426
6427,AUG,36,263.2601,6,4.2649,-5.781,-10.9,0.3399,0.0,-1.194,6427
6428,AUG,33,370.7852,10,3.4087,-8.281,-9.9,2.9837,0.0,-1.194,6428
6429,AUG,33,485.8308,7,2.7332,-5.381,-8.5,0.8082,0.0,-1.194,6429
6430,AUG,36,2193.5485,6,-1.0351,-9.781,-9.6,0.3399,0.0,-1.194,6430
6431,AUG,36,2202.1392,9,-1.0449,-11.081,-9.1,2.1301,0.0,-1.194,6431
6432,AUG,36,1025.8,6,0.8649,-10.081,-11.8,0.3399,0.0,-1.194,6432
6433,AUG,33,77.4018,5,7.325,-8.581,-12.3,0.0,-4.8,-1.194,6433
6434,AUG,36,3545.0444,6,-2.2351,-14.681,-12.8,0.3399,-0.5,-1.194,6434
6435,AUG,39,4952.9133,4,-3.0711,-8.581,-6.7,0.0039,0.0,-1.194,6435
6436,AUG,33,278.4088,5,4.125,-2.781,-8.1,0.0,0.0,-1.194,6436
6437,AUG,36,687.597,6,1.8649,-7.081,-9.8,0.3399,0.0,-1.194,6437
6438,AUG,36,138.8095,6,5.8649,-8.381,-14.6,0.3399,-0.5,-1.194,6438
6439,AUG,39,5584.4363,4,-3.3711,-8.581,-6.4,0.0039,0.0,-1.194,6439
6440,AUG,36,1412.6861,6,0.0649,-9.881,-10.8,0.3399,0.0,-1.194,6440
6441,AUG,26,9377.2912,7,-4.6668,-11.581,-7.3,0.8082,0.0,-1.194,6441
6442,AUG,29,17784.5683,7,-6.2668,-11.581,-5.7,0.8082,0.0,-1.194,6442
6443,AUG,39,64080.2835,4,-9.4711,-12.981,-4.7,0.0039,0.0,-1.194,6443
6444,AUG,36,1470.3426,6,-0.0351,-9.081,-9.4,0.3399,-0.5,-1.194,6444
6445,AUG,39,2944.5126,4,-1.7711,-6.381,-5.8,0.0039,0.0,-1.194,6445
6446,AUG,36,775.2693,6,1.5649,-9.381,-11.8,0.3399,0.0,-1.194,6446
6447,AUG,36,744.8687,6,1.6649,-10.181,-12.7,0.3399,0.0,-1.194,6447
6448,AUG,36,562.9498,6,2.3649,-11.181,-13.9,0.3399,-0.5,-1.194,6448
6449,AUG,36,9259.1382,6,-4.6351,-11.281,-7.5,0.3399,0.0,-1.194,6449
6450,AUG,36,144.4748,6,5.7649,-8.681,-14.8,0.3399,-0.5,-1.194,6450
6451,AUG,36,7890.0379,6,-4.2351,-12.981,-9.6,0.3399,0.0,-1.194,6451
6452,AUG,39,31189.8122,4,-7.6711,-13.281,-6.8,0.0039,0.0,-1.194,6452
6453,AUG,36,334.6743,6,3.6649,-8.481,-12.5,0.3399,-0.5,-1.194,6453
6454,AUG,36,1252.9307,6,0.3649,-11.081,-11.8,0.3399,-0.5,-1.194,6454
6455,AUG,39,39650.6199,4,-8.2711,-12.381,-5.3,0.0039,0.0,-1.194,6455
6456,AUG,36,1025.8,6,0.8649,-9.881,-11.6,0.3399,0.0,-1.194,6456
6457,AUG,36,2193.5485,6,-1.0351,-12.481,-12.3,0.3399,0.0,-1.194,6457
6458,AUG,36,11770.849,6,-5.2351,-15.081,-10.2,0.3399,-0.5,-1.194,6458
6459,AUG,35,7087.0796,7,-3.9668,-11.581,-8.0,0.8082,0.0,-1.194,6459
6460,AUG,36,1657.8191,6,-0.3351,-11.181,-11.2,0.3399,-0.5,-1.194,6460
6461,AUG,33,418.0623,10,3.1087,-10.281,-10.9,2.9837,-0.7,-1.194,6461
6462,AUG,36,3144.1487,6,-1.9351,-14.281,-12.7,0.3399,-0.5,-1.194,6462
6463,AUG,36,233.489,6,4.5649,-9.581,-15.0,0.3399,0.0,-1.194,6463
6464,AUG,36,9637.0351,6,-4.7351,-13.881,-10.0,0.3399,0.0,-1.194,6464
6465,AUG,36,449.0608,8,2.9299,-9.481,-11.7,1.4049,-0.5,-1.194,6465
6466,AUG,39,4160.19,6,-2.6351,-14.981,-13.2,0.3399,0.0,-1.194,6466
6467,AUG,36,1657.8191,6,-0.3351,-8.281,-8.3,0.3399,-0.5,-1.194,6467
6468,AUG,36,460.8985,6,2.8649,-8.481,-11.7,0.3399,-0.5,-1.194,6468
6469,AUG,39,2138.112,4,-0.9711,-6.381,-6.6,0.0039,0.0,-1.194,6469
6470,AUG,36,3406.0327,6,-2.1351,-12.781,-11.5,0.3399,0.0,-1.194,6470
6471,AUG,33,219.0009,5,4.725,-13.081,-15.5,0.0,-3.5,-1.194,6471
6472,AUG,33,487.4199,5,2.725,-8.281,-10.1,0.0,-2.1,-1.194,6472
6473,AUG,33,194.2349,5,5.025,-6.481,-12.7,0.0,0.0,-1.194,6473
6474,AUG,33,4579.1403,5,-2.875,-11.281,-8.8,0.0,-0.8,-1.194,6474
6475,AUG,36,2376.2547,6,-1.2351,-10.381,-10.0,0.3399,0.0,-1.194,6475
6476,AUG,36,660.6343,6,1.9649,-6.881,-9.7,0.3399,0.0,-1.194,6476
6477,AUG,36,2574.1789,6,-1.4351,-10.781,-9.7,0.3399,-0.5,-1.194,6477
6478,AUG,36,1111.2415,6,0.6649,-7.081,-8.6,0.3399,0.0,-1.194,6478
6479,AUG,33,507.3131,5,2.625,-8.781,-10.5,0.0,-2.1,-1.194,6479
6480,AUG,36,65.9568,5,7.725,-7.181,-11.2,0.0,-4.9,-1.194,6480
6481,AUG,39,39650.6199,4,-8.2711,-13.281,-6.2,0.0039,0.0,-1.194,6481
6482,AUG,36,13271.6952,6,-5.5351,-11.281,-6.6,0.3399,0.0,-1.194,6482
6483,AUG,33,3902.0467,5,-2.475,-11.481,-10.2,0.0,0.0,-1.194,6483
6484,AUG,33,227.939,5,4.625,-5.081,-10.9,0.0,0.0,-1.194,6484
6485,AUG,36,93.0445,6,6.8649,-7.281,-15.0,0.3399,0.0,-1.194,6485
6486,AUG,33,570.1334,7,2.3332,-5.381,-7.4,0.8082,-0.7,-1.194,6486
6487,AUG,39,24534.4055,4,-7.0711,-12.081,-6.2,0.0039,0.0,-1.194,6487
6488,AUG,36,377.347,6,3.3649,-12.781,-17.0,0.3399,0.0,-1.194,6488
6489,AUG,33,301.5982,5,3.925,-3.081,-8.2,0.0,0.0,-1.194,6489
6490,AUG,34,467.3885,8,2.8299,-11.381,-13.3,1.4049,-0.7,-1.194,6490
6491,AUG,33,1129.1028,5,0.625,-6.781,-7.4,0.0,-1.2,-1.194,6491
6492,AUG,33,193.6016,7,5.0332,-3.681,-8.4,0.8082,-0.7,-1.194,6492
6493,AUG,36,392.7479,6,3.2649,-8.881,-13.0,0.3399,0.0,-1.194,6493
6494,AUG,36,6723.3792,6,-3.8351,-13.781,-10.8,0.3399,0.0,-1.194,6494
6495,AUG,33,415.3476,5,3.125,-3.581,-6.9,0.0,-1.0,-1.194,6495
6496,AUG,36,5081.3313,6,-3.1351,-13.181,-10.9,0.3399,0.0,-1.194,6496
6497,AUG,32,2107.5329,6,-0.9351,-11.281,-11.2,0.3399,0.0,-1.194,6497
6498,AUG,36,2574.1789,6,-1.4351,-11.281,-10.2,0.3399,-0.5,-1.194,6498
6499,AUG,33,120.1857,5,6.225,-3.881,-10.1,0.0,-1.2,-1.194,6499
6500,AUG,23,80298.1539,6,-10.0351,-15.881,-6.7,0.3399,0.0,-1.194,6500
6501,AUG,36,660.6343,6,1.9649,-6.881,-9.7,0.3399,0.0,-1.194,6501
6502,AUG,36,150.3713,6,5.6649,-6.981,-13.5,0.3399,0.0,-1.194,6502
6503,AUG,36,479.7093,6,2.7649,-7.281,-10.9,0.3399,0.0,-1.194,6503
6504,AUG,33,1493.9759,5,-0.075,-9.781,-8.3,0.0,-2.6,-1.194,6504
6505,AUG,33,125.0909,5,6.125,-8.681,-13.5,0.0,-2.5,-1.194,6505
6506,AUG,36,3156.4623,9,-1.9449,-12.481,-9.1,2.1301,-0.5,-1.194,6506
6507,AUG,36,1156.595,6,0.5649,-10.181,-11.6,0.3399,0.0,-1.194,6507
6508,AUG,33,468.3067,5,2.825,-6.481,-10.5,0.0,0.0,-1.194,6508
6509,AUG,36,274.0047,6,4.1649,-10.981,-15.5,0.3399,-0.5,-1.194,6509
6510,AUG,27,585.9257,6,2.2649,-7.381,-10.5,0.3399,0.0,-1.194,6510
6511,AUG,36,1412.6861,6,0.0649,-11.581,-12.0,0.3399,-0.5,-1.194,6511
6512,AUG,39,16445.4907,4,-6.0711,-13.281,-8.4,0.0039,0.0,-1.194,6512
6513,AUG,36,985.5754,6,0.9649,-6.981,-8.8,0.3399,0.0,-1.194,6513
6514,AUG,29,7687.3897,8,-4.1701,-9.581,-5.2,1.4049,0.0,-1.194,6514
6515,AUG,33,246.9246,5,4.425,-8.181,-13.8,0.0,0.0,-1.194,6515
6516,AUG,20,526.2968,7,2.5332,-1.281,-4.2,0.8082,0.0,-1.194,6516
6517,AUG,36,1322.4297,8,0.2299,-9.481,-9.0,1.4049,-0.5,-1.194,6517
6518,AUG,33,370.7852,10,3.4087,-8.981,-9.9,2.9837,-0.7,-1.194,6518
6519,AUG,36,839.8435,6,1.3649,-9.081,-11.3,0.3399,0.0,-1.194,6519
6520,AUG,36,4506.7026,6,-2.8351,-11.381,-8.9,0.3399,-0.5,-1.194,6520
6521,AUG,33,466.7799,7,2.8332,-6.081,-9.3,0.8082,0.0,-1.194,6521
6522,AUG,36,1304.0671,6,0.2649,-11.381,-12.0,0.3399,-0.5,-1.194,6522
6523,AUG,33,571.9982,5,2.325,-5.681,-9.2,0.0,0.0,-1.194,6523
6524,AUG,33,325.6539,7,3.7332,-8.681,-10.3,0.8082,-2.5,-1.194,6524
6525,AUG,33,1970.3141,7,-0.7668,-11.381,-10.3,0.8082,-0.7,-1.194,6525
6526,AUG,33,649.1462,10,2.0087,-8.981,-8.5,2.9837,-0.7,-1.194,6526
6527,AUG,36,2902.4004,6,-1.7351,-12.181,-10.8,0.3399,-0.5,-1.194,6527
6528,AUG,36,3020.8572,6,-1.8351,-12.281,-11.3,0.3399,0.0,-1.194,6528
6529,AUG,33,219.0009,5,4.725,-5.481,-9.0,0.0,-2.4,-1.194,6529
6530,AUG,36,170.2084,9,5.3551,-11.581,-15.5,2.1301,-0.5,-1.194,6530
6531,AUG,36,263.2601,6,4.2649,-6.281,-11.4,0.3399,0.0,-1.194,6531
6532,AUG,36,1802.9365,9,-0.5449,-11.581,-9.6,2.1301,-0.5,-1.194,6532
6533,AUG,33,1084.8273,5,0.725,-9.881,-9.2,0.0,-2.6,-1.194,6533
6534,AUG,36,2376.2547,6,-1.2351,-10.281,-9.9,0.3399,0.0,-1.194,6534
6535,AUG,36,274.0047,6,4.1649,-6.281,-11.3,0.3399,0.0,-1.194,6535
6536,AUG,39,44706.286,4,-8.5711,-12.381,-5.0,0.0039,0.0,-1.194,6536
6537,AUG,33,452.8837,10,2.9087,-10.281,-10.7,2.9837,-0.7,-1.194,6537
6538,AUG,36,207.0846,6,4.8649,-7.981,-13.2,0.3399,-0.5,-1.194,6538
6539,AUG,39,726.044,4,1.7289,-4.281,-7.2,0.0039,0.0,-1.194,6539
6540,AUG,33,2057.437,5,-0.875,-7.881,-7.4,0.0,-0.8,-1.194,6540
6541,AUG,39,8004.5178,4,-4.2711,-8.781,-5.7,0.0039,0.0,-1.194,6541
6542,AUG,33,2512.9908,5,-1.375,-8.281,-8.1,0.0,0.0,-1.194,6542
6543,AUG,33,179.3005,5,5.225,-11.681,-15.3,0.0,-2.8,-1.194,6543
6544,AUG,39,2944.5126,4,-1.7711,-6.381,-5.8,0.0039,0.0,-1.194,6544
6545,AUG,36,1025.8,6,0.8649,-6.581,-8.3,0.3399,0.0,-1.194,6545
6546,AUG,36,224.3332,6,4.6649,-6.081,-11.3,0.3399,-0.3,-1.194,6546
6547,AUG,36,1470.3426,6,-0.0351,-8.581,-9.4,0.3399,0.0,-1.194,6547
6548,AUG,33,278.4088,5,4.125,-2.581,-7.2,0.0,-0.7,-1.194,6548
6549,AUG,33,12.2913,5,11.925,-14.181,-18.6,0.0,-8.7,-1.194,6549
6550,AUG,36,3545.0444,6,-2.2351,-16.581,-11.9,0.3399,-3.3,-1.194,6550
6551,AUG,39,726.044,4,1.7289,-4.281,-7.2,0.0039,0.0,-1.194,6551
6552,AUG,33,313.9075,5,3.825,-7.181,-10.0,0.0,-2.2,-1.194,6552
6553,AUG,36,2193.5485,6,-1.0351,-14.781,-11.6,0.3399,-3.0,-1.194,6553
6554,AUG,33,449.943,5,2.925,-8.181,-9.9,0.0,-2.4,-1.194,6554
6555,AUG,36,1530.3523,6,-0.1351,-10.581,-11.3,0.3399,0.0,-1.194,6555
6556,AUG,36,3406.0327,6,-2.1351,-12.681,-8.1,0.3399,-3.3,-1.194,6556
6557,AUG,36,233.489,6,4.5649,-9.081,-14.5,0.3399,0.0,-1.194,6557
6558,AUG,36,1592.8111,6,-0.2351,-11.581,-10.4,0.3399,-1.8,-1.194,6558
6559,AUG,36,499.2879,6,2.6649,-6.481,-10.0,0.3399,0.0,-1.194,6559
6560,AUG,39,2944.5126,4,-1.7711,-6.381,-5.8,0.0039,0.0,-1.194,6560
6561,AUG,39,44706.286,4,-8.5711,-12.381,-5.0,0.0039,0.0,-1.194,6561
6562,AUG,33,487.4199,5,2.725,-12.381,-13.1,0.0,-3.2,-1.194,6562
6563,AUG,29,1972.8829,8,-0.7701,-9.581,-8.6,1.4049,0.0,-1.194,6563
6564,AUG,33,25.2529,5,10.125,-9.581,-13.7,0.0,-7.2,-1.194,6564
6565,AUG,33,186.6183,5,5.125,-7.481,-13.8,0.0,0.0,-1.194,6565
6566,AUG,36,4329.9814,6,-2.7351,-15.381,-12.3,0.3399,-1.2,-1.194,6566
6567,AUG,33,415.3476,5,3.125,-7.981,-9.8,0.0,-2.5,-1.194,6567
6568,AUG,36,687.597,6,1.8649,-6.581,-9.3,0.3399,0.0,-1.194,6568
6569,AUG,36,408.7772,6,3.1649,-8.281,-12.0,0.3399,-0.3,-1.194,6569
6570,AUG,39,35166.6801,4,-7.9711,-12.981,-6.2,0.0039,0.0,-1.194,6570
6571,AUG,39,18542.3787,4,-6.3711,-12.081,-6.9,0.0039,0.0,-1.194,6571
6572,AUG,33,418.0623,10,3.1087,-9.581,-10.9,2.9837,0.0,-1.194,6572
6573,AUG,39,12936.2862,4,-5.4711,-13.281,-9.0,0.0039,0.0,-1.194,6573
6574,AUG,33,468.3067,5,2.825,-7.181,-10.5,0.0,-0.7,-1.194,6574
6575,AUG,36,10030.3551,6,-4.8351,-15.581,-9.4,0.3399,-2.2,-1.194,6575
6576,AUG,39,5155.0585,4,-3.1711,-8.581,-6.6,0.0039,0.0,-1.194,6576
6577,AUG,33,959.0115,7,1.0332,-10.681,-12.1,0.8082,0.0,-1.194,6577
6578,AUG,33,1435.3926,5,0.025,-10.681,-11.0,0.0,-0.9,-1.194,6578
6579,AUG,33,338.945,7,3.6332,-8.381,-9.5,0.8082,-2.9,-1.194,6579
6580,AUG,36,334.6743,6,3.6649,-10.481,-15.0,0.3399,0.0,-1.194,6580
6581,AUG,36,55.315,6,8.1649,-9.781,-15.5,0.3399,-3.3,-1.194,6581
6582,AUG,36,3855.3602,9,-2.4449,-11.981,-8.6,2.1301,0.0,-1.194,6582
6583,AUG,39,26577.9377,4,-7.2711,-12.381,-6.3,0.0039,0.0,-1.194,6583
6584,AUG,36,176.4641,6,5.2649,-8.381,-14.5,0.3399,0.0,-1.194,6584
6585,AUG,33,353.9323,5,3.525,-5.581,-9.6,0.0,-0.7,-1.194,6585
6586,AUG,29,9760.0103,7,-4.7668,-11.581,-7.2,0.8082,0.0,-1.194,6586
6587,AUG,33,756.8412,5,1.625,-9.481,-9.4,0.0,-2.9,-1.194,6587
6588,AUG,36,1357.2905,6,0.1649,-8.681,-8.5,0.3399,-1.2,-1.194,6588
6589,AUG,36,93.0445,6,6.8649,-6.781,-14.5,0.3399,0.0,-1.194,6589
6590,AUG,36,2574.1789,6,-1.4351,-11.481,-9.7,0.3399,-1.2,-1.194,6590
6591,AUG,36,7283.3863,6,-4.0351,-12.481,-9.3,0.3399,0.0,-1.194,6591
6592,AUG,36,562.9498,6,2.3649,-8.181,-9.6,0.3399,-1.8,-1.194,6592
6593,AUG,36,2193.5485,6,-1.0351,-11.981,-11.8,0.3399,0.0,-1.194,6593
6594,AUG,36,562.9498,6,2.3649,-7.981,-11.2,0.3399,0.0,-1.194,6594
6595,AUG,36,634.7289,6,2.0649,-9.181,-11.8,0.3399,-0.3,-1.194,6595
6596,AUG,36,263.2601,6,4.2649,-6.981,-10.9,0.3399,-1.2,-1.194,6596
6597,AUG,33,19.0854,5,10.825,-10.181,-14.4,0.0,-7.8,-1.194,6597
6598,AUG,36,479.7093,6,2.7649,-6.781,-10.4,0.3399,0.0,-1.194,6598
6599,AUG,36,1869.1999,6,-0.6351,-11.281,-11.5,0.3399,0.0,-1.194,6599
6600,AUG,36,1025.8,6,0.8649,-9.381,-11.1,0.3399,0.0,-1.194,6600
6601,AUG,36,1357.2905,6,0.1649,-9.581,-10.6,0.3399,0.0,-1.194,6601
6602,AUG,36,176.4641,6,5.2649,-8.181,-14.3,0.3399,0.0,-1.194,6602
6603,AUG,32,2574.1789,6,-1.4351,-11.281,-10.7,0.3399,0.0,-1.194,6603
6604,AUG,35,6542.1662,7,-3.7668,-11.581,-8.2,0.8082,0.0,-1.194,6604
6605,AUG,33,1273.0695,5,0.325,-7.581,-9.1,0.0,0.0,-1.194,6605
6606,AUG,33,146.3184,7,5.7332,-5.481,-11.5,0.8082,-0.1,-1.194,6606
6607,AUG,36,377.347,6,3.3649,-12.281,-16.5,0.3399,0.0,-1.194,6607
6608,AUG,33,418.0623,10,3.1087,-9.581,-10.9,2.9837,0.0,-1.194,6608
6609,AUG,33,80.5609,5,7.225,-3.481,-10.5,0.0,-1.4,-1.194,6609
6610,AUG,23,29538.1849,6,-7.5351,-15.781,-9.1,0.3399,0.0,-1.194,6610
6611,AUG,33,194.2349,5,5.025,-2.681,-8.2,0.0,-0.7,-1.194,6611
6612,AUG,36,660.6343,6,1.9649,-10.681,-12.5,0.3399,-1.0,-1.194,6612
6613,AUG,36,1795.9031,6,-0.5351,-11.081,-11.1,0.3399,-0.3,-1.194,6613
6614,AUG,33,756.8412,5,1.625,-8.481,-8.8,0.0,-2.5,-1.194,6614
6615,AUG,39,7690.6368,4,-4.1711,-8.781,-5.8,0.0039,0.0,-1.194,6615
6616,AUG,39,3896.0409,4,-2.4711,-8.581,-7.3,0.0039,0.0,-1.194,6616
6617,AUG,39,29966.7669,4,-7.5711,-13.281,-6.9,0.0039,0.0,-1.194,6617
6618,AUG,39,46530.901,4,-8.6711,-13.281,-5.8,0.0039,0.0,-1.194,6618
6619,AUG,36,252.9369,6,4.3649,-7.481,-12.7,0.3399,0.0,-1.194,6619
6620,AUG,36,4506.7026,6,-2.8351,-11.181,-8.9,0.3399,-0.3,-1.194,6620
6622,AUG,36,5963.0575,6,-3.5351,-11.281,-8.6,0.3399,0.0,-1.194,6622
6623,AUG,27,362.5501,6,3.4649,-7.381,-11.7,0.3399,0.0,-1.194,6623
6624,AUG,36,687.597,6,1.8649,-8.881,-11.3,0.3399,-0.3,-1.194,6624
6625,AUG,39,34663.7294,6,-7.9351,-14.981,-7.9,0.3399,0.0,-1.194,6625
6626,AUG,36,1725.4804,6,-0.4351,-11.081,-11.5,0.3399,0.0,-1.194,6626
6627,AUG,33,22.3971,5,10.425,-9.381,-13.8,0.0,-7.2,-1.194,6627
6628,AUG,36,1357.2905,6,0.1649,-8.981,-8.8,0.3399,-1.2,-1.194,6628
6629,AUG,36,2376.2547,6,-1.2351,-10.881,-9.5,0.3399,-1.0,-1.194,6629
6630,AUG,33,698.649,5,1.825,-7.281,-9.4,0.0,-0.9,-1.194,6630
6631,AUG,34,138.8095,6,5.8649,-9.781,-13.3,0.3399,-3.2,-1.194,6631
6632,AUG,33,179.3005,5,5.225,-4.481,-8.5,0.0,-2.4,-1.194,6632
6633,AUG,33,924.4196,5,1.125,-9.381,-8.8,0.0,-2.9,-1.194,6633
6634,AUG,33,68.6487,5,7.625,-4.281,-10.9,0.0,-2.2,-1.194,6634
6635,AUG,36,1599.0492,9,-0.2449,-11.081,-9.9,2.1301,0.0,-1.194,6635
6636,AUG,33,98.3985,5,6.725,-6.581,-12.3,0.0,-2.2,-1.194,6636
6637,AUG,36,442.8253,6,2.9649,-6.481,-10.3,0.3399,0.0,-1.194,6637
6638,AUG,36,1156.595,6,0.5649,-9.681,-11.1,0.3399,0.0,-1.194,6638
6639,AUG,36,9259.1382,6,-4.6351,-14.881,-10.8,0.3399,-0.3,-1.194,6639
6640,AUG,36,1304.0671,6,0.2649,-10.881,-12.0,0.3399,0.0,-1.194,6640
6641,AUG,26,20870.5939,7,-6.6668,-11.581,-5.3,0.8082,0.0,-1.194,6641
6642,AUG,20,60.157,9,7.9551,0.619,-6.4,2.1301,0.0,-1.194,6642
6643,AUG,36,3840.3201,6,-2.4351,-13.781,-12.2,0.3399,0.0,-1.194,6643
6644,AUG,36,207.8957,9,4.8551,-11.081,-15.0,2.1301,0.0,-1.194,6644
6645,AUG,33,449.943,5,2.925,-8.181,-9.9,0.0,-2.4,-1.194,6645
6646,AUG,36,442.8253,6,2.9649,-8.581,-11.2,0.3399,-1.2,-1.194,6646
6647,AUG,36,519.6655,6,2.5649,-8.181,-9.8,0.3399,-1.8,-1.194,6647
6648,AUG,36,562.9498,6,2.3649,-10.981,-13.9,0.3399,-0.3,-1.194,6648
6649,AUG,36,169.5444,6,5.3649,-7.881,-14.1,0.3399,0.0,-1.194,6649
6650,AUG,36,2024.8903,6,-0.8351,-10.981,-10.7,0.3399,-0.3,-1.194,6650
6651,AUG,36,2902.4004,6,-1.7351,-11.981,-10.8,0.3399,-0.3,-1.194,6651
6652,AUG,36,4506.7026,6,-2.8351,-15.281,-10.7,0.3399,-2.6,-1.194,6652
6653,AUG,36,2788.5887,6,-1.6351,-13.881,-11.5,0.3399,-1.6,-1.194,6653
6654,AUG,39,34663.7294,6,-7.9351,-14.981,-7.9,0.3399,0.0,-1.194,6654
6655,AUG,39,39650.6199,4,-8.2711,-12.381,-5.3,0.0039,0.0,-1.194,6655
6656,AUG,33,418.0623,10,3.1087,-9.581,-10.9,2.9837,0.0,-1.194,6656
6657,AUG,33,159.0241,5,5.525,-10.381,-12.5,0.0,-4.6,-1.194,6657
6658,AUG,33,186.6183,5,5.125,-7.481,-13.8,0.0,0.0,-1.194,6658
6659,AUG,36,479.7093,6,2.7649,-6.781,-10.4,0.3399,0.0,-1.194,6659
6660,AUG,20,90.5367,7,6.9332,-0.181,-7.5,0.8082,0.0,-1.194,6660
6661,AUG,39,726.044,4,1.7289,-4.281,-7.2,0.0039,0.0,-1.194,6661
6662,AUG,33,727.1632,5,1.725,-11.981,-12.1,0.0,-2.8,-1.194,6662
6663,AUG,36,687.597,6,1.8649,-8.581,-11.3,0.3399,0.0,-1.194,6663
6664,AUG,36,1111.2415,6,0.6649,-9.581,-11.1,0.3399,0.0,-1.194,6664
6665,AUG,36,408.7772,6,3.1649,-7.981,-12.0,0.3399,0.0,-1.194,6665
6666,AUG,33,382.1623,7,3.3332,-5.481,-9.2,0.8082,0.0,-1.194,6666
6667,AUG,33,106.2468,7,6.5332,-5.481,-12.3,0.8082,-0.1,-1.194,6667
6668,AUG,36,1470.3426,6,-0.0351,-8.581,-9.4,0.3399,0.0,-1.194,6668
6669,AUG,36,408.7772,6,3.1649,-6.481,-10.5,0.3399,0.0,-1.194,6669
6670,AUG,23,31998.4945,6,-7.7351,-15.781,-8.9,0.3399,0.0,-1.194,6670
6671,AUG,36,4329.9814,6,-2.7351,-14.181,-12.3,0.3399,0.0,-1.194,6671
6672,AUG,29,8316.8486,7,-4.3668,-11.581,-7.6,0.8082,0.0,-1.194,6672
6673,AUG,26,8316.8486,7,-4.3668,-11.581,-7.6,0.8082,0.0,-1.194,6673
6674,AUG,39,5812.3561,4,-3.4711,-8.581,-6.3,0.0039,0.0,-1.194,6674
6675,AUG,36,3840.3201,6,-2.4351,-13.781,-12.2,0.3399,0.0,-1.194,6675
6676,AUG,36,1412.6861,6,0.0649,-11.381,-10.7,0.3399,-1.6,-1.194,6676
6677,AUG,39,39650.6199,4,-8.2711,-13.281,-6.2,0.0039,0.0,-1.194,6677
6678,AUG,36,548.4909,8,2.4299,-8.981,-11.2,1.4049,0.0,-1.194,6678
6679,AUG,33,68.6487,5,7.625,-4.881,-10.9,0.0,-2.8,-1.194,6679
6680,AUG,33,449.943,5,2.925,-6.381,-10.5,0.0,0.0,-1.194,6680
6681,AUG,36,2788.5887,6,-1.6351,-12.281,-11.5,0.3399,0.0,-1.194,6681
6682,AUG,33,269.2399,10,4.2087,-9.581,-12.0,2.9837,0.0,-1.194,6682
6683,AUG,36,93.0445,6,6.8649,-6.781,-14.5,0.3399,0.0,-1.194,6683
6684,AUG,36,1615.2396,8,-0.2701,-8.981,-8.5,1.4049,0.0,-1.194,6684
6685,AUG,36,150.3713,6,5.6649,-6.481,-13.0,0.3399,0.0,-1.194,6685
6686,AUG,33,71.4505,5,7.525,-5.181,-11.1,0.0,-2.8,-1.194,6686
6687,AUG,32,20607.6264,6,-6.6351,-13.581,-7.8,0.3399,0.0,-1.194,6687
6688,AUG,33,63.3705,5,7.825,-7.181,-13.4,0.0,-2.8,-1.194,6688
6689,AUG,36,2193.5485,6,-1.0351,-11.981,-11.8,0.3399,0.0,-1.194,6689
6690,AUG,36,1156.595,6,0.5649,-9.681,-11.1,0.3399,0.0,-1.194,6690
6691,AUG,36,334.6743,6,3.6649,-10.481,-15.0,0.3399,0.0,-1.194,6691
6692,AUG,39,8004.5178,4,-4.2711,-8.781,-5.7,0.0039,0.0,-1.194,6692
6693,AUG,33,278.4088,5,4.125,-1.981,-7.3,0.0,0.0,-1.194,6693
6694,AUG,33,1325.0277,5,0.225,-8.881,-10.3,0.0,0.0,-1.194,6694
6695,AUG,36,252.9369,6,4.3649,-7.481,-12.7,0.3399,0.0,-1.194,6695
6696,AUG,33,98.3985,5,6.725,-4.881,-12.8,0.0,0.0,-1.194,6696
6697,AUG,36,150.3713,6,5.6649,-8.381,-14.9,0.3399,0.0,-1.194,6697
6698,AUG,36,176.4641,6,5.2649,-8.181,-14.3,0.3399,0.0,-1.194,6698
6699,AUG,36,839.8435,6,1.3649,-6.381,-8.6,0.3399,0.0,-1.194,6699
6700,AUG,36,224.3332,6,4.6649,-6.381,-11.3,0.3399,-0.6,-1.194,6700
6701,AUG,36,11770.849,6,-5.2351,-14.581,-10.2,0.3399,0.0,-1.194,6701
6702,AUG,36,5081.3313,6,-3.1351,-12.681,-10.4,0.3399,0.0,-1.194,6702
6703,AUG,36,1725.4804,6,-0.4351,-7.781,-8.2,0.3399,0.0,-1.194,6703
6704,AUG,36,1530.3523,6,-0.1351,-10.581,-11.3,0.3399,0.0,-1.194,6704
6705,AUG,33,83.8488,5,7.125,-6.581,-10.4,0.0,-4.5,-1.194,6705
6706,AUG,39,46530.901,4,-8.6711,-13.281,-5.8,0.0039,0.0,-1.194,6706
6707,AUG,36,13813.3581,6,-5.6351,-11.281,-6.5,0.3399,0.0,-1.194,6707
6708,AUG,36,562.9498,6,2.3649,-7.981,-11.2,0.3399,0.0,-1.194,6708
6709,AUG,36,3144.1487,6,-1.9351,-10.781,-9.7,0.3399,0.0,-1.194,6709
6710,AUG,33,71.4505,5,7.525,-10.381,-14.5,0.0,-4.6,-1.194,6710
6711,AUG,39,44706.286,4,-8.5711,-12.381,-5.0,0.0039,0.0,-1.194,6711
6712,AUG,33,51.8827,5,8.325,-5.681,-11.9,0.0,-3.3,-1.194,6712
6713,AUG,33,51.8827,5,8.325,-7.281,-11.4,0.0,-5.4,-1.194,6713
6714,AUG,34,138.8095,6,5.8649,-9.881,-13.3,0.3399,-3.3,-1.194,6714
6715,AUG,33,619.6414,5,2.125,-5.981,-9.3,0.0,0.0,-1.194,6715
6716,AUG,39,4572.0923,4,-2.8711,-8.581,-6.9,0.0039,0.0,-1.194,6716
6717,AUG,39,61567.505,4,-9.3711,-12.981,-4.8,0.0039,0.0,-1.194,6717
6718,AUG,36,2376.2547,6,-1.2351,-9.881,-9.5,0.3399,0.0,-1.194,6718
6719,AUG,36,3419.372,9,-2.1449,-11.981,-8.9,2.1301,0.0,-1.194,6719
6720,AUG,36,233.489,6,4.5649,-9.081,-14.5,0.3399,0.0,-1.194,6720
6721,AUG,33,210.4132,5,4.825,-9.881,-12.6,0.0,-3.3,-1.194,6721
6722,AUG,33,2512.9908,5,-1.375,-9.781,-9.6,0.0,0.0,-1.194,6722
6723,AUG,33,179.3005,5,5.225,-1.881,-8.3,0.0,0.0,-1.194,6723
6724,AUG,39,2054.2703,4,-0.8711,-6.381,-6.7,0.0039,0.0,-1.194,6724
6725,AUG,36,715.6602,6,1.7649,-9.681,-12.3,0.3399,0.0,-1.194,6725
6726,AUG,33,65.9568,5,7.725,-5.481,-11.1,0.0,-3.3,-1.194,6726
6727,AUG,36,2202.1392,9,-1.0449,-11.081,-9.1,2.1301,0.0,-1.194,6727
6728,AUG,39,24534.4055,4,-7.0711,-12.081,-6.2,0.0039,0.0,-1.194,6728
6729,AUG,36,169.5444,6,5.3649,-7.881,-14.1,0.3399,0.0,-1.194,6729
6730,AUG,36,10030.3551,6,-4.8351,-13.381,-9.4,0.3399,0.0,-1.194,6730
6731,AUG,33,487.4199,5,2.725,-6.581,-10.5,0.0,0.0,-1.194,6731
6732,AUG,33,819.8804,5,1.425,-7.581,-10.2,0.0,0.0,-1.194,6732
6733,AUG,36,353.9323,5,3.525,-12.281,-10.5,0.0,-6.5,-1.194,6733
6734,AUG,36,207.8957,9,4.8551,-11.081,-15.0,2.1301,0.0,-1.194,6734
6735,AUG,36,1025.8,6,0.8649,-9.381,-11.1,0.3399,0.0,-1.194,6735
6736,AUG,36,382.8221,4,3.3289,-9.781,-9.4,0.0039,-4.9,-1.194,6736
6737,AUG,36,392.7479,6,3.2649,-11.381,-13.9,0.3399,-1.6,-1.194,6737
6738,AUG,36,9259.1382,6,-4.6351,-11.281,-7.5,0.3399,0.0,-1.194,6738
6739,AUG,36,687.597,6,1.8649,-6.581,-9.3,0.3399,0.0,-1.194,6739
6740,AUG,36,1111.2415,6,0.6649,-6.581,-8.1,0.3399,0.0,-1.194,6740
6742,AUG,36,377.347,6,3.3649,-6.481,-10.7,0.3399,0.0,-1.194,6742
6743,AUG,33,202.1623,5,4.925,-7.781,-11.1,0.0,-2.8,-1.194,6743
6744,AUG,33,152.7883,5,5.625,-5.481,-12.3,0.0,0.0,-1.194,6744
6745,AUG,36,2376.2547,6,-1.2351,-9.381,-9.0,0.3399,0.0,-1.194,6745
6746,AUG,27,263.2601,6,4.2649,-7.381,-12.5,0.3399,0.0,-1.194,6746
6747,AUG,36,2902.4004,6,-1.7351,-11.681,-10.8,0.3399,0.0,-1.194,6747
6748,AUG,36,634.7289,6,2.0649,-8.881,-11.8,0.3399,0.0,-1.194,6748
6749,AUG,39,2944.5126,4,-1.7711,-6.381,-5.8,0.0039,0.0,-1.194,6749
6750,AUG,36,9637.0351,6,-4.7351,-13.281,-9.4,0.3399,0.0,-1.194,6750
6751,AUG,33,595.3434,5,2.225,-6.481,-9.9,0.0,0.0,-1.194,6751
6752,AUG,36,2473.2377,6,-1.3351,-10.281,-9.8,0.3399,0.0,-1.194,6752
6753,AUG,36,1725.4804,6,-0.4351,-11.081,-11.5,0.3399,0.0,-1.194,6753
6754,AUG,39,22647.997,4,-6.8711,-13.281,-7.6,0.0039,0.0,-1.194,6754
6755,AUG,33,51.8827,5,8.325,-2.181,-11.6,0.0,-0.1,-1.194,6755
6756,AUG,35,3736.8132,7,-2.3668,-11.581,-9.6,0.8082,0.0,-1.194,6756
6757,AUG,36,562.9498,6,2.3649,-6.381,-9.6,0.3399,0.0,-1.194,6757
6758,AUG,29,7687.3897,8,-4.1701,-9.581,-5.2,1.4049,0.0,-1.194,6758
6759,AUG,36,1869.1999,6,-0.6351,-11.781,-12.0,0.3399,0.0,-1.194,6759
6760,AUG,36,377.347,6,3.3649,-12.281,-16.5,0.3399,0.0,-1.194,6760
6761,AUG,33,819.8804,5,1.425,-5.481,-8.1,0.0,0.0,-1.194,6761
6762,AUG,36,3144.1487,6,-1.9351,-11.581,-8.9,0.3399,-1.6,-1.194,6762
6763,AUG,36,263.2601,6,4.2649,-5.781,-10.9,0.3399,0.0,-1.194,6763
6764,AUG,36,1304.0671,6,0.2649,-10.881,-12.0,0.3399,0.0,-1.194,6764
6765,AUG,36,1025.8,6,0.8649,-9.681,-9.5,0.3399,-1.9,-1.194,6765
6766,AUG,33,165.5144,5,5.425,-5.681,-9.0,0.0,-3.3,-1.194,6766
6767,AUG,36,215.5365,6,4.7649,-7.681,-11.9,0.3399,-1.4,-1.194,6767
6768,AUG,36,123.1121,6,6.1649,-8.381,-14.9,0.3399,-0.5,-1.194,6768
6769,AUG,36,362.5501,6,3.4649,-6.981,-11.3,0.3399,0.0,-1.194,6769
6770,AUG,33,418.0623,10,3.1087,-9.581,-10.9,2.9837,0.0,-1.194,6770
6771,AUG,33,186.6183,5,5.125,-7.481,-13.8,0.0,0.0,-1.194,6771
6772,AUG,33,432.2994,5,3.025,-13.081,-13.1,0.0,-4.2,-1.194,6772
6773,AUG,36,1304.0671,6,0.2649,-12.781,-13.4,0.3399,-0.5,-1.194,6773
6774,AUG,36,144.4748,6,5.7649,-10.481,-15.0,0.3399,-2.1,-1.194,6774
6775,AUG,33,3460.7789,5,-2.175,-11.381,-8.8,0.0,-1.6,-1.194,6775
6776,AUG,36,1304.0671,6,0.2649,-12.281,-11.4,0.3399,-2.0,-1.194,6776
6777,AUG,36,442.8253,6,2.9649,-11.681,-14.5,0.3399,-1.0,-1.194,6777
6778,AUG,36,2107.5329,6,-0.9351,-11.581,-10.3,0.3399,-1.2,-1.194,6778
6779,AUG,33,278.4088,5,4.125,-3.481,-7.2,0.0,-1.6,-1.194,6779
6780,AUG,39,15181.025,4,-5.8711,-13.281,-8.6,0.0039,0.0,-1.194,6780
6781,AUG,36,4160.19,6,-2.6351,-16.281,-12.1,0.3399,-2.4,-1.194,6781
6782,AUG,36,191.1623,6,5.0649,-8.881,-12.8,0.3399,-2.0,-1.194,6782
6783,AUG,39,6296.4818,4,-3.6711,-12.081,-9.6,0.0039,0.0,-1.194,6783
6784,AUG,36,1156.595,6,0.5649,-9.081,-10.0,0.3399,-0.5,-1.194,6784
6785,AUG,36,660.6343,6,1.9649,-9.281,-11.9,0.3399,-0.2,-1.194,6785
6786,AUG,36,562.9498,6,2.3649,-9.381,-10.7,0.3399,-1.9,-1.194,6786
6787,AUG,36,1945.4883,6,-0.7351,-12.481,-12.6,0.3399,0.0,-1.194,6787
6788,AUG,36,1067.6664,6,0.7649,-12.081,-12.1,0.3399,-1.6,-1.194,6788
6789,AUG,33,159.0241,5,5.525,-5.181,-9.1,0.0,-2.8,-1.194,6789
6790,AUG,36,183.6662,6,5.1649,-7.981,-13.5,0.3399,-0.5,-1.194,6790
6791,AUG,39,1173.3765,4,0.5289,-8.781,-10.5,0.0039,0.0,-1.194,6791
6792,AUG,36,128.1367,6,6.0649,-8.681,-15.1,0.3399,-0.5,-1.194,6792
6793,AUG,34,467.3885,8,2.8299,-10.681,-13.3,1.4049,0.0,-1.194,6793
6794,AUG,39,256.6069,4,4.3289,-4.281,-9.8,0.0039,0.0,-1.194,6794
6795,AUG,36,150.9602,9,5.6551,-11.581,-15.8,2.1301,-0.5,-1.194,6795
6796,AUG,39,17116.6869,4,-6.1711,-12.981,-8.0,0.0039,0.0,-1.194,6796
6797,AUG,33,449.943,5,2.925,-5.781,-9.9,0.0,0.0,-1.194,6797
6798,AUG,33,368.3775,5,3.425,-8.281,-11.1,0.0,-1.8,-1.194,6798
6799,AUG,33,528.0183,5,2.525,-6.681,-8.6,0.0,-1.8,-1.194,6799
6800,AUG,33,1273.0695,5,0.325,-7.581,-9.1,0.0,0.0,-1.194,6800
6801,AUG,36,2902.4004,6,-1.7351,-16.081,-13.3,0.3399,-1.9,-1.194,6801
6802,AUG,39,431.634,4,3.0289,-6.381,-10.6,0.0039,0.0,-1.194,6802
6803,AUG,36,609.8393,6,2.1649,-10.381,-12.9,0.3399,-0.5,-1.194,6803
6804,AUG,36,144.4748,6,5.7649,-8.881,-15.5,0.3399,0.0,-1.194,6804
6805,AUG,33,94.54,5,6.825,-11.681,-13.5,0.0,-6.2,-1.194,6805
6806,AUG,36,113.6462,6,6.3649,-7.481,-14.2,0.3399,-0.5,-1.194,6806
6807,AUG,36,839.8435,6,1.3649,-10.081,-12.3,0.3399,0.0,-1.194,6807
6808,AUG,36,6997.7831,6,-3.9351,-15.581,-11.5,0.3399,-1.0,-1.194,6808
6809,AUG,36,634.7289,6,2.0649,-10.781,-11.6,0.3399,-2.1,-1.194,6809
6810,AUG,36,1802.9365,9,-0.5449,-12.481,-10.5,2.1301,-0.5,-1.194,6810
6811,AUG,36,3144.1487,6,-1.9351,-13.681,-12.1,0.3399,-0.5,-1.194,6811
6812,AUG,36,408.7772,6,3.1649,-8.481,-12.0,0.3399,-0.5,-1.194,6812
6813,AUG,33,77.4018,5,7.325,-4.881,-10.6,0.0,-2.8,-1.194,6813
6814,AUG,29,4570.1619,8,-2.8701,-9.581,-6.5,1.4049,0.0,-1.194,6814
6815,AUG,36,2902.4004,6,-1.7351,-14.281,-12.9,0.3399,-0.5,-1.194,6815
6816,AUG,36,321.5507,6,3.7649,-7.981,-10.5,0.3399,-2.1,-1.194,6816
6817,AUG,36,2283.0746,6,-1.1351,-12.681,-11.4,0.3399,-1.0,-1.194,6817
6818,AUG,33,2141.408,5,-0.975,-10.781,-11.0,0.0,0.0,-1.194,6818
6819,AUG,33,313.9075,5,3.825,-7.781,-10.0,0.0,-2.8,-1.194,6819
6820,AUG,23,39083.5403,6,-8.2351,-15.881,-8.5,0.3399,0.0,-1.194,6820
6821,AUG,36,1412.6861,6,0.0649,-12.181,-11.2,0.3399,-1.9,-1.194,6821
6822,AUG,27,183.6662,6,5.1649,-7.381,-13.4,0.3399,0.0,-1.194,6822
6823,AUG,36,609.8393,6,2.1649,-9.581,-12.4,0.3399,-0.2,-1.194,6823
6824,AUG,36,1470.3426,6,-0.0351,-11.681,-11.5,0.3399,-1.0,-1.194,6824
6825,AUG,39,17815.2769,4,-6.2711,-12.381,-7.3,0.0039,0.0,-1.194,6825
6826,AUG,36,479.7093,6,2.7649,-7.281,-10.9,0.3399,0.0,-1.194,6826
6827,AUG,39,431.634,4,3.0289,-6.381,-10.6,0.0039,0.0,-1.194,6827
6828,AUG,36,5729.2283,6,-3.4351,-11.281,-8.7,0.3399,0.0,-1.194,6828
6829,AUG,33,164.9748,7,5.4332,-5.381,-11.2,0.8082,0.0,-1.194,6829
6830,AUG,26,4750.4922,7,-2.9668,-11.581,-9.0,0.8082,0.0,-1.194,6830
6831,AUG,36,296.8272,6,3.9649,-9.281,-12.2,0.3399,-1.9,-1.194,6831
6832,AUG,33,58.498,5,8.025,-8.881,-14.7,0.0,-3.4,-1.194,6832
6833,AUG,36,6206.4301,6,-3.6351,-12.981,-10.2,0.3399,0.0,-1.194,6833
6834,AUG,36,1025.8,6,0.8649,-11.381,-12.6,0.3399,-0.5,-1.194,6834
6835,AUG,33,727.1632,5,1.725,-9.681,-9.4,0.0,-3.2,-1.194,6835
6836,AUG,36,2788.5887,6,-1.6351,-14.281,-13.0,0.3399,-0.5,-1.194,6836
6837,AUG,36,162.8961,6,5.4649,-6.781,-12.6,0.3399,-0.5,-1.194,6837
6838,AUG,33,98.3985,5,6.725,-4.381,-12.3,0.0,0.0,-1.194,6838
6839,AUG,36,3545.0444,6,-2.2351,-11.881,-9.5,0.3399,-1.0,-1.194,6839
6840,AUG,33,449.943,5,2.925,-5.781,-9.9,0.0,0.0,-1.194,6840
6841,AUG,36,1418.2187,9,0.0551,-11.581,-10.2,2.1301,-0.5,-1.194,6841
6842,AUG,39,2788.5887,6,-1.6351,-14.981,-14.2,0.3399,0.0,-1.194,6842
6843,AUG,20,210.0006,8,4.8299,-3.581,-8.2,1.4049,0.0,-1.194,6843
6844,AUG,33,186.0099,7,5.1332,-4.681,-10.2,0.8082,0.0,-1.194,6844
6845,AUG,39,12429.0159,4,-5.3711,-13.281,-9.1,0.0039,0.0,-1.194,6845
6846,AUG,36,93.0445,6,6.8649,-7.281,-15.0,0.3399,0.0,-1.194,6846
6847,AUG,39,3189.7684,4,-1.9711,-8.581,-7.8,0.0039,0.0,-1.194,6847
6848,AUG,36,5729.2283,6,-3.4351,-11.281,-8.7,0.3399,0.0,-1.194,6848
6849,AUG,33,756.8412,5,1.625,-9.781,-9.4,0.0,-3.2,-1.194,6849
6850,AUG,33,1970.3141,7,-0.7668,-10.681,-10.3,0.8082,0.0,-1.194,6850
6851,AUG,33,80.5609,5,7.225,-2.081,-10.5,0.0,0.0,-1.194,6851
6852,AUG,33,401.6688,10,3.2087,-8.281,-9.7,2.9837,0.0,-1.194,6852
6853,AUG,36,334.6743,6,3.6649,-8.681,-12.5,0.3399,-0.7,-1.194,6853
6854,AUG,33,77.4018,5,7.325,-12.581,-14.5,0.0,-6.6,-1.194,6854
6855,AUG,36,2679.2398,6,-1.5351,-14.581,-12.1,0.3399,-1.8,-1.194,6855
6856,AUG,32,2788.5887,6,-1.6351,-11.981,-10.5,0.3399,-0.7,-1.194,6856
6857,AUG,36,2376.2547,6,-1.2351,-11.481,-10.4,0.3399,-0.7,-1.194,6857
6858,AUG,36,540.8748,6,2.4649,-11.381,-13.5,0.3399,-1.2,-1.194,6858
6859,AUG,33,418.0623,10,3.1087,-9.581,-10.9,2.9837,0.0,-1.194,6859
6860,AUG,33,94.54,5,6.825,-3.781,-10.0,0.0,-1.8,-1.194,6860
6861,AUG,36,1252.9307,6,0.3649,-11.581,-12.3,0.3399,-0.5,-1.194,6861
6862,AUG,36,334.6743,6,3.6649,-15.681,-17.3,0.3399,-2.9,-1.194,6862
6863,AUG,39,21759.9017,4,-6.7711,-13.281,-7.7,0.0039,0.0,-1.194,6863
6864,AUG,36,243.0185,6,4.4649,-10.981,-15.8,0.3399,-0.5,-1.194,6864
6865,AUG,33,370.7852,10,3.4087,-8.281,-9.9,2.9837,0.0,-1.194,6865
6866,AUG,33,698.649,5,1.825,-7.981,-9.4,0.0,-1.6,-1.194,6866
6867,AUG,39,17815.2769,4,-6.2711,-12.381,-7.3,0.0039,0.0,-1.194,6867
6868,AUG,36,285.1877,6,4.0649,-8.881,-11.8,0.3399,-2.0,-1.194,6868
6869,AUG,39,618.6877,4,2.1289,-8.581,-11.9,0.0039,0.0,-1.194,6869
6870,AUG,36,44.2111,5,8.725,-7.381,-11.7,0.0,-5.6,-1.194,6870
6871,AUG,36,687.597,6,1.8649,-7.981,-8.6,0.3399,-2.1,-1.194,6871
6872,AUG,33,593.4025,7,2.2332,-8.881,-8.1,0.8082,-3.4,-1.194,6872
6873,AUG,36,715.6602,6,1.7649,-11.081,-11.6,0.3399,-2.1,-1.194,6873
6874,AUG,39,46530.901,4,-8.6711,-13.281,-5.8,0.0039,0.0,-1.194,6874
6875,AUG,36,224.3332,6,4.6649,-5.781,-11.3,0.3399,0.0,-1.194,6875
6876,AUG,36,1530.3523,6,-0.1351,-10.581,-11.3,0.3399,0.0,-1.194,6876
6877,AUG,33,1618.4129,5,-0.275,-7.081,-7.1,0.0,-0.9,-1.194,6877
6878,AUG,36,1111.2415,6,0.6649,-6.581,-8.1,0.3399,0.0,-1.194,6878
6879,AUG,33,571.9982,5,2.325,-4.081,-6.7,0.0,-0.9,-1.194,6879
6880,AUG,36,93.0445,6,6.8649,-6.781,-14.5,0.3399,0.0,-1.194,6880
6881,AUG,33,257.0025,5,4.325,-6.181,-11.2,0.0,-0.5,-1.194,6881
6882,AUG,36,176.4641,6,5.2649,-8.181,-14.3,0.3399,0.0,-1.194,6882
6883,AUG,33,418.0623,10,3.1087,-9.581,-9.6,2.9837,-1.3,-1.194,6883
6884,AUG,36,744.8687,6,1.6649,-9.681,-12.2,0.3399,0.0,-1.194,6884
6885,AUG,33,401.6688,10,3.2087,-10.881,-11.0,2.9837,-1.3,-1.194,6885
6886,AUG,33,671.2529,5,1.925,-7.581,-10.2,0.0,-0.5,-1.194,6886
6887,AUG,36,562.9498,6,2.3649,-10.681,-13.9,0.3399,0.0,-1.194,6887
6888,AUG,36,2376.2547,6,-1.2351,-9.881,-9.5,0.3399,0.0,-1.194,6888
6889,AUG,36,9637.0351,6,-4.7351,-13.281,-9.4,0.3399,0.0,-1.194,6889
6890,AUG,36,3144.1487,6,-1.9351,-10.781,-9.7,0.3399,0.0,-1.194,6890
6891,AUG,36,4160.19,6,-2.6351,-11.781,-10.0,0.3399,0.0,-1.194,6891
6892,AUG,33,267.4916,5,4.225,-4.181,-8.7,0.0,-0.9,-1.194,6892
6893,AUG,36,1470.3426,6,-0.0351,-8.581,-9.4,0.3399,0.0,-1.194,6893
6894,AUG,36,150.3713,6,5.6649,-6.481,-13.0,0.3399,0.0,-1.194,6894
6895,AUG,33,3194.6855,5,-1.975,-10.481,-9.4,0.0,-0.3,-1.194,6895
6896,AUG,36,252.9369,6,4.3649,-7.481,-12.7,0.3399,0.0,-1.194,6896
6897,AUG,36,11770.849,6,-5.2351,-14.581,-10.2,0.3399,0.0,-1.194,6897
6898,AUG,33,1320.7079,7,0.2332,-11.981,-11.3,0.8082,-1.3,-1.194,6898
6899,AUG,36,408.7772,6,3.1649,-7.981,-12.0,0.3399,0.0,-1.194,6899
6900,AUG,39,5812.3561,4,-3.4711,-8.581,-6.3,0.0039,0.0,-1.194,6900
6901,AUG,39,4952.9133,4,-3.0711,-8.581,-6.7,0.0039,0.0,-1.194,6901
6902,AUG,39,8004.5178,4,-4.2711,-8.781,-5.7,0.0039,0.0,-1.194,6902
6903,AUG,39,26577.9377,4,-7.2711,-12.281,-6.2,0.0039,0.0,-1.194,6903
6904,AUG,33,1001.4168,5,0.925,-7.081,-8.9,0.0,-0.3,-1.194,6904
6905,AUG,36,3406.0327,6,-2.1351,-13.381,-12.1,0.3399,0.0,-1.194,6905
6906,AUG,36,3840.3201,6,-2.4351,-13.781,-12.2,0.3399,0.0,-1.194,6906
6907,AUG,36,334.6743,6,3.6649,-10.481,-15.0,0.3399,0.0,-1.194,6907
6908,AUG,36,5081.3313,6,-3.1351,-12.681,-10.4,0.3399,0.0,-1.194,6908
6909,AUG,36,1025.8,6,0.8649,-9.381,-11.1,0.3399,0.0,-1.194,6909
6910,AUG,39,2944.5126,4,-1.7711,-6.381,-5.8,0.0039,0.0,-1.194,6910
6911,AUG,39,44706.286,4,-8.5711,-12.381,-5.0,0.0039,0.0,-1.194,6911
6912,AUG,33,819.8804,5,1.425,-7.581,-9.9,0.0,-0.3,-1.194,6912
6913,AUG,36,263.2601,6,4.2649,-5.781,-10.9,0.3399,0.0,-1.194,6913
6914,AUG,36,1067.6664,6,0.7649,-9.781,-11.4,0.3399,0.0,-1.194,6914
6915,AUG,36,3689.7297,6,-2.3351,-9.381,-7.9,0.3399,0.0,-1.194,6915
6916,AUG,33,2414.4489,5,-1.275,-12.081,-11.6,0.0,-0.4,-1.194,6916
6917,AUG,36,660.6343,6,1.9649,-8.381,-11.2,0.3399,0.0,-1.194,6917
6918,AUG,36,687.597,6,1.8649,-6.581,-9.3,0.3399,0.0,-1.194,6918
6919,AUG,39,20906.6312,4,-6.6711,-13.281,-7.8,0.0039,0.0,-1.194,6919
6920,AUG,20,0.2242,-2,21.9346,0.319,-5.6,17.2096,0.0,-1.194,6920
6921,AUG,33,340.0536,5,3.625,-3.881,-8.2,0.0,-0.5,-1.194,6921
6922,AUG,32,1156.595,6,0.5649,-13.881,-11.9,0.3399,-3.4,-1.194,6922
6923,AUG,39,19023.1412,6,-6.4351,-14.981,-9.4,0.3399,0.0,-1.194,6923
6924,AUG,36,207.8957,9,4.8551,-11.081,-15.0,2.1301,0.0,-1.194,6924
6925,AUG,33,2057.437,5,-0.875,-12.581,-11.0,0.0,-1.9,-1.194,6925
6926,AUG,36,7283.3863,6,-4.0351,-12.481,-9.3,0.3399,0.0,-1.194,6926
6927,AUG,33,353.9323,5,3.525,-7.081,-11.5,0.0,-0.3,-1.194,6927
6928,AUG,36,4506.7026,6,-2.8351,-10.881,-8.9,0.3399,0.0,-1.194,6928
6929,AUG,36,2024.8903,6,-0.8351,-9.581,-9.6,0.3399,0.0,-1.194,6929
6930,AUG,36,5963.0575,6,-3.5351,-11.481,-8.8,0.3399,0.0,-1.194,6930
6931,AUG,33,130.1963,5,6.025,-7.281,-10.5,0.0,-4.0,-1.194,6931
6932,AUG,29,3889.3252,7,-2.4668,-11.581,-9.5,0.8082,0.0,-1.194,6932
6933,AUG,36,2788.5887,6,-1.6351,-12.281,-11.5,0.3399,0.0,-1.194,6933
6934,AUG,36,562.9498,6,2.3649,-6.381,-9.6,0.3399,0.0,-1.194,6934
6935,AUG,29,4756.6857,8,-2.9701,-9.581,-6.4,1.4049,0.0,-1.194,6935
6936,AUG,33,1554.9501,5,-0.175,-8.681,-8.8,0.0,-0.9,-1.194,6936
6937,AUG,39,39650.6199,4,-8.2711,-12.381,-5.3,0.0039,0.0,-1.194,6937
6938,AUG,33,888.1703,5,1.225,-6.781,-8.7,0.0,-0.5,-1.194,6938
6939,AUG,39,56833.6847,4,-9.1711,-12.981,-5.0,0.0039,0.0,-1.194,6939
6940,AUG,36,2574.1789,6,-1.4351,-10.281,-9.7,0.3399,0.0,-1.194,6940
6941,AUG,36,377.347,6,3.3649,-12.281,-16.5,0.3399,0.0,-1.194,6941
6942,AUG,36,1304.0671,6,0.2649,-10.881,-12.0,0.3399,0.0,-1.194,6942
6943,AUG,33,2141.408,5,-0.975,-9.181,-7.5,0.0,-1.9,-1.194,6943
6944,AUG,36,1156.595,6,0.5649,-9.681,-11.1,0.3399,0.0,-1.194,6944
6945,AUG,36,687.597,6,1.8649,-8.581,-11.3,0.3399,0.0,-1.194,6945
6946,AUG,26,5574.8103,7,-3.3668,-11.581,-8.6,0.8082,0.0,-1.194,6946
6947,AUG,36,1657.8191,6,-0.3351,-6.481,-7.0,0.3399,0.0,-1.194,6947
6948,AUG,36,2193.5485,6,-1.0351,-11.981,-11.8,0.3399,0.0,-1.194,6948
6949,AUG,36,169.5444,6,5.3649,-7.881,-14.1,0.3399,0.0,-1.194,6949
6950,AUG,36,744.8687,6,1.6649,-6.381,-8.9,0.3399,0.0,-1.194,6950
6951,AUG,36,687.597,6,1.8649,-6.481,-9.2,0.3399,0.0,-1.194,6951
6952,AUG,36,634.7289,6,2.0649,-8.881,-11.8,0.3399,0.0,-1.194,6952
6953,AUG,33,1899.2442,5,-0.675,-8.181,-8.0,0.0,-0.7,-1.194,6953
6954,AUG,33,507.3131,5,2.625,-9.481,-10.5,0.0,-2.8,-1.194,6954
6955,AUG,33,278.4088,5,4.125,-4.181,-9.0,0.0,-0.5,-1.194,6955
6956,AUG,36,3419.372,9,-2.1449,-11.981,-8.9,2.1301,0.0,-1.194,6956
6957,AUG,35,2050.7293,7,-0.8668,-11.581,-11.1,0.8082,0.0,-1.194,6957
6958,AUG,33,724.7925,7,1.7332,-7.081,-8.5,0.8082,-0.7,-1.194,6958
6959,AUG,33,303.5694,10,3.9087,-9.581,-10.4,2.9837,-1.3,-1.194,6959
6960,AUG,34,414.5333,8,3.1299,-11.981,-13.6,1.4049,-1.3,-1.194,6960
6961,AUG,33,505.6592,7,2.6332,-5.981,-7.7,0.8082,-1.3,-1.194,6961
6962,AUG,36,2107.5329,6,-0.9351,-11.881,-11.8,0.3399,0.0,-1.194,6962
6963,AUG,36,2902.4004,6,-1.7351,-11.681,-10.8,0.3399,0.0,-1.194,6963
6964,AUG,27,585.9257,6,2.2649,-7.381,-10.5,0.3399,0.0,-1.194,6964
6965,AUG,33,227.939,5,4.625,-3.881,-9.2,0.0,-0.5,-1.194,6965
6966,AUG,39,42953.2196,4,-8.4711,-13.481,-6.2,0.0039,0.0,-1.194,6966
6967,AUG,36,1725.4804,6,-0.4351,-7.781,-8.2,0.3399,0.0,-1.194,6967
6968,AUG,36,548.4909,8,2.4299,-8.981,-11.2,1.4049,0.0,-1.194,6968
6969,AUG,39,2410.7327,4,-1.2711,-6.381,-6.3,0.0039,0.0,-1.194,6969
6970,AUG,33,179.3005,5,5.225,-5.081,-10.1,0.0,-1.4,-1.194,6970
6971,AUG,36,4329.9814,6,-2.7351,-14.181,-12.3,0.3399,0.0,-1.194,6971
6972,AUG,39,726.044,4,1.7289,-4.281,-7.2,0.0039,0.0,-1.194,6972
6973,AUG,33,2319.7712,5,-1.175,-8.081,-7.4,0.0,-0.7,-1.194,6973
6974,AUG,33,115.4729,5,6.325,-9.381,-14.1,0.0,-2.8,-1.194,6974
6975,AUG,23,31998.4945,6,-7.7351,-15.881,-9.0,0.3399,0.0,-1.194,6975
6976,AUG,36,1725.4804,6,-0.4351,-11.081,-11.5,0.3399,0.0,-1.194,6976
6977,AUG,36,479.7093,6,2.7649,-6.781,-10.4,0.3399,0.0,-1.194,6977
6978,AUG,36,2024.8903,6,-0.8351,-10.681,-10.7,0.3399,0.0,-1.194,6978
6979,AUG,36,562.9498,6,2.3649,-7.981,-11.2,0.3399,0.0,-1.194,6979
6980,AUG,36,1615.2396,8,-0.2701,-8.981,-8.5,1.4049,0.0,-1.194,6980
6981,AUG,33,370.7852,10,3.4087,-10.881,-11.2,2.9837,-1.3,-1.194,6981
6982,AUG,36,2202.1392,9,-1.0449,-11.081,-9.1,2.1301,0.0,-1.194,6982
6983,AUG,36,233.489,6,4.5649,-9.081,-14.5,0.3399,0.0,-1.194,6983
6984,AUG,33,727.1632,5,1.725,-7.581,-10.0,0.0,-0.5,-1.194,6984
6985,AUG,33,467.3885,8,2.8299,-10.681,-13.3,1.4049,0.0,-1.194,6985
6986,AUG,35,562.9498,6,2.3649,-7.981,-11.2,0.3399,0.0,-1.194,6986
6987,AUG,35,169.5444,6,5.3649,-7.881,-14.1,0.3399,0.0,-1.194,6987
6988,AUG,35,224.3332,6,4.6649,-5.781,-11.3,0.3399,0.0,-1.194,6988
6989,AUG,35,377.347,6,3.3649,-12.281,-16.5,0.3399,0.0,-1.194,6989
6990,AUG,38,39650.6199,4,-8.2711,-13.281,-6.2,0.0039,0.0,-1.194,6990
6991,AUG,32,671.2529,5,1.925,-6.581,-9.7,0.0,0.0,-1.194,6991
6992,AUG,35,562.9498,6,2.3649,-10.681,-13.9,0.3399,0.0,-1.194,6992
6993,AUG,35,3855.3602,9,-2.4449,-11.981,-8.6,2.1301,0.0,-1.194,6993
6994,AUG,32,452.8837,10,2.9087,-9.581,-10.7,2.9837,0.0,-1.194,6994
6995,AUG,35,176.4641,6,5.2649,-8.181,-14.3,0.3399,0.0,-1.194,6995
6996,AUG,32,1824.7692,5,-0.575,-6.481,-7.1,0.0,0.0,-1.194,6996
6997,AUG,32,1129.1028,5,0.625,-5.481,-7.3,0.0,0.0,-1.194,6997
6998,AUG,32,1129.1028,5,0.625,-7.581,-9.4,0.0,0.0,-1.194,6998
6999,AUG,22,51713.5067,6,-8.9351,-15.981,-7.9,0.3399,0.0,-1.194,6999
7000,AUG,32,278.4088,5,4.125,-2.081,-7.4,0.0,0.0,-1.194,7000
7001,AUG,35,2376.2547,6,-1.2351,-9.881,-9.5,0.3399,0.0,-1.194,7001
7002,AUG,32,485.8308,7,2.7332,-5.381,-8.5,0.8082,0.0,-1.194,7002
7003,AUG,38,12429.0159,4,-5.3711,-13.281,-9.1,0.0039,0.0,-1.194,7003
7004,AUG,35,5081.3313,6,-3.1351,-12.681,-10.4,0.3399,0.0,-1.194,7004
7005,AUG,35,4329.9814,6,-2.7351,-14.181,-12.3,0.3399,0.0,-1.194,7005
7006,AUG,35,479.7093,6,2.7649,-6.781,-10.4,0.3399,0.0,-1.194,7006
7007,AUG,35,2574.1789,6,-1.4351,-10.281,-9.7,0.3399,0.0,-1.194,7007
7008,AUG,35,687.597,6,1.8649,-8.581,-11.3,0.3399,0.0,-1.194,7008
7009,AUG,35,2193.5485,6,-1.0351,-11.981,-11.8,0.3399,0.0,-1.194,7009
7010,AUG,35,4506.7026,6,-2.8351,-10.881,-8.9,0.3399,0.0,-1.194,7010
7011,AUG,35,1304.0671,6,0.2649,-10.881,-12.0,0.3399,0.0,-1.194,7011
7012,AUG,35,1725.4804,6,-0.4351,-7.781,-8.2,0.3399,0.0,-1.194,7012
7013,AUG,32,1970.3141,7,-0.7668,-10.681,-10.3,0.8082,0.0,-1.194,7013
7014,AUG,35,334.6743,6,3.6649,-10.481,-15.0,0.3399,0.0,-1.194,7014
7015,AUG,32,731.9158,10,1.7087,-8.281,-8.2,2.9837,0.0,-1.194,7015
7016,AUG,35,9637.0351,6,-4.7351,-13.281,-9.4,0.3399,0.0,-1.194,7016
7017,AUG,32,819.8804,5,1.425,-5.981,-8.6,0.0,0.0,-1.194,7017
7018,AUG,35,479.7093,6,2.7649,-8.381,-12.0,0.3399,0.0,-1.194,7018
7019,AUG,32,1042.288,5,0.825,-4.981,-7.0,0.0,0.0,-1.194,7019
7020,AUG,35,9259.1382,6,-4.6351,-11.281,-7.5,0.3399,0.0,-1.194,7020
7021,AUG,28,16417.1432,7,-6.0668,-11.581,-5.9,0.8082,0.0,-1.194,7021
7022,AUG,35,548.4909,8,2.4299,-8.981,-11.2,1.4049,0.0,-1.194,7022
7023,AUG,32,186.6183,5,5.125,-7.481,-13.8,0.0,0.0,-1.194,7023
7024,AUG,32,418.0623,10,3.1087,-9.581,-10.9,2.9837,0.0,-1.194,7024
7025,AUG,32,449.943,5,2.925,-5.781,-9.9,0.0,0.0,-1.194,7025
7026,AUG,35,1156.595,6,0.5649,-9.681,-11.1,0.3399,0.0,-1.194,7026
7027,AUG,35,7283.3863,6,-4.0351,-12.481,-9.3,0.3399,0.0,-1.194,7027
7028,AUG,35,985.5754,6,0.9649,-6.381,-8.2,0.3399,0.0,-1.194,7028
7029,AUG,38,33787.69,4,-7.8711,-12.981,-6.3,0.0039,0.0,-1.194,7029
7030,AUG,35,252.9369,6,4.3649,-7.481,-12.7,0.3399,0.0,-1.194,7030
7031,AUG,32,1325.0277,5,0.225,-10.781,-11.2,0.0,-1.0,-1.194,7031
7032,AUG,32,756.8412,5,1.625,-7.381,-9.2,0.0,-1.0,-1.194,7032
7033,AUG,32,850.5605,7,1.3332,-5.481,-7.2,0.8082,0.0,-1.194,7033
7034,AUG,35,263.2601,6,4.2649,-5.781,-10.9,0.3399,0.0,-1.194,7034
7035,AUG,32,669.0645,7,1.9332,-4.681,-7.0,0.8082,0.0,-1.194,7035
7036,AUG,35,2202.1392,9,-1.0449,-11.081,-9.1,2.1301,0.0,-1.194,7036
7037,AUG,35,233.489,6,4.5649,-9.081,-14.5,0.3399,0.0,-1.194,7037
7038,AUG,35,634.7289,6,2.0649,-8.881,-11.8,0.3399,0.0,-1.194,7038
7039,AUG,35,3144.1487,6,-1.9351,-10.781,-9.7,0.3399,0.0,-1.194,7039
7040,AUG,32,449.943,5,2.925,-2.681,-6.0,0.0,-0.8,-1.194,7040
7041,AUG,32,382.1623,7,3.3332,-2.981,-6.7,0.8082,0.0,-1.194,7041
7042,AUG,35,14963.9074,6,-5.8351,-11.281,-6.3,0.3399,0.0,-1.194,7042
7043,AUG,38,46530.901,4,-8.6711,-13.281,-5.8,0.0039,0.0,-1.194,7043
7044,AUG,35,3689.7297,6,-2.3351,-9.381,-7.9,0.3399,0.0,-1.194,7044
7045,AUG,35,1203.7996,6,0.4649,-6.481,-7.8,0.3399,0.0,-1.194,7045
7046,AUG,38,23572.3385,4,-6.9711,-12.081,-6.3,0.0039,0.0,-1.194,7046
7047,AUG,35,150.3713,6,5.6649,-6.481,-13.0,0.3399,0.0,-1.194,7047
7048,AUG,35,479.7093,6,2.7649,-6.481,-10.1,0.3399,0.0,-1.194,7048
7049,AUG,32,257.0025,5,4.325,-5.781,-11.3,0.0,0.0,-1.194,7049
7050,AUG,19,120.9712,10,6.2087,0.219,-4.2,2.9837,0.0,-1.194,7050
7051,AUG,35,1530.3523,6,-0.1351,-10.581,-11.3,0.3399,0.0,-1.194,7051
7052,AUG,34,6542.1662,7,-3.7668,-11.581,-8.2,0.8082,0.0,-1.194,7052
7053,AUG,38,53824.1101,6,-9.0351,-14.981,-6.8,0.3399,0.0,-1.194,7053
7054,AUG,35,237.242,5,4.525,-12.081,-11.5,0.0,-6.3,-1.194,7054
7055,AUG,38,44706.286,4,-8.5711,-12.381,-5.0,0.0039,0.0,-1.194,7055
7056,AUG,32,172.2696,5,5.325,-4.381,-10.9,0.0,0.0,-1.194,7056
7057,AUG,38,2944.5126,4,-1.7711,-6.381,-5.8,0.0039,0.0,-1.194,7057
7058,AUG,32,924.4196,5,1.125,-8.881,-11.2,0.0,0.0,-1.194,7058
7059,AUG,32,278.4088,5,4.125,-2.781,-7.3,0.0,-0.8,-1.194,7059
7060,AUG,38,33787.69,4,-7.8711,-12.381,-5.7,0.0039,0.0,-1.194,7060
7061,AUG,32,1684.4658,5,-0.375,-5.681,-5.7,0.0,-0.8,-1.194,7061
7062,AUG,35,11770.849,6,-5.2351,-14.581,-10.2,0.3399,0.0,-1.194,7062
7063,AUG,35,408.7772,6,3.1649,-7.981,-12.0,0.3399,0.0,-1.194,7063
7064,AUG,32,2949.0516,5,-1.775,-10.781,-10.2,0.0,0.0,-1.194,7064
7065,AUG,35,687.597,6,1.8649,-6.581,-9.3,0.3399,0.0,-1.194,7065
7066,AUG,38,4952.9133,4,-3.0711,-8.581,-6.7,0.0039,0.0,-1.194,7066
7067,AUG,35,1470.3426,6,-0.0351,-8.581,-9.4,0.3399,0.0,-1.194,7067
7068,AUG,35,1025.8,6,0.8649,-9.381,-11.1,0.3399,0.0,-1.194,7068
7069,AUG,38,2944.5126,4,-1.7711,-6.381,-5.8,0.0039,0.0,-1.194,7069
7070,AUG,35,4160.19,6,-2.6351,-11.781,-10.0,0.3399,0.0,-1.194,7070
7071,AUG,35,207.8957,9,4.8551,-11.081,-15.0,2.1301,0.0,-1.194,7071
7072,AUG,32,277.5012,7,4.1332,-3.781,-8.3,0.8082,0.0,-1.194,7072
7073,AUG,31,10439.7279,6,-4.9351,-11.281,-7.2,0.3399,0.0,-1.194,7073
7074,AUG,35,3840.3201,6,-2.4351,-13.781,-12.2,0.3399,0.0,-1.194,7074
7075,AUG,28,7687.3897,8,-4.1701,-9.581,-5.2,1.4049,0.0,-1.194,7075
7076,AUG,38,7099.3169,4,-3.9711,-8.781,-6.0,0.0039,0.0,-1.194,7076
7077,AUG,35,2024.8903,6,-0.8351,-10.681,-10.7,0.3399,0.0,-1.194,7077
7078,AUG,35,1725.4804,6,-0.4351,-11.081,-11.5,0.3399,0.0,-1.194,7078
7079,AUG,35,744.8687,6,1.6649,-9.681,-12.2,0.3399,0.0,-1.194,7079
7080,AUG,38,2718.1141,4,-1.5711,-8.581,-8.2,0.0039,0.0,-1.194,7080
7081,AUG,32,301.5982,5,3.925,-2.381,-7.5,0.0,0.0,-1.194,7081
7082,AUG,26,267.0799,4,4.2289,-7.081,-10.5,0.0039,-2.0,-1.194,7082
7083,AUG,35,562.9498,6,2.3649,-6.381,-9.6,0.3399,0.0,-1.194,7083
7084,AUG,35,2902.4004,6,-1.7351,-11.681,-10.8,0.3399,0.0,-1.194,7084
7085,AUG,35,1111.2415,6,0.6649,-6.581,-8.1,0.3399,0.0,-1.194,7085
7086,AUG,32,399.0606,5,3.225,-5.481,-9.9,0.0,0.0,-1.194,7086
7087,AUG,25,11004.4638,7,-5.0668,-11.581,-6.9,0.8082,0.0,-1.194,7087
7088,AUG,35,1615.2396,8,-0.2701,-8.981,-8.5,1.4049,0.0,-1.194,7088
7089,AUG,35,2376.2547,6,-1.2351,-9.781,-9.4,0.3399,0.0,-1.194,7089
7090,AUG,32,487.4199,5,2.725,-7.281,-10.4,0.0,-0.8,-1.194,7090
7091,AUG,35,1304.0671,6,0.2649,-9.581,-10.7,0.3399,0.0,-1.194,7091
7092,AUG,38,726.044,4,1.7289,-4.281,-7.2,0.0039,0.0,-1.194,7092
7093,AUG,35,10030.3551,6,-4.8351,-13.381,-9.4,0.3399,0.0,-1.194,7093
7094,AUG,32,370.7852,10,3.4087,-8.281,-9.9,2.9837,0.0,-1.194,7094
7095,AUG,35,93.0445,6,6.8649,-6.781,-14.5,0.3399,0.0,-1.194,7095
7096,AUG,27,218.6638,4,4.7289,-7.181,-11.0,0.0039,-2.1,-1.194,7096
7097,AUG,33,80.5609,5,7.225,-2.981,-10.4,0.0,-1.0,-1.194,7097
7098,AUG,36,1725.4804,6,-0.4351,-7.781,-8.2,0.3399,0.0,-1.194,7098
7099,AUG,33,617.6212,7,2.1332,-4.681,-7.2,0.8082,0.0,-1.194,7099
7100,AUG,29,7687.3897,8,-4.1701,-9.581,-5.2,1.4049,0.0,-1.194,7100
7101,AUG,26,8316.8486,7,-4.3668,-11.581,-7.6,0.8082,0.0,-1.194,7101
7102,AUG,36,4160.19,6,-2.6351,-11.781,-10.0,0.3399,0.0,-1.194,7102
7103,AUG,36,1025.8,6,0.8649,-9.381,-11.1,0.3399,0.0,-1.194,7103
7104,AUG,33,452.8837,10,2.9087,-9.581,-10.7,2.9837,0.0,-1.194,7104
7105,AUG,39,33787.69,4,-7.8711,-12.381,-5.7,0.0039,0.0,-1.194,7105
7106,AUG,39,1433.1833,4,0.0289,-6.381,-7.6,0.0039,0.0,-1.194,7106
7107,AUG,39,2944.5126,4,-1.7711,-6.381,-5.8,0.0039,0.0,-1.194,7107
7108,AUG,23,90536.598,6,-10.3351,-15.881,-6.4,0.3399,0.0,-1.194,7108
7109,AUG,33,370.7852,10,3.4087,-8.281,-9.9,2.9837,0.0,-1.194,7109
7110,AUG,36,1530.3523,6,-0.1351,-10.581,-11.3,0.3399,0.0,-1.194,7110
7111,AUG,39,16445.4907,4,-6.0711,-13.281,-8.4,0.0039,0.0,-1.194,7111
7112,AUG,33,2949.0516,5,-1.775,-10.781,-10.2,0.0,0.0,-1.194,7112
7113,AUG,33,761.7878,10,1.6087,-8.281,-8.1,2.9837,0.0,-1.194,7113
7114,AUG,36,7283.3863,6,-4.0351,-12.481,-9.3,0.3399,0.0,-1.194,7114
7115,AUG,36,54.0002,5,8.225,-7.281,-10.7,0.0,-6.0,-1.194,7115
7116,AUG,39,726.044,4,1.7289,-4.281,-7.2,0.0039,0.0,-1.194,7116
7117,AUG,36,1470.3426,6,-0.0351,-8.581,-9.4,0.3399,0.0,-1.194,7117
7118,AUG,36,169.5444,6,5.3649,-7.881,-14.1,0.3399,0.0,-1.194,7118
7119,AUG,36,252.9369,6,4.3649,-7.481,-12.7,0.3399,0.0,-1.194,7119
7120,AUG,36,1304.0671,6,0.2649,-10.881,-12.0,0.3399,0.0,-1.194,7120
7121,AUG,36,14377.1281,6,-5.7351,-11.281,-6.4,0.3399,0.0,-1.194,7121
7122,AUG,36,562.9498,6,2.3649,-7.981,-11.2,0.3399,0.0,-1.194,7122
7123,AUG,36,224.3332,6,4.6649,-5.781,-11.3,0.3399,0.0,-1.194,7123
7124,AUG,33,1042.288,5,0.825,-4.981,-7.0,0.0,0.0,-1.194,7124
7125,AUG,36,874.1203,6,1.2649,-6.481,-8.6,0.3399,0.0,-1.194,7125
7126,AUG,36,548.4909,8,2.4299,-8.981,-11.2,1.4049,0.0,-1.194,7126
7127,AUG,33,1084.8273,5,0.725,-7.481,-8.4,0.0,-1.0,-1.194,7127
7128,AUG,36,2788.5887,6,-1.6351,-12.281,-11.5,0.3399,0.0,-1.194,7128
7129,AUG,36,9259.1382,6,-4.6351,-11.281,-7.5,0.3399,0.0,-1.194,7129
7130,AUG,20,159.0241,5,5.525,0.819,-5.9,0.0,0.0,-1.194,7130
7131,AUG,36,634.7289,6,2.0649,-8.881,-11.8,0.3399,0.0,-1.194,7131
7132,AUG,36,3855.3602,9,-2.4449,-11.981,-8.6,2.1301,0.0,-1.194,7132
7133,AUG,36,479.7093,6,2.7649,-6.781,-10.4,0.3399,0.0,-1.194,7133
7134,AUG,36,562.9498,6,2.3649,-6.381,-9.6,0.3399,0.0,-1.194,7134
7135,AUG,33,2057.437,5,-0.875,-11.881,-9.2,0.0,-3.0,-1.194,7135
7136,AUG,33,237.242,5,4.525,-9.781,-12.2,0.0,-3.3,-1.194,7136
7137,AUG,36,4329.9814,6,-2.7351,-14.181,-12.3,0.3399,0.0,-1.194,7137
7138,AUG,39,24534.4055,4,-7.0711,-12.081,-6.2,0.0039,0.0,-1.194,7138
7139,AUG,36,11770.849,6,-5.2351,-14.581,-10.2,0.3399,0.0,-1.194,7139
7140,AUG,39,8004.5178,4,-4.2711,-8.781,-5.7,0.0039,0.0,-1.194,7140
7141,AUG,36,93.0445,6,6.8649,-6.781,-14.5,0.3399,0.0,-1.194,7141
7142,AUG,36,3144.1487,6,-1.9351,-10.781,-9.7,0.3399,0.0,-1.194,7142
7143,AUG,36,150.3713,6,5.6649,-6.481,-13.0,0.3399,0.0,-1.194,7143
7144,AUG,29,23531.7063,7,-6.9668,-11.581,-5.0,0.8082,0.0,-1.194,7144
7145,AUG,33,1818.82,7,-0.5668,-10.681,-10.5,0.8082,0.0,-1.194,7145
7146,AUG,36,2902.4004,6,-1.7351,-11.681,-10.8,0.3399,0.0,-1.194,7146
7147,AUG,36,334.6743,6,3.6649,-10.481,-15.0,0.3399,0.0,-1.194,7147
7148,AUG,36,2376.2547,6,-1.2351,-9.781,-9.4,0.3399,0.0,-1.194,7148
7149,AUG,36,263.2601,6,4.2649,-7.281,-10.9,0.3399,-1.5,-1.194,7149
7150,AUG,36,2024.8903,6,-0.8351,-10.681,-10.7,0.3399,0.0,-1.194,7150
7151,AUG,33,1899.2442,5,-0.675,-7.581,-8.1,0.0,0.0,-1.194,7151
7152,AUG,36,687.597,6,1.8649,-8.581,-11.3,0.3399,0.0,-1.194,7152
7153,AUG,36,1111.2415,6,0.6649,-6.581,-8.1,0.3399,0.0,-1.194,7153
7154,AUG,33,313.9075,5,3.825,-7.781,-10.3,0.0,-2.5,-1.194,7154
7155,AUG,32,6206.4301,6,-3.6351,-11.281,-8.5,0.3399,0.0,-1.194,7155
7156,AUG,36,2574.1789,6,-1.4351,-10.281,-9.7,0.3399,0.0,-1.194,7156
7157,AUG,33,487.4199,5,2.725,-5.781,-9.7,0.0,0.0,-1.194,7157
7158,AUG,36,744.8687,6,1.6649,-9.681,-12.2,0.3399,0.0,-1.194,7158
7159,AUG,39,4758.6949,4,-2.9711,-8.581,-6.8,0.0039,0.0,-1.194,7159
7160,AUG,36,233.489,6,4.5649,-9.081,-14.5,0.3399,0.0,-1.194,7160
7161,AUG,36,408.7772,6,3.1649,-7.981,-12.0,0.3399,0.0,-1.194,7161
7162,AUG,34,467.3885,8,2.8299,-10.681,-13.3,1.4049,0.0,-1.194,7162
7163,AUG,33,172.2696,5,5.325,-4.381,-10.9,0.0,0.0,-1.194,7163
7164,AUG,39,8671.2341,4,-4.4711,-13.281,-10.0,0.0039,0.0,-1.194,7164
7165,AUG,33,179.3005,5,5.225,-9.881,-13.0,0.0,-3.3,-1.194,7165
7166,AUG,36,2202.1392,9,-1.0449,-11.081,-9.1,2.1301,0.0,-1.194,7166
7167,AUG,33,102.4145,5,6.625,-8.881,-13.3,0.0,-3.4,-1.194,7167
7168,AUG,36,1156.595,6,0.5649,-9.681,-11.1,0.3399,0.0,-1.194,7168
7169,AUG,36,425.4608,6,3.0649,-8.381,-12.3,0.3399,0.0,-1.194,7169
7170,AUG,36,3840.3201,6,-2.4351,-13.781,-12.2,0.3399,0.0,-1.194,7170
7171,AUG,36,3272.472,6,-2.0351,-9.381,-8.2,0.3399,0.0,-1.194,7171
7172,AUG,36,562.9498,6,2.3649,-10.681,-13.9,0.3399,0.0,-1.194,7172
7173,AUG,33,468.3067,5,2.825,-2.881,-5.9,0.0,-1.0,-1.194,7173
7174,AUG,33,727.1632,5,1.725,-8.581,-8.9,0.0,-2.6,-1.194,7174
7175,AUG,39,2944.5126,4,-1.7711,-8.581,-8.0,0.0039,0.0,-1.194,7175
7176,AUG,36,176.4641,6,5.2649,-8.181,-14.3,0.3399,0.0,-1.194,7176
7177,AUG,39,33787.69,4,-7.8711,-12.981,-6.3,0.0039,0.0,-1.194,7177
7178,AUG,36,4506.7026,6,-2.8351,-10.881,-8.9,0.3399,0.0,-1.194,7178
7179,AUG,33,418.0623,10,3.1087,-9.581,-10.9,2.9837,0.0,-1.194,7179
7180,AUG,36,1725.4804,6,-0.4351,-11.081,-11.5,0.3399,0.0,-1.194,7180
7181,AUG,33,593.4025,7,2.2332,-8.781,-8.1,0.8082,-3.3,-1.194,7181
7182,AUG,36,1615.2396,8,-0.2701,-8.981,-8.5,1.4049,0.0,-1.194,7182
7183,AUG,36,1025.8,6,0.8649,-9.581,-11.3,0.3399,0.0,-1.194,7183
7184,AUG,36,985.5754,6,0.9649,-6.381,-8.2,0.3399,0.0,-1.194,7184
7185,AUG,33,301.5982,5,3.925,-2.381,-7.5,0.0,0.0,-1.194,7185
7186,AUG,39,38095.8012,4,-8.1711,-12.381,-5.4,0.0039,0.0,-1.194,7186
7187,AUG,36,687.597,6,1.8649,-6.581,-9.3,0.3399,0.0,-1.194,7187
7188,AUG,33,449.943,5,2.925,-5.781,-9.9,0.0,0.0,-1.194,7188
7189,AUG,33,382.1623,7,3.3332,-2.981,-6.7,0.8082,0.0,-1.194,7189
7190,AUG,36,5081.3313,6,-3.1351,-12.681,-10.4,0.3399,0.0,-1.194,7190
7191,AUG,33,485.8308,7,2.7332,-5.381,-8.5,0.8082,0.0,-1.194,7191
7192,AUG,39,13271.6952,6,-5.5351,-14.981,-10.3,0.3399,0.0,-1.194,7192
7193,AUG,36,2376.2547,6,-1.2351,-9.881,-9.5,0.3399,0.0,-1.194,7193
7194,AUG,36,377.347,6,3.3649,-12.281,-16.5,0.3399,0.0,-1.194,7194
7195,AUG,33,202.1623,5,4.925,-5.581,-8.5,0.0,-3.2,-1.194,7195
7196,AUG,33,186.6183,5,5.125,-7.481,-13.8,0.0,0.0,-1.194,7196
7197,AUG,33,1554.9501,5,-0.175,-5.881,-5.9,0.0,-1.0,-1.194,7197
7198,AUG,36,9637.0351,6,-4.7351,-13.281,-9.4,0.3399,0.0,-1.194,7198
7199,AUG,33,644.9311,5,2.025,-11.181,-11.9,0.0,-2.5,-1.194,7199
7200,AUG,36,2193.5485,6,-1.0351,-11.981,-11.8,0.3399,0.0,-1.194,7200
7201,AUG,36,10030.3551,6,-4.8351,-13.381,-9.4,0.3399,0.0,-1.194,7201
7202,AUG,33,399.0606,5,3.225,-8.081,-9.9,0.0,-2.6,-1.194,7202
7203,AUG,39,38095.8012,4,-8.1711,-13.281,-6.3,0.0039,0.0,-1.194,7203
7204,AUG,36,207.8957,9,4.8551,-11.081,-15.0,2.1301,0.0,-1.194,7204
7205,AUG,33,278.4088,5,4.125,-2.081,-7.4,0.0,0.0,-1.194,7205
7206,AUG,39,1268.919,7,0.3332,-8.181,-8.9,0.8082,0.0,-1.194,7206
7207,AUG,42,3020.8572,6,-1.8351,-8.681,-7.7,0.3399,0.0,-1.194,7207
7208,AUG,42,4882.0772,6,-3.0351,-11.081,-8.9,0.3399,0.0,-1.194,7208
7209,AUG,39,152.7883,5,5.625,-1.181,-7.1,0.0,-0.9,-1.194,7209
7210,AUG,42,839.8435,6,1.3649,-5.181,-7.4,0.3399,0.0,-1.194,7210
7211,AUG,42,1304.0671,6,0.2649,-8.981,-10.1,0.3399,0.0,-1.194,7211
7212,AUG,42,909.7962,6,1.1649,-9.281,-11.3,0.3399,0.0,-1.194,7212
7213,AUG,42,744.8687,6,1.6649,-7.781,-10.3,0.3399,0.0,-1.194,7213
7214,AUG,42,414.5333,8,3.1299,-6.881,-9.8,1.4049,0.0,-1.194,7214
7215,AUG,39,595.3434,5,2.225,-2.881,-6.3,0.0,0.0,-1.194,7215
7216,AUG,42,1220.7504,8,0.4299,-6.881,-7.1,1.4049,0.0,-1.194,7216
7217,AUG,42,1530.3523,6,-0.1351,-8.281,-9.0,0.3399,0.0,-1.194,7217
7218,AUG,39,698.649,5,1.825,-4.581,-7.6,0.0,0.0,-1.194,7218
7219,AUG,42,2902.4004,6,-1.7351,-12.581,-11.7,0.3399,0.0,-1.194,7219
7220,AUG,42,3545.0444,6,-2.2351,-11.181,-9.8,0.3399,0.0,-1.194,7220
7221,AUG,39,352.7784,7,3.5332,-4.581,-8.5,0.8082,0.0,-1.194,7221
7222,AUG,29,71217.537,6,-9.7351,-15.881,-7.0,0.3399,0.0,-1.194,7222
7223,AUG,38,2574.1789,6,-1.4351,-8.681,-8.1,0.3399,0.0,-1.194,7223
7224,AUG,26,12.7679,8,11.8299,-0.581,-12.2,1.4049,0.0,-1.194,7224
7225,AUG,39,98.3985,5,6.725,-1.181,-8.2,0.0,-0.9,-1.194,7225
7226,AUG,39,2722.3041,5,-1.575,-7.781,-7.4,0.0,0.0,-1.194,7226
7227,AUG,42,460.8985,6,2.8649,-7.381,-11.1,0.3399,0.0,-1.194,7227
7228,AUG,39,353.9323,5,3.525,-3.581,-8.3,0.0,0.0,-1.194,7228
7229,AUG,42,1945.4883,6,-0.7351,-10.881,-11.0,0.3399,0.0,-1.194,7229
7230,AUG,42,138.8095,6,5.8649,-7.081,-13.8,0.3399,0.0,-1.194,7230
7231,AUG,45,8004.5178,4,-4.2711,-8.781,-5.7,0.0039,0.0,-1.194,7231
7232,AUG,45,726.044,4,1.7289,-4.281,-7.2,0.0039,0.0,-1.194,7232
7233,AUG,39,202.1623,5,4.925,-3.781,-9.0,0.0,-0.9,-1.194,7233
7234,AUG,42,109.1898,6,6.4649,-5.181,-12.5,0.3399,0.0,-1.194,7234
7235,AUG,42,460.8985,6,2.8649,-9.481,-13.2,0.3399,0.0,-1.194,7235
7236,AUG,42,2107.5329,6,-0.9351,-8.281,-8.2,0.3399,0.0,-1.194,7236
7237,AUG,39,146.797,5,5.725,-5.381,-9.8,0.0,-2.5,-1.194,7237
7238,AUG,45,5812.3561,4,-3.4711,-8.581,-6.3,0.0039,0.0,-1.194,7238
7239,AUG,42,73.1903,6,7.4649,-5.181,-13.5,0.3399,0.0,-1.194,7239
7240,AUG,45,23572.3385,4,-6.9711,-13.281,-7.5,0.0039,0.0,-1.194,7240
7241,AUG,42,985.5754,6,0.9649,-9.481,-11.3,0.3399,0.0,-1.194,7241
7242,AUG,42,362.5501,6,3.4649,-6.181,-10.5,0.3399,0.0,-1.194,7242
7243,AUG,39,1618.4129,5,-0.275,-5.781,-6.7,0.0,0.0,-1.194,7243
7244,AUG,42,93.4089,9,6.8551,-8.581,-14.5,2.1301,0.0,-1.194,7244
7245,AUG,42,150.3713,6,5.6649,-7.081,-13.6,0.3399,0.0,-1.194,7245
7246,AUG,39,227.939,5,4.625,-0.281,-6.1,0.0,0.0,-1.194,7246
7247,AUG,40,301.0069,8,3.9299,-8.181,-11.9,1.4049,0.0,-1.194,7247
7248,AUG,42,2107.5329,6,-0.9351,-8.981,-8.9,0.3399,0.0,-1.194,7248
7249,AUG,42,989.4352,9,0.9551,-8.581,-8.6,2.1301,0.0,-1.194,7249
7250,AUG,42,2193.5485,6,-1.0351,-9.581,-9.4,0.3399,0.0,-1.194,7250
7251,AUG,45,2944.5126,4,-1.7711,-6.381,-5.8,0.0039,0.0,-1.194,7251
7252,AUG,39,1042.288,5,0.825,-6.981,-8.2,0.0,-0.8,-1.194,7252
7253,AUG,39,277.5012,7,4.1332,-2.881,-7.4,0.8082,0.0,-1.194,7253
7254,AUG,42,1530.3523,6,-0.1351,-9.481,-10.2,0.3399,0.0,-1.194,7254
7255,AUG,42,1252.9307,6,0.3649,-7.781,-9.0,0.3399,0.0,-1.194,7255
7256,AUG,42,296.8272,6,3.9649,-9.681,-14.5,0.3399,0.0,-1.194,7256
7257,AUG,42,715.6602,6,1.7649,-8.981,-11.6,0.3399,0.0,-1.194,7257
7258,AUG,45,2944.5126,4,-1.7711,-6.381,-5.8,0.0039,0.0,-1.194,7258
7259,AUG,45,39650.6199,4,-8.2711,-13.281,-6.2,0.0039,0.0,-1.194,7259
7260,AUG,42,744.8687,6,1.6649,-8.281,-10.8,0.3399,0.0,-1.194,7260
7261,AUG,42,479.7093,6,2.7649,-5.181,-8.8,0.3399,0.0,-1.194,7261
7262,AUG,42,2482.9238,9,-1.3449,-9.481,-7.2,2.1301,0.0,-1.194,7262
7263,AUG,42,2679.2398,6,-1.5351,-11.581,-10.9,0.3399,0.0,-1.194,7263
7264,AUG,39,165.5144,5,5.425,-5.781,-12.4,0.0,0.0,-1.194,7264
7265,AUG,42,1203.7996,6,0.4649,-9.481,-10.8,0.3399,0.0,-1.194,7265
7266,AUG,35,4390.9523,8,-2.7701,-9.581,-6.6,1.4049,0.0,-1.194,7266
7267,AUG,42,10439.7279,6,-4.9351,-12.781,-8.7,0.3399,0.0,-1.194,7267
7268,AUG,39,172.2696,5,5.325,-0.581,-6.8,0.0,-0.3,-1.194,7268
7269,AUG,39,547.7768,7,2.4332,-4.581,-7.4,0.8082,0.0,-1.194,7269
7270,AUG,42,191.1623,6,5.0649,-3.581,-9.5,0.3399,0.0,-1.194,7270
7271,AUG,39,326.7191,5,3.725,-3.581,-8.5,0.0,0.0,-1.194,7271
7272,AUG,42,2283.0746,6,-1.1351,-8.981,-8.7,0.3399,0.0,-1.194,7272
7273,AUG,32,10572.946,7,-4.9668,-11.581,-7.0,0.8082,0.0,-1.194,7273
7274,AUG,39,401.6688,10,3.2087,-7.881,-9.3,2.9837,0.0,-1.194,7274
7275,AUG,42,377.347,6,3.3649,-5.181,-9.4,0.3399,0.0,-1.194,7275
7276,AUG,42,1252.9307,6,0.3649,-7.481,-8.7,0.3399,0.0,-1.194,7276
7277,AUG,42,1203.7996,6,0.4649,-5.181,-6.5,0.3399,0.0,-1.194,7277
7278,AUG,33,585.9257,6,2.2649,-7.381,-10.5,0.3399,0.0,-1.194,7278
7279,AUG,42,123.1121,6,6.1649,-3.581,-10.6,0.3399,0.0,-1.194,7279
7280,AUG,42,2902.4004,6,-1.7351,-9.481,-8.6,0.3399,0.0,-1.194,7280
7281,AUG,42,224.3332,6,4.6649,-6.681,-12.2,0.3399,0.0,-1.194,7281
7282,AUG,39,2615.5545,5,-1.475,-9.081,-8.8,0.0,0.0,-1.194,7282
7283,AUG,42,207.0846,6,4.8649,-7.781,-13.5,0.3399,0.0,-1.194,7283
7284,AUG,45,42338.9065,6,-8.4351,-14.981,-7.4,0.3399,0.0,-1.194,7284
7285,AUG,42,806.9107,6,1.4649,-5.181,-7.5,0.3399,0.0,-1.194,7285
7286,AUG,39,110.9448,5,6.425,-1.281,-7.9,0.0,-1.0,-1.194,7286
7287,AUG,39,352.7784,7,3.5332,-2.881,-6.8,0.8082,0.0,-1.194,7287
7288,AUG,42,150.3713,6,5.6649,-9.481,-16.0,0.3399,0.0,-1.194,7288
7289,AUG,39,430.89,7,3.0332,-2.181,-5.6,0.8082,0.0,-1.194,7289
7290,AUG,42,460.8985,6,2.8649,-5.181,-8.9,0.3399,0.0,-1.194,7290
7291,AUG,39,415.3476,5,3.125,-3.581,-7.9,0.0,0.0,-1.194,7291
7292,AUG,42,215.5365,6,4.7649,-6.081,-11.7,0.3399,0.0,-1.194,7292
7293,AUG,39,819.8804,5,1.425,-2.881,-5.5,0.0,0.0,-1.194,7293
7294,AUG,42,1795.9031,6,-0.5351,-7.781,-8.1,0.3399,0.0,-1.194,7294
7295,AUG,42,2193.5485,6,-1.0351,-9.481,-9.3,0.3399,0.0,-1.194,7295
7296,AUG,39,1325.0277,5,0.225,-5.181,-6.6,0.0,0.0,-1.194,7296
7297,AUG,39,326.7191,5,3.725,-0.281,-5.2,0.0,0.0,-1.194,7297
7298,AUG,39,1493.9759,5,-0.075,-5.181,-6.3,0.0,0.0,-1.194,7298
7299,AUG,39,152.7883,5,5.625,-4.081,-9.7,0.0,-1.2,-1.194,7299
7300,AUG,42,479.7093,6,2.7649,-7.081,-10.7,0.3399,0.0,-1.194,7300
7301,AUG,42,348.3335,6,3.5649,-6.181,-10.6,0.3399,0.0,-1.194,7301
7302,AUG,39,370.7852,10,3.4087,-7.881,-9.5,2.9837,0.0,-1.194,7302
7303,AUG,42,499.2879,6,2.6649,-5.181,-8.7,0.3399,0.0,-1.194,7303
7304,AUG,39,1899.2442,5,-0.675,-5.181,-5.7,0.0,0.0,-1.194,7304
7305,AUG,42,1156.595,6,0.5649,-6.081,-7.5,0.3399,0.0,-1.194,7305
7306,AUG,29,15773.3782,7,-5.9668,-11.581,-6.0,0.8082,0.0,-1.194,7306
7307,AUG,33,382.1623,7,3.3332,-2.981,-6.7,0.8082,0.0,-1.194,7307
7308,AUG,36,4160.19,6,-2.6351,-11.781,-10.0,0.3399,0.0,-1.194,7308
7309,AUG,36,224.3332,6,4.6649,-5.781,-11.3,0.3399,0.0,-1.194,7309
7310,AUG,39,726.044,4,1.7289,-4.281,-7.2,0.0039,0.0,-1.194,7310
7311,AUG,26,12913.9876,7,-5.4668,-11.581,-6.5,0.8082,0.0,-1.194,7311
7312,AUG,33,277.5012,7,4.1332,-3.781,-8.3,0.8082,0.0,-1.194,7312
7313,AUG,36,985.5754,6,0.9649,-6.381,-8.2,0.3399,0.0,-1.194,7313
7314,AUG,36,1615.2396,8,-0.2701,-8.981,-8.5,1.4049,0.0,-1.194,7314
7315,AUG,39,23572.3385,4,-6.9711,-13.281,-7.5,0.0039,0.0,-1.194,7315
7316,AUG,39,24534.4055,4,-7.0711,-12.081,-6.2,0.0039,0.0,-1.194,7316
7317,AUG,36,2202.1392,9,-1.0449,-11.081,-9.1,2.1301,0.0,-1.194,7317
7318,AUG,36,2574.1789,6,-1.4351,-10.281,-9.7,0.3399,0.0,-1.194,7318
7319,AUG,36,2902.4004,6,-1.7351,-11.681,-10.8,0.3399,0.0,-1.194,7319
7320,AUG,39,8004.5178,4,-4.2711,-8.781,-5.7,0.0039,0.0,-1.194,7320
7321,AUG,36,1470.3426,6,-0.0351,-8.581,-9.4,0.3399,0.0,-1.194,7321
7322,AUG,33,1042.288,5,0.825,-4.981,-7.0,0.0,0.0,-1.194,7322
7323,AUG,36,562.9498,6,2.3649,-7.981,-11.2,0.3399,0.0,-1.194,7323
7324,AUG,39,5812.3561,4,-3.4711,-8.581,-6.3,0.0039,0.0,-1.194,7324
7325,AUG,36,1530.3523,6,-0.1351,-10.581,-11.3,0.3399,0.0,-1.194,7325
7326,AUG,39,39650.6199,4,-8.2711,-13.281,-6.2,0.0039,0.0,-1.194,7326
7327,AUG,36,1304.0671,6,0.2649,-10.881,-12.0,0.3399,0.0,-1.194,7327
7328,AUG,36,4329.9814,6,-2.7351,-14.181,-12.3,0.3399,0.0,-1.194,7328
7329,AUG,36,408.7772,6,3.1649,-7.981,-12.0,0.3399,0.0,-1.194,7329
7330,AUG,39,2944.5126,4,-1.7711,-6.381,-5.8,0.0039,0.0,-1.194,7330
7331,AUG,36,2376.2547,6,-1.2351,-9.781,-9.4,0.3399,0.0,-1.194,7331
7332,AUG,33,257.0025,5,4.325,-3.581,-7.4,0.0,-1.7,-1.194,7332
7333,AUG,29,7687.3897,8,-4.1701,-9.581,-5.2,1.4049,0.0,-1.194,7333
7334,AUG,32,12251.2573,6,-5.3351,-11.881,-7.4,0.3399,0.0,-1.194,7334
7335,AUG,33,452.8837,10,2.9087,-9.581,-10.7,2.9837,0.0,-1.194,7335
7336,AUG,36,5081.3313,6,-3.1351,-12.681,-10.4,0.3399,0.0,-1.194,7336
7337,AUG,33,1038.8899,7,0.8332,-10.681,-11.9,0.8082,0.0,-1.194,7337
7338,AUG,33,301.5982,5,3.925,-2.381,-7.5,0.0,0.0,-1.194,7338
7339,AUG,33,2949.0516,5,-1.775,-10.781,-10.2,0.0,0.0,-1.194,7339
7340,AUG,39,44706.286,4,-8.5711,-12.381,-5.0,0.0039,0.0,-1.194,7340
7341,AUG,36,634.7289,6,2.0649,-8.881,-11.8,0.3399,0.0,-1.194,7341
7342,AUG,36,169.5444,6,5.3649,-7.881,-14.1,0.3399,0.0,-1.194,7342
7343,AUG,36,334.6743,6,3.6649,-10.481,-15.0,0.3399,0.0,-1.194,7343
7344,AUG,36,3840.3201,6,-2.4351,-13.781,-12.2,0.3399,0.0,-1.194,7344
7345,AUG,36,9637.0351,6,-4.7351,-13.281,-9.4,0.3399,0.0,-1.194,7345
7346,AUG,36,687.597,6,1.8649,-6.581,-9.3,0.3399,0.0,-1.194,7346
7347,AUG,36,1725.4804,6,-0.4351,-7.781,-8.2,0.3399,0.0,-1.194,7347
7348,AUG,36,10030.3551,6,-4.8351,-13.381,-9.4,0.3399,0.0,-1.194,7348
7349,AUG,36,562.9498,6,2.3649,-6.381,-9.6,0.3399,0.0,-1.194,7349
7350,AUG,33,853.3425,5,1.325,-6.581,-9.1,0.0,0.0,-1.194,7350
7351,AUG,33,418.0623,10,3.1087,-9.581,-10.9,2.9837,0.0,-1.194,7351
7352,AUG,36,16871.8856,6,-6.1351,-11.281,-6.0,0.3399,0.0,-1.194,7352
7353,AUG,36,2024.8903,6,-0.8351,-10.681,-10.7,0.3399,0.0,-1.194,7353
7354,AUG,36,2788.5887,6,-1.6351,-12.281,-11.5,0.3399,0.0,-1.194,7354
7355,AUG,27,267.0799,4,4.2289,-7.081,-10.5,0.0039,-2.0,-1.194,7355
7356,AUG,33,595.3434,5,2.225,-7.581,-9.8,0.0,-1.2,-1.194,7356
7357,AUG,33,1325.0277,5,0.225,-7.581,-9.0,0.0,0.0,-1.194,7357
7358,AUG,36,1111.2415,6,0.6649,-6.581,-8.1,0.3399,0.0,-1.194,7358
7359,AUG,36,2376.2547,6,-1.2351,-9.881,-9.5,0.3399,0.0,-1.194,7359
7360,AUG,33,619.6414,5,2.125,-8.881,-12.2,0.0,0.0,-1.194,7360
7361,AUG,36,2574.1789,6,-1.4351,-9.381,-8.8,0.3399,0.0,-1.194,7361
7362,AUG,36,207.8957,9,4.8551,-11.081,-15.0,2.1301,0.0,-1.194,7362
7363,AUG,36,334.6743,6,3.6649,-8.381,-12.9,0.3399,0.0,-1.194,7363
7364,AUG,33,761.7878,10,1.6087,-8.281,-8.1,2.9837,0.0,-1.194,7364
7365,AUG,33,642.8285,7,2.0332,-4.681,-7.1,0.8082,0.0,-1.194,7365
7366,AUG,33,130.1963,5,6.025,-3.881,-9.2,0.0,-1.9,-1.194,7366
7367,AUG,36,2193.5485,6,-1.0351,-11.981,-11.8,0.3399,0.0,-1.194,7367
7368,AUG,33,278.4088,5,4.125,-2.081,-7.4,0.0,0.0,-1.194,7368
7369,AUG,36,3855.3602,9,-2.4449,-11.981,-8.6,2.1301,0.0,-1.194,7369
7370,AUG,39,53824.1101,6,-9.0351,-14.981,-6.8,0.3399,0.0,-1.194,7370
7371,AUG,20,348.3335,6,3.5649,0.219,-4.2,0.3399,0.0,-1.194,7371
7372,AUG,33,370.7852,10,3.4087,-8.281,-9.9,2.9837,0.0,-1.194,7372
7373,AUG,34,467.3885,8,2.8299,-10.681,-13.3,1.4049,0.0,-1.194,7373
7374,AUG,33,313.9075,5,3.825,-5.781,-10.8,0.0,0.0,-1.194,7374
7375,AUG,36,4506.7026,6,-2.8351,-10.881,-8.9,0.3399,0.0,-1.194,7375
7376,AUG,39,4952.9133,4,-3.0711,-8.581,-6.7,0.0039,0.0,-1.194,7376
7377,AUG,36,839.8435,6,1.3649,-6.481,-8.7,0.3399,0.0,-1.194,7377
7378,AUG,23,49685.6663,6,-8.8351,-15.981,-8.0,0.3399,0.0,-1.194,7378
7379,AUG,33,24.2626,5,10.225,-11.481,-15.2,0.0,-7.7,-1.194,7379
7380,AUG,39,39650.6199,4,-8.2711,-12.381,-5.3,0.0039,0.0,-1.194,7380
7381,AUG,36,1725.4804,6,-0.4351,-11.081,-11.5,0.3399,0.0,-1.194,7381
7382,AUG,39,46530.901,4,-8.6711,-13.281,-5.8,0.0039,0.0,-1.194,7382
7383,AUG,33,1129.1028,5,0.625,-5.481,-7.3,0.0,0.0,-1.194,7383
7384,AUG,39,75199.6649,4,-9.8711,-12.981,-4.3,0.0039,0.0,-1.194,7384
7385,AUG,36,562.9498,6,2.3649,-10.681,-13.9,0.3399,0.0,-1.194,7385
7386,AUG,33,130.1963,5,6.025,-5.781,-13.0,0.0,0.0,-1.194,7386
7387,AUG,33,1175.1853,5,0.525,-6.481,-8.2,0.0,0.0,-1.194,7387
7388,AUG,36,479.7093,6,2.7649,-6.781,-10.4,0.3399,0.0,-1.194,7388
7389,AUG,36,252.9369,6,4.3649,-7.481,-12.7,0.3399,0.0,-1.194,7389
7390,AUG,33,487.4199,5,2.725,-6.781,-8.8,0.0,-1.9,-1.194,7390
7391,AUG,36,11770.849,6,-5.2351,-14.581,-10.2,0.3399,0.0,-1.194,7391
7392,AUG,36,93.0445,6,6.8649,-6.781,-14.5,0.3399,0.0,-1.194,7392
7393,AUG,33,787.7305,5,1.525,-5.981,-8.7,0.0,0.0,-1.194,7393
7394,AUG,36,687.597,6,1.8649,-8.581,-11.3,0.3399,0.0,-1.194,7394
7395,AUG,36,1156.595,6,0.5649,-9.681,-11.1,0.3399,0.0,-1.194,7395
7396,AUG,36,744.8687,6,1.6649,-9.681,-12.2,0.3399,0.0,-1.194,7396
7397,AUG,33,172.2696,5,5.325,-4.381,-10.9,0.0,0.0,-1.194,7397
7398,AUG,36,3144.1487,6,-1.9351,-10.781,-9.7,0.3399,0.0,-1.194,7398
7399,AUG,36,1067.6664,6,0.7649,-9.581,-11.2,0.3399,0.0,-1.194,7399
7400,AUG,36,377.347,6,3.3649,-12.281,-16.5,0.3399,0.0,-1.194,7400
7401,AUG,36,263.2601,6,4.2649,-5.781,-10.9,0.3399,0.0,-1.194,7401
7402,AUG,36,392.7479,6,3.2649,-6.481,-10.6,0.3399,0.0,-1.194,7402
7403,AUG,33,485.8308,7,2.7332,-5.381,-8.5,0.8082,0.0,-1.194,7403
7404,AUG,39,2944.5126,4,-1.7711,-6.381,-5.8,0.0039,0.0,-1.194,7404
7405,AUG,36,7283.3863,6,-4.0351,-12.481,-9.3,0.3399,0.0,-1.194,7405
7406,AUG,33,399.0606,5,3.225,-5.481,-9.9,0.0,0.0,-1.194,7406
7407,AUG,36,233.489,6,4.5649,-9.081,-14.5,0.3399,0.0,-1.194,7407
7408,AUG,33,850.5605,7,1.3332,-5.481,-7.2,0.8082,0.0,-1.194,7408
7409,AUG,36,548.4909,8,2.4299,-8.981,-11.2,1.4049,0.0,-1.194,7409
7410,AUG,36,1025.8,6,0.8649,-9.381,-11.1,0.3399,0.0,-1.194,7410
7411,AUG,33,186.6183,5,5.125,-7.481,-13.8,0.0,0.0,-1.194,7411
7412,AUG,36,176.4641,6,5.2649,-8.181,-14.3,0.3399,0.0,-1.194,7412
7413,AUG,36,150.3713,6,5.6649,-6.481,-13.0,0.3399,0.0,-1.194,7413
7414,AUG,33,1001.4168,5,0.925,-10.981,-11.9,0.0,-1.2,-1.194,7414
7415,AUG,38,28791.6809,4,-7.4711,-12.481,-6.2,0.0039,0.0,-1.194,7415
7416,AUG,38,46530.901,4,-8.6711,-13.681,-6.2,0.0039,0.0,-1.194,7416
7417,AUG,35,744.8687,6,1.6649,-9.281,-11.1,0.3399,-0.7,-1.194,7417
7418,AUG,35,2482.9238,9,-1.3449,-12.681,-9.7,2.1301,-0.7,-1.194,7418
7419,AUG,35,6723.3792,6,-3.8351,-14.081,-11.1,0.3399,0.0,-1.194,7419
7420,AUG,32,65.9568,5,7.725,-8.881,-14.4,0.0,-3.4,-1.194,7420
7421,AUG,35,150.3713,6,5.6649,-9.081,-15.6,0.3399,0.0,-1.194,7421
7422,AUG,35,2788.5887,6,-1.6351,-14.881,-13.4,0.3399,-0.7,-1.194,7422
7423,AUG,35,150.3713,6,5.6649,-7.881,-13.0,0.3399,-1.4,-1.194,7423
7424,AUG,35,2193.5485,6,-1.0351,-14.481,-13.6,0.3399,-0.7,-1.194,7424
7425,AUG,35,660.6343,6,1.9649,-11.581,-13.7,0.3399,-0.7,-1.194,7425
7426,AUG,35,2107.5329,6,-0.9351,-12.381,-10.7,0.3399,-1.6,-1.194,7426
7427,AUG,32,102.4145,5,6.625,-4.681,-9.7,0.0,-2.8,-1.194,7427
7428,AUG,35,985.5754,6,0.9649,-10.381,-12.2,0.3399,0.0,-1.194,7428
7429,AUG,35,946.928,6,1.0649,-7.281,-9.2,0.3399,0.0,-1.194,7429
7430,AUG,32,165.5144,5,5.425,-5.781,-12.4,0.0,0.0,-1.194,7430
7431,AUG,32,60.8855,5,7.925,-5.681,-11.5,0.0,-3.3,-1.194,7431
7432,AUG,35,715.6602,6,1.7649,-10.081,-12.7,0.3399,0.0,-1.194,7432
7433,AUG,35,6997.7831,6,-3.9351,-12.481,-9.4,0.3399,0.0,-1.194,7433
7434,AUG,35,408.7772,6,3.1649,-7.481,-11.5,0.3399,0.0,-1.194,7434
7435,AUG,34,5356.2054,7,-3.2668,-11.581,-8.7,0.8082,0.0,-1.194,7435
7436,AUG,35,985.5754,6,0.9649,-11.281,-12.4,0.3399,-0.7,-1.194,7436
7437,AUG,32,787.7305,5,1.525,-10.781,-13.5,0.0,0.0,-1.194,7437
7438,AUG,32,219.0009,5,4.725,-12.481,-11.9,0.0,-6.5,-1.194,7438
7439,AUG,35,377.347,6,3.3649,-7.181,-11.4,0.3399,0.0,-1.194,7439
7440,AUG,35,499.2879,6,2.6649,-10.381,-13.9,0.3399,0.0,-1.194,7440
7441,AUG,35,215.5365,6,4.7649,-11.181,-16.1,0.3399,-0.7,-1.194,7441
7442,AUG,35,113.6462,6,6.3649,-8.881,-15.4,0.3399,-0.7,-1.194,7442
7443,AUG,38,3743.2656,4,-2.3711,-8.981,-7.8,0.0039,0.0,-1.194,7443
7444,AUG,32,291.6655,10,4.0087,-9.581,-11.8,2.9837,0.0,-1.194,7444
7445,AUG,38,39650.6199,4,-8.2711,-12.781,-5.7,0.0039,0.0,-1.194,7445
7446,AUG,35,5963.0575,6,-3.5351,-16.681,-11.9,0.3399,-2.1,-1.194,7446
7447,AUG,32,1038.8899,7,0.8332,-10.681,-11.9,0.8082,0.0,-1.194,7447
7448,AUG,38,36601.9515,4,-8.0711,-13.681,-6.8,0.0039,0.0,-1.194,7448
7449,AUG,32,340.0536,5,3.625,-9.681,-11.3,0.0,-3.2,-1.194,7449
7450,AUG,32,36.1965,5,9.225,-8.181,-14.8,0.0,-3.8,-1.194,7450
7451,AUG,32,186.6183,5,5.125,-7.981,-12.8,0.0,-1.5,-1.194,7451
7452,AUG,38,2611.5287,4,-1.4711,-6.781,-6.5,0.0039,0.0,-1.194,7452
7453,AUG,38,7099.3169,4,-3.9711,-9.181,-6.4,0.0039,0.0,-1.194,7453
7454,AUG,35,585.9257,6,2.2649,-10.281,-13.4,0.3399,0.0,-1.194,7454
7455,AUG,35,1357.2905,6,0.1649,-12.681,-11.5,0.3399,-2.2,-1.194,7455
7456,AUG,35,2024.8903,6,-0.8351,-10.581,-10.6,0.3399,0.0,-1.194,7456
7457,AUG,38,19299.156,4,-6.4711,-13.681,-8.4,0.0039,0.0,-1.194,7457
7458,AUG,32,194.2349,5,5.025,-6.881,-11.1,0.0,-2.0,-1.194,7458
7459,AUG,32,257.0025,5,4.325,-7.981,-11.9,0.0,-1.6,-1.194,7459
7460,AUG,35,162.8961,6,5.4649,-8.181,-13.8,0.3399,-0.7,-1.194,7460
7461,AUG,35,425.4608,6,3.0649,-10.481,-13.5,0.3399,-0.9,-1.194,7461
7462,AUG,32,2228.8061,5,-1.075,-11.381,-9.9,0.0,-1.6,-1.194,7462
7463,AUG,26,191.1623,6,5.0649,-7.381,-13.3,0.3399,0.0,-1.194,7463
7464,AUG,35,377.347,6,3.3649,-9.281,-11.3,0.3399,-2.2,-1.194,7464
7465,AUG,35,133.8887,9,5.9551,-11.781,-16.1,2.1301,-0.7,-1.194,7465
7466,AUG,35,321.5507,6,3.7649,-14.281,-17.6,0.3399,-1.3,-1.194,7466
7467,AUG,32,468.3067,5,2.825,-7.581,-11.6,0.0,0.0,-1.194,7467
7468,AUG,35,104.9081,6,6.5649,-8.081,-14.6,0.3399,-0.9,-1.194,7468
7469,AUG,35,6723.3792,6,-3.8351,-14.881,-11.0,0.3399,-0.9,-1.194,7469
7470,AUG,35,198.9642,6,4.9649,-9.781,-15.6,0.3399,0.0,-1.194,7470
7471,AUG,38,11770.849,6,-5.2351,-14.981,-10.6,0.3399,0.0,-1.194,7471
7472,AUG,35,2473.2377,6,-1.3351,-10.981,-9.6,0.3399,-0.9,-1.194,7472
7473,AUG,35,33.4134,5,9.425,-7.381,-12.8,0.0,-5.2,-1.194,7473
7474,AUG,35,109.1898,6,6.4649,-8.581,-15.2,0.3399,-0.7,-1.194,7474
7475,AUG,35,1869.1999,6,-0.6351,-12.681,-12.9,0.3399,0.0,-1.194,7475
7476,AUG,35,874.1203,6,1.2649,-8.481,-9.9,0.3399,-0.7,-1.194,7476
7477,AUG,38,64080.2835,4,-9.4711,-13.381,-5.1,0.0039,0.0,-1.194,7477
7478,AUG,32,165.5144,5,5.425,-5.781,-12.4,0.0,0.0,-1.194,7478
7479,AUG,35,224.3332,6,4.6649,-6.481,-12.0,0.3399,0.0,-1.194,7479
7480,AUG,22,39083.5403,6,-8.2351,-15.881,-8.5,0.3399,0.0,-1.194,7480
7481,AUG,32,1001.4168,5,0.925,-12.781,-11.0,0.0,-3.9,-1.194,7481
7482,AUG,35,2283.0746,6,-1.1351,-12.981,-10.6,0.3399,-2.1,-1.194,7482
7483,AUG,32,146.3184,7,5.7332,-4.681,-10.8,0.8082,0.0,-1.194,7483
7484,AUG,32,4.6774,13,14.3402,-3.781,-13.0,6.3152,0.0,-1.194,7484
7485,AUG,35,1869.1999,6,-0.6351,-12.981,-13.2,0.3399,0.0,-1.194,7485
7486,AUG,32,153.7869,10,5.6087,-9.581,-13.4,2.9837,0.0,-1.194,7486
7487,AUG,31,4329.9814,6,-2.7351,-11.981,-9.4,0.3399,-0.7,-1.194,7487
7488,AUG,35,1040.2444,8,0.8299,-9.681,-9.6,1.4049,-0.7,-1.194,7488
7489,AUG,35,585.9257,6,2.2649,-7.281,-10.4,0.3399,0.0,-1.194,7489
7490,AUG,35,1304.0671,6,0.2649,-10.981,-11.4,0.3399,-0.7,-1.194,7490
7491,AUG,32,278.4088,5,4.125,-9.781,-11.9,0.0,-3.2,-1.194,7491
7492,AUG,35,1418.2187,9,0.0551,-11.781,-10.2,2.1301,-0.7,-1.194,7492
7493,AUG,32,115.4729,5,6.325,-7.681,-12.5,0.0,-2.7,-1.194,7493
7494,AUG,32,147.7564,10,5.7087,-8.281,-12.2,2.9837,0.0,-1.194,7494
7495,AUG,35,460.8985,6,2.8649,-10.181,-13.0,0.3399,-0.9,-1.194,7495
7496,AUG,35,285.1877,6,4.0649,-12.781,-15.6,0.3399,-2.1,-1.194,7496
7497,AUG,38,44706.286,4,-8.5711,-12.781,-5.4,0.0039,0.0,-1.194,7497
7498,AUG,33,467.3885,8,2.8299,-10.681,-13.3,1.4049,0.0,-1.194,7498
7499,AUG,32,135.51,5,5.925,-5.081,-9.5,0.0,-2.7,-1.194,7499
7500,AUG,32,141.9624,10,5.8087,-8.281,-12.3,2.9837,0.0,-1.194,7500
7501,AUG,32,218.2869,7,4.7332,-8.881,-10.6,0.8082,-3.4,-1.194,7501
7502,AUG,35,362.5501,6,3.4649,-8.681,-12.3,0.3399,-0.7,-1.194,7502
7503,AUG,35,519.6655,6,2.5649,-9.281,-10.5,0.3399,-2.2,-1.194,7503
7504,AUG,38,2054.2703,4,-0.8711,-6.781,-7.1,0.0039,0.0,-1.194,7504
7505,AUG,38,726.044,4,1.7289,-4.681,-7.6,0.0039,0.0,-1.194,7505
7506,AUG,32,39.2114,5,9.025,-4.781,-12.3,0.0,-2.7,-1.194,7506
7507,AUG,28,5809.902,8,-3.4701,-9.581,-5.9,1.4049,0.0,-1.194,7507
7508,AUG,35,1111.2415,6,0.6649,-11.781,-12.6,0.3399,-0.7,-1.194,7508
7509,AUG,35,1869.1999,6,-0.6351,-13.381,-12.7,0.3399,-0.9,-1.194,7509
7510,AUG,35,4882.0772,6,-3.0351,-13.181,-11.0,0.3399,0.0,-1.194,7510
7511,AUG,32,68.6487,5,7.625,-11.581,-14.3,0.0,-6.1,-1.194,7511
7512,AUG,38,6553.4625,4,-3.7711,-8.981,-6.4,0.0039,0.0,-1.194,7512
7513,AUG,35,1869.1999,6,-0.6351,-11.281,-11.5,0.3399,0.0,-1.194,7513
7514,AUG,35,353.2384,8,3.5299,-9.681,-12.3,1.4049,-0.7,-1.194,7514
7515,AUG,35,1470.3426,6,-0.0351,-13.781,-12.5,0.3399,-2.1,-1.194,7515
7516,AUG,32,179.3005,5,5.225,-7.481,-13.9,0.0,0.0,-1.194,7516
7517,AUG,19,353.2384,8,3.5299,-5.881,-9.2,1.4049,0.0,-1.194,7517
7518,AUG,35,308.9417,6,3.8649,-9.581,-12.7,0.3399,-1.6,-1.194,7518
7519,AUG,32,60.687,7,7.9332,-5.381,-13.7,0.8082,0.0,-1.194,7519
7520,AUG,35,3997.0566,6,-2.5351,-14.281,-11.7,0.3399,-0.9,-1.194,7520
7521,AUG,32,94.54,5,6.825,-3.981,-10.0,0.0,-2.0,-1.194,7521
7522,AUG,35,79.2865,6,7.2649,-7.481,-15.6,0.3399,0.0,-1.194,7522
7523,AUG,35,1304.0671,6,0.2649,-12.781,-11.8,0.3399,-2.1,-1.194,7523
7524,AUG,33,3460.7789,5,-2.175,-9.781,-8.8,0.0,0.0,-1.194,7524
7525,AUG,39,7580.646,6,-4.1351,-14.981,-11.7,0.3399,0.0,-1.194,7525
7526,AUG,36,562.9498,6,2.3649,-12.981,-13.9,0.3399,-2.3,-1.194,7526
7527,AUG,33,853.3425,5,1.325,-12.181,-11.7,0.0,-3.0,-1.194,7527
7528,AUG,36,946.928,6,1.0649,-11.981,-13.9,0.3399,0.0,-1.194,7528
7529,AUG,33,399.0606,5,3.225,-4.881,-9.3,0.0,0.0,-1.194,7529
7530,AUG,36,2024.8903,6,-0.8351,-9.581,-9.6,0.3399,0.0,-1.194,7530
7531,AUG,36,634.7289,6,2.0649,-6.481,-9.4,0.3399,0.0,-1.194,7531
7532,AUG,33,34.7771,5,9.325,-8.281,-12.6,0.0,-6.2,-1.194,7532
7533,AUG,36,2574.1789,6,-1.4351,-10.281,-9.7,0.3399,0.0,-1.194,7533
7534,AUG,33,135.51,5,5.925,-10.281,-12.9,0.0,-4.5,-1.194,7534
7535,AUG,36,744.8687,6,1.6649,-9.681,-12.2,0.3399,0.0,-1.194,7535
7536,AUG,36,2574.1789,6,-1.4351,-13.581,-11.2,0.3399,-1.8,-1.194,7536
7537,AUG,33,1223.1486,5,0.425,-8.881,-10.5,0.0,0.0,-1.194,7537
7538,AUG,36,2376.2547,6,-1.2351,-9.881,-9.5,0.3399,0.0,-1.194,7538
7539,AUG,36,562.9498,6,2.3649,-9.581,-9.6,0.3399,-3.2,-1.194,7539
7540,AUG,36,1304.0671,6,0.2649,-10.881,-12.0,0.3399,0.0,-1.194,7540
7541,AUG,36,3545.0444,6,-2.2351,-14.481,-11.3,0.3399,-1.8,-1.194,7541
7542,AUG,33,65.9568,5,7.725,-5.381,-11.3,0.0,-3.0,-1.194,7542
7543,AUG,36,909.7962,6,1.1649,-8.581,-10.6,0.3399,0.0,-1.194,7543
7544,AUG,33,106.5943,5,6.525,-6.581,-9.8,0.0,-4.5,-1.194,7544
7545,AUG,36,548.4909,8,2.4299,-8.981,-11.2,1.4049,0.0,-1.194,7545
7546,AUG,39,960.6674,4,1.0289,-8.581,-10.8,0.0039,0.0,-1.194,7546
7547,AUG,36,4506.7026,6,-2.8351,-13.181,-8.9,0.3399,-2.3,-1.194,7547
7548,AUG,33,432.2994,5,3.025,-1.881,-6.1,0.0,0.0,-1.194,7548
7549,AUG,36,377.347,6,3.3649,-9.781,-12.2,0.3399,-1.8,-1.194,7549
7550,AUG,36,1725.4804,6,-0.4351,-7.781,-8.2,0.3399,0.0,-1.194,7550
7551,AUG,36,156.5085,6,5.5649,-15.181,-15.1,0.3399,-6.5,-1.194,7551
7552,AUG,36,334.6743,6,3.6649,-10.481,-15.0,0.3399,0.0,-1.194,7552
7553,AUG,36,1657.8191,6,-0.3351,-12.981,-11.2,0.3399,-2.3,-1.194,7553
7554,AUG,36,176.4641,6,5.2649,-8.181,-14.3,0.3399,0.0,-1.194,7554
7555,AUG,36,377.347,6,3.3649,-12.281,-16.5,0.3399,0.0,-1.194,7555
7556,AUG,36,585.9257,6,2.2649,-9.881,-10.7,0.3399,-2.3,-1.194,7556
7557,AUG,36,252.9369,6,4.3649,-7.481,-12.7,0.3399,0.0,-1.194,7557
7558,AUG,36,687.597,6,1.8649,-6.581,-9.3,0.3399,0.0,-1.194,7558
7559,AUG,36,1470.3426,6,-0.0351,-11.181,-10.2,0.3399,-1.8,-1.194,7559
7560,AUG,36,634.7289,6,2.0649,-10.681,-11.8,0.3399,-1.8,-1.194,7560
7561,AUG,36,4506.7026,6,-2.8351,-15.081,-11.3,0.3399,-1.8,-1.194,7561
7562,AUG,36,408.7772,6,3.1649,-8.381,-12.4,0.3399,0.0,-1.194,7562
7563,AUG,33,186.6183,5,5.125,-7.481,-13.8,0.0,0.0,-1.194,7563
7564,AUG,36,169.5444,6,5.3649,-7.881,-14.1,0.3399,0.0,-1.194,7564
7565,AUG,33,229.4288,10,4.6087,-9.581,-12.4,2.9837,0.0,-1.194,7565
7566,AUG,33,58.498,5,8.025,-8.281,-14.7,0.0,-2.8,-1.194,7566
7567,AUG,36,2376.2547,6,-1.2351,-15.881,-12.1,0.3399,-3.4,-1.194,7567
7568,AUG,36,348.3335,6,3.5649,-9.581,-10.8,0.3399,-3.2,-1.194,7568
7569,AUG,34,138.8095,6,5.8649,-9.681,-13.3,0.3399,-3.1,-1.194,7569
7570,AUG,33,90.8328,5,6.925,-11.181,-13.1,0.0,-6.2,-1.194,7570
7571,AUG,36,562.9498,6,2.3649,-7.981,-11.2,0.3399,0.0,-1.194,7571
7572,AUG,36,1025.8,6,0.8649,-9.381,-11.1,0.3399,0.0,-1.194,7572
7573,AUG,33,368.3775,5,3.425,-1.981,-6.6,0.0,0.0,-1.194,7573
7574,AUG,26,9009.5798,7,-4.5668,-11.581,-7.4,0.8082,0.0,-1.194,7574
7575,AUG,36,1025.8,6,0.8649,-6.481,-8.2,0.3399,0.0,-1.194,7575
7576,AUG,33,1325.0277,5,0.225,-6.381,-7.8,0.0,0.0,-1.194,7576
7577,AUG,36,660.6343,6,1.9649,-12.581,-13.6,0.3399,-1.8,-1.194,7577
7578,AUG,39,1376.984,4,0.1289,-6.381,-7.7,0.0039,0.0,-1.194,7578
7579,AUG,36,744.8687,6,1.6649,-10.681,-10.9,0.3399,-2.3,-1.194,7579
7580,AUG,33,1129.1028,5,0.625,-5.481,-7.3,0.0,0.0,-1.194,7580
7581,AUG,36,1725.4804,6,-0.4351,-11.081,-11.5,0.3399,0.0,-1.194,7581
7582,AUG,36,1322.4297,8,0.2299,-8.981,-9.0,1.4049,0.0,-1.194,7582
7583,AUG,23,31998.4945,6,-7.7351,-15.781,-8.9,0.3399,0.0,-1.194,7583
7584,AUG,36,1530.3523,6,-0.1351,-10.581,-11.3,0.3399,0.0,-1.194,7584
7585,AUG,33,56.2041,5,8.125,-5.481,-11.7,0.0,-3.1,-1.194,7585
7586,AUG,36,70.3202,6,7.5649,-8.281,-14.9,0.3399,-1.8,-1.194,7586
7587,AUG,36,687.597,6,1.8649,-10.381,-11.3,0.3399,-1.8,-1.194,7587
7588,AUG,36,93.0445,6,6.8649,-6.781,-14.5,0.3399,0.0,-1.194,7588
7589,AUG,33,159.0241,5,5.525,-2.181,-8.8,0.0,-0.1,-1.194,7589
7590,AUG,33,819.8804,5,1.425,-5.981,-8.6,0.0,0.0,-1.194,7590
7591,AUG,33,238.7926,10,4.5087,-9.581,-12.3,2.9837,0.0,-1.194,7591
7592,AUG,33,83.8488,5,7.125,-10.281,-14.1,0.0,-4.5,-1.194,7592
7593,AUG,33,248.5385,10,4.4087,-8.281,-10.9,2.9837,0.0,-1.194,7593
7594,AUG,33,325.6539,7,3.7332,-5.481,-9.5,0.8082,-0.1,-1.194,7594
7595,AUG,33,1618.4129,5,-0.275,-6.481,-7.4,0.0,0.0,-1.194,7595
7596,AUG,36,6206.4301,6,-3.6351,-16.881,-11.8,0.3399,-2.3,-1.194,7596
7597,AUG,33,1273.0695,5,0.325,-7.581,-9.1,0.0,0.0,-1.194,7597
7598,AUG,36,4329.9814,6,-2.7351,-14.181,-12.3,0.3399,0.0,-1.194,7598
7599,AUG,33,1001.4168,5,0.925,-6.481,-8.6,0.0,0.0,-1.194,7599
7600,AUG,36,224.3332,6,4.6649,-8.081,-11.3,0.3399,-2.3,-1.194,7600
7601,AUG,33,593.4025,7,2.2332,-5.481,-8.1,0.8082,0.0,-1.194,7601
7602,AUG,33,1970.3141,7,-0.7668,-10.681,-10.3,0.8082,0.0,-1.194,7602
7603,AUG,39,960.6674,4,1.0289,-6.381,-8.6,0.0039,0.0,-1.194,7603
7604,AUG,39,2225.3756,4,-1.0711,-8.581,-8.7,0.0039,0.0,-1.194,7604
7605,AUG,39,3896.0409,4,-2.4711,-13.281,-12.0,0.0039,0.0,-1.194,7605
7606,AUG,39,3596.481,4,-2.2711,-8.781,-7.7,0.0039,0.0,-1.194,7606
7607,AUG,36,4690.6365,6,-2.9351,-13.381,-11.3,0.3399,0.0,-1.194,7607
7608,AUG,36,274.0047,6,4.1649,-6.781,-11.8,0.3399,0.0,-1.194,7608
7609,AUG,36,263.2601,6,4.2649,-5.781,-10.9,0.3399,0.0,-1.194,7609
7610,AUG,20,0.0792,-2,24.5346,0.319,-8.2,17.2096,0.0,-1.194,7610
7611,AUG,36,2788.5887,6,-1.6351,-12.281,-11.5,0.3399,0.0,-1.194,7611
7613,AUG,33,1493.9759,5,-0.075,-6.581,-7.7,0.0,0.0,-1.194,7613
7614,AUG,39,726.044,4,1.7289,-4.281,-7.2,0.0039,0.0,-1.194,7614
7615,AUG,29,4390.9523,8,-2.7701,-9.581,-6.6,1.4049,0.0,-1.194,7615
7616,AUG,36,3840.3201,6,-2.4351,-13.781,-12.2,0.3399,0.0,-1.194,7616
7617,AUG,36,1067.6664,6,0.7649,-9.681,-11.3,0.3399,0.0,-1.194,7617
7618,AUG,27,392.7479,6,3.2649,-7.381,-11.5,0.3399,0.0,-1.194,7618
7619,AUG,32,7580.646,6,-4.1351,-11.281,-8.0,0.3399,0.0,-1.194,7619
7620,AUG,36,775.2693,6,1.5649,-6.581,-9.0,0.3399,0.0,-1.194,7620
7621,AUG,36,233.489,6,4.5649,-9.081,-14.5,0.3399,0.0,-1.194,7621
7622,AUG,36,9259.1382,6,-4.6351,-11.281,-7.5,0.3399,0.0,-1.194,7622
7623,AUG,33,47.8935,5,8.525,-10.881,-14.1,0.0,-6.5,-1.194,7623
7624,AUG,36,104.9081,6,6.5649,-9.881,-15.0,0.3399,-2.3,-1.194,7624
7625,AUG,35,1470.3426,6,-0.0351,-8.581,-9.4,0.3399,0.0,-1.194,7625
7626,AUG,32,2228.8061,5,-1.075,-10.581,-8.8,0.0,-1.9,-1.194,7626
7627,AUG,38,4392.807,4,-2.7711,-8.581,-7.0,0.0039,0.0,-1.194,7627
7628,AUG,35,2574.1789,6,-1.4351,-10.281,-9.7,0.3399,0.0,-1.194,7628
7629,AUG,32,485.8308,7,2.7332,-5.481,-8.5,0.8082,-0.1,-1.194,7629
7630,AUG,32,340.0536,5,3.625,-2.281,-6.8,0.0,-0.3,-1.194,7630
7631,AUG,32,65.9568,5,7.725,-6.681,-10.7,0.0,-4.9,-1.194,7631
7632,AUG,35,1615.2396,8,-0.2701,-8.981,-8.5,1.4049,0.0,-1.194,7632
7633,AUG,38,726.044,4,1.7289,-4.281,-7.2,0.0039,0.0,-1.194,7633
7634,AUG,35,479.7093,6,2.7649,-6.781,-10.4,0.3399,0.0,-1.194,7634
7635,AUG,38,24534.4055,4,-7.0711,-12.081,-6.2,0.0039,0.0,-1.194,7635
7636,AUG,35,3144.1487,6,-1.9351,-10.781,-9.7,0.3399,0.0,-1.194,7636
7637,AUG,35,687.597,6,1.8649,-6.581,-9.3,0.3399,0.0,-1.194,7637
7638,AUG,35,744.8687,6,1.6649,-9.681,-12.2,0.3399,0.0,-1.194,7638
7639,AUG,32,1273.0695,5,0.325,-6.781,-8.0,0.0,-0.3,-1.194,7639
7640,AUG,32,54.0002,5,8.225,-5.681,-11.8,0.0,-3.3,-1.194,7640
7641,AUG,32,60.8855,5,7.925,-6.581,-11.5,0.0,-4.2,-1.194,7641
7642,AUG,32,172.2696,5,5.325,-4.281,-8.6,0.0,-2.2,-1.194,7642
7643,AUG,38,5812.3561,4,-3.4711,-8.581,-6.3,0.0039,0.0,-1.194,7643
7644,AUG,32,246.9246,5,4.425,-5.481,-11.1,0.0,0.0,-1.194,7644
7645,AUG,32,487.4199,5,2.725,-12.381,-13.1,0.0,-3.2,-1.194,7645
7646,AUG,35,150.3713,6,5.6649,-6.481,-13.0,0.3399,0.0,-1.194,7646
7647,AUG,38,37550.9584,6,-8.1351,-14.981,-7.7,0.3399,0.0,-1.194,7647
7648,AUG,26,585.9257,6,2.2649,-7.381,-10.5,0.3399,0.0,-1.194,7648
7649,AUG,35,1530.3523,6,-0.1351,-10.581,-11.3,0.3399,0.0,-1.194,7649
7650,AUG,35,562.9498,6,2.3649,-6.381,-9.6,0.3399,0.0,-1.194,7650
7651,AUG,35,2024.8903,6,-0.8351,-10.681,-10.7,0.3399,0.0,-1.194,7651
7652,AUG,35,2473.2377,6,-1.3351,-11.281,-10.8,0.3399,0.0,-1.194,7652
7653,AUG,32,301.5982,5,3.925,-7.581,-12.7,0.0,0.0,-1.194,7653
7654,AUG,32,549.5685,5,2.425,-8.881,-12.5,0.0,0.0,-1.194,7654
7655,AUG,38,14585.7319,4,-5.7711,-13.281,-8.7,0.0039,0.0,-1.194,7655
7656,AUG,32,487.4199,5,2.725,-8.181,-9.7,0.0,-2.4,-1.194,7656
7657,AUG,35,263.2601,6,4.2649,-5.781,-10.9,0.3399,0.0,-1.194,7657
7658,AUG,35,3855.3602,9,-2.4449,-11.981,-8.6,2.1301,0.0,-1.194,7658
7659,AUG,35,207.8957,9,4.8551,-11.081,-15.0,2.1301,0.0,-1.194,7659
7660,AUG,32,1129.1028,5,0.625,-5.481,-7.3,0.0,0.0,-1.194,7660
7661,AUG,35,1111.2415,6,0.6649,-6.581,-8.1,0.3399,0.0,-1.194,7661
7662,AUG,33,138.8095,6,5.8649,-9.781,-13.3,0.3399,-3.2,-1.194,7662
7663,AUG,35,548.4909,8,2.4299,-8.981,-11.2,1.4049,0.0,-1.194,7663
7664,AUG,35,4160.19,6,-2.6351,-11.781,-10.0,0.3399,0.0,-1.194,7664
7665,AUG,35,10030.3551,6,-4.8351,-13.381,-9.4,0.3399,0.0,-1.194,7665
7666,AUG,32,819.8804,5,1.425,-5.981,-8.6,0.0,0.0,-1.194,7666
7667,AUG,35,224.3332,6,4.6649,-5.781,-11.3,0.3399,0.0,-1.194,7667
7668,AUG,35,687.597,6,1.8649,-8.581,-11.3,0.3399,0.0,-1.194,7668
7669,AUG,35,2193.5485,6,-1.0351,-11.981,-11.8,0.3399,0.0,-1.194,7669
7670,AUG,35,169.5444,6,5.3649,-7.881,-14.1,0.3399,0.0,-1.194,7670
7671,AUG,32,60.8855,5,7.925,-6.681,-10.9,0.0,-4.9,-1.194,7671
7672,AUG,35,4329.9814,6,-2.7351,-14.181,-12.3,0.3399,0.0,-1.194,7672
7673,AUG,25,17087.1825,7,-6.1668,-11.581,-5.8,0.8082,0.0,-1.194,7673
7674,AUG,35,4506.7026,6,-2.8351,-10.881,-8.9,0.3399,0.0,-1.194,7674
7675,AUG,35,3840.3201,6,-2.4351,-13.781,-12.2,0.3399,0.0,-1.194,7675
7676,AUG,35,1304.0671,6,0.2649,-10.881,-12.0,0.3399,0.0,-1.194,7676
7677,AUG,35,93.0445,6,6.8649,-6.781,-14.5,0.3399,0.0,-1.194,7677
7678,AUG,32,172.2696,5,5.325,-6.581,-10.9,0.0,-2.2,-1.194,7678
7679,AUG,35,3689.7297,6,-2.3351,-9.381,-7.9,0.3399,0.0,-1.194,7679
7680,AUG,35,2376.2547,6,-1.2351,-9.781,-9.4,0.3399,0.0,-1.194,7680
7681,AUG,35,252.9369,6,4.3649,-7.481,-12.7,0.3399,0.0,-1.194,7681
7682,AUG,38,8004.5178,4,-4.2711,-8.781,-5.7,0.0039,0.0,-1.194,7682
7683,AUG,35,2788.5887,6,-1.6351,-12.281,-11.5,0.3399,0.0,-1.194,7683
7684,AUG,32,1493.9759,5,-0.075,-6.581,-7.7,0.0,0.0,-1.194,7684
7685,AUG,35,1657.8191,6,-0.3351,-6.481,-7.0,0.3399,0.0,-1.194,7685
7686,AUG,35,562.9498,6,2.3649,-7.981,-11.2,0.3399,0.0,-1.194,7686
7687,AUG,35,233.489,6,4.5649,-9.081,-14.5,0.3399,0.0,-1.194,7687
7688,AUG,38,2944.5126,4,-1.7711,-6.381,-5.8,0.0039,0.0,-1.194,7688
7689,AUG,22,102080.4984,6,-10.6351,-15.781,-6.0,0.3399,0.0,-1.194,7689
7690,AUG,32,68.6487,5,7.625,-5.481,-11.0,0.0,-3.3,-1.194,7690
7691,AUG,38,2944.5126,4,-1.7711,-6.381,-5.8,0.0039,0.0,-1.194,7691
7693,AUG,32,313.9075,5,3.825,-2.181,-6.9,0.0,-0.3,-1.194,7693
7694,AUG,32,246.1196,7,4.4332,-5.481,-10.3,0.8082,0.0,-1.194,7694
7695,AUG,32,1824.7692,5,-0.575,-6.481,-7.1,0.0,0.0,-1.194,7695
7696,AUG,32,449.943,5,2.925,-8.181,-9.9,0.0,-2.4,-1.194,7696
7697,AUG,35,408.7772,6,3.1649,-7.981,-12.0,0.3399,0.0,-1.194,7697
7698,AUG,32,1818.82,7,-0.5668,-10.681,-10.5,0.8082,0.0,-1.194,7698
7699,AUG,35,334.6743,6,3.6649,-10.481,-15.0,0.3399,0.0,-1.194,7699
7700,AUG,38,39650.6199,4,-8.2711,-12.981,-5.9,0.0039,0.0,-1.194,7700
7701,AUG,35,9637.0351,6,-4.7351,-13.281,-9.4,0.3399,0.0,-1.194,7701
7702,AUG,28,7687.3897,8,-4.1701,-9.581,-5.2,1.4049,0.0,-1.194,7702
7703,AUG,31,7283.3863,6,-4.0351,-11.281,-8.1,0.3399,0.0,-1.194,7703
7704,AUG,32,1379.1066,5,0.125,-7.181,-6.6,0.0,-1.9,-1.194,7704
7705,AUG,32,246.9246,5,4.425,-4.481,-7.7,0.0,-2.4,-1.194,7705
7706,AUG,32,186.6183,5,5.125,-7.481,-13.8,0.0,0.0,-1.194,7706
7707,AUG,35,687.597,6,1.8649,-6.481,-9.2,0.3399,0.0,-1.194,7707
7708,AUG,35,1725.4804,6,-0.4351,-7.781,-8.2,0.3399,0.0,-1.194,7708
7709,AUG,35,634.7289,6,2.0649,-8.881,-11.8,0.3399,0.0,-1.194,7709
7710,AUG,35,1156.595,6,0.5649,-9.681,-11.1,0.3399,0.0,-1.194,7710
7711,AUG,35,985.5754,6,0.9649,-6.381,-8.2,0.3399,0.0,-1.194,7711
7712,AUG,35,377.347,6,3.3649,-12.281,-16.5,0.3399,0.0,-1.194,7712
7713,AUG,35,2902.4004,6,-1.7351,-11.681,-10.8,0.3399,0.0,-1.194,7713
7714,AUG,35,1725.4804,6,-0.4351,-11.081,-11.5,0.3399,0.0,-1.194,7714
7715,AUG,35,5081.3313,6,-3.1351,-12.681,-10.4,0.3399,0.0,-1.194,7715
7716,AUG,32,449.943,5,2.925,-7.181,-9.1,0.0,-2.2,-1.194,7716
7717,AUG,35,2202.1392,9,-1.0449,-11.081,-9.1,2.1301,0.0,-1.194,7717
7718,AUG,35,7283.3863,6,-4.0351,-12.481,-9.3,0.3399,0.0,-1.194,7718
7719,AUG,35,2107.5329,6,-0.9351,-9.581,-9.5,0.3399,0.0,-1.194,7719
7720,AUG,32,267.4916,5,4.225,-2.181,-7.5,0.0,-0.1,-1.194,7720
7721,AUG,35,176.4641,6,5.2649,-8.181,-14.3,0.3399,0.0,-1.194,7721
7722,AUG,35,562.9498,6,2.3649,-10.681,-13.9,0.3399,0.0,-1.194,7722
7723,AUG,35,660.6343,6,1.9649,-8.381,-11.2,0.3399,0.0,-1.194,7723
7724,AUG,32,571.9982,5,2.325,-5.181,-8.4,0.0,-0.3,-1.194,7724
7725,AUG,35,2376.2547,6,-1.2351,-9.881,-9.5,0.3399,0.0,-1.194,7725
7726,AUG,35,1025.8,6,0.8649,-9.381,-11.1,0.3399,0.0,-1.194,7726
7727,AUG,35,11770.849,6,-5.2351,-14.581,-10.2,0.3399,0.0,-1.194,7727
7728,AUG,19,236.4685,7,4.5332,0.319,-4.6,0.8082,0.0,-1.194,7728
7729,AUG,33,1325.0277,5,0.225,-7.581,-9.0,0.0,0.0,-1.194,7729
7730,AUG,39,256.6069,4,4.3289,-6.381,-11.9,0.0039,0.0,-1.194,7730
7731,AUG,27,519.6655,6,2.5649,-7.381,-10.8,0.3399,0.0,-1.194,7731
7732,AUG,33,485.8308,7,2.7332,-5.381,-8.5,0.8082,0.0,-1.194,7732
7733,AUG,36,5288.7177,6,-3.2351,-13.881,-11.5,0.3399,0.0,-1.194,7733
7734,AUG,36,4506.7026,6,-2.8351,-11.481,-9.5,0.3399,0.0,-1.194,7734
7735,AUG,36,1156.595,6,0.5649,-10.281,-11.7,0.3399,0.0,-1.194,7735
7736,AUG,33,115.4729,5,6.325,-6.581,-9.9,0.0,-4.2,-1.194,7736
7737,AUG,36,2913.7673,9,-1.7449,-12.581,-9.9,2.1301,0.0,-1.194,7737
7738,AUG,36,687.597,6,1.8649,-7.181,-9.9,0.3399,0.0,-1.194,7738
7739,AUG,36,1491.0466,8,-0.0701,-9.581,-9.3,1.4049,0.0,-1.194,7739
7740,AUG,39,1083.1576,4,0.7289,-6.381,-8.3,0.0039,0.0,-1.194,7740
7741,AUG,33,278.4088,5,4.125,-4.981,-10.3,0.0,0.0,-1.194,7741
7742,AUG,36,252.9369,6,4.3649,-8.081,-13.3,0.3399,0.0,-1.194,7742
7743,AUG,33,152.7883,5,5.625,-6.281,-9.2,0.0,-3.9,-1.194,7743
7744,AUG,33,186.6183,5,5.125,-7.481,-13.8,0.0,0.0,-1.194,7744
7745,AUG,33,267.4916,5,4.225,-3.381,-7.5,0.0,-1.3,-1.194,7745
7746,AUG,36,744.8687,6,1.6649,-10.281,-12.8,0.3399,0.0,-1.194,7746
7747,AUG,36,3144.1487,6,-1.9351,-11.381,-10.3,0.3399,0.0,-1.194,7747
7748,AUG,36,233.489,6,4.5649,-10.181,-15.6,0.3399,0.0,-1.194,7748
7749,AUG,33,1824.7692,5,-0.575,-7.681,-7.0,0.0,-1.3,-1.194,7749
7750,AUG,29,2409.7149,8,-1.2701,-9.581,-8.1,1.4049,0.0,-1.194,7750
7751,AUG,39,19299.156,4,-6.4711,-12.981,-7.7,0.0039,0.0,-1.194,7751
7752,AUG,33,87.271,5,7.025,-2.981,-10.2,0.0,-1.0,-1.194,7752
7753,AUG,36,2376.2547,6,-1.2351,-10.481,-10.1,0.3399,0.0,-1.194,7753
7754,AUG,36,3840.3201,6,-2.4351,-14.381,-12.8,0.3399,0.0,-1.194,7754
7755,AUG,36,839.8435,6,1.3649,-7.081,-9.3,0.3399,0.0,-1.194,7755
7756,AUG,36,2574.1789,6,-1.4351,-10.881,-10.3,0.3399,0.0,-1.194,7756
7757,AUG,33,727.1632,5,1.725,-8.581,-8.9,0.0,-2.6,-1.194,7757
7758,AUG,33,301.5982,5,3.925,-2.381,-7.5,0.0,0.0,-1.194,7758
7759,AUG,33,487.4199,5,2.725,-5.781,-9.7,0.0,0.0,-1.194,7759
7760,AUG,36,207.8957,9,4.8551,-11.681,-15.6,2.1301,0.0,-1.194,7760
7761,AUG,33,124.6831,7,6.1332,-2.981,-9.5,0.8082,0.0,-1.194,7761
7762,AUG,33,1970.3141,7,-0.7668,-10.681,-10.3,0.8082,0.0,-1.194,7762
7763,AUG,36,519.6655,6,2.5649,-6.981,-10.4,0.3399,0.0,-1.194,7763
7764,AUG,33,452.8837,10,2.9087,-9.581,-10.7,2.9837,0.0,-1.194,7764
7765,AUG,36,334.6743,6,3.6649,-8.981,-13.5,0.3399,0.0,-1.194,7765
7766,AUG,36,1530.3523,6,-0.1351,-11.181,-11.9,0.3399,0.0,-1.194,7766
7767,AUG,33,172.2696,5,5.325,-5.981,-10.9,0.0,-1.6,-1.194,7767
7768,AUG,32,1795.9031,6,-0.5351,-11.281,-11.6,0.3399,0.0,-1.194,7768
7769,AUG,39,4952.9133,4,-3.0711,-8.581,-6.7,0.0039,0.0,-1.194,7769
7770,AUG,36,224.3332,6,4.6649,-6.381,-11.9,0.3399,0.0,-1.194,7770
7771,AUG,36,1592.8111,6,-0.2351,-13.281,-13.9,0.3399,0.0,-1.194,7771
7772,AUG,36,2902.4004,6,-1.7351,-12.281,-11.4,0.3399,0.0,-1.194,7772
7773,AUG,36,1412.6861,6,0.0649,-12.581,-13.5,0.3399,0.0,-1.194,7773
7774,AUG,36,1725.4804,6,-0.4351,-11.681,-12.1,0.3399,0.0,-1.194,7774
7775,AUG,36,2376.2547,6,-1.2351,-10.381,-10.0,0.3399,0.0,-1.194,7775
7776,AUG,36,1725.4804,6,-0.4351,-8.381,-8.8,0.3399,0.0,-1.194,7776
7777,AUG,36,1025.8,6,0.8649,-12.381,-14.1,0.3399,0.0,-1.194,7777
7778,AUG,36,408.7772,6,3.1649,-8.581,-12.6,0.3399,0.0,-1.194,7778
7779,AUG,36,5729.2283,6,-3.4351,-13.081,-10.5,0.3399,0.0,-1.194,7779
7780,AUG,36,2024.8903,6,-0.8351,-11.281,-11.3,0.3399,0.0,-1.194,7780
7781,AUG,33,449.943,5,2.925,-5.781,-9.9,0.0,0.0,-1.194,7781
7782,AUG,36,479.7093,6,2.7649,-7.381,-11.0,0.3399,0.0,-1.194,7782
7783,AUG,39,22324.0874,6,-6.8351,-14.981,-9.0,0.3399,0.0,-1.194,7783
7784,AUG,36,162.8961,6,5.4649,-9.681,-16.0,0.3399,0.0,-1.194,7784
7785,AUG,33,301.5982,5,3.925,-2.881,-7.0,0.0,-1.0,-1.194,7785
7786,AUG,23,63163.813,6,-9.4351,-15.881,-7.3,0.3399,0.0,-1.194,7786
7787,AUG,36,4329.9814,6,-2.7351,-14.781,-12.9,0.3399,0.0,-1.194,7787
7788,AUG,39,4952.9133,4,-3.0711,-13.281,-11.4,0.0039,0.0,-1.194,7788
7789,AUG,36,548.4909,8,2.4299,-9.581,-11.8,1.4049,0.0,-1.194,7789
7790,AUG,39,4220.5519,4,-2.6711,-8.781,-7.3,0.0039,0.0,-1.194,7790
7791,AUG,36,687.597,6,1.8649,-7.181,-9.9,0.3399,0.0,-1.194,7791
7792,AUG,20,565.1545,9,2.3551,-3.481,-4.9,2.1301,0.0,-1.194,7792
7793,AUG,36,479.7093,6,2.7649,-9.481,-13.1,0.3399,0.0,-1.194,7793
7794,AUG,34,467.3885,8,2.8299,-10.681,-13.3,1.4049,0.0,-1.194,7794
7795,AUG,39,1681.8731,4,-0.3711,-8.581,-9.4,0.0039,0.0,-1.194,7795
7796,AUG,33,418.0623,10,3.1087,-9.581,-10.9,2.9837,0.0,-1.194,7796
7797,AUG,36,1025.8,6,0.8649,-9.981,-11.7,0.3399,0.0,-1.194,7797
7798,AUG,33,617.6212,7,2.1332,-4.681,-7.2,0.8082,0.0,-1.194,7798
7799,AUG,36,519.6655,6,2.5649,-6.981,-10.4,0.3399,0.0,-1.194,7799
7800,AUG,36,2788.5887,6,-1.6351,-12.881,-12.1,0.3399,0.0,-1.194,7800
7801,AUG,33,23.3112,5,10.325,-12.581,-17.0,0.0,-7.1,-1.194,7801
7802,AUG,33,924.4196,5,1.125,-9.781,-8.8,0.0,-3.3,-1.194,7802
7803,AUG,33,2949.0516,5,-1.775,-10.781,-10.2,0.0,0.0,-1.194,7803
7804,AUG,36,15574.6351,6,-5.9351,-11.781,-6.2,0.3399,-0.5,-1.194,7804
7805,AUG,33,698.649,5,1.825,-11.881,-11.9,0.0,-3.0,-1.194,7805
7806,AUG,39,398.4464,4,3.2289,-4.281,-8.7,0.0039,0.0,-1.194,7806
7807,AUG,36,150.3713,6,5.6649,-7.081,-13.6,0.3399,0.0,-1.194,7807
7808,AUG,36,1470.3426,6,-0.0351,-9.181,-10.0,0.3399,0.0,-1.194,7808
7809,AUG,36,562.9498,6,2.3649,-11.281,-14.5,0.3399,0.0,-1.194,7809
7810,AUG,36,176.4641,6,5.2649,-8.781,-14.9,0.3399,0.0,-1.194,7810
7811,AUG,33,172.2696,5,5.325,-6.381,-8.7,0.0,-4.2,-1.194,7811
7812,AUG,36,562.9498,6,2.3649,-8.581,-11.8,0.3399,0.0,-1.194,7812
7813,AUG,36,1304.0671,6,0.2649,-11.481,-12.6,0.3399,0.0,-1.194,7813
7814,AUG,36,2202.1392,9,-1.0449,-11.681,-9.7,2.1301,0.0,-1.194,7814
7815,AUG,36,7580.646,6,-4.1351,-13.981,-10.7,0.3399,0.0,-1.194,7815
7816,AUG,36,12.2913,5,11.925,-7.281,-15.0,0.0,-5.4,-1.194,7816
7817,AUG,33,642.8285,7,2.0332,-8.781,-7.9,0.8082,-3.3,-1.194,7817
7818,AUG,36,11770.849,6,-5.2351,-15.181,-10.8,0.3399,0.0,-1.194,7818
7819,AUG,36,687.597,6,1.8649,-9.181,-11.9,0.3399,0.0,-1.194,7819
7820,AUG,33,698.649,5,1.825,-9.881,-9.6,0.0,-3.3,-1.194,7820
7821,AUG,36,263.2601,6,4.2649,-6.381,-11.5,0.3399,0.0,-1.194,7821
7822,AUG,33,1001.4168,5,0.925,-7.481,-8.6,0.0,-1.0,-1.194,7822
7823,AUG,36,377.347,6,3.3649,-12.881,-17.1,0.3399,0.0,-1.194,7823
7824,AUG,33,1223.1486,5,0.425,-5.881,-6.5,0.0,-1.0,-1.194,7824
7825,AUG,36,169.5444,6,5.3649,-8.481,-14.7,0.3399,0.0,-1.194,7825
7826,AUG,36,334.6743,6,3.6649,-11.081,-15.6,0.3399,0.0,-1.194,7826
7827,AUG,33,399.0606,5,3.225,-8.081,-9.9,0.0,-2.6,-1.194,7827
7828,AUG,36,93.0445,6,6.8649,-7.381,-15.1,0.3399,0.0,-1.194,7828
7829,AUG,36,985.5754,6,0.9649,-9.981,-11.8,0.3399,0.0,-1.194,7829
7830,AUG,33,2414.4489,5,-1.275,-11.081,-9.7,0.0,-1.3,-1.194,7830
7831,AUG,36,562.9498,6,2.3649,-7.981,-11.2,0.3399,0.0,-1.194,7831
7832,AUG,36,9259.1382,6,-4.6351,-11.281,-7.5,0.3399,0.0,-1.194,7832
7833,AUG,33,4579.1403,5,-2.875,-10.881,-9.2,0.0,0.0,-1.194,7833
7834,AUG,33,74.1242,7,7.4332,-7.081,-11.6,0.8082,-3.3,-1.194,7834
7835,AUG,33,115.0964,7,6.3332,-6.281,-9.7,0.8082,-3.3,-1.194,7835
7836,AUG,33,166.5961,10,5.4087,-11.581,-11.9,2.9837,-3.3,-1.194,7836
7837,AUG,33,432.2994,5,3.025,-7.681,-11.9,0.0,0.0,-1.194,7837
7838,AUG,33,570.1334,7,2.3332,-8.681,-11.4,0.8082,0.0,-1.194,7838
7839,AUG,36,2574.1789,6,-1.4351,-10.281,-9.7,0.3399,0.0,-1.194,7839
7840,AUG,36,252.9369,6,4.3649,-7.481,-12.7,0.3399,0.0,-1.194,7840
7841,AUG,36,1470.3426,6,-0.0351,-8.581,-9.4,0.3399,0.0,-1.194,7841
7842,AUG,33,368.3775,5,3.425,-5.281,-9.9,0.0,0.0,-1.194,7842
7843,AUG,36,1111.2415,6,0.6649,-6.581,-8.1,0.3399,0.0,-1.194,7843
7844,AUG,36,334.6743,6,3.6649,-10.481,-15.0,0.3399,0.0,-1.194,7844
7845,AUG,33,1970.3141,7,-0.7668,-13.981,-10.3,0.8082,-3.3,-1.194,7845
7846,AUG,36,2376.2547,6,-1.2351,-9.881,-9.5,0.3399,0.0,-1.194,7846
7847,AUG,33,3460.7789,5,-2.175,-9.881,-8.9,0.0,0.0,-1.194,7847
7848,AUG,36,2024.8903,6,-0.8351,-10.681,-10.7,0.3399,0.0,-1.194,7848
7849,AUG,39,2944.5126,4,-1.7711,-6.381,-5.8,0.0039,0.0,-1.194,7849
7850,AUG,36,334.6743,6,3.6649,-8.381,-12.9,0.3399,0.0,-1.194,7850
7851,AUG,36,1725.4804,6,-0.4351,-7.781,-8.2,0.3399,0.0,-1.194,7851
7852,AUG,36,2107.5329,6,-0.9351,-9.581,-9.5,0.3399,0.0,-1.194,7852
7853,AUG,36,562.9498,6,2.3649,-6.381,-9.6,0.3399,0.0,-1.194,7853
7854,AUG,33,229.4288,10,4.6087,-11.581,-11.1,2.9837,-3.3,-1.194,7854
7855,AUG,33,1379.1066,5,0.125,-8.181,-9.5,0.0,0.0,-1.194,7855
7856,AUG,36,687.597,6,1.8649,-6.481,-9.2,0.3399,0.0,-1.194,7856
7857,AUG,33,1223.1486,5,0.425,-9.081,-10.7,0.0,0.0,-1.194,7857
7858,AUG,34,467.3885,8,2.8299,-13.981,-13.3,1.4049,-3.3,-1.194,7858
7859,AUG,39,46530.901,4,-8.6711,-13.281,-5.8,0.0039,0.0,-1.194,7859
7860,AUG,36,2376.2547,6,-1.2351,-9.781,-9.4,0.3399,0.0,-1.194,7860
7861,AUG,33,4227.058,5,-2.675,-9.781,-8.3,0.0,0.0,-1.194,7861
7862,AUG,39,2944.5126,4,-1.7711,-6.381,-5.8,0.0039,0.0,-1.194,7862
7863,AUG,36,233.489,6,4.5649,-9.081,-14.5,0.3399,0.0,-1.194,7863
7864,AUG,39,726.044,4,1.7289,-4.281,-7.2,0.0039,0.0,-1.194,7864
7865,AUG,36,377.347,6,3.3649,-12.281,-16.5,0.3399,0.0,-1.194,7865
7866,AUG,33,5373.7249,5,-3.275,-14.081,-12.0,0.0,0.0,-1.194,7866
7867,AUG,33,1042.288,5,0.825,-8.281,-10.3,0.0,0.0,-1.194,7867
7868,AUG,36,150.3713,6,5.6649,-6.481,-13.0,0.3399,0.0,-1.194,7868
7869,AUG,33,819.8804,5,1.425,-5.181,-7.8,0.0,0.0,-1.194,7869
7870,AUG,36,1725.4804,6,-0.4351,-11.081,-11.5,0.3399,0.0,-1.194,7870
7871,AUG,33,301.5982,5,3.925,-5.681,-10.8,0.0,0.0,-1.194,7871
7872,AUG,36,687.597,6,1.8649,-6.581,-9.3,0.3399,0.0,-1.194,7872
7873,AUG,36,2788.5887,6,-1.6351,-12.281,-11.5,0.3399,0.0,-1.194,7873
7874,AUG,36,11770.849,6,-5.2351,-14.581,-10.2,0.3399,0.0,-1.194,7874
7875,AUG,36,4506.7026,6,-2.8351,-10.881,-8.9,0.3399,0.0,-1.194,7875
7876,AUG,33,1129.1028,5,0.625,-8.781,-10.6,0.0,0.0,-1.194,7876
7877,AUG,39,75199.6649,4,-9.8711,-12.981,-4.3,0.0039,0.0,-1.194,7877
7878,AUG,39,24534.4055,4,-7.0711,-12.081,-6.2,0.0039,0.0,-1.194,7878
7879,AUG,36,7283.3863,6,-4.0351,-12.481,-9.3,0.3399,0.0,-1.194,7879
7880,AUG,36,1615.2396,8,-0.2701,-8.981,-8.5,1.4049,0.0,-1.194,7880
7881,AUG,36,169.5444,6,5.3649,-7.881,-14.1,0.3399,0.0,-1.194,7881
7882,AUG,33,2512.9908,5,-1.375,-9.681,-9.5,0.0,0.0,-1.194,7882
7883,AUG,33,3325.0715,5,-2.075,-12.181,-11.3,0.0,0.0,-1.194,7883
7884,AUG,36,2902.4004,6,-1.7351,-9.381,-8.5,0.3399,0.0,-1.194,7884
7885,AUG,33,418.0623,10,3.1087,-12.881,-10.9,2.9837,-3.3,-1.194,7885
7886,AUG,36,9637.0351,6,-4.7351,-13.281,-9.4,0.3399,0.0,-1.194,7886
7887,AUG,33,278.4088,5,4.125,-5.381,-10.7,0.0,0.0,-1.194,7887
7888,AUG,23,30743.7383,6,-7.6351,-15.981,-9.2,0.3399,0.0,-1.194,7888
7889,AUG,36,4329.9814,6,-2.7351,-14.181,-12.3,0.3399,0.0,-1.194,7889
7890,AUG,36,1156.595,6,0.5649,-9.681,-11.1,0.3399,0.0,-1.194,7890
7891,AUG,33,1129.1028,5,0.625,-9.081,-10.9,0.0,0.0,-1.194,7891
7892,AUG,33,399.0606,5,3.225,-8.781,-13.2,0.0,0.0,-1.194,7892
7893,AUG,33,819.8804,5,1.425,-9.281,-11.9,0.0,0.0,-1.194,7893
7894,AUG,33,7400.4545,5,-4.075,-13.081,-10.2,0.0,0.0,-1.194,7894
7895,AUG,20,348.3335,6,3.5649,0.219,-4.2,0.3399,0.0,-1.194,7895
7896,AUG,33,853.3425,5,1.325,-9.781,-12.3,0.0,0.0,-1.194,7896
7897,AUG,36,2202.1392,9,-1.0449,-11.081,-9.1,2.1301,0.0,-1.194,7897
7898,AUG,29,4390.9523,8,-2.7701,-9.581,-6.6,1.4049,0.0,-1.194,7898
7899,AUG,26,10158.3494,7,-4.8668,-11.581,-7.1,0.8082,0.0,-1.194,7899
7900,AUG,36,634.7289,6,2.0649,-8.881,-11.8,0.3399,0.0,-1.194,7900
7901,AUG,36,224.3332,6,4.6649,-5.781,-11.3,0.3399,0.0,-1.194,7901
7902,AUG,36,744.8687,6,1.6649,-9.681,-12.2,0.3399,0.0,-1.194,7902
7903,AUG,36,562.9498,6,2.3649,-10.681,-13.9,0.3399,0.0,-1.194,7903
7904,AUG,36,687.597,6,1.8649,-8.581,-11.3,0.3399,0.0,-1.194,7904
7905,AUG,39,39650.6199,4,-8.2711,-12.381,-5.3,0.0039,0.0,-1.194,7905
7906,AUG,36,1025.8,6,0.8649,-9.381,-11.1,0.3399,0.0,-1.194,7906
7907,AUG,27,585.9257,6,2.2649,-7.381,-10.5,0.3399,0.0,-1.194,7907
7908,AUG,33,850.5605,7,1.3332,-8.781,-10.5,0.8082,0.0,-1.194,7908
7909,AUG,36,1304.0671,6,0.2649,-10.881,-12.0,0.3399,0.0,-1.194,7909
7910,AUG,39,8004.5178,4,-4.2711,-8.781,-5.7,0.0039,0.0,-1.194,7910
7911,AUG,39,5812.3561,4,-3.4711,-8.581,-6.3,0.0039,0.0,-1.194,7911
7912,AUG,36,479.7093,6,2.7649,-6.781,-10.4,0.3399,0.0,-1.194,7912
7913,AUG,33,352.7784,7,3.5332,-7.981,-8.6,0.8082,-3.3,-1.194,7913
7914,AUG,36,2902.4004,6,-1.7351,-11.681,-10.8,0.3399,0.0,-1.194,7914
7915,AUG,36,5081.3313,6,-3.1351,-12.681,-10.4,0.3399,0.0,-1.194,7915
7916,AUG,36,3855.3602,9,-2.4449,-11.981,-8.6,2.1301,0.0,-1.194,7916
7917,AUG,36,548.4909,8,2.4299,-8.981,-11.2,1.4049,0.0,-1.194,7917
7918,AUG,36,7283.3863,6,-4.0351,-11.281,-8.1,0.3399,0.0,-1.194,7918
7919,AUG,36,985.5754,6,0.9649,-6.381,-8.2,0.3399,0.0,-1.194,7919
7920,AUG,36,207.8957,9,4.8551,-11.081,-15.0,2.1301,0.0,-1.194,7920
7921,AUG,36,4160.19,6,-2.6351,-11.781,-10.0,0.3399,0.0,-1.194,7921
7922,AUG,36,839.8435,6,1.3649,-6.481,-8.7,0.3399,0.0,-1.194,7922
7923,AUG,36,176.4641,6,5.2649,-8.181,-14.3,0.3399,0.0,-1.194,7923
7924,AUG,39,53824.1101,6,-9.0351,-14.981,-6.8,0.3399,0.0,-1.194,7924
7925,AUG,39,44706.286,4,-8.5711,-12.381,-5.0,0.0039,0.0,-1.194,7925
7926,AUG,36,93.0445,6,6.8649,-6.781,-14.5,0.3399,0.0,-1.194,7926
7927,AUG,36,3840.3201,6,-2.4351,-13.781,-12.2,0.3399,0.0,-1.194,7927
7928,AUG,33,401.6688,10,3.2087,-12.881,-11.0,2.9837,-3.3,-1.194,7928
7929,AUG,39,4952.9133,4,-3.0711,-8.581,-6.7,0.0039,0.0,-1.194,7929
7930,AUG,36,2193.5485,6,-1.0351,-11.981,-11.8,0.3399,0.0,-1.194,7930
7931,AUG,36,263.2601,6,4.2649,-5.781,-10.9,0.3399,0.0,-1.194,7931
7932,AUG,32,10439.7279,6,-4.9351,-11.281,-7.2,0.3399,0.0,-1.194,7932
7933,AUG,36,3144.1487,6,-1.9351,-10.781,-9.7,0.3399,0.0,-1.194,7933
7934,AUG,33,698.649,5,1.825,-10.781,-13.8,0.0,0.0,-1.194,7934
7935,AUG,36,1530.3523,6,-0.1351,-10.581,-11.3,0.3399,0.0,-1.194,7935
7936,AUG,39,23572.3385,4,-6.9711,-13.281,-7.5,0.0039,0.0,-1.194,7936
7937,AUG,36,408.7772,6,3.1649,-7.981,-12.0,0.3399,0.0,-1.194,7937
7938,AUG,36,10030.3551,6,-4.8351,-13.381,-9.4,0.3399,0.0,-1.194,7938
7939,AUG,36,634.7289,6,2.0649,-10.081,-11.8,0.3399,-1.2,-1.194,7939
7940,AUG,33,487.4199,5,2.725,-5.781,-9.7,0.0,0.0,-1.194,7940
7941,AUG,33,418.0623,10,3.1087,-9.581,-10.9,2.9837,0.0,-1.194,7941
7942,AUG,36,4506.7026,6,-2.8351,-12.081,-8.9,0.3399,-1.2,-1.194,7942
7943,AUG,39,2944.5126,4,-1.7711,-6.381,-5.8,0.0039,0.0,-1.194,7943
7944,AUG,36,2902.4004,6,-1.7351,-12.881,-10.8,0.3399,-1.2,-1.194,7944
7945,AUG,36,1470.3426,6,-0.0351,-8.581,-9.4,0.3399,0.0,-1.194,7945
7946,AUG,39,2944.5126,4,-1.7711,-6.381,-5.8,0.0039,0.0,-1.194,7946
7947,AUG,20,146.797,5,5.725,0.419,-6.5,0.0,0.0,-1.194,7947
7948,AUG,36,1592.8111,6,-0.2351,-10.081,-10.2,0.3399,-0.5,-1.194,7948
7949,AUG,33,452.8837,10,2.9087,-9.581,-10.7,2.9837,0.0,-1.194,7949
7950,AUG,39,39650.6199,4,-8.2711,-12.381,-5.3,0.0039,0.0,-1.194,7950
7951,AUG,33,172.2696,5,5.325,-6.481,-10.9,0.0,-2.1,-1.194,7951
7952,AUG,39,23572.3385,4,-6.9711,-13.281,-7.5,0.0039,0.0,-1.194,7952
7953,AUG,36,207.8957,9,4.8551,-11.081,-15.0,2.1301,0.0,-1.194,7953
7954,AUG,33,278.4088,5,4.125,-2.081,-7.4,0.0,0.0,-1.194,7954
7955,AUG,33,2949.0516,5,-1.775,-10.781,-10.2,0.0,0.0,-1.194,7955
7956,AUG,36,562.9498,6,2.3649,-7.081,-9.8,0.3399,-0.5,-1.194,7956
7957,AUG,33,924.4196,5,1.125,-7.181,-8.8,0.0,-0.7,-1.194,7957
7958,AUG,36,3840.3201,6,-2.4351,-14.481,-9.7,0.3399,-3.2,-1.194,7958
7959,AUG,39,44706.286,4,-8.5711,-12.381,-5.0,0.0039,0.0,-1.194,7959
7960,AUG,36,3144.1487,6,-1.9351,-13.881,-11.6,0.3399,-1.2,-1.194,7960
7961,AUG,33,370.7852,10,3.4087,-8.281,-9.9,2.9837,0.0,-1.194,7961
7962,AUG,36,562.9498,6,2.3649,-9.081,-9.6,0.3399,-2.7,-1.194,7962
7963,AUG,36,10439.7279,6,-4.9351,-15.781,-10.5,0.3399,-1.2,-1.194,7963
7964,AUG,33,1824.7692,5,-0.575,-6.481,-7.1,0.0,0.0,-1.194,7964
7965,AUG,39,5812.3561,4,-3.4711,-8.581,-6.3,0.0039,0.0,-1.194,7965
7966,AUG,36,4160.19,6,-2.6351,-12.981,-10.0,0.3399,-1.2,-1.194,7966
7967,AUG,33,146.797,5,5.725,-2.681,-8.9,0.0,-0.7,-1.194,7967
7968,AUG,36,3144.1487,6,-1.9351,-11.981,-9.7,0.3399,-1.2,-1.194,7968
7969,AUG,33,301.5982,5,3.925,-7.781,-10.4,0.0,-2.5,-1.194,7969
7970,AUG,36,1657.8191,6,-0.3351,-11.781,-10.4,0.3399,-1.9,-1.194,7970
7971,AUG,23,68424.8856,6,-9.6351,-15.981,-7.2,0.3399,0.0,-1.194,7971
7972,AUG,39,726.044,4,1.7289,-4.281,-7.2,0.0039,0.0,-1.194,7972
7973,AUG,36,585.9257,6,2.2649,-6.981,-9.6,0.3399,-0.5,-1.194,7973
7974,AUG,33,571.9982,5,2.325,-11.181,-12.2,0.0,-2.5,-1.194,7974
7975,AUG,36,263.2601,6,4.2649,-7.881,-10.9,0.3399,-2.1,-1.194,7975
7976,AUG,27,585.9257,6,2.2649,-7.381,-10.5,0.3399,0.0,-1.194,7976
7977,AUG,36,8212.0571,6,-4.3351,-14.481,-9.8,0.3399,-1.2,-1.194,7977
7978,AUG,36,442.8253,6,2.9649,-9.481,-11.2,0.3399,-2.1,-1.194,7978
7979,AUG,36,3689.7297,6,-2.3351,-10.581,-7.9,0.3399,-1.2,-1.194,7979
7980,AUG,36,10439.7279,6,-4.9351,-11.281,-7.2,0.3399,0.0,-1.194,7980
7981,AUG,33,277.5012,7,4.1332,-3.781,-8.3,0.8082,0.0,-1.194,7981
7982,AUG,36,1725.4804,6,-0.4351,-11.081,-11.5,0.3399,0.0,-1.194,7982
7983,AUG,32,1945.4883,6,-0.7351,-11.281,-11.4,0.3399,0.0,-1.194,7983
7984,AUG,36,946.928,6,1.0649,-10.181,-11.6,0.3399,-0.5,-1.194,7984
7985,AUG,36,839.8435,6,1.3649,-7.381,-8.7,0.3399,-0.9,-1.194,7985
7986,AUG,36,377.347,6,3.3649,-12.781,-16.5,0.3399,-0.5,-1.194,7986
7987,AUG,33,761.7878,10,1.6087,-8.281,-8.1,2.9837,0.0,-1.194,7987
7988,AUG,33,924.4196,5,1.125,-5.581,-7.2,0.0,-0.7,-1.194,7988
7989,AUG,36,425.4608,6,3.0649,-9.081,-10.3,0.3399,-2.7,-1.194,7989
7990,AUG,39,8004.5178,4,-4.2711,-8.781,-5.7,0.0039,0.0,-1.194,7990
7991,AUG,36,909.7962,6,1.1649,-7.081,-8.6,0.3399,-0.5,-1.194,7991
7992,AUG,33,549.5685,5,2.425,-6.681,-8.6,0.0,-1.7,-1.194,7992
7993,AUG,36,191.1623,6,5.0649,-9.581,-15.0,0.3399,-0.5,-1.194,7993
7994,AUG,36,8212.0571,6,-4.3351,-16.481,-9.9,0.3399,-3.1,-1.194,7994
7995,AUG,26,25491.7212,7,-7.1668,-11.581,-4.8,0.8082,0.0,-1.194,7995
7996,AUG,29,6047.0238,8,-3.5701,-9.581,-5.8,1.4049,0.0,-1.194,7996
7997,AUG,36,2283.0746,6,-1.1351,-14.781,-12.0,0.3399,-2.5,-1.194,7997
7998,AUG,33,1129.1028,5,0.625,-5.481,-7.3,0.0,0.0,-1.194,7998
7999,AUG,36,252.9369,6,4.3649,-7.481,-12.7,0.3399,0.0,-1.194,7999
8000,AUG,33,219.0009,5,4.725,-5.481,-11.4,0.0,0.0,-1.194,8000
8001,AUG,36,176.4641,6,5.2649,-8.181,-14.3,0.3399,0.0,-1.194,8001
8002,AUG,33,850.5605,7,1.3332,-5.481,-7.2,0.8082,0.0,-1.194,8002
8003,AUG,33,485.8308,7,2.7332,-5.381,-8.5,0.8082,0.0,-1.194,8003
8004,AUG,34,467.3885,8,2.8299,-10.681,-13.3,1.4049,0.0,-1.194,8004
8005,AUG,33,301.5982,5,3.925,-2.381,-7.5,0.0,0.0,-1.194,8005
8006,AUG,33,1970.3141,7,-0.7668,-10.681,-10.3,0.8082,0.0,-1.194,8006
8007,AUG,36,3855.3602,9,-2.4449,-11.981,-8.6,2.1301,0.0,-1.194,8007
8008,AUG,36,76.1774,6,7.3649,-7.281,-15.0,0.3399,-0.5,-1.194,8008
8009,AUG,36,562.9498,6,2.3649,-11.881,-13.9,0.3399,-1.2,-1.194,8009
8010,AUG,39,4952.9133,4,-3.0711,-8.581,-6.7,0.0039,0.0,-1.194,8010
8011,AUG,36,1304.0671,6,0.2649,-10.881,-12.0,0.3399,0.0,-1.194,8011
8012,AUG,36,334.6743,6,3.6649,-10.481,-15.0,0.3399,0.0,-1.194,8012
8013,AUG,36,169.5444,6,5.3649,-7.881,-14.1,0.3399,0.0,-1.194,8013
8014,AUG,33,1899.2442,5,-0.675,-7.581,-8.1,0.0,0.0,-1.194,8014
8015,AUG,39,39650.6199,4,-8.2711,-13.281,-6.2,0.0039,0.0,-1.194,8015
8016,AUG,36,4329.9814,6,-2.7351,-16.281,-12.3,0.3399,-2.1,-1.194,8016
8017,AUG,36,562.9498,6,2.3649,-7.981,-11.2,0.3399,0.0,-1.194,8017
8018,AUG,36,839.8435,6,1.3649,-9.881,-11.6,0.3399,-0.5,-1.194,8018
8019,AUG,36,392.7479,6,3.2649,-7.281,-10.9,0.3399,-0.5,-1.194,8019
8020,AUG,36,2024.8903,6,-0.8351,-11.881,-10.7,0.3399,-1.2,-1.194,8020
8021,AUG,33,2057.437,5,-0.875,-8.881,-9.2,0.0,0.0,-1.194,8021
8022,AUG,33,526.2968,7,2.5332,-4.681,-7.6,0.8082,0.0,-1.194,8022
8023,AUG,36,128.1367,6,6.0649,-7.681,-13.4,0.3399,-1.2,-1.194,8023
8024,AUG,36,1357.2905,6,0.1649,-9.581,-8.5,0.3399,-2.1,-1.194,8024
8025,AUG,36,460.8985,6,2.8649,-11.581,-13.4,0.3399,-1.9,-1.194,8025
8026,AUG,33,210.4132,5,4.825,-3.781,-8.1,0.0,-1.7,-1.194,8026
8027,AUG,36,687.597,6,1.8649,-9.781,-11.3,0.3399,-1.2,-1.194,8027
8028,AUG,36,2193.5485,6,-1.0351,-12.481,-11.8,0.3399,-0.5,-1.194,8028
8029,AUG,39,75199.6649,4,-9.8711,-12.981,-4.3,0.0039,0.0,-1.194,8029
8030,AUG,36,2202.1392,9,-1.0449,-11.081,-9.1,2.1301,0.0,-1.194,8030
8031,AUG,36,224.3332,6,4.6649,-6.981,-11.3,0.3399,-1.2,-1.194,8031
8032,AUG,36,1530.3523,6,-0.1351,-11.081,-11.3,0.3399,-0.5,-1.194,8032
8033,AUG,33,449.943,5,2.925,-5.781,-9.9,0.0,0.0,-1.194,8033
8034,AUG,36,6459.7355,6,-3.7351,-13.381,-9.6,0.3399,-0.9,-1.194,8034
8035,AUG,36,408.7772,6,3.1649,-9.181,-12.0,0.3399,-1.2,-1.194,8035
8036,AUG,36,334.6743,6,3.6649,-9.281,-12.9,0.3399,-0.9,-1.194,8036
8037,AUG,33,1493.9759,5,-0.075,-6.581,-7.7,0.0,0.0,-1.194,8037
8038,AUG,33,819.8804,5,1.425,-5.981,-8.6,0.0,0.0,-1.194,8038
8039,AUG,36,1111.2415,6,0.6649,-12.481,-11.3,0.3399,-2.7,-1.194,8039
8040,AUG,36,946.928,6,1.0649,-9.881,-9.7,0.3399,-2.1,-1.194,8040
8041,AUG,39,53824.1101,6,-9.0351,-14.981,-6.8,0.3399,0.0,-1.194,8041
8042,AUG,39,46530.901,4,-8.6711,-13.281,-5.8,0.0039,0.0,-1.194,8042
8043,AUG,33,571.9982,5,2.325,-2.581,-5.4,0.0,-0.7,-1.194,8043
8044,AUG,33,186.6183,5,5.125,-7.481,-13.8,0.0,0.0,-1.194,8044
8045,AUG,39,24534.4055,4,-7.0711,-12.081,-6.2,0.0039,0.0,-1.194,8045
8046,AUG,36,2574.1789,6,-1.4351,-12.381,-9.7,0.3399,-2.1,-1.194,8046
8047,AUG,36,3840.3201,6,-2.4351,-13.781,-12.2,0.3399,0.0,-1.194,8047
8048,AUG,36,224.3332,6,4.6649,-6.181,-11.3,0.3399,-0.4,-1.194,8048
8049,AUG,36,233.489,6,4.5649,-9.081,-14.5,0.3399,0.0,-1.194,8049
8050,AUG,36,233.489,6,4.5649,-8.381,-13.8,0.3399,0.0,-1.194,8050
8051,AUG,39,726.044,4,1.7289,-4.281,-7.2,0.0039,0.0,-1.194,8051
8052,AUG,36,334.6743,6,3.6649,-10.481,-15.0,0.3399,0.0,-1.194,8052
8053,AUG,33,248.5385,10,4.4087,-8.281,-10.9,2.9837,0.0,-1.194,8053
8054,AUG,36,479.7093,6,2.7649,-6.781,-10.4,0.3399,0.0,-1.194,8054
8055,AUG,39,8004.5178,4,-4.2711,-8.781,-5.7,0.0039,0.0,-1.194,8055
8056,AUG,36,687.597,6,1.8649,-6.581,-9.3,0.3399,0.0,-1.194,8056
8057,AUG,33,83.8488,5,7.125,-3.781,-10.7,0.0,-1.4,-1.194,8057
8058,AUG,36,1795.9031,6,-0.5351,-9.581,-9.9,0.3399,0.0,-1.194,8058
8059,AUG,35,10158.3494,7,-4.8668,-11.581,-7.1,0.8082,0.0,-1.194,8059
8060,AUG,39,46530.901,4,-8.6711,-13.281,-5.8,0.0039,0.0,-1.194,8060
8061,AUG,39,2944.5126,4,-1.7711,-6.381,-5.8,0.0039,0.0,-1.194,8061
8062,AUG,36,2376.2547,6,-1.2351,-9.781,-9.4,0.3399,0.0,-1.194,8062
8063,AUG,36,562.9498,6,2.3649,-6.381,-9.6,0.3399,0.0,-1.194,8063
8064,AUG,32,1795.9031,6,-0.5351,-11.281,-11.6,0.3399,0.0,-1.194,8064
8065,AUG,33,2057.437,5,-0.875,-8.881,-9.2,0.0,0.0,-1.194,8065
8066,AUG,36,3855.3602,9,-2.4449,-11.981,-8.6,2.1301,0.0,-1.194,8066
8067,AUG,36,10030.3551,6,-4.8351,-13.381,-9.4,0.3399,0.0,-1.194,8067
8068,AUG,33,1325.0277,5,0.225,-7.581,-9.0,0.0,0.0,-1.194,8068
8069,AUG,33,210.4132,5,4.825,-2.381,-8.4,0.0,0.0,-1.194,8069
8070,AUG,36,8896.0599,6,-4.5351,-13.281,-9.6,0.3399,0.0,-1.194,8070
8071,AUG,39,4572.0923,4,-2.8711,-8.581,-6.9,0.0039,0.0,-1.194,8071
8072,AUG,33,1379.1066,5,0.125,-6.581,-7.9,0.0,0.0,-1.194,8072
8073,AUG,39,24534.4055,4,-7.0711,-12.081,-6.2,0.0039,0.0,-1.194,8073
8074,AUG,39,21759.9017,4,-6.7711,-13.281,-7.7,0.0039,0.0,-1.194,8074
8075,AUG,36,2902.4004,6,-1.7351,-11.781,-10.9,0.3399,0.0,-1.194,8075
8076,AUG,36,2376.2547,6,-1.2351,-9.881,-9.5,0.3399,0.0,-1.194,8076
8077,AUG,39,5365.4539,4,-3.2711,-8.581,-6.5,0.0039,0.0,-1.194,8077
8078,AUG,34,467.3885,8,2.8299,-10.681,-13.3,1.4049,0.0,-1.194,8078
8079,AUG,36,1530.3523,6,-0.1351,-10.581,-11.3,0.3399,0.0,-1.194,8079
8080,AUG,36,2024.8903,6,-0.8351,-10.681,-10.7,0.3399,0.0,-1.194,8080
8081,AUG,33,301.5982,5,3.925,-7.581,-10.4,0.0,-2.3,-1.194,8081
8082,AUG,36,687.597,6,1.8649,-9.881,-11.3,0.3399,-1.3,-1.194,8082
8083,AUG,33,135.51,5,5.925,-3.481,-9.2,0.0,-1.4,-1.194,8083
8084,AUG,36,183.6662,6,5.1649,-8.281,-12.7,0.3399,-1.6,-1.194,8084
8085,AUG,33,487.4199,5,2.725,-5.781,-9.7,0.0,0.0,-1.194,8085
8086,AUG,36,13813.3581,6,-5.6351,-11.281,-6.5,0.3399,0.0,-1.194,8086
8087,AUG,33,186.6183,5,5.125,-7.481,-13.8,0.0,0.0,-1.194,8087
8088,AUG,33,1684.4658,5,-0.375,-6.481,-7.3,0.0,0.0,-1.194,8088
8089,AUG,33,125.0909,5,6.125,-2.681,-9.3,0.0,-0.7,-1.194,8089
8090,AUG,36,11770.849,6,-5.2351,-14.581,-10.2,0.3399,0.0,-1.194,8090
8091,AUG,36,2193.5485,6,-1.0351,-11.981,-11.8,0.3399,0.0,-1.194,8091
8092,AUG,36,7283.3863,6,-4.0351,-12.481,-9.3,0.3399,0.0,-1.194,8092
8093,AUG,33,468.3067,5,2.825,-5.481,-9.5,0.0,0.0,-1.194,8093
8094,AUG,36,1304.0671,6,0.2649,-10.881,-12.0,0.3399,0.0,-1.194,8094
8095,AUG,33,819.8804,5,1.425,-5.981,-8.6,0.0,0.0,-1.194,8095
8096,AUG,33,507.3131,5,2.625,-10.981,-12.5,0.0,-2.3,-1.194,8096
8097,AUG,36,2902.4004,6,-1.7351,-11.681,-10.8,0.3399,0.0,-1.194,8097
8098,AUG,33,300.6149,7,3.9332,-5.381,-9.7,0.8082,0.0,-1.194,8098
8099,AUG,36,2202.1392,9,-1.0449,-11.081,-9.1,2.1301,0.0,-1.194,8099
8100,AUG,36,985.5754,6,0.9649,-6.381,-8.2,0.3399,0.0,-1.194,8100
8101,AUG,33,669.0645,7,1.9332,-4.681,-7.0,0.8082,0.0,-1.194,8101
8102,AUG,39,53824.1101,6,-9.0351,-14.981,-6.8,0.3399,0.0,-1.194,8102
8103,AUG,33,401.6688,10,3.2087,-8.281,-9.7,2.9837,0.0,-1.194,8103
8104,AUG,36,252.9369,6,4.3649,-7.481,-12.7,0.3399,0.0,-1.194,8104
8105,AUG,20,152.7883,5,5.625,0.419,-6.4,0.0,0.0,-1.194,8105
8106,AUG,33,2949.0516,5,-1.775,-10.781,-10.2,0.0,0.0,-1.194,8106
8107,AUG,36,176.4641,6,5.2649,-8.181,-14.3,0.3399,0.0,-1.194,8107
8108,AUG,36,3840.3201,6,-2.4351,-13.781,-12.2,0.3399,0.0,-1.194,8108
8109,AUG,33,924.4196,5,1.125,-7.181,-8.8,0.0,-0.7,-1.194,8109
8110,AUG,36,585.9257,6,2.2649,-6.481,-9.6,0.3399,0.0,-1.194,8110
8111,AUG,39,39650.6199,4,-8.2711,-13.281,-6.2,0.0039,0.0,-1.194,8111
8112,AUG,36,744.8687,6,1.6649,-9.681,-12.2,0.3399,0.0,-1.194,8112
8113,AUG,36,3689.7297,6,-2.3351,-9.381,-7.9,0.3399,0.0,-1.194,8113
8114,AUG,36,4329.9814,6,-2.7351,-14.181,-12.3,0.3399,0.0,-1.194,8114
8115,AUG,33,44.2111,5,8.725,-7.181,-15.4,0.0,-1.7,-1.194,8115
8116,AUG,33,449.943,5,2.925,-5.781,-9.9,0.0,0.0,-1.194,8116
8117,AUG,36,2107.5329,6,-0.9351,-11.381,-9.7,0.3399,-1.6,-1.194,8117
8118,AUG,33,201.5032,7,4.9332,-2.981,-8.3,0.8082,0.0,-1.194,8118
8119,AUG,36,1025.8,6,0.8649,-9.381,-11.1,0.3399,0.0,-1.194,8119
8120,AUG,36,138.8095,6,5.8649,-6.481,-13.2,0.3399,0.0,-1.194,8120
8121,AUG,33,246.9246,5,4.425,-2.581,-7.5,0.0,-0.7,-1.194,8121
8122,AUG,36,660.6343,6,1.9649,-6.481,-9.3,0.3399,0.0,-1.194,8122
8123,AUG,23,22324.0874,6,-6.8351,-15.981,-10.0,0.3399,0.0,-1.194,8123
8124,AUG,36,169.5444,6,5.3649,-7.881,-14.1,0.3399,0.0,-1.194,8124
8125,AUG,36,634.7289,6,2.0649,-10.181,-11.8,0.3399,-1.3,-1.194,8125
8126,AUG,33,449.943,5,2.925,-4.981,-9.1,0.0,0.0,-1.194,8126
8127,AUG,39,39650.6199,4,-8.2711,-12.381,-5.3,0.0039,0.0,-1.194,8127
8128,AUG,33,1970.3141,7,-0.7668,-10.681,-10.3,0.8082,0.0,-1.194,8128
8129,AUG,33,172.2696,5,5.325,-4.681,-10.9,0.0,-0.3,-1.194,8129
8130,AUG,36,2788.5887,6,-1.6351,-12.281,-11.5,0.3399,0.0,-1.194,8130
8131,AUG,36,562.9498,6,2.3649,-10.681,-13.9,0.3399,0.0,-1.194,8131
8132,AUG,36,562.9498,6,2.3649,-7.981,-11.2,0.3399,0.0,-1.194,8132
8133,AUG,36,207.8957,9,4.8551,-11.081,-15.0,2.1301,0.0,-1.194,8133
8134,AUG,36,1111.2415,6,0.6649,-6.581,-8.1,0.3399,0.0,-1.194,8134
8135,AUG,33,850.5605,7,1.3332,-5.481,-7.2,0.8082,0.0,-1.194,8135
8136,AUG,33,418.0623,10,3.1087,-9.581,-10.9,2.9837,0.0,-1.194,8136
8137,AUG,36,5081.3313,6,-3.1351,-12.681,-10.4,0.3399,0.0,-1.194,8137
8138,AUG,36,377.347,6,3.3649,-12.281,-16.5,0.3399,0.0,-1.194,8138
8139,AUG,36,4506.7026,6,-2.8351,-10.881,-8.9,0.3399,0.0,-1.194,8139
8140,AUG,36,548.4909,8,2.4299,-8.981,-11.2,1.4049,0.0,-1.194,8140
8141,AUG,36,1615.2396,8,-0.2701,-8.981,-8.5,1.4049,0.0,-1.194,8141
8142,AUG,36,1470.3426,6,-0.0351,-8.581,-9.4,0.3399,0.0,-1.194,8142
8143,AUG,36,1725.4804,6,-0.4351,-11.081,-11.5,0.3399,0.0,-1.194,8143
8144,AUG,27,585.9257,6,2.2649,-7.381,-10.5,0.3399,0.0,-1.194,8144
8145,AUG,36,1725.4804,6,-0.4351,-7.781,-8.2,0.3399,0.0,-1.194,8145
8146,AUG,36,263.2601,6,4.2649,-5.781,-10.9,0.3399,0.0,-1.194,8146
8147,AUG,36,2574.1789,6,-1.4351,-10.281,-9.7,0.3399,0.0,-1.194,8147
8148,AUG,33,452.8837,10,2.9087,-9.581,-10.7,2.9837,0.0,-1.194,8148
8149,AUG,33,468.3067,5,2.825,-5.581,-8.9,0.0,-0.7,-1.194,8149
8150,AUG,39,2944.5126,4,-1.7711,-6.381,-5.8,0.0039,0.0,-1.194,8150
8151,AUG,36,93.0445,6,6.8649,-6.781,-14.5,0.3399,0.0,-1.194,8151
8152,AUG,36,1156.595,6,0.5649,-9.681,-11.1,0.3399,0.0,-1.194,8152
8153,AUG,39,1221.266,4,0.4289,-8.581,-10.2,0.0039,0.0,-1.194,8153
8154,AUG,39,16445.4907,4,-6.0711,-13.281,-8.4,0.0039,0.0,-1.194,8154
8155,AUG,33,125.0909,5,6.125,-2.081,-9.4,0.0,0.0,-1.194,8155
8156,AUG,36,93.0445,6,6.8649,-7.281,-15.0,0.3399,0.0,-1.194,8156
8157,AUG,33,1084.8273,5,0.725,-7.581,-9.5,0.0,0.0,-1.194,8157
8158,AUG,33,267.4916,5,4.225,-3.481,-7.3,0.0,-1.6,-1.194,8158
8159,AUG,33,452.8837,10,2.9087,-9.581,-10.7,2.9837,0.0,-1.194,8159
8160,AUG,39,5504.5682,6,-3.3351,-14.981,-12.5,0.3399,0.0,-1.194,8160
8161,AUG,33,87.271,5,7.025,-11.681,-13.7,0.0,-6.2,-1.194,8161
8162,AUG,20,326.0785,8,3.7299,-3.581,-7.1,1.4049,0.0,-1.194,8162
8163,AUG,39,35166.6801,4,-7.9711,-12.381,-5.6,0.0039,0.0,-1.194,8163
8164,AUG,36,38.5911,6,9.0649,-10.381,-15.0,0.3399,-5.3,-1.194,8164
8165,AUG,33,528.0183,5,2.525,-7.981,-10.1,0.0,-1.6,-1.194,8165
8166,AUG,34,467.3885,8,2.8299,-10.681,-13.3,1.4049,0.0,-1.194,8166
8167,AUG,36,138.8095,6,5.8649,-8.381,-14.6,0.3399,-0.5,-1.194,8167
8168,AUG,33,888.1703,5,1.225,-11.381,-12.2,0.0,-1.6,-1.194,8168
8169,AUG,23,34663.7294,6,-7.9351,-15.881,-8.8,0.3399,0.0,-1.194,8169
8170,AUG,36,1470.3426,6,-0.0351,-9.081,-9.4,0.3399,-0.5,-1.194,8170
8171,AUG,36,278.4088,5,4.125,-13.181,-11.6,0.0,-6.9,-1.194,8171
8172,AUG,36,3840.3201,6,-2.4351,-12.581,-8.9,0.3399,-2.1,-1.194,8172
8173,AUG,36,1592.8111,6,-0.2351,-14.681,-12.7,0.3399,-2.6,-1.194,8173
8174,AUG,39,35166.6801,4,-7.9711,-12.381,-5.6,0.0039,0.0,-1.194,8174
8175,AUG,39,506.5323,4,2.6289,-4.281,-8.1,0.0039,0.0,-1.194,8175
8176,AUG,35,3590.2816,7,-2.2668,-11.581,-9.7,0.8082,0.0,-1.194,8176
8177,AUG,33,301.5982,5,3.925,-9.681,-11.6,0.0,-3.2,-1.194,8177
8178,AUG,36,40.1662,6,8.9649,-7.881,-12.4,0.3399,-5.3,-1.194,8178
8179,AUG,36,687.597,6,1.8649,-6.881,-9.6,0.3399,0.0,-1.194,8179
8180,AUG,36,2115.7868,9,-0.9449,-12.481,-10.1,2.1301,-0.5,-1.194,8180
8181,AUG,32,1357.2905,6,0.1649,-11.981,-12.9,0.3399,-0.1,-1.194,8181
8182,AUG,36,144.4748,6,5.7649,-8.681,-14.8,0.3399,-0.5,-1.194,8182
8183,AUG,36,660.6343,6,1.9649,-11.781,-12.0,0.3399,-2.6,-1.194,8183
8184,AUG,36,150.3713,6,5.6649,-6.981,-13.5,0.3399,0.0,-1.194,8184
8185,AUG,36,460.8985,6,2.8649,-8.481,-11.7,0.3399,-0.5,-1.194,8185
8186,AUG,39,24534.4055,4,-7.0711,-13.281,-7.4,0.0039,0.0,-1.194,8186
8187,AUG,36,170.2084,9,5.3551,-11.581,-15.5,2.1301,-0.5,-1.194,8187
8188,AUG,36,744.8687,6,1.6649,-10.181,-12.7,0.3399,0.0,-1.194,8188
8189,AUG,36,3545.0444,6,-2.2351,-14.681,-12.8,0.3399,-0.5,-1.194,8189
8190,AUG,33,382.1623,7,3.3332,-8.881,-9.2,0.8082,-3.4,-1.194,8190
8191,AUG,36,1067.6664,6,0.7649,-12.681,-10.8,0.3399,-3.5,-1.194,8191
8192,AUG,39,852.0291,4,1.3289,-6.381,-8.9,0.0039,0.0,-1.194,8192
8193,AUG,33,219.0009,5,4.725,-9.781,-12.5,0.0,-3.2,-1.194,8193
8194,AUG,36,519.6655,6,2.5649,-6.881,-10.3,0.3399,0.0,-1.194,8194
8195,AUG,33,94.54,5,6.825,-4.881,-10.1,0.0,-2.8,-1.194,8195
8196,AUG,36,7890.0379,6,-4.2351,-12.981,-9.6,0.3399,0.0,-1.194,8196
8197,AUG,39,852.0291,4,1.3289,-6.381,-8.9,0.0039,0.0,-1.194,8197
8198,AUG,33,94.54,5,6.825,-3.781,-10.0,0.0,-1.8,-1.194,8198
8199,AUG,33,32.1032,5,9.525,-10.681,-14.4,0.0,-7.0,-1.194,8199
8200,AUG,36,1322.4297,8,0.2299,-9.481,-9.0,1.4049,-0.5,-1.194,8200
8201,AUG,36,2193.5485,6,-1.0351,-12.481,-12.3,0.3399,0.0,-1.194,8201
8202,AUG,36,479.7093,6,2.7649,-7.281,-10.9,0.3399,0.0,-1.194,8202
8203,AUG,36,2376.2547,6,-1.2351,-10.381,-10.0,0.3399,0.0,-1.194,8203
8204,AUG,36,1412.6861,6,0.0649,-12.381,-11.2,0.3399,-2.1,-1.194,8204
8205,AUG,33,60.8855,5,7.925,-5.781,-14.9,0.0,0.0,-1.194,8205
8206,AUG,36,334.6743,6,3.6649,-8.481,-12.5,0.3399,-0.5,-1.194,8206
8207,AUG,36,104.9081,6,6.5649,-8.381,-13.2,0.3399,-2.6,-1.194,8207
8208,AUG,33,146.797,5,5.725,-5.781,-12.7,0.0,0.0,-1.194,8208
8209,AUG,39,12429.0159,4,-5.3711,-12.081,-7.9,0.0039,0.0,-1.194,8209
8210,AUG,36,252.9369,6,4.3649,-7.381,-11.5,0.3399,-1.1,-1.194,8210
8211,AUG,33,178.7159,7,5.2332,-5.381,-11.0,0.8082,0.0,-1.194,8211
8212,AUG,36,377.347,6,3.3649,-13.781,-17.0,0.3399,-1.0,-1.194,8212
8213,AUG,36,3406.0327,6,-2.1351,-12.781,-11.5,0.3399,0.0,-1.194,8213
8214,AUG,33,152.7883,5,5.625,-4.381,-11.2,0.0,0.0,-1.194,8214
8215,AUG,36,274.0047,6,4.1649,-10.981,-15.5,0.3399,-0.5,-1.194,8215
8216,AUG,36,5504.5682,6,-3.3351,-11.281,-8.8,0.3399,0.0,-1.194,8216
8217,AUG,39,2316.2007,4,-1.1711,-8.781,-8.8,0.0039,0.0,-1.194,8217
8218,AUG,36,224.3332,6,4.6649,-8.881,-14.4,0.3399,0.0,-1.194,8218
8219,AUG,36,10030.3551,6,-4.8351,-11.281,-7.3,0.3399,0.0,-1.194,8219
8220,AUG,36,1592.8111,6,-0.2351,-14.581,-13.8,0.3399,-1.4,-1.194,8220
8221,AUG,33,68.6487,5,7.625,-13.081,-17.7,0.0,-4.2,-1.194,8221
8222,AUG,33,49.8482,5,8.425,-8.881,-15.1,0.0,-3.4,-1.194,8222
8223,AUG,33,507.3131,5,2.625,-6.681,-8.7,0.0,-1.8,-1.194,8223
8224,AUG,33,135.51,5,5.925,-5.181,-9.5,0.0,-2.8,-1.194,8224
8225,AUG,36,1657.8191,6,-0.3351,-9.881,-10.4,0.3399,0.0,-1.194,8225
8226,AUG,36,40.1662,6,8.9649,-7.881,-12.4,0.3399,-5.3,-1.194,8226
8227,AUG,36,1592.8111,6,-0.2351,-12.281,-12.9,0.3399,0.0,-1.194,8227
8228,AUG,26,7376.3274,7,-4.0668,-11.581,-7.9,0.8082,0.0,-1.194,8228
8229,AUG,36,449.0608,8,2.9299,-9.481,-11.7,1.4049,-0.5,-1.194,8229
8230,AUG,36,1802.9365,9,-0.5449,-11.581,-9.6,2.1301,-0.5,-1.194,8230
8231,AUG,33,370.7852,10,3.4087,-8.281,-9.9,2.9837,0.0,-1.194,8231
8232,AUG,36,2574.1789,6,-1.4351,-11.281,-10.2,0.3399,-0.5,-1.194,8232
8233,AUG,36,839.8435,6,1.3649,-9.081,-11.3,0.3399,0.0,-1.194,8233
8234,AUG,33,194.2349,5,5.025,-5.681,-8.6,0.0,-3.3,-1.194,8234
8235,AUG,39,33787.69,4,-7.8711,-12.981,-6.3,0.0039,0.0,-1.194,8235
8236,AUG,36,1657.8191,6,-0.3351,-8.281,-8.3,0.3399,-0.5,-1.194,8236
8237,AUG,36,94.54,5,6.825,-6.881,-12.9,0.0,-2.0,-1.194,8237
8238,AUG,36,263.2601,6,4.2649,-6.281,-11.4,0.3399,0.0,-1.194,8238
8239,AUG,36,519.6655,6,2.5649,-10.081,-13.5,0.3399,0.0,-1.194,8239
8240,AUG,36,11309.279,6,-5.1351,-13.881,-9.6,0.3399,0.0,-1.194,8240
8241,AUG,36,775.2693,6,1.5649,-9.381,-11.8,0.3399,0.0,-1.194,8241
8242,AUG,33,186.6183,5,5.125,-7.481,-13.8,0.0,0.0,-1.194,8242
8243,AUG,33,623.6913,10,2.1087,-8.281,-8.6,2.9837,0.0,-1.194,8243
8244,AUG,36,660.6343,6,1.9649,-13.981,-12.0,0.3399,-4.8,-1.194,8244
8245,AUG,36,7890.0379,6,-4.2351,-13.781,-10.4,0.3399,0.0,-1.194,8245
8246,AUG,36,2376.2547,6,-1.2351,-10.281,-9.9,0.3399,0.0,-1.194,8246
8247,AUG,36,1412.6861,6,0.0649,-11.581,-12.0,0.3399,-0.5,-1.194,8247
8248,AUG,33,1893.0522,7,-0.6668,-10.681,-10.4,0.8082,0.0,-1.194,8248
8249,AUG,27,129.9959,4,6.0289,-7.881,-12.3,0.0039,-2.8,-1.194,8249
8250,AUG,36,562.9498,6,2.3649,-6.981,-10.2,0.3399,0.0,-1.194,8250
8251,AUG,33,219.0009,5,4.725,-7.781,-10.9,0.0,-2.8,-1.194,8251
8252,AUG,36,59.9224,6,7.9649,-10.681,-14.2,0.3399,-5.3,-1.194,8252
8253,AUG,39,5584.4363,4,-3.3711,-8.581,-6.4,0.0039,0.0,-1.194,8253
8254,AUG,39,31189.8122,4,-7.6711,-13.281,-6.8,0.0039,0.0,-1.194,8254
8255,AUG,33,14.4242,5,11.525,-12.581,-18.7,0.0,-6.6,-1.194,8255
8256,AUG,36,2193.5485,6,-1.0351,-10.781,-10.1,0.3399,-0.5,-1.194,8256
8257,AUG,36,479.7093,6,2.7649,-12.381,-13.9,0.3399,-2.1,-1.194,8257
8258,AUG,29,5363.1886,8,-3.2701,-9.581,-6.1,1.4049,0.0,-1.194,8258
8259,AUG,36,4329.9814,6,-2.7351,-15.581,-10.2,0.3399,-3.5,-1.194,8259
8260,AUG,33,186.0099,7,5.1332,-4.681,-10.2,0.8082,0.0,-1.194,8260
8261,AUG,33,2949.0516,5,-1.775,-10.781,-10.2,0.0,0.0,-1.194,8261
8262,AUG,33,418.0623,10,3.1087,-9.581,-10.9,2.9837,0.0,-1.194,8262
8263,AUG,36,479.7093,6,2.7649,-6.781,-10.4,0.3399,0.0,-1.194,8263
8264,AUG,33,1970.3141,7,-0.7668,-10.681,-10.3,0.8082,0.0,-1.194,8264
8265,AUG,36,3855.3602,9,-2.4449,-11.981,-8.6,2.1301,0.0,-1.194,8265
8266,AUG,33,819.8804,5,1.425,-5.981,-8.6,0.0,0.0,-1.194,8266
8267,AUG,33,850.5605,7,1.3332,-5.481,-7.2,0.8082,0.0,-1.194,8267
8268,AUG,36,207.0846,6,4.8649,-5.781,-11.5,0.3399,0.0,-1.194,8268
8269,AUG,36,2574.1789,6,-1.4351,-12.281,-11.7,0.3399,0.0,-1.194,8269
8270,AUG,36,499.2879,6,2.6649,-6.581,-10.1,0.3399,0.0,-1.194,8270
8271,AUG,33,77.4018,5,7.325,-6.081,-10.9,0.0,-3.7,-1.194,8271
8272,AUG,36,985.5754,6,0.9649,-9.381,-11.2,0.3399,0.0,-1.194,8272
8273,AUG,33,1129.1028,5,0.625,-5.481,-7.3,0.0,0.0,-1.194,8273
8274,AUG,33,418.0623,10,3.1087,-9.581,-10.9,2.9837,0.0,-1.194,8274
8275,AUG,36,6206.4301,6,-3.6351,-13.281,-10.5,0.3399,0.0,-1.194,8275
8276,AUG,36,5081.3313,6,-3.1351,-12.681,-10.4,0.3399,0.0,-1.194,8276
8277,AUG,39,5812.3561,4,-3.4711,-8.581,-6.3,0.0039,0.0,-1.194,8277
8278,AUG,39,8004.5178,4,-4.2711,-8.781,-5.7,0.0039,0.0,-1.194,8278
8279,AUG,36,348.3335,6,3.5649,-9.381,-12.8,0.3399,-1.0,-1.194,8279
8280,AUG,33,94.54,5,6.825,-5.781,-10.1,0.0,-3.7,-1.194,8280
8281,AUG,36,1156.595,6,0.5649,-9.681,-11.1,0.3399,0.0,-1.194,8281
8282,AUG,33,236.4685,7,4.5332,-6.181,-10.3,0.8082,-0.8,-1.194,8282
8283,AUG,36,263.2601,6,4.2649,-5.781,-10.9,0.3399,0.0,-1.194,8283
8284,AUG,36,2283.0746,6,-1.1351,-9.781,-9.5,0.3399,0.0,-1.194,8284
8285,AUG,33,570.1334,7,2.3332,-4.681,-7.4,0.8082,0.0,-1.194,8285
8286,AUG,39,726.044,4,1.7289,-4.281,-7.2,0.0039,0.0,-1.194,8286
8287,AUG,36,2788.5887,6,-1.6351,-11.781,-11.0,0.3399,0.0,-1.194,8287
8288,AUG,36,408.7772,6,3.1649,-7.981,-12.0,0.3399,0.0,-1.194,8288
8289,AUG,33,102.4145,5,6.625,-9.781,-12.2,0.0,-5.4,-1.194,8289
8290,AUG,36,2024.8903,6,-0.8351,-10.681,-10.7,0.3399,0.0,-1.194,8290
8291,AUG,36,874.1203,6,1.2649,-6.481,-8.6,0.3399,0.0,-1.194,8291
8292,AUG,27,408.7772,6,3.1649,-7.381,-11.4,0.3399,0.0,-1.194,8292
8293,AUG,36,1304.0671,6,0.2649,-9.381,-10.5,0.3399,0.0,-1.194,8293
8294,AUG,36,4329.9814,6,-2.7351,-14.181,-12.3,0.3399,0.0,-1.194,8294
8295,AUG,33,2949.0516,5,-1.775,-10.781,-10.2,0.0,0.0,-1.194,8295
8296,AUG,34,467.3885,8,2.8299,-10.681,-13.3,1.4049,0.0,-1.194,8296
8297,AUG,36,460.8985,6,2.8649,-6.481,-10.2,0.3399,0.0,-1.194,8297
8298,AUG,36,562.9498,6,2.3649,-7.981,-11.2,0.3399,0.0,-1.194,8298
8299,AUG,36,6997.7831,6,-3.9351,-11.281,-8.2,0.3399,0.0,-1.194,8299
8300,AUG,36,687.597,6,1.8649,-6.581,-9.3,0.3399,0.0,-1.194,8300
8301,AUG,33,246.9246,5,4.425,-8.681,-10.6,0.0,-3.7,-1.194,8301
8302,AUG,36,3840.3201,6,-2.4351,-13.781,-12.2,0.3399,0.0,-1.194,8302
8303,AUG,36,755.3573,8,1.6299,-8.981,-10.4,1.4049,0.0,-1.194,8303
8304,AUG,36,2202.1392,9,-1.0449,-11.081,-9.1,2.1301,0.0,-1.194,8304
8305,AUG,33,1824.7692,5,-0.575,-7.581,-8.2,0.0,0.0,-1.194,8305
8306,AUG,33,575.7367,10,2.3087,-8.281,-8.8,2.9837,0.0,-1.194,8306
8307,AUG,36,634.7289,6,2.0649,-8.581,-11.5,0.3399,0.0,-1.194,8307
8308,AUG,33,399.0606,5,3.225,-1.881,-6.3,0.0,0.0,-1.194,8308
8309,AUG,36,233.489,6,4.5649,-9.081,-14.5,0.3399,0.0,-1.194,8309
8310,AUG,36,169.5444,6,5.3649,-7.881,-14.1,0.3399,0.0,-1.194,8310
8311,AUG,33,353.9323,5,3.525,-5.481,-10.2,0.0,0.0,-1.194,8311
8312,AUG,36,334.6743,6,3.6649,-10.481,-15.0,0.3399,0.0,-1.194,8312
8313,AUG,33,399.0606,5,3.225,-6.081,-10.2,0.0,-0.3,-1.194,8313
8314,AUG,33,368.3775,5,3.425,-1.981,-6.6,0.0,0.0,-1.194,8314
8315,AUG,36,2376.2547,6,-1.2351,-9.881,-9.5,0.3399,0.0,-1.194,8315
8316,AUG,33,3460.7789,5,-2.175,-9.781,-8.8,0.0,0.0,-1.194,8316
8317,AUG,33,1899.2442,5,-0.675,-8.881,-9.4,0.0,0.0,-1.194,8317
8318,AUG,39,2944.5126,4,-1.7711,-6.381,-5.8,0.0039,0.0,-1.194,8318
8319,AUG,39,44066.9007,6,-8.5351,-14.981,-7.3,0.3399,0.0,-1.194,8319
8320,AUG,39,2944.5126,4,-1.7711,-6.381,-5.8,0.0039,0.0,-1.194,8320
8321,AUG,36,2376.2547,6,-1.2351,-10.281,-9.9,0.3399,0.0,-1.194,8321
8322,AUG,36,2679.2398,6,-1.5351,-11.681,-11.0,0.3399,0.0,-1.194,8322
8323,AUG,39,20086.82,4,-6.5711,-13.281,-7.9,0.0039,0.0,-1.194,8323
8324,AUG,36,5504.5682,6,-3.3351,-13.781,-10.0,0.3399,-1.3,-1.194,8324
8325,AUG,26,22608.9581,7,-6.8668,-11.581,-5.1,0.8082,0.0,-1.194,8325
8326,AUG,36,207.8957,9,4.8551,-11.081,-15.0,2.1301,0.0,-1.194,8326
8327,AUG,36,8212.0571,6,-4.3351,-14.581,-11.1,0.3399,0.0,-1.194,8327
8328,AUG,36,585.9257,6,2.2649,-8.881,-12.0,0.3399,0.0,-1.194,8328
8329,AUG,36,3144.1487,6,-1.9351,-10.781,-9.7,0.3399,0.0,-1.194,8329
8330,AUG,29,19265.8896,7,-6.4668,-11.581,-5.5,0.8082,0.0,-1.194,8330
8331,AUG,33,756.8412,5,1.625,-4.881,-7.7,0.0,0.0,-1.194,8331
8332,AUG,33,115.4729,5,6.325,-2.881,-9.6,0.0,-0.8,-1.194,8332
8333,AUG,36,1592.8111,6,-0.2351,-7.781,-8.4,0.3399,0.0,-1.194,8333
8334,AUG,36,519.6655,6,2.5649,-10.681,-14.1,0.3399,0.0,-1.194,8334
8335,AUG,36,548.4909,8,2.4299,-8.981,-11.2,1.4049,0.0,-1.194,8335
8336,AUG,36,377.347,6,3.3649,-12.281,-16.5,0.3399,0.0,-1.194,8336
8337,AUG,36,1203.7996,6,0.4649,-10.881,-12.2,0.3399,0.0,-1.194,8337
8338,AUG,36,519.6655,6,2.5649,-6.381,-9.8,0.3399,0.0,-1.194,8338
8339,AUG,33,1084.8273,5,0.725,-6.581,-8.5,0.0,0.0,-1.194,8339
8340,AUG,33,368.3775,5,3.425,-6.381,-11.0,0.0,0.0,-1.194,8340
8341,AUG,36,687.597,6,1.8649,-9.681,-12.4,0.3399,0.0,-1.194,8341
8342,AUG,36,10030.3551,6,-4.8351,-12.481,-7.3,0.3399,-1.2,-1.194,8342
8343,AUG,33,1325.0277,5,0.225,-6.481,-7.9,0.0,0.0,-1.194,8343
8344,AUG,23,90536.598,6,-10.3351,-15.881,-6.4,0.3399,0.0,-1.194,8344
8345,AUG,39,24534.4055,4,-7.0711,-12.081,-6.2,0.0039,0.0,-1.194,8345
8346,AUG,36,93.0445,6,6.8649,-6.781,-14.5,0.3399,0.0,-1.194,8346
8347,AUG,36,2193.5485,6,-1.0351,-11.981,-11.8,0.3399,0.0,-1.194,8347
8348,AUG,33,370.7852,10,3.4087,-8.281,-9.9,2.9837,0.0,-1.194,8348
8349,AUG,36,2193.5485,6,-1.0351,-10.881,-10.7,0.3399,0.0,-1.194,8349
8350,AUG,29,7687.3897,8,-4.1701,-9.581,-5.2,1.4049,0.0,-1.194,8350
8351,AUG,33,452.8837,10,2.9087,-9.581,-10.7,2.9837,0.0,-1.194,8351
8352,AUG,32,12251.2573,6,-5.3351,-11.281,-6.8,0.3399,0.0,-1.194,8352
8353,AUG,33,227.1959,7,4.6332,-3.781,-8.8,0.8082,0.0,-1.194,8353
8354,AUG,33,727.1632,5,1.725,-6.481,-9.4,0.0,0.0,-1.194,8354
8355,AUG,20,266.9671,8,4.2299,-2.981,-7.0,1.4049,0.0,-1.194,8355
8356,AUG,36,1252.9307,6,0.3649,-9.581,-10.8,0.3399,0.0,-1.194,8356
8357,AUG,36,1530.3523,6,-0.1351,-10.581,-11.3,0.3399,0.0,-1.194,8357
8358,AUG,33,487.4199,5,2.725,-6.081,-9.7,0.0,-0.3,-1.194,8358
8359,AUG,36,609.8393,6,2.1649,-6.381,-9.4,0.3399,0.0,-1.194,8359
8360,AUG,36,252.9369,6,4.3649,-7.481,-12.7,0.3399,0.0,-1.194,8360
8361,AUG,36,176.4641,6,5.2649,-8.181,-14.3,0.3399,0.0,-1.194,8361
8362,AUG,36,144.4748,6,5.7649,-6.481,-13.1,0.3399,0.0,-1.194,8362
8363,AUG,36,8212.0571,6,-4.3351,-13.381,-9.9,0.3399,0.0,-1.194,8363
8364,AUG,36,1357.2905,6,0.1649,-8.581,-9.6,0.3399,0.0,-1.194,8364
8365,AUG,33,186.6183,5,5.125,-7.481,-13.8,0.0,0.0,-1.194,8365
8366,AUG,32,1325.0277,5,0.225,-8.881,-10.3,0.0,0.0,-1.194,8366
8367,AUG,35,263.2601,6,4.2649,-5.781,-10.9,0.3399,0.0,-1.194,8367
8368,AUG,35,660.6343,6,1.9649,-8.381,-11.2,0.3399,0.0,-1.194,8368
8369,AUG,35,1025.8,6,0.8649,-9.381,-11.1,0.3399,0.0,-1.194,8369
8370,AUG,35,2193.5485,6,-1.0351,-11.981,-11.8,0.3399,0.0,-1.194,8370
8371,AUG,28,7687.3897,8,-4.1701,-9.581,-5.2,1.4049,0.0,-1.194,8371
8372,AUG,35,1470.3426,6,-0.0351,-8.581,-9.4,0.3399,0.0,-1.194,8372
8373,AUG,35,4160.19,6,-2.6351,-11.781,-10.0,0.3399,0.0,-1.194,8373
8374,AUG,38,5812.3561,4,-3.4711,-8.581,-6.3,0.0039,0.0,-1.194,8374
8375,AUG,35,93.0445,6,6.8649,-6.781,-14.5,0.3399,0.0,-1.194,8375
8376,AUG,32,1899.2442,5,-0.675,-7.581,-8.1,0.0,0.0,-1.194,8376
8377,AUG,35,1945.4883,6,-0.7351,-9.381,-9.5,0.3399,0.0,-1.194,8377
8378,AUG,35,334.6743,6,3.6649,-10.481,-15.0,0.3399,0.0,-1.194,8378
8379,AUG,35,562.9498,6,2.3649,-7.981,-11.2,0.3399,0.0,-1.194,8379
8380,AUG,32,115.4729,5,6.325,-9.981,-13.3,0.0,-4.2,-1.194,8380
8381,AUG,35,479.7093,6,2.7649,-6.781,-10.4,0.3399,0.0,-1.194,8381
8382,AUG,35,169.5444,6,5.3649,-7.881,-14.1,0.3399,0.0,-1.194,8382
8383,AUG,22,74124.166,6,-9.8351,-15.781,-6.8,0.3399,0.0,-1.194,8383
8384,AUG,35,15574.6351,6,-5.9351,-11.281,-6.2,0.3399,0.0,-1.194,8384
8385,AUG,35,207.8957,9,4.8551,-11.081,-15.0,2.1301,0.0,-1.194,8385
8386,AUG,32,528.0183,5,2.525,-9.881,-10.3,0.0,-3.3,-1.194,8386
8387,AUG,32,267.4916,5,4.225,-2.181,-7.5,0.0,-0.1,-1.194,8387
8388,AUG,35,1111.2415,6,0.6649,-6.581,-8.1,0.3399,0.0,-1.194,8388
8389,AUG,35,2788.5887,6,-1.6351,-12.281,-11.5,0.3399,0.0,-1.194,8389
8390,AUG,35,3144.1487,6,-1.9351,-10.781,-9.7,0.3399,0.0,-1.194,8390
8391,AUG,38,8004.5178,4,-4.2711,-8.781,-5.7,0.0039,0.0,-1.194,8391
8392,AUG,35,4506.7026,6,-2.8351,-10.881,-8.9,0.3399,0.0,-1.194,8392
8393,AUG,32,850.5605,7,1.3332,-5.481,-7.2,0.8082,0.0,-1.194,8393
8394,AUG,35,2202.1392,9,-1.0449,-11.081,-9.1,2.1301,0.0,-1.194,8394
8395,AUG,32,1493.9759,5,-0.075,-6.581,-7.7,0.0,0.0,-1.194,8395
8396,AUG,38,75199.6649,4,-9.8711,-12.981,-4.3,0.0039,0.0,-1.194,8396
8397,AUG,32,485.8308,7,2.7332,-5.481,-8.5,0.8082,-0.1,-1.194,8397
8398,AUG,35,2574.1789,6,-1.4351,-10.281,-9.7,0.3399,0.0,-1.194,8398
8399,AUG,35,687.597,6,1.8649,-8.581,-11.3,0.3399,0.0,-1.194,8399
8400,AUG,35,1156.595,6,0.5649,-9.681,-11.1,0.3399,0.0,-1.194,8400
8401,AUG,35,1657.8191,6,-0.3351,-6.481,-7.0,0.3399,0.0,-1.194,8401
8402,AUG,38,2944.5126,4,-1.7711,-6.381,-5.8,0.0039,0.0,-1.194,8402
8403,AUG,32,135.51,5,5.925,-4.881,-9.2,0.0,-2.8,-1.194,8403
8404,AUG,38,2944.5126,4,-1.7711,-6.381,-5.8,0.0039,0.0,-1.194,8404
8405,AUG,38,23572.3385,4,-6.9711,-13.281,-7.5,0.0039,0.0,-1.194,8405
8406,AUG,32,172.2696,5,5.325,-7.181,-10.9,0.0,-2.8,-1.194,8406
8407,AUG,35,150.3713,6,5.6649,-6.481,-13.0,0.3399,0.0,-1.194,8407
8408,AUG,35,5081.3313,6,-3.1351,-12.681,-10.4,0.3399,0.0,-1.194,8408
8409,AUG,32,186.6183,5,5.125,-7.481,-13.8,0.0,0.0,-1.194,8409
8410,AUG,35,1530.3523,6,-0.1351,-10.581,-11.3,0.3399,0.0,-1.194,8410
8411,AUG,35,377.347,6,3.3649,-12.281,-16.5,0.3399,0.0,-1.194,8411
8412,AUG,35,1869.1999,6,-0.6351,-9.581,-9.8,0.3399,0.0,-1.194,8412
8413,AUG,32,595.3434,5,2.225,-1.881,-5.3,0.0,0.0,-1.194,8413
8414,AUG,35,1725.4804,6,-0.4351,-11.081,-11.5,0.3399,0.0,-1.194,8414
8415,AUG,35,2376.2547,6,-1.2351,-9.881,-9.5,0.3399,0.0,-1.194,8415
8416,AUG,32,120.1857,5,6.225,-6.281,-9.5,0.0,-4.2,-1.194,8416
8417,AUG,35,7283.3863,6,-4.0351,-12.481,-9.3,0.3399,0.0,-1.194,8417
8418,AUG,35,252.9369,6,4.3649,-7.481,-12.7,0.3399,0.0,-1.194,8418
8419,AUG,32,90.8328,5,6.925,-9.981,-13.9,0.0,-4.2,-1.194,8419
8420,AUG,19,98.2056,8,6.7299,0.319,-6.2,1.4049,0.0,-1.194,8420
8421,AUG,32,1273.0695,5,0.325,-6.481,-8.0,0.0,0.0,-1.194,8421
8422,AUG,35,4329.9814,6,-2.7351,-14.181,-12.3,0.3399,0.0,-1.194,8422
8423,AUG,35,1725.4804,6,-0.4351,-7.781,-8.2,0.3399,0.0,-1.194,8423
8424,AUG,32,3460.7789,5,-2.175,-9.781,-8.8,0.0,0.0,-1.194,8424
8425,AUG,32,65.9568,5,7.725,-5.481,-11.1,0.0,-3.3,-1.194,8425
8426,AUG,35,548.4909,8,2.4299,-8.981,-11.2,1.4049,0.0,-1.194,8426
8427,AUG,35,562.9498,6,2.3649,-10.681,-13.9,0.3399,0.0,-1.194,8427
8428,AUG,35,408.7772,6,3.1649,-7.981,-12.0,0.3399,0.0,-1.194,8428
8429,AUG,32,452.8837,10,2.9087,-9.581,-10.7,2.9837,0.0,-1.194,8429
8430,AUG,32,418.0623,10,3.1087,-9.581,-10.9,2.9837,0.0,-1.194,8430
8432,AUG,32,399.0606,5,3.225,-5.481,-9.9,0.0,0.0,-1.194,8432
8433,AUG,35,562.9498,6,2.3649,-6.381,-9.6,0.3399,0.0,-1.194,8433
8434,AUG,35,1304.0671,6,0.2649,-9.881,-9.8,0.3399,-1.2,-1.194,8434
8435,AUG,35,1615.2396,8,-0.2701,-8.981,-8.5,1.4049,0.0,-1.194,8435
8436,AUG,32,449.943,5,2.925,-4.881,-9.0,0.0,0.0,-1.194,8436
8437,AUG,38,726.044,4,1.7289,-4.281,-7.2,0.0039,0.0,-1.194,8437
8438,AUG,32,2141.408,5,-0.975,-6.381,-6.6,0.0,0.0,-1.194,8438
8439,AUG,35,9259.1382,6,-4.6351,-13.281,-9.5,0.3399,0.0,-1.194,8439
8440,AUG,35,2024.8903,6,-0.8351,-10.681,-10.7,0.3399,0.0,-1.194,8440
8441,AUG,35,687.597,6,1.8649,-6.581,-9.3,0.3399,0.0,-1.194,8441
8442,AUG,35,3855.3602,9,-2.4449,-11.981,-8.6,2.1301,0.0,-1.194,8442
8443,AUG,35,233.489,6,4.5649,-9.081,-14.5,0.3399,0.0,-1.194,8443
8444,AUG,32,1129.1028,5,0.625,-5.481,-7.3,0.0,0.0,-1.194,8444
8445,AUG,35,634.7289,6,2.0649,-8.881,-11.8,0.3399,0.0,-1.194,8445
8446,AUG,35,3840.3201,6,-2.4351,-13.781,-12.2,0.3399,0.0,-1.194,8446
8447,AUG,32,368.3775,5,3.425,-1.981,-6.6,0.0,0.0,-1.194,8447
8448,AUG,35,10030.3551,6,-4.8351,-13.381,-9.4,0.3399,0.0,-1.194,8448
8449,AUG,35,687.597,6,1.8649,-6.481,-9.2,0.3399,0.0,-1.194,8449
8450,AUG,32,1824.7692,5,-0.575,-6.481,-7.1,0.0,0.0,-1.194,8450
8451,AUG,38,23235.209,6,-6.9351,-14.981,-8.9,0.3399,0.0,-1.194,8451
8452,AUG,32,819.8804,5,1.425,-5.981,-8.6,0.0,0.0,-1.194,8452
8453,AUG,35,224.3332,6,4.6649,-5.781,-11.3,0.3399,0.0,-1.194,8453
8454,AUG,26,585.9257,6,2.2649,-7.381,-10.5,0.3399,0.0,-1.194,8454
8455,AUG,35,909.7962,6,1.1649,-6.381,-8.4,0.3399,0.0,-1.194,8455
8456,AUG,35,2902.4004,6,-1.7351,-11.681,-10.8,0.3399,0.0,-1.194,8456
8457,AUG,32,353.9323,5,3.525,-7.781,-9.7,0.0,-2.8,-1.194,8457
8458,AUG,31,14963.9074,6,-5.8351,-11.281,-6.3,0.3399,0.0,-1.194,8458
8459,AUG,35,176.4641,6,5.2649,-8.181,-14.3,0.3399,0.0,-1.194,8459
8460,AUG,38,4952.9133,4,-3.0711,-8.581,-6.7,0.0039,0.0,-1.194,8460
8461,AUG,35,744.8687,6,1.6649,-9.681,-12.2,0.3399,0.0,-1.194,8461
8462,AUG,32,924.4196,5,1.125,-11.981,-11.5,0.0,-2.8,-1.194,8462
8463,AUG,33,138.8095,6,5.8649,-9.881,-13.3,0.3399,-3.3,-1.194,8463
8464,AUG,32,71.4505,5,7.525,-5.181,-11.1,0.0,-2.8,-1.194,8464
8465,AUG,35,11770.849,6,-5.2351,-14.581,-10.2,0.3399,0.0,-1.194,8465
8466,AUG,32,51.8827,5,8.325,-5.681,-11.9,0.0,-3.3,-1.194,8466
8467,AUG,35,1304.0671,6,0.2649,-10.881,-12.0,0.3399,0.0,-1.194,8467
8468,AUG,40,989.4352,9,0.9551,-8.581,-8.6,2.1301,0.0,-1.194,8468
8469,AUG,40,414.5333,8,3.1299,-6.881,-9.8,1.4049,0.0,-1.194,8469
8470,AUG,37,415.3476,5,3.125,-3.581,-7.9,0.0,0.0,-1.194,8470
8471,AUG,37,219.0009,5,4.725,-2.881,-8.8,0.0,0.0,-1.194,8471
8472,AUG,37,1435.3926,5,0.025,-5.181,-6.4,0.0,0.0,-1.194,8472
8473,AUG,37,468.3067,5,2.825,-4.581,-8.6,0.0,0.0,-1.194,8473
8474,AUG,40,207.0846,6,4.8649,-7.781,-13.5,0.3399,0.0,-1.194,8474
8475,AUG,40,224.3332,6,4.6649,-6.681,-12.2,0.3399,0.0,-1.194,8475
8476,AUG,37,56.2041,5,8.125,-0.281,-9.6,0.0,0.0,-1.194,8476
8477,AUG,37,219.0009,5,4.725,-7.281,-9.5,0.0,-3.7,-1.194,8477
8478,AUG,37,301.5982,5,3.925,-6.181,-11.3,0.0,0.0,-1.194,8478
8479,AUG,40,3545.0444,6,-2.2351,-11.181,-9.8,0.3399,0.0,-1.194,8479
8480,AUG,43,29966.7669,4,-7.5711,-12.381,-6.0,0.0039,0.0,-1.194,8480
8481,AUG,37,1435.3926,5,0.025,-5.181,-6.4,0.0,0.0,-1.194,8481
8482,AUG,40,1530.3523,6,-0.1351,-9.481,-10.2,0.3399,0.0,-1.194,8482
8483,AUG,40,377.347,6,3.3649,-5.181,-9.4,0.3399,0.0,-1.194,8483
8484,AUG,43,24534.4055,4,-7.0711,-12.081,-6.2,0.0039,0.0,-1.194,8484
8485,AUG,40,109.1898,6,6.4649,-5.181,-12.5,0.3399,0.0,-1.194,8485
8486,AUG,40,93.4089,9,6.8551,-8.581,-14.5,2.1301,0.0,-1.194,8486
8487,AUG,27,47737.3435,6,-8.7351,-15.781,-7.9,0.3399,0.0,-1.194,8487
8488,AUG,40,1945.4883,6,-0.7351,-10.881,-11.0,0.3399,0.0,-1.194,8488
8489,AUG,40,2193.5485,6,-1.0351,-9.581,-9.4,0.3399,0.0,-1.194,8489
8490,AUG,37,47.8935,5,8.525,-4.981,-10.0,0.0,-4.7,-1.194,8490
8491,AUG,40,460.8985,6,2.8649,-9.481,-13.2,0.3399,0.0,-1.194,8491
8492,AUG,40,479.7093,6,2.7649,-7.081,-10.7,0.3399,0.0,-1.194,8492
8493,AUG,40,138.8095,6,5.8649,-7.081,-13.8,0.3399,0.0,-1.194,8493
8494,AUG,40,715.6602,6,1.7649,-8.981,-11.6,0.3399,0.0,-1.194,8494
8495,AUG,40,362.5501,6,3.4649,-6.181,-10.5,0.3399,0.0,-1.194,8495
8496,AUG,37,2722.3041,5,-1.575,-7.781,-7.4,0.0,0.0,-1.194,8496
8497,AUG,37,165.5144,5,5.425,-5.781,-12.4,0.0,0.0,-1.194,8497
8498,AUG,40,985.5754,6,0.9649,-7.781,-9.6,0.3399,0.0,-1.194,8498
8499,AUG,40,744.8687,6,1.6649,-7.781,-10.3,0.3399,0.0,-1.194,8499
8500,AUG,40,2107.5329,6,-0.9351,-8.281,-8.2,0.3399,0.0,-1.194,8500
8501,AUG,40,191.1623,6,5.0649,-5.481,-9.5,0.3399,-1.9,-1.194,8501
8502,AUG,37,277.5012,7,4.1332,-4.581,-9.1,0.8082,0.0,-1.194,8502
8503,AUG,40,1203.7996,6,0.4649,-5.181,-6.5,0.3399,0.0,-1.194,8503
8504,AUG,40,1592.8111,6,-0.2351,-9.481,-10.1,0.3399,0.0,-1.194,8504
8505,AUG,40,215.5365,6,4.7649,-6.081,-11.7,0.3399,0.0,-1.194,8505
8506,AUG,43,8212.0571,6,-4.3351,-14.981,-11.5,0.3399,0.0,-1.194,8506
8507,AUG,40,2902.4004,6,-1.7351,-12.581,-11.7,0.3399,0.0,-1.194,8507
8508,AUG,43,4952.9133,4,-3.0711,-8.581,-6.7,0.0039,0.0,-1.194,8508
8509,AUG,40,2107.5329,6,-0.9351,-8.981,-8.9,0.3399,0.0,-1.194,8509
8510,AUG,40,1252.9307,6,0.3649,-7.481,-8.7,0.3399,0.0,-1.194,8510
8511,AUG,40,479.7093,6,2.7649,-5.181,-8.8,0.3399,0.0,-1.194,8511
8512,AUG,40,1252.9307,6,0.3649,-8.281,-9.0,0.3399,-0.5,-1.194,8512
8513,AUG,43,2944.5126,4,-1.7711,-6.381,-5.8,0.0039,0.0,-1.194,8513
8514,AUG,37,201.5032,7,4.9332,-4.581,-9.9,0.8082,0.0,-1.194,8514
8515,AUG,37,90.8328,5,6.925,-7.981,-11.0,0.0,-5.1,-1.194,8515
8516,AUG,40,2193.5485,6,-1.0351,-11.581,-10.9,0.3399,-0.5,-1.194,8516
8517,AUG,40,1304.0671,6,0.2649,-8.981,-10.1,0.3399,0.0,-1.194,8517
8518,AUG,40,744.8687,6,1.6649,-8.281,-10.8,0.3399,0.0,-1.194,8518
8519,AUG,37,202.1623,5,4.925,-0.281,-6.4,0.0,0.0,-1.194,8519
8520,AUG,37,56.2041,5,8.125,-1.981,-9.6,0.0,-1.7,-1.194,8520
8521,AUG,37,202.1623,5,4.925,-0.281,-6.4,0.0,0.0,-1.194,8521
8522,AUG,40,1357.2905,6,0.1649,-9.081,-10.1,0.3399,0.0,-1.194,8522
8523,AUG,40,985.5754,6,0.9649,-9.481,-11.3,0.3399,0.0,-1.194,8523
8524,AUG,36,18277.1873,6,-6.3351,-14.981,-9.5,0.3399,0.0,-1.194,8524
8525,AUG,40,540.8748,6,2.4649,-5.181,-8.5,0.3399,0.0,-1.194,8525
8526,AUG,43,8004.5178,4,-4.2711,-8.781,-5.7,0.0039,0.0,-1.194,8526
8527,AUG,37,571.9982,5,2.325,-2.881,-6.4,0.0,0.0,-1.194,8527
8528,AUG,40,499.2879,6,2.6649,-5.181,-8.7,0.3399,0.0,-1.194,8528
8529,AUG,40,1082.7003,8,0.7299,-6.881,-7.4,1.4049,0.0,-1.194,8529
8530,AUG,43,25535.7377,4,-7.1711,-12.381,-6.4,0.0039,0.0,-1.194,8530
8531,AUG,43,3455.4523,4,-2.1711,-8.581,-7.6,0.0039,0.0,-1.194,8531
8532,AUG,40,909.7962,6,1.1649,-9.281,-11.3,0.3399,0.0,-1.194,8532
8533,AUG,37,1435.3926,5,0.025,-9.481,-9.0,0.0,-1.7,-1.194,8533
8534,AUG,40,1203.7996,6,0.4649,-9.481,-10.8,0.3399,0.0,-1.194,8534
8535,AUG,43,14013.782,4,-5.6711,-13.281,-8.8,0.0039,0.0,-1.194,8535
8536,AUG,37,211.7884,10,4.8087,-7.881,-10.9,2.9837,0.0,-1.194,8536
8537,AUG,40,946.928,6,1.0649,-5.181,-7.1,0.3399,0.0,-1.194,8537
8538,AUG,40,1156.595,6,0.5649,-6.081,-7.5,0.3399,0.0,-1.194,8538
8539,AUG,38,301.0069,8,3.9299,-8.181,-11.9,1.4049,0.0,-1.194,8539
8540,AUG,40,460.8985,6,2.8649,-7.881,-11.1,0.3399,-0.5,-1.194,8540
8541,AUG,40,460.8985,6,2.8649,-5.181,-8.9,0.3399,0.0,-1.194,8541
8542,AUG,40,150.3713,6,5.6649,-7.081,-13.6,0.3399,0.0,-1.194,8542
8543,AUG,24,14.196,6,11.5649,0.719,-11.7,0.3399,0.0,-1.194,8543
8544,AUG,40,10030.3551,6,-4.8351,-12.781,-8.8,0.3399,0.0,-1.194,8544
8545,AUG,37,370.7852,10,3.4087,-7.881,-9.5,2.9837,0.0,-1.194,8545
8546,AUG,37,172.2696,5,5.325,-0.281,-6.8,0.0,0.0,-1.194,8546
8547,AUG,33,3063.3942,8,-1.8701,-9.581,-7.5,1.4049,0.0,-1.194,8547
8548,AUG,40,296.8272,6,3.9649,-9.681,-14.5,0.3399,0.0,-1.194,8548
8549,AUG,40,2376.2547,6,-1.2351,-11.381,-9.1,0.3399,-1.9,-1.194,8549
8550,AUG,40,5729.2283,6,-3.4351,-12.381,-9.8,0.3399,0.0,-1.194,8550
8551,AUG,40,150.3713,6,5.6649,-9.481,-16.0,0.3399,0.0,-1.194,8551
8552,AUG,37,727.1632,5,1.725,-5.781,-8.7,0.0,0.0,-1.194,8552
8553,AUG,37,1042.288,5,0.825,-5.181,-7.2,0.0,0.0,-1.194,8553
8554,AUG,40,348.3335,6,3.5649,-6.681,-10.6,0.3399,-0.5,-1.194,8554
8555,AUG,37,135.0682,7,5.9332,-2.881,-9.2,0.8082,0.0,-1.194,8555
8556,AUG,43,2944.5126,4,-1.7711,-6.381,-5.8,0.0039,0.0,-1.194,8556
8557,AUG,40,73.1903,6,7.4649,-5.181,-13.5,0.3399,0.0,-1.194,8557
8558,AUG,40,2024.8903,6,-0.8351,-8.981,-9.0,0.3399,0.0,-1.194,8558
8559,AUG,43,726.044,4,1.7289,-4.281,-7.2,0.0039,0.0,-1.194,8559
8560,AUG,37,60.8855,5,7.925,-7.981,-12.0,0.0,-5.1,-1.194,8560
8561,AUG,37,39.2114,5,9.025,-5.381,-10.5,0.0,-5.1,-1.194,8561
8562,AUG,40,2482.9238,9,-1.3449,-9.481,-7.2,2.1301,0.0,-1.194,8562
8563,AUG,40,1252.9307,6,0.3649,-7.781,-9.0,0.3399,0.0,-1.194,8563
8564,AUG,37,227.939,5,4.625,-7.281,-9.4,0.0,-3.7,-1.194,8564
8565,AUG,37,60.8855,5,7.925,-4.181,-12.0,0.0,-1.3,-1.194,8565
8566,AUG,37,998.152,7,0.9332,-8.181,-9.5,0.8082,0.0,-1.194,8566
8567,AUG,37,277.5012,7,4.1332,-2.881,-7.4,0.8082,0.0,-1.194,8567
8568,AUG,40,123.1121,6,6.1649,-3.781,-10.6,0.3399,-0.2,-1.194,8568
8569,AUG,40,3689.7297,6,-2.3351,-11.081,-9.6,0.3399,0.0,-1.194,8569
8570,AUG,31,585.9257,6,2.2649,-7.581,-10.7,0.3399,0.0,-1.194,8570
8571,AUG,40,6459.7355,6,-3.7351,-8.681,-5.8,0.3399,0.0,-1.194,8571
8572,AUG,36,1067.6664,6,0.7649,-10.881,-12.5,0.3399,0.0,-1.194,8572
8573,AUG,36,215.5365,6,4.7649,-6.481,-12.1,0.3399,0.0,-1.194,8573
8574,AUG,33,507.3131,5,2.625,-6.581,-10.4,0.0,0.0,-1.194,8574
8575,AUG,33,280.2285,10,4.1087,-9.581,-11.9,2.9837,0.0,-1.194,8575
8576,AUG,36,1156.595,6,0.5649,-12.081,-13.4,0.3399,-0.1,-1.194,8576
8577,AUG,33,172.2696,5,5.325,-5.481,-12.0,0.0,0.0,-1.194,8577
8578,AUG,20,612.2276,9,2.1551,-6.481,-7.7,2.1301,0.0,-1.194,8578
8579,AUG,39,51713.5067,6,-8.9351,-14.981,-6.9,0.3399,0.0,-1.194,8579
8580,AUG,36,93.0445,6,6.8649,-9.381,-14.5,0.3399,-2.6,-1.194,8580
8581,AUG,39,39650.6199,4,-8.2711,-13.281,-6.2,0.0039,0.0,-1.194,8581
8582,AUG,39,23572.3385,4,-6.9711,-13.281,-7.5,0.0039,0.0,-1.194,8582
8583,AUG,36,263.2601,6,4.2649,-5.781,-10.9,0.3399,0.0,-1.194,8583
8584,AUG,39,1821.9606,4,-0.5711,-6.381,-7.0,0.0039,0.0,-1.194,8584
8585,AUG,36,1040.2444,8,0.8299,-8.981,-9.6,1.4049,0.0,-1.194,8585
8586,AUG,36,562.9498,6,2.3649,-7.981,-11.2,0.3399,0.0,-1.194,8586
8587,AUG,36,85.8904,6,7.0649,-6.481,-14.4,0.3399,0.0,-1.194,8587
8588,AUG,33,140.5808,7,5.8332,-3.781,-10.0,0.8082,0.0,-1.194,8588
8589,AUG,36,548.4909,8,2.4299,-8.981,-11.2,1.4049,0.0,-1.194,8589
8590,AUG,36,296.8272,6,3.9649,-13.181,-13.0,0.3399,-5.0,-1.194,8590
8591,AUG,39,1821.9606,4,-0.5711,-6.381,-7.0,0.0039,0.0,-1.194,8591
8592,AUG,33,468.3067,5,2.825,-7.681,-10.4,0.0,-1.3,-1.194,8592
8593,AUG,36,4329.9814,6,-2.7351,-14.181,-12.3,0.3399,0.0,-1.194,8593
8594,AUG,33,853.3425,5,1.325,-7.581,-10.1,0.0,0.0,-1.194,8594
8595,AUG,33,110.5831,7,6.4332,-5.381,-12.2,0.8082,0.0,-1.194,8595
8596,AUG,36,2115.7868,9,-0.9449,-11.981,-10.1,2.1301,0.0,-1.194,8596
8597,AUG,27,252.9369,6,4.3649,-7.381,-12.6,0.3399,0.0,-1.194,8597
8598,AUG,36,806.9107,6,1.4649,-9.381,-11.7,0.3399,0.0,-1.194,8598
8599,AUG,36,715.6602,6,1.7649,-13.481,-11.1,0.3399,-5.0,-1.194,8599
8600,AUG,36,408.7772,6,3.1649,-9.681,-13.7,0.3399,0.0,-1.194,8600
8601,AUG,33,94.54,5,6.825,-5.681,-10.4,0.0,-3.3,-1.194,8601
8602,AUG,33,152.2901,7,5.6332,-4.681,-10.7,0.8082,0.0,-1.194,8602
8603,AUG,33,418.0623,10,3.1087,-9.581,-10.9,2.9837,0.0,-1.194,8603
8604,AUG,36,479.7093,6,2.7649,-8.981,-12.2,0.3399,-0.4,-1.194,8604
8605,AUG,36,4506.7026,6,-2.8351,-13.281,-11.3,0.3399,0.0,-1.194,8605
8606,AUG,36,176.4641,6,5.2649,-8.181,-14.3,0.3399,0.0,-1.194,8606
8607,AUG,36,2679.2398,6,-1.5351,-10.781,-10.1,0.3399,0.0,-1.194,8607
8608,AUG,36,1304.0671,6,0.2649,-12.681,-13.8,0.3399,0.0,-1.194,8608
8609,AUG,36,82.5224,6,7.1649,-12.881,-15.9,0.3399,-5.0,-1.194,8609
8610,AUG,36,985.5754,6,0.9649,-7.781,-9.6,0.3399,0.0,-1.194,8610
8611,AUG,23,45865.4203,6,-8.6351,-15.981,-8.2,0.3399,0.0,-1.194,8611
8612,AUG,33,1893.0522,7,-0.6668,-10.681,-10.4,0.8082,0.0,-1.194,8612
8613,AUG,33,269.2399,10,4.2087,-8.281,-10.7,2.9837,0.0,-1.194,8613
8614,AUG,36,479.7093,6,2.7649,-9.381,-10.4,0.3399,-2.6,-1.194,8614
8615,AUG,39,726.044,4,1.7289,-4.281,-7.2,0.0039,0.0,-1.194,8615
8616,AUG,36,425.4608,6,3.0649,-6.381,-10.3,0.3399,0.0,-1.194,8616
8617,AUG,36,45.2876,6,8.6649,-8.181,-14.9,0.3399,-2.8,-1.194,8617
8618,AUG,33,186.6183,5,5.125,-7.481,-13.8,0.0,0.0,-1.194,8618
8619,AUG,33,353.9323,5,3.525,-7.481,-9.6,0.0,-2.6,-1.194,8619
8620,AUG,36,3406.0327,6,-2.1351,-14.581,-13.3,0.3399,0.0,-1.194,8620
8621,AUG,33,36.1965,5,9.225,-11.581,-15.9,0.0,-6.1,-1.194,8621
8622,AUG,39,72250.8623,4,-9.7711,-12.981,-4.4,0.0039,0.0,-1.194,8622
8623,AUG,36,1412.6861,6,0.0649,-10.281,-11.2,0.3399,0.0,-1.194,8623
8624,AUG,39,4952.9133,4,-3.0711,-8.581,-6.7,0.0039,0.0,-1.194,8624
8625,AUG,36,4690.6365,6,-2.9351,-12.481,-10.4,0.3399,0.0,-1.194,8625
8626,AUG,36,348.3335,6,3.5649,-10.381,-9.8,0.3399,-5.0,-1.194,8626
8627,AUG,36,408.7772,6,3.1649,-7.981,-12.0,0.3399,0.0,-1.194,8627
8628,AUG,33,397.7596,7,3.2332,-5.481,-9.1,0.8082,0.0,-1.194,8628
8629,AUG,36,3689.7297,6,-2.3351,-10.881,-9.4,0.3399,0.0,-1.194,8629
8630,AUG,33,54.0002,5,8.225,-2.081,-11.5,0.0,0.0,-1.194,8630
8631,AUG,33,65.9568,5,7.725,-5.181,-13.3,0.0,-0.8,-1.194,8631
8632,AUG,36,85.8904,6,7.0649,-8.381,-16.3,0.3399,0.0,-1.194,8632
8633,AUG,36,1203.7996,6,0.4649,-12.481,-11.3,0.3399,-2.5,-1.194,8633
8634,AUG,36,1203.7996,6,0.4649,-8.581,-9.9,0.3399,0.0,-1.194,8634
8635,AUG,33,135.51,5,5.925,-4.581,-9.1,0.0,-2.6,-1.194,8635
8636,AUG,32,9637.0351,6,-4.7351,-12.881,-7.5,0.3399,-1.5,-1.194,8636
8637,AUG,34,467.3885,8,2.8299,-10.681,-13.3,1.4049,0.0,-1.194,8637
8638,AUG,33,301.5982,5,3.925,-5.781,-10.9,0.0,0.0,-1.194,8638
8639,AUG,36,2202.1392,9,-1.0449,-11.081,-9.1,2.1301,0.0,-1.194,8639
8640,AUG,36,460.8985,6,2.8649,-10.681,-14.4,0.3399,0.0,-1.194,8640
8641,AUG,33,1273.0695,5,0.325,-8.881,-10.4,0.0,0.0,-1.194,8641
8642,AUG,36,183.6662,6,5.1649,-10.381,-11.4,0.3399,-5.0,-1.194,8642
8643,AUG,36,2283.0746,6,-1.1351,-12.281,-12.0,0.3399,0.0,-1.194,8643
8644,AUG,33,71.4505,5,7.525,-5.381,-10.8,0.0,-3.3,-1.194,8644
8645,AUG,36,377.347,6,3.3649,-13.981,-16.5,0.3399,-1.7,-1.194,8645
8646,AUG,36,1725.4804,6,-0.4351,-11.081,-11.5,0.3399,0.0,-1.194,8646
8647,AUG,36,425.4608,6,3.0649,-6.381,-10.3,0.3399,0.0,-1.194,8647
8648,AUG,33,340.0536,5,3.625,-8.781,-11.3,0.0,-2.3,-1.194,8648
8649,AUG,33,301.5982,5,3.925,-5.781,-10.9,0.0,0.0,-1.194,8649
8650,AUG,36,123.1121,6,6.1649,-11.281,-15.5,0.3399,-2.8,-1.194,8650
8651,AUG,33,528.0183,5,2.525,-8.881,-9.7,0.0,-2.9,-1.194,8651
8652,AUG,33,619.6414,5,2.125,-6.481,-9.8,0.0,0.0,-1.194,8652
8653,AUG,33,186.6183,5,5.125,-4.681,-8.2,0.0,-2.8,-1.194,8653
8654,AUG,36,169.5444,6,5.3649,-7.881,-14.1,0.3399,0.0,-1.194,8654
8655,AUG,36,3406.0327,6,-2.1351,-11.281,-10.0,0.3399,0.0,-1.194,8655
8656,AUG,36,3020.8572,6,-1.8351,-13.781,-12.8,0.3399,0.0,-1.194,8656
8657,AUG,36,392.7479,6,3.2649,-9.281,-13.0,0.3399,-0.4,-1.194,8657
8658,AUG,33,258.6822,10,4.3087,-8.281,-10.8,2.9837,0.0,-1.194,8658
8659,AUG,36,2376.2547,6,-1.2351,-9.881,-9.5,0.3399,0.0,-1.194,8659
8660,AUG,36,2376.2547,6,-1.2351,-11.681,-11.3,0.3399,0.0,-1.194,8660
8661,AUG,36,5288.7177,6,-3.2351,-13.381,-11.0,0.3399,0.0,-1.194,8661
8662,AUG,33,1435.3926,5,0.025,-10.781,-12.0,0.0,0.0,-1.194,8662
8663,AUG,36,334.6743,6,3.6649,-10.481,-15.0,0.3399,0.0,-1.194,8663
8664,AUG,36,1530.3523,6,-0.1351,-10.681,-11.4,0.3399,0.0,-1.194,8664
8665,AUG,36,156.5085,6,5.5649,-5.781,-12.2,0.3399,0.0,-1.194,8665
8666,AUG,36,1357.2905,6,0.1649,-9.781,-10.8,0.3399,0.0,-1.194,8666
8667,AUG,36,839.8435,6,1.3649,-11.781,-14.0,0.3399,0.0,-1.194,8667
8668,AUG,33,210.4132,5,4.825,-8.281,-11.0,0.0,-3.3,-1.194,8668
8669,AUG,36,207.8957,9,4.8551,-11.081,-15.0,2.1301,0.0,-1.194,8669
8670,AUG,36,4882.0772,6,-3.0351,-11.281,-9.1,0.3399,0.0,-1.194,8670
8671,AUG,36,252.9369,6,4.3649,-7.481,-12.7,0.3399,0.0,-1.194,8671
8672,AUG,33,3460.7789,5,-2.175,-11.081,-8.8,0.0,-1.3,-1.194,8672
8673,AUG,36,93.0445,6,6.8649,-6.781,-14.5,0.3399,0.0,-1.194,8673
8674,AUG,36,548.4909,8,2.4299,-8.981,-11.2,1.4049,0.0,-1.194,8674
8675,AUG,36,562.9498,6,2.3649,-7.981,-11.2,0.3399,0.0,-1.194,8675
8676,AUG,39,1896.321,4,-0.6711,-6.381,-6.9,0.0039,0.0,-1.194,8676
8677,AUG,33,40.8118,5,8.925,-10.881,-14.5,0.0,-6.5,-1.194,8677
8678,AUG,36,1725.4804,6,-0.4351,-11.981,-12.4,0.3399,0.0,-1.194,8678
8679,AUG,36,334.6743,6,3.6649,-10.481,-15.0,0.3399,0.0,-1.194,8679
8680,AUG,33,248.5385,10,4.4087,-8.281,-10.9,2.9837,0.0,-1.194,8680
8681,AUG,36,2788.5887,6,-1.6351,-13.181,-11.0,0.3399,-1.4,-1.194,8681
8682,AUG,23,42338.9065,6,-8.4351,-15.781,-8.2,0.3399,0.0,-1.194,8682
8683,AUG,36,634.7289,6,2.0649,-11.081,-11.8,0.3399,-2.2,-1.194,8683
8684,AUG,36,1470.3426,6,-0.0351,-8.581,-9.4,0.3399,0.0,-1.194,8684
8685,AUG,39,2944.5126,4,-1.7711,-8.781,-8.2,0.0039,0.0,-1.194,8685
8686,AUG,36,775.2693,6,1.5649,-9.581,-12.0,0.3399,0.0,-1.194,8686
8687,AUG,36,540.8748,6,2.4649,-12.281,-10.0,0.3399,-5.6,-1.194,8687
8688,AUG,36,1203.7996,6,0.4649,-15.081,-11.3,0.3399,-5.1,-1.194,8688
8689,AUG,36,687.597,6,1.8649,-10.781,-11.3,0.3399,-2.2,-1.194,8689
8690,AUG,33,56.2041,5,8.125,-5.481,-11.7,0.0,-3.1,-1.194,8690
8691,AUG,36,1156.595,6,0.5649,-9.681,-11.1,0.3399,0.0,-1.194,8691
8692,AUG,36,4329.9814,6,-2.7351,-14.181,-12.3,0.3399,0.0,-1.194,8692
8693,AUG,36,2376.2547,6,-1.2351,-15.581,-9.6,0.3399,-5.6,-1.194,8693
8694,AUG,36,169.5444,6,5.3649,-7.881,-14.1,0.3399,0.0,-1.194,8694
8695,AUG,33,853.3425,5,1.325,-12.181,-11.7,0.0,-3.0,-1.194,8695
8696,AUG,36,687.597,6,1.8649,-6.581,-9.3,0.3399,0.0,-1.194,8696
8697,AUG,36,51.062,6,8.3649,-12.281,-15.9,0.3399,-5.6,-1.194,8697
8698,AUG,36,1725.4804,6,-0.4351,-7.781,-8.2,0.3399,0.0,-1.194,8698
8699,AUG,33,77.4018,5,7.325,-10.281,-14.3,0.0,-4.5,-1.194,8699
8700,AUG,39,7580.646,6,-4.1351,-14.981,-11.7,0.3399,0.0,-1.194,8700
8701,AUG,33,1175.1853,5,0.525,-6.381,-8.1,0.0,0.0,-1.194,8701
8702,AUG,36,1657.8191,6,-0.3351,-11.481,-10.3,0.3399,-1.7,-1.194,8702
8703,AUG,36,1304.0671,6,0.2649,-10.881,-12.0,0.3399,0.0,-1.194,8703
8704,AUG,33,1435.3926,5,0.025,-6.481,-7.7,0.0,0.0,-1.194,8704
8705,AUG,33,1223.1486,5,0.425,-8.881,-10.5,0.0,0.0,-1.194,8705
8706,AUG,36,252.9369,6,4.3649,-7.481,-12.7,0.3399,0.0,-1.194,8706
8707,AUG,33,418.0623,10,3.1087,-9.581,-10.9,2.9837,0.0,-1.194,8707
8708,AUG,33,65.9568,5,7.725,-5.381,-11.3,0.0,-3.0,-1.194,8708
8709,AUG,33,370.7852,10,3.4087,-9.581,-11.2,2.9837,0.0,-1.194,8709
8710,AUG,36,562.9498,6,2.3649,-8.081,-9.6,0.3399,-1.7,-1.194,8710
8711,AUG,39,1896.321,4,-0.6711,-8.581,-9.1,0.0039,0.0,-1.194,8711
8712,AUG,36,7890.0379,6,-4.2351,-11.281,-7.9,0.3399,0.0,-1.194,8712
8713,AUG,36,609.8393,6,2.1649,-8.081,-9.4,0.3399,-1.7,-1.194,8713
8714,AUG,36,1025.8,6,0.8649,-9.381,-11.1,0.3399,0.0,-1.194,8714
8715,AUG,33,1129.1028,5,0.625,-7.581,-9.4,0.0,0.0,-1.194,8715
8716,AUG,36,198.9642,6,4.9649,-10.881,-11.6,0.3399,-5.1,-1.194,8716
8717,AUG,36,2788.5887,6,-1.6351,-12.281,-11.5,0.3399,0.0,-1.194,8717
8718,AUG,36,585.9257,6,2.2649,-14.781,-11.9,0.3399,-6.0,-1.194,8718
8719,AUG,33,186.6183,5,5.125,-7.481,-13.8,0.0,0.0,-1.194,8719
8720,AUG,36,1530.3523,6,-0.1351,-6.481,-7.2,0.3399,0.0,-1.194,8720
8721,AUG,36,1111.2415,6,0.6649,-6.581,-8.1,0.3399,0.0,-1.194,8721
8722,AUG,36,5729.2283,6,-3.4351,-17.981,-10.3,0.3399,-5.1,-1.194,8722
8723,AUG,33,549.5685,5,2.425,-6.481,-10.1,0.0,0.0,-1.194,8723
8724,AUG,33,571.9982,5,2.325,-5.981,-9.5,0.0,0.0,-1.194,8724
8725,AUG,33,485.8308,7,2.7332,-5.481,-8.5,0.8082,-0.1,-1.194,8725
8726,AUG,29,2827.855,8,-1.6701,-9.581,-7.7,1.4049,0.0,-1.194,8726
8727,AUG,36,715.6602,6,1.7649,-11.281,-11.3,0.3399,-2.6,-1.194,8727
8728,AUG,33,3460.7789,5,-2.175,-9.781,-8.8,0.0,0.0,-1.194,8728
8729,AUG,33,34.7771,5,9.325,-10.281,-16.3,0.0,-4.5,-1.194,8729
8730,AUG,36,479.7093,6,2.7649,-6.781,-10.4,0.3399,0.0,-1.194,8730
8731,AUG,36,285.1877,6,4.0649,-6.481,-11.4,0.3399,0.0,-1.194,8731
8732,AUG,36,985.5754,6,0.9649,-15.381,-11.6,0.3399,-5.6,-1.194,8732
8733,AUG,33,159.0241,5,5.525,-2.181,-8.8,0.0,-0.1,-1.194,8733
8734,AUG,34,138.8095,6,5.8649,-9.681,-13.3,0.3399,-3.1,-1.194,8734
8735,AUG,36,609.8393,6,2.1649,-8.381,-11.4,0.3399,0.0,-1.194,8735
8736,AUG,36,321.5507,6,3.7649,-10.181,-12.6,0.3399,-2.2,-1.194,8736
8737,AUG,36,5081.3313,6,-3.1351,-14.081,-10.4,0.3399,-1.4,-1.194,8737
8738,AUG,36,2574.1789,6,-1.4351,-10.281,-9.7,0.3399,0.0,-1.194,8738
8740,AUG,36,9.1425,6,12.6649,-7.981,-15.5,0.3399,-6.0,-1.194,8740
8741,AUG,33,1129.1028,5,0.625,-5.481,-7.3,0.0,0.0,-1.194,8741
8742,AUG,39,7690.6368,4,-4.1711,-13.281,-10.3,0.0039,0.0,-1.194,8742
8743,AUG,36,744.8687,6,1.6649,-9.681,-12.2,0.3399,0.0,-1.194,8743
8744,AUG,32,6997.7831,6,-3.9351,-11.281,-8.2,0.3399,0.0,-1.194,8744
8745,AUG,36,176.4641,6,5.2649,-8.181,-14.3,0.3399,0.0,-1.194,8745
8746,AUG,36,3840.3201,6,-2.4351,-13.781,-12.2,0.3399,0.0,-1.194,8746
8747,AUG,33,90.8328,5,6.925,-11.181,-13.1,0.0,-6.2,-1.194,8747
8748,AUG,39,726.044,4,1.7289,-4.281,-7.2,0.0039,0.0,-1.194,8748
8749,AUG,36,1869.1999,6,-0.6351,-15.881,-12.7,0.3399,-3.4,-1.194,8749
8750,AUG,36,8547.2189,6,-4.4351,-13.381,-9.8,0.3399,0.0,-1.194,8750
8751,AUG,36,1615.2396,8,-0.2701,-8.981,-8.5,1.4049,0.0,-1.194,8751
8752,AUG,39,2718.1141,4,-1.5711,-6.381,-6.0,0.0039,0.0,-1.194,8752
8753,AUG,36,334.6743,6,3.6649,-11.781,-11.2,0.3399,-5.1,-1.194,8753
8754,AUG,33,325.6539,7,3.7332,-10.681,-14.8,0.8082,0.0,-1.194,8754
8755,AUG,36,233.489,6,4.5649,-9.081,-14.5,0.3399,0.0,-1.194,8755
8756,AUG,33,449.943,5,2.925,-1.881,-6.0,0.0,0.0,-1.194,8756
8757,AUG,36,1725.4804,6,-0.4351,-11.081,-11.5,0.3399,0.0,-1.194,8757
8758,AUG,36,2376.2547,6,-1.2351,-9.881,-9.5,0.3399,0.0,-1.194,8758
8759,AUG,33,399.0606,5,3.225,-4.881,-9.3,0.0,0.0,-1.194,8759
8760,AUG,33,49.8482,5,8.425,-8.281,-15.1,0.0,-2.8,-1.194,8760
8761,AUG,36,1203.7996,6,0.4649,-12.981,-12.1,0.3399,-2.2,-1.194,8761
8762,AUG,36,263.2601,6,4.2649,-5.781,-10.9,0.3399,0.0,-1.194,8762
8763,AUG,33,526.2968,7,2.5332,-5.481,-8.4,0.8082,0.0,-1.194,8763
8764,AUG,33,1435.3926,5,0.025,-6.581,-7.8,0.0,0.0,-1.194,8764
8765,AUG,36,377.347,6,3.3649,-12.281,-16.5,0.3399,0.0,-1.194,8765
8766,AUG,33,106.5943,5,6.525,-6.581,-9.8,0.0,-4.5,-1.194,8766
8767,AUG,35,3449.496,7,-2.1668,-11.581,-9.8,0.8082,0.0,-1.194,8767
8768,AUG,33,34.7771,5,9.325,-8.281,-12.6,0.0,-6.2,-1.194,8768
8769,AUG,36,215.5365,6,4.7649,-10.881,-10.5,0.3399,-6.0,-1.194,8769
8770,AUG,20,28.1321,9,9.8551,0.319,-8.6,2.1301,0.0,-1.194,8770
8771,AUG,33,368.3775,5,3.425,-1.981,-6.6,0.0,0.0,-1.194,8771
8772,AUG,36,377.347,6,3.3649,-15.381,-14.0,0.3399,-5.6,-1.194,8772
8773,AUG,27,585.9257,6,2.2649,-7.381,-10.5,0.3399,0.0,-1.194,8773
8774,AUG,36,1725.4804,6,-0.4351,-9.381,-9.8,0.3399,0.0,-1.194,8774
8775,AUG,36,104.9081,6,6.5649,-8.681,-12.7,0.3399,-3.4,-1.194,8775
8776,AUG,33,399.0606,5,3.225,-5.481,-9.9,0.0,0.0,-1.194,8776
8777,AUG,23,34663.7294,6,-7.9351,-15.781,-8.7,0.3399,0.0,-1.194,8777
8778,AUG,33,34.7771,5,9.325,-9.581,-12.3,0.0,-7.8,-1.194,8778
8779,AUG,27,585.9257,6,2.2649,-7.381,-10.5,0.3399,0.0,-1.194,8779
8780,AUG,33,1824.7692,5,-0.575,-6.481,-7.1,0.0,0.0,-1.194,8780
8781,AUG,36,274.0047,6,4.1649,-8.381,-13.4,0.3399,0.0,-1.194,8781
8782,AUG,33,595.3434,5,2.225,-1.881,-5.3,0.0,0.0,-1.194,8782
8783,AUG,36,634.7289,6,2.0649,-9.681,-12.6,0.3399,0.0,-1.194,8783
8784,AUG,36,2679.2398,6,-1.5351,-11.781,-11.1,0.3399,0.0,-1.194,8784
8785,AUG,39,30743.7383,6,-7.6351,-14.981,-8.2,0.3399,0.0,-1.194,8785
8786,AUG,39,2225.3756,4,-1.0711,-6.381,-6.5,0.0039,0.0,-1.194,8786
8787,AUG,36,562.9498,6,2.3649,-7.981,-11.2,0.3399,0.0,-1.194,8787
8788,AUG,36,3144.1487,6,-1.9351,-10.781,-9.7,0.3399,0.0,-1.194,8788
8789,AUG,33,3460.7789,5,-2.175,-9.781,-8.8,0.0,0.0,-1.194,8789
8790,AUG,36,11770.849,6,-5.2351,-14.581,-10.2,0.3399,0.0,-1.194,8790
8791,AUG,36,609.8393,6,2.1649,-9.581,-12.6,0.3399,0.0,-1.194,8791
8792,AUG,33,487.4199,5,2.725,-8.481,-9.7,0.0,-2.7,-1.194,8792
8793,AUG,36,2376.2547,6,-1.2351,-9.881,-9.5,0.3399,0.0,-1.194,8793
8794,AUG,36,479.7093,6,2.7649,-6.781,-10.4,0.3399,0.0,-1.194,8794
8795,AUG,33,1899.2442,5,-0.675,-7.581,-8.1,0.0,0.0,-1.194,8795
8796,AUG,36,687.597,6,1.8649,-6.481,-9.2,0.3399,0.0,-1.194,8796
8797,AUG,36,4329.9814,6,-2.7351,-14.181,-12.3,0.3399,0.0,-1.194,8797
8798,AUG,33,368.3775,5,3.425,-1.981,-6.6,0.0,0.0,-1.194,8798
8799,AUG,33,34.7771,5,9.325,-9.581,-12.3,0.0,-7.8,-1.194,8799
8800,AUG,39,2225.3756,4,-1.0711,-6.381,-6.5,0.0039,0.0,-1.194,8800
8801,AUG,36,2202.1392,9,-1.0449,-11.081,-9.1,2.1301,0.0,-1.194,8801
8802,AUG,36,408.7772,6,3.1649,-7.981,-12.0,0.3399,0.0,-1.194,8802
8803,AUG,33,485.8308,7,2.7332,-5.481,-8.5,0.8082,-0.1,-1.194,8803
8804,AUG,33,60.8855,5,7.925,-5.581,-11.5,0.0,-3.2,-1.194,8804
8805,AUG,36,1491.0466,8,-0.0701,-8.981,-8.7,1.4049,0.0,-1.194,8805
8806,AUG,36,133.3664,6,5.9649,-6.481,-13.3,0.3399,0.0,-1.194,8806
8807,AUG,36,1725.4804,6,-0.4351,-7.781,-8.2,0.3399,0.0,-1.194,8807
8809,AUG,36,3855.3602,9,-2.4449,-11.981,-8.6,2.1301,0.0,-1.194,8809
8810,AUG,33,1129.1028,5,0.625,-5.481,-7.3,0.0,0.0,-1.194,8810
8811,AUG,39,726.044,4,1.7289,-4.281,-7.2,0.0039,0.0,-1.194,8811
8812,AUG,36,2788.5887,6,-1.6351,-12.281,-11.5,0.3399,0.0,-1.194,8812
8813,AUG,36,1025.8,6,0.8649,-9.381,-11.1,0.3399,0.0,-1.194,8813
8814,AUG,33,449.943,5,2.925,-8.481,-9.9,0.0,-2.7,-1.194,8814
8815,AUG,33,102.4145,5,6.625,-11.881,-13.1,0.0,-6.6,-1.194,8815
8816,AUG,36,224.3332,6,4.6649,-6.481,-12.0,0.3399,0.0,-1.194,8816
8817,AUG,33,2141.408,5,-0.975,-6.381,-6.6,0.0,0.0,-1.194,8817
8818,AUG,36,2024.8903,6,-0.8351,-10.681,-10.7,0.3399,0.0,-1.194,8818
8819,AUG,36,169.5444,6,5.3649,-7.881,-14.1,0.3399,0.0,-1.194,8819
8820,AUG,20,227.4921,8,4.6299,-0.481,-4.9,1.4049,0.0,-1.194,8820
8821,AUG,36,2193.5485,6,-1.0351,-11.981,-11.8,0.3399,0.0,-1.194,8821
8822,AUG,33,186.6183,5,5.125,-7.481,-13.8,0.0,0.0,-1.194,8822
8823,AUG,33,756.8412,5,1.625,-4.881,-7.7,0.0,0.0,-1.194,8823
8824,AUG,36,224.3332,6,4.6649,-5.781,-11.3,0.3399,0.0,-1.194,8824
8825,AUG,33,267.4916,5,4.225,-2.181,-7.5,0.0,-0.1,-1.194,8825
8826,AUG,36,548.4909,8,2.4299,-8.981,-11.2,1.4049,0.0,-1.194,8826
8827,AUG,36,634.7289,6,2.0649,-8.881,-11.8,0.3399,0.0,-1.194,8827
8828,AUG,36,1725.4804,6,-0.4351,-11.081,-11.5,0.3399,0.0,-1.194,8828
8829,AUG,36,2902.4004,6,-1.7351,-11.681,-10.8,0.3399,0.0,-1.194,8829
8830,AUG,33,1493.9759,5,-0.075,-6.581,-7.7,0.0,0.0,-1.194,8830
8831,AUG,36,562.9498,6,2.3649,-6.381,-9.6,0.3399,0.0,-1.194,8831
8832,AUG,36,7580.646,6,-4.1351,-13.381,-10.1,0.3399,0.0,-1.194,8832
8833,AUG,36,1156.595,6,0.5649,-9.681,-11.1,0.3399,0.0,-1.194,8833
8834,AUG,33,1129.1028,5,0.625,-8.881,-10.7,0.0,0.0,-1.194,8834
8835,AUG,36,562.9498,6,2.3649,-10.681,-13.9,0.3399,0.0,-1.194,8835
8836,AUG,33,219.0009,5,4.725,-4.781,-8.0,0.0,-2.7,-1.194,8836
8837,AUG,33,36.1965,5,9.225,-8.281,-12.6,0.0,-6.1,-1.194,8837
8838,AUG,36,1592.8111,6,-0.2351,-14.981,-12.2,0.3399,-3.4,-1.194,8838
8839,AUG,36,4160.19,6,-2.6351,-12.681,-10.9,0.3399,0.0,-1.194,8839
8840,AUG,33,159.0241,5,5.525,-4.481,-8.8,0.0,-2.4,-1.194,8840
8841,AUG,33,1273.0695,5,0.325,-6.481,-8.0,0.0,0.0,-1.194,8841
8842,AUG,36,1470.3426,6,-0.0351,-9.781,-10.6,0.3399,0.0,-1.194,8842
8843,AUG,36,1111.2415,6,0.6649,-6.581,-8.1,0.3399,0.0,-1.194,8843
8844,AUG,36,8212.0571,6,-4.3351,-13.281,-9.8,0.3399,0.0,-1.194,8844
8845,AUG,36,1470.3426,6,-0.0351,-8.581,-9.4,0.3399,0.0,-1.194,8845
8846,AUG,36,540.8748,6,2.4649,-12.081,-12.0,0.3399,-3.4,-1.194,8846
8847,AUG,34,40.1662,6,8.9649,-11.881,-15.1,0.3399,-6.6,-1.194,8847
8848,AUG,36,93.0445,6,6.8649,-6.781,-14.5,0.3399,0.0,-1.194,8848
8849,AUG,36,7283.3863,6,-4.0351,-12.481,-9.3,0.3399,0.0,-1.194,8849
8850,AUG,33,819.8804,5,1.425,-5.981,-8.6,0.0,0.0,-1.194,8850
8851,AUG,36,207.8957,9,4.8551,-11.081,-15.0,2.1301,0.0,-1.194,8851
8852,AUG,36,1530.3523,6,-0.1351,-10.581,-11.3,0.3399,0.0,-1.194,8852
8853,AUG,36,263.2601,6,4.2649,-5.781,-10.9,0.3399,0.0,-1.194,8853
8854,AUG,33,172.2696,5,5.325,-6.781,-10.9,0.0,-2.4,-1.194,8854
8855,AUG,33,850.5605,7,1.3332,-5.481,-7.2,0.8082,0.0,-1.194,8855
8856,AUG,36,176.4641,6,5.2649,-8.181,-14.3,0.3399,0.0,-1.194,8856
8857,AUG,36,334.6743,6,3.6649,-10.481,-15.0,0.3399,0.0,-1.194,8857
8858,AUG,36,2574.1789,6,-1.4351,-10.281,-9.7,0.3399,0.0,-1.194,8858
8859,AUG,33,28.4728,5,9.825,-8.481,-13.4,0.0,-6.1,-1.194,8859
8860,AUG,36,687.597,6,1.8649,-6.581,-9.3,0.3399,0.0,-1.194,8860
8861,AUG,33,415.3476,5,3.125,-7.381,-9.3,0.0,-2.4,-1.194,8861
8862,AUG,33,787.7305,5,1.525,-12.381,-11.9,0.0,-3.2,-1.194,8862
8863,AUG,36,585.9257,6,2.2649,-6.381,-9.5,0.3399,0.0,-1.194,8863
8864,AUG,36,687.597,6,1.8649,-8.581,-11.3,0.3399,0.0,-1.194,8864
8865,AUG,36,233.489,6,4.5649,-9.081,-14.5,0.3399,0.0,-1.194,8865
8866,AUG,36,377.347,6,3.3649,-12.281,-16.5,0.3399,0.0,-1.194,8866
8867,AUG,34,321.5507,6,3.7649,-11.781,-16.4,0.3399,0.0,-1.194,8867
8868,AUG,31,698.649,5,1.825,-10.781,-13.8,0.0,0.0,-1.194,8868
8869,AUG,31,146.797,5,5.725,-5.781,-12.7,0.0,0.0,-1.194,8869
8870,AUG,34,1657.8191,6,-0.3351,-12.481,-13.0,0.3399,0.0,-1.194,8870
8871,AUG,25,144.4748,6,5.7649,-7.381,-14.0,0.3399,0.0,-1.194,8871
8872,AUG,34,128.1367,6,6.0649,-8.181,-15.1,0.3399,0.0,-1.194,8872
8873,AUG,34,1025.8,6,0.8649,-11.981,-13.7,0.3399,0.0,-1.194,8873
8874,AUG,34,585.9257,6,2.2649,-9.681,-12.8,0.3399,0.0,-1.194,8874
8875,AUG,37,2944.5126,4,-1.7711,-6.381,-5.8,0.0039,0.0,-1.194,8875
8876,AUG,37,22647.997,4,-6.8711,-13.281,-7.6,0.0039,0.0,-1.194,8876
8877,AUG,34,118.2845,6,6.2649,-9.081,-16.2,0.3399,0.0,-1.194,8877
8878,AUG,34,144.4748,6,5.7649,-6.381,-13.0,0.3399,0.0,-1.194,8878
8879,AUG,37,44706.286,4,-8.5711,-12.381,-5.0,0.0039,0.0,-1.194,8879
8880,AUG,34,243.0185,6,4.4649,-6.781,-12.1,0.3399,0.0,-1.194,8880
8881,AUG,31,36.0785,7,9.2332,-2.981,-12.6,0.8082,0.0,-1.194,8881
8882,AUG,31,888.1703,5,1.225,-8.881,-11.3,0.0,0.0,-1.194,8882
8883,AUG,31,172.2696,5,5.325,-7.081,-11.4,0.0,-2.2,-1.194,8883
8884,AUG,37,5812.3561,4,-3.4711,-8.581,-6.3,0.0039,0.0,-1.194,8884
8885,AUG,34,1203.7996,6,0.4649,-10.681,-12.0,0.3399,0.0,-1.194,8885
8886,AUG,31,165.5144,5,5.425,-8.781,-13.1,0.0,-2.3,-1.194,8886
8887,AUG,31,432.2994,5,3.025,-5.981,-10.2,0.0,0.0,-1.194,8887
8888,AUG,34,778.3056,9,1.5551,-11.081,-11.7,2.1301,0.0,-1.194,8888
8889,AUG,34,73.1903,6,7.4649,-6.481,-14.8,0.3399,0.0,-1.194,8889
8890,AUG,31,125.9084,10,6.1087,-8.281,-12.6,2.9837,0.0,-1.194,8890
8891,AUG,34,123.1121,6,6.1649,-9.681,-16.7,0.3399,0.0,-1.194,8891
8892,AUG,34,144.4748,6,5.7649,-8.581,-15.2,0.3399,0.0,-1.194,8892
8893,AUG,34,1111.2415,6,0.6649,-10.581,-12.1,0.3399,0.0,-1.194,8893
8894,AUG,37,39650.6199,4,-8.2711,-13.281,-6.2,0.0039,0.0,-1.194,8894
8895,AUG,34,138.8095,6,5.8649,-7.981,-14.7,0.3399,0.0,-1.194,8895
8896,AUG,34,425.4608,6,3.0649,-10.281,-14.2,0.3399,0.0,-1.194,8896
8897,AUG,31,246.9246,5,4.425,-6.581,-12.2,0.0,0.0,-1.194,8897
8898,AUG,34,47.1359,6,8.5649,-6.781,-16.2,0.3399,0.0,-1.194,8898
8899,AUG,21,28379.9048,6,-7.4351,-15.981,-9.4,0.3399,0.0,-1.194,8899
8900,AUG,34,296.8272,6,3.9649,-7.781,-12.6,0.3399,0.0,-1.194,8900
8901,AUG,34,2679.2398,6,-1.5351,-14.581,-13.9,0.3399,0.0,-1.194,8901
8902,AUG,34,25.8677,6,10.0649,-8.381,-19.3,0.3399,0.0,-1.194,8902
8903,AUG,34,243.0185,6,4.4649,-10.481,-15.8,0.3399,0.0,-1.194,8903
8904,AUG,31,571.9982,5,2.325,-5.481,-9.0,0.0,0.0,-1.194,8904
8905,AUG,31,129.7718,7,6.0332,-4.681,-11.1,0.8082,0.0,-1.194,8905
8906,AUG,37,2718.1141,4,-1.5711,-6.381,-6.0,0.0039,0.0,-1.194,8906
8907,AUG,34,47.1359,6,8.5649,-5.781,-15.2,0.3399,0.0,-1.194,8907
8908,AUG,34,123.5942,9,6.1551,-11.081,-16.3,2.1301,0.0,-1.194,8908
8909,AUG,34,715.6602,6,1.7649,-11.081,-13.7,0.3399,0.0,-1.194,8909
8910,AUG,31,32.1032,5,9.525,-4.381,-15.1,0.0,0.0,-1.194,8910
8911,AUG,34,839.8435,6,1.3649,-12.281,-14.5,0.3399,0.0,-1.194,8911
8912,AUG,34,308.9417,6,3.8649,-7.981,-12.7,0.3399,0.0,-1.194,8912
8913,AUG,34,171.9318,8,5.3299,-8.981,-14.1,1.4049,0.0,-1.194,8913
8914,AUG,31,193.6016,7,5.0332,-5.481,-10.9,0.8082,0.0,-1.194,8914
8915,AUG,31,90.8328,5,6.925,-5.081,-10.0,0.0,-3.2,-1.194,8915
8916,AUG,31,131.0472,10,6.0087,-8.281,-12.5,2.9837,0.0,-1.194,8916
8917,AUG,34,144.4748,6,5.7649,-6.381,-13.0,0.3399,0.0,-1.194,8917
8918,AUG,37,3189.7684,4,-1.9711,-8.581,-7.8,0.0039,0.0,-1.194,8918
8919,AUG,18,67.5628,6,7.6649,-0.081,-8.6,0.3399,0.0,-1.194,8919
8920,AUG,34,1067.6664,6,0.7649,-11.681,-13.3,0.3399,0.0,-1.194,8920
8921,AUG,31,120.1857,5,6.225,-2.381,-9.8,0.0,0.0,-1.194,8921
8922,AUG,34,215.5365,6,4.7649,-6.581,-12.2,0.3399,0.0,-1.194,8922
8923,AUG,31,53.8241,7,8.2332,-5.381,-14.0,0.8082,0.0,-1.194,8923
8924,AUG,31,159.0241,5,5.525,-7.481,-14.2,0.0,0.0,-1.194,8924
8925,AUG,31,141.0406,5,5.825,-4.181,-9.0,0.0,-2.2,-1.194,8925
8926,AUG,34,1657.8191,6,-0.3351,-10.881,-11.4,0.3399,0.0,-1.194,8926
8927,AUG,34,392.7479,6,3.2649,-8.581,-12.7,0.3399,0.0,-1.194,8927
8928,AUG,34,79.2865,6,7.2649,-5.781,-13.9,0.3399,0.0,-1.194,8928
8929,AUG,31,68.4249,7,7.6332,-3.781,-11.8,0.8082,0.0,-1.194,8929
8930,AUG,34,348.3335,6,3.5649,-6.581,-11.0,0.3399,0.0,-1.194,8930
8931,AUG,37,46530.901,4,-8.6711,-13.281,-5.8,0.0039,0.0,-1.194,8931
8932,AUG,34,408.7772,6,3.1649,-9.781,-13.8,0.3399,0.0,-1.194,8932
8933,AUG,34,609.8393,6,2.1649,-9.381,-12.4,0.3399,0.0,-1.194,8933
8934,AUG,34,392.7479,6,3.2649,-9.381,-13.5,0.3399,0.0,-1.194,8934
8935,AUG,34,1795.9031,6,-0.5351,-13.381,-13.7,0.3399,0.0,-1.194,8935
8936,AUG,31,301.5982,5,3.925,-6.481,-11.6,0.0,0.0,-1.194,8936
8937,AUG,37,24534.4055,4,-7.0711,-12.081,-6.2,0.0039,0.0,-1.194,8937
8938,AUG,37,39650.6199,4,-8.2711,-12.381,-5.3,0.0039,0.0,-1.194,8938
8939,AUG,34,233.489,6,4.5649,-8.881,-14.3,0.3399,0.0,-1.194,8939
8940,AUG,34,25.8677,6,10.0649,-6.481,-17.4,0.3399,0.0,-1.194,8940
8941,AUG,34,183.6662,6,5.1649,-7.481,-13.5,0.3399,0.0,-1.194,8941
8942,AUG,34,73.1903,6,7.4649,-7.881,-16.2,0.3399,0.0,-1.194,8942
8943,AUG,34,64.9134,6,7.7649,-6.481,-15.1,0.3399,0.0,-1.194,8943
8944,AUG,37,53824.1101,6,-9.0351,-14.981,-6.8,0.3399,0.0,-1.194,8944
8945,AUG,31,258.6822,10,4.3087,-9.581,-12.1,2.9837,0.0,-1.194,8945
8946,AUG,34,198.9642,6,4.9649,-9.581,-15.4,0.3399,0.0,-1.194,8946
8947,AUG,34,479.7093,6,2.7649,-10.881,-14.5,0.3399,0.0,-1.194,8947
8948,AUG,34,985.5754,6,0.9649,-12.681,-14.5,0.3399,0.0,-1.194,8948
8949,AUG,31,26.2835,5,10.025,-2.081,-13.3,0.0,0.0,-1.194,8949
8950,AUG,34,1657.8191,6,-0.3351,-13.281,-13.8,0.3399,0.0,-1.194,8950
8951,AUG,34,909.7962,6,1.1649,-13.781,-15.8,0.3399,0.0,-1.194,8951
8952,AUG,34,1357.2905,6,0.1649,-14.181,-15.2,0.3399,0.0,-1.194,8952
8953,AUG,32,449.0608,8,2.9299,-10.681,-13.4,1.4049,0.0,-1.194,8953
8954,AUG,34,207.0846,6,4.8649,-10.681,-16.4,0.3399,0.0,-1.194,8954
8955,AUG,31,136.3957,10,5.9087,-9.581,-13.7,2.9837,0.0,-1.194,8955
8956,AUG,34,1304.0671,6,0.2649,-9.881,-11.0,0.3399,0.0,-1.194,8956
8957,AUG,34,10439.7279,6,-4.9351,-11.281,-7.2,0.3399,0.0,-1.194,8957
8958,AUG,31,102.4145,5,6.625,-4.981,-12.8,0.0,0.0,-1.194,8958
8959,AUG,37,726.044,4,1.7289,-4.281,-7.2,0.0039,0.0,-1.194,8959
8960,AUG,31,415.3476,5,3.125,-7.581,-11.9,0.0,0.0,-1.194,8960
8961,AUG,34,1252.9307,6,0.3649,-10.781,-12.0,0.3399,0.0,-1.194,8961
8962,AUG,37,8004.5178,4,-4.2711,-8.781,-5.7,0.0039,0.0,-1.194,8962
8963,AUG,37,61567.505,4,-9.3711,-12.981,-4.8,0.0039,0.0,-1.194,8963
8964,AUG,34,637.2147,9,2.0551,-11.981,-13.1,2.1301,0.0,-1.194,8964
8965,AUG,31,227.939,5,4.625,-7.581,-12.2,0.0,-1.2,-1.194,8965
8966,AUG,30,10439.7279,6,-4.9351,-11.281,-7.2,0.3399,0.0,-1.194,8966
8967,AUG,31,98.3985,5,6.725,-5.481,-13.4,0.0,0.0,-1.194,8967
8968,AUG,31,146.797,5,5.725,-5.781,-12.7,0.0,0.0,-1.194,8968
8969,AUG,34,274.0047,6,4.1649,-12.281,-17.3,0.3399,0.0,-1.194,8969
8970,AUG,33,300.6149,7,3.9332,-2.981,-7.3,0.8082,0.0,-1.194,8970
8971,AUG,33,102.4145,5,6.625,-8.881,-13.3,0.0,-3.4,-1.194,8971
8972,AUG,39,8671.2341,4,-4.4711,-13.281,-10.0,0.0039,0.0,-1.194,8972
8973,AUG,36,263.2601,6,4.2649,-5.781,-10.9,0.3399,0.0,-1.194,8973
8974,AUG,39,33787.69,4,-7.8711,-12.981,-6.3,0.0039,0.0,-1.194,8974
8975,AUG,36,1615.2396,8,-0.2701,-8.981,-8.5,1.4049,0.0,-1.194,8975
8976,AUG,33,617.6212,7,2.1332,-4.681,-7.2,0.8082,0.0,-1.194,8976
8977,AUG,36,3855.3602,9,-2.4449,-11.981,-8.6,2.1301,0.0,-1.194,8977
8978,AUG,36,1470.3426,6,-0.0351,-8.581,-9.4,0.3399,0.0,-1.194,8978
8979,AUG,36,176.4641,6,5.2649,-8.181,-14.3,0.3399,0.0,-1.194,8979
8980,AUG,36,425.4608,6,3.0649,-8.381,-12.3,0.3399,0.0,-1.194,8980
8981,AUG,33,671.2529,5,1.925,-4.981,-8.1,0.0,0.0,-1.194,8981
8982,AUG,36,9637.0351,6,-4.7351,-13.281,-9.4,0.3399,0.0,-1.194,8982
8983,AUG,36,224.3332,6,4.6649,-5.781,-11.3,0.3399,0.0,-1.194,8983
8984,AUG,36,562.9498,6,2.3649,-7.981,-11.2,0.3399,0.0,-1.194,8984
8985,AUG,36,233.489,6,4.5649,-9.081,-14.5,0.3399,0.0,-1.194,8985
8986,AUG,33,487.4199,5,2.725,-5.781,-9.7,0.0,0.0,-1.194,8986
8987,AUG,33,418.0623,10,3.1087,-9.581,-10.9,2.9837,0.0,-1.194,8987
8988,AUG,36,548.4909,8,2.4299,-8.981,-11.2,1.4049,0.0,-1.194,8988
8989,AUG,36,1725.4804,6,-0.4351,-11.081,-11.5,0.3399,0.0,-1.194,8989
8990,AUG,39,1433.1833,4,0.0289,-6.381,-7.6,0.0039,0.0,-1.194,8990
8991,AUG,33,1273.0695,5,0.325,-7.481,-8.0,0.0,-1.0,-1.194,8991
8992,AUG,36,2193.5485,6,-1.0351,-11.981,-11.8,0.3399,0.0,-1.194,8992
8993,AUG,20,278.4088,5,4.125,0.719,-4.6,0.0,0.0,-1.194,8993
8994,AUG,39,8004.5178,4,-4.2711,-8.781,-5.7,0.0039,0.0,-1.194,8994
8995,AUG,36,985.5754,6,0.9649,-6.381,-8.2,0.3399,0.0,-1.194,8995
8996,AUG,36,1067.6664,6,0.7649,-6.481,-8.1,0.3399,0.0,-1.194,8996
8997,AUG,39,24534.4055,4,-7.0711,-12.881,-6.2,0.0039,-0.8,-1.194,8997
8998,AUG,33,485.8308,7,2.7332,-5.381,-8.5,0.8082,0.0,-1.194,8998
8999,AUG,36,1869.1999,6,-0.6351,-9.381,-9.6,0.3399,0.0,-1.194,8999
9000,AUG,33,853.3425,5,1.325,-7.781,-7.8,0.0,-2.5,-1.194,9000
9001,AUG,36,3020.8572,6,-1.8351,-12.681,-11.7,0.3399,0.0,-1.194,9001
9002,AUG,36,1304.0671,6,0.2649,-10.881,-12.0,0.3399,0.0,-1.194,9002
9003,AUG,33,727.1632,5,1.725,-8.581,-8.9,0.0,-2.6,-1.194,9003
9004,AUG,33,383.4123,5,3.325,-9.881,-11.1,0.0,-3.3,-1.194,9004
9005,AUG,33,172.2696,5,5.325,-4.381,-10.9,0.0,0.0,-1.194,9005
9006,AUG,36,1530.3523,6,-0.1351,-10.581,-11.3,0.3399,0.0,-1.194,9006
9007,AUG,36,2024.8903,6,-0.8351,-10.681,-10.7,0.3399,0.0,-1.194,9007
9008,AUG,33,186.6183,5,5.125,-7.481,-13.8,0.0,0.0,-1.194,9008
9009,AUG,36,4329.9814,6,-2.7351,-14.181,-12.3,0.3399,0.0,-1.194,9009
9010,AUG,36,408.7772,6,3.1649,-7.981,-12.0,0.3399,0.0,-1.194,9010
9011,AUG,33,1970.3141,7,-0.7668,-10.681,-10.3,0.8082,0.0,-1.194,9011
9012,AUG,36,93.0445,6,6.8649,-6.781,-14.5,0.3399,0.0,-1.194,9012
9013,AUG,36,687.597,6,1.8649,-8.581,-11.3,0.3399,0.0,-1.194,9013
9014,AUG,36,1156.595,6,0.5649,-9.681,-11.1,0.3399,0.0,-1.194,9014
9015,AUG,39,22324.0874,6,-6.8351,-14.981,-9.0,0.3399,0.0,-1.194,9015
9016,AUG,36,252.9369,6,4.3649,-7.481,-12.7,0.3399,0.0,-1.194,9016
9017,AUG,36,150.3713,6,5.6649,-6.481,-13.0,0.3399,0.0,-1.194,9017
9018,AUG,34,467.3885,8,2.8299,-10.681,-13.3,1.4049,0.0,-1.194,9018
9019,AUG,36,169.5444,6,5.3649,-7.881,-14.1,0.3399,0.0,-1.194,9019
9020,AUG,33,278.4088,5,4.125,-2.081,-7.4,0.0,0.0,-1.194,9020
9021,AUG,27,519.6655,6,2.5649,-7.381,-10.8,0.3399,0.0,-1.194,9021
9022,AUG,39,38095.8012,4,-8.1711,-14.081,-6.3,0.0039,-0.8,-1.194,9022
9023,AUG,36,334.6743,6,3.6649,-10.481,-15.0,0.3399,0.0,-1.194,9023
9024,AUG,33,2057.437,5,-0.875,-11.881,-9.2,0.0,-3.0,-1.194,9024
9025,AUG,33,418.0623,10,3.1087,-8.281,-9.6,2.9837,0.0,-1.194,9025
9026,AUG,33,201.5032,7,4.9332,-8.781,-10.8,0.8082,-3.3,-1.194,9026
9027,AUG,39,38095.8012,4,-8.1711,-12.381,-5.4,0.0039,0.0,-1.194,9027
9028,AUG,36,207.8957,9,4.8551,-11.081,-15.0,2.1301,0.0,-1.194,9028
9029,AUG,36,23.3112,5,10.325,-7.281,-12.8,0.0,-6.0,-1.194,9029
9030,AUG,36,1111.2415,6,0.6649,-6.581,-8.1,0.3399,0.0,-1.194,9030
9031,AUG,39,33787.69,4,-7.8711,-12.381,-5.7,0.0039,0.0,-1.194,9031
9032,AUG,39,4952.9133,4,-3.0711,-8.581,-6.7,0.0039,0.0,-1.194,9032
9033,AUG,33,1899.2442,5,-0.675,-7.581,-8.1,0.0,0.0,-1.194,9033
9034,AUG,33,1493.9759,5,-0.075,-11.181,-9.8,0.0,-2.5,-1.194,9034
9035,AUG,36,2788.5887,6,-1.6351,-12.281,-11.5,0.3399,0.0,-1.194,9035
9036,AUG,36,634.7289,6,2.0649,-8.881,-11.8,0.3399,0.0,-1.194,9036
9037,AUG,29,5809.902,8,-3.4701,-9.581,-5.9,1.4049,0.0,-1.194,9037
9038,AUG,36,1025.8,6,0.8649,-9.381,-11.1,0.3399,0.0,-1.194,9038
9039,AUG,32,6206.4301,6,-3.6351,-11.281,-8.5,0.3399,0.0,-1.194,9039
9040,AUG,36,4506.7026,6,-2.8351,-10.881,-8.9,0.3399,0.0,-1.194,9040
9041,AUG,33,1554.9501,5,-0.175,-5.881,-5.9,0.0,-1.0,-1.194,9041
9042,AUG,36,2376.2547,6,-1.2351,-9.881,-9.5,0.3399,0.0,-1.194,9042
9043,AUG,36,442.8253,6,2.9649,-9.581,-13.4,0.3399,0.0,-1.194,9043
9044,AUG,36,377.347,6,3.3649,-12.281,-16.5,0.3399,0.0,-1.194,9044
9045,AUG,33,301.5982,5,3.925,-2.381,-7.5,0.0,0.0,-1.194,9045
9046,AUG,36,1945.4883,6,-0.7351,-11.781,-11.9,0.3399,0.0,-1.194,9046
9047,AUG,36,3840.3201,6,-2.4351,-13.781,-12.2,0.3399,0.0,-1.194,9047
9048,AUG,36,2202.1392,9,-1.0449,-11.081,-9.1,2.1301,0.0,-1.194,9048
9049,AUG,36,562.9498,6,2.3649,-10.681,-13.9,0.3399,0.0,-1.194,9049
9050,AUG,36,2574.1789,6,-1.4351,-10.281,-9.7,0.3399,0.0,-1.194,9050
9051,AUG,33,399.0606,5,3.225,-8.081,-9.9,0.0,-2.6,-1.194,9051
9052,AUG,39,2944.5126,4,-1.7711,-8.581,-8.0,0.0039,0.0,-1.194,9052
9053,AUG,36,7283.3863,6,-4.0351,-12.481,-9.3,0.3399,0.0,-1.194,9053
9054,AUG,33,370.7852,10,3.4087,-8.281,-9.9,2.9837,0.0,-1.194,9054
9055,AUG,39,16445.4907,4,-6.0711,-13.281,-8.4,0.0039,0.0,-1.194,9055
9056,AUG,39,726.044,4,1.7289,-4.281,-7.2,0.0039,0.0,-1.194,9056
9057,AUG,33,452.8837,10,2.9087,-9.581,-10.7,2.9837,0.0,-1.194,9057
9058,AUG,39,2944.5126,4,-1.7711,-6.381,-5.8,0.0039,0.0,-1.194,9058
9059,AUG,36,2376.2547,6,-1.2351,-9.781,-9.4,0.3399,0.0,-1.194,9059
9060,AUG,33,80.5609,5,7.225,-2.981,-10.4,0.0,-1.0,-1.194,9060
9061,AUG,33,159.0241,5,5.525,-5.581,-9.1,0.0,-3.2,-1.194,9061
9062,AUG,36,11770.849,6,-5.2351,-14.581,-10.2,0.3399,0.0,-1.194,9062
9063,AUG,36,2902.4004,6,-1.7351,-11.681,-10.8,0.3399,0.0,-1.194,9063
9064,AUG,36,3144.1487,6,-1.9351,-10.781,-9.7,0.3399,0.0,-1.194,9064
9065,AUG,33,194.2349,5,5.025,-2.881,-8.1,0.0,-1.0,-1.194,9065
9066,AUG,36,14963.9074,6,-5.8351,-11.281,-6.3,0.3399,0.0,-1.194,9066
9067,AUG,33,644.9311,5,2.025,-9.781,-9.7,0.0,-3.3,-1.194,9067
9068,AUG,36,10030.3551,6,-4.8351,-13.381,-9.4,0.3399,0.0,-1.194,9068
9069,AUG,23,106246.7495,6,-10.7351,-15.881,-6.0,0.3399,0.0,-1.194,9069
9070,AUG,36,479.7093,6,2.7649,-6.781,-10.4,0.3399,0.0,-1.194,9070
9071,AUG,36,687.597,6,1.8649,-6.581,-9.3,0.3399,0.0,-1.194,9071
9072,AUG,36,562.9498,6,2.3649,-6.381,-9.6,0.3399,0.0,-1.194,9072
9073,AUG,33,2949.0516,5,-1.775,-10.781,-10.2,0.0,0.0,-1.194,9073
9074,AUG,36,744.8687,6,1.6649,-9.681,-12.2,0.3399,0.0,-1.194,9074
9075,AUG,36,1725.4804,6,-0.4351,-7.781,-8.2,0.3399,0.0,-1.194,9075
9076,AUG,33,449.943,5,2.925,-5.781,-9.9,0.0,0.0,-1.194,9076
9077,AUG,39,1681.8731,4,-0.3711,-8.881,-9.7,0.0039,0.0,-1.194,9077
9078,AUG,33,74.1242,7,7.4332,-2.981,-10.8,0.8082,0.0,-1.194,9078
9079,AUG,36,6459.7355,6,-3.7351,-14.581,-11.7,0.3399,0.0,-1.194,9079
9080,AUG,36,1252.9307,6,0.3649,-10.781,-12.0,0.3399,0.0,-1.194,9080
9081,AUG,33,819.8804,5,1.425,-5.981,-8.6,0.0,0.0,-1.194,9081
9082,AUG,36,252.9369,6,4.3649,-6.581,-11.8,0.3399,0.0,-1.194,9082
9083,AUG,36,362.5501,6,3.4649,-10.681,-15.0,0.3399,0.0,-1.194,9083
9084,AUG,36,715.6602,6,1.7649,-8.581,-11.2,0.3399,0.0,-1.194,9084
9085,AUG,36,207.0846,6,4.8649,-6.481,-12.2,0.3399,0.0,-1.194,9085
9086,AUG,33,1493.9759,5,-0.075,-6.581,-7.7,0.0,0.0,-1.194,9086
9087,AUG,36,85.8904,6,7.0649,-9.581,-17.5,0.3399,0.0,-1.194,9087
9088,AUG,36,460.8985,6,2.8649,-8.581,-12.3,0.3399,0.0,-1.194,9088
9089,AUG,33,595.3434,5,2.225,-8.781,-9.9,0.0,-2.3,-1.194,9089
9090,AUG,33,1824.7692,5,-0.575,-6.481,-7.1,0.0,0.0,-1.194,9090
9091,AUG,36,744.8687,6,1.6649,-9.781,-12.3,0.3399,0.0,-1.194,9091
9092,AUG,39,2054.2703,4,-0.8711,-8.881,-9.2,0.0039,0.0,-1.194,9092
9093,AUG,33,219.0009,5,4.725,-2.381,-8.3,0.0,0.0,-1.194,9093
9094,AUG,36,519.6655,6,2.5649,-11.981,-15.4,0.3399,0.0,-1.194,9094
9095,AUG,36,1357.2905,6,0.1649,-10.281,-11.3,0.3399,0.0,-1.194,9095
9096,AUG,33,370.7852,10,3.4087,-8.281,-9.9,2.9837,0.0,-1.194,9096
9097,AUG,36,548.4909,8,2.4299,-8.981,-11.2,1.4049,0.0,-1.194,9097
9098,AUG,33,487.4199,5,2.725,-5.781,-9.7,0.0,0.0,-1.194,9098
9099,AUG,33,106.5943,5,6.525,-2.081,-9.8,0.0,0.0,-1.194,9099
9100,AUG,36,2024.8903,6,-0.8351,-9.881,-9.9,0.3399,0.0,-1.194,9100
9101,AUG,36,1071.8478,9,0.7551,-11.081,-10.9,2.1301,0.0,-1.194,9101
9102,AUG,33,165.5144,5,5.425,-4.981,-11.6,0.0,0.0,-1.194,9102
9103,AUG,39,1433.1833,4,0.0289,-6.681,-7.9,0.0039,0.0,-1.194,9103
9104,AUG,36,2107.5329,6,-0.9351,-12.481,-12.4,0.3399,0.0,-1.194,9104
9105,AUG,36,252.9369,6,4.3649,-7.481,-12.7,0.3399,0.0,-1.194,9105
9106,AUG,36,946.928,6,1.0649,-7.781,-9.7,0.3399,0.0,-1.194,9106
9107,AUG,36,207.8957,9,4.8551,-11.081,-15.0,2.1301,0.0,-1.194,9107
9108,AUG,36,334.6743,6,3.6649,-6.781,-11.3,0.3399,0.0,-1.194,9108
9109,AUG,36,408.7772,6,3.1649,-7.981,-12.0,0.3399,0.0,-1.194,9109
9110,AUG,33,452.8837,10,2.9087,-9.581,-10.7,2.9837,0.0,-1.194,9110
9111,AUG,36,4329.9814,6,-2.7351,-14.181,-12.3,0.3399,0.0,-1.194,9111
9112,AUG,36,183.6662,6,5.1649,-5.781,-11.8,0.3399,0.0,-1.194,9112
9113,AUG,36,176.4641,6,5.2649,-8.181,-14.3,0.3399,0.0,-1.194,9113
9114,AUG,36,775.2693,6,1.5649,-9.681,-12.1,0.3399,0.0,-1.194,9114
9115,AUG,36,224.3332,6,4.6649,-10.481,-16.0,0.3399,0.0,-1.194,9115
9116,AUG,33,186.6183,5,5.125,-7.481,-13.8,0.0,0.0,-1.194,9116
9117,AUG,33,1435.3926,5,0.025,-8.881,-10.1,0.0,0.0,-1.194,9117
9118,AUG,33,102.4145,5,6.625,-5.281,-9.8,0.0,-3.3,-1.194,9118
9119,AUG,36,133.3664,6,5.9649,-6.481,-13.3,0.3399,0.0,-1.194,9119
9120,AUG,36,2902.4004,6,-1.7351,-11.681,-10.8,0.3399,0.0,-1.194,9120
9121,AUG,36,660.6343,6,1.9649,-9.681,-12.5,0.3399,0.0,-1.194,9121
9122,AUG,36,946.928,6,1.0649,-10.581,-12.5,0.3399,0.0,-1.194,9122
9123,AUG,33,368.3775,5,3.425,-3.881,-6.5,0.0,-2.0,-1.194,9123
9124,AUG,33,301.5982,5,3.925,-2.381,-7.5,0.0,0.0,-1.194,9124
9125,AUG,33,418.0623,10,3.1087,-9.581,-10.9,2.9837,0.0,-1.194,9125
9126,AUG,39,726.044,4,1.7289,-4.581,-7.5,0.0039,0.0,-1.194,9126
9127,AUG,36,362.5501,6,3.4649,-9.381,-13.7,0.3399,0.0,-1.194,9127
9128,AUG,39,852.0291,4,1.3289,-6.381,-8.9,0.0039,0.0,-1.194,9128
9129,AUG,33,1618.4129,5,-0.275,-7.581,-8.5,0.0,0.0,-1.194,9129
9130,AUG,36,377.347,6,3.3649,-12.581,-16.0,0.3399,-0.8,-1.194,9130
9131,AUG,36,64.9134,6,7.7649,-6.781,-15.4,0.3399,0.0,-1.194,9131
9132,AUG,39,30743.7383,6,-7.6351,-14.981,-8.2,0.3399,0.0,-1.194,9132
9133,AUG,36,176.4641,6,5.2649,-8.881,-15.0,0.3399,0.0,-1.194,9133
9134,AUG,36,31.5953,6,9.5649,-6.481,-16.9,0.3399,0.0,-1.194,9134
9135,AUG,33,106.5943,5,6.525,-8.781,-13.2,0.0,-3.3,-1.194,9135
9136,AUG,36,562.9498,6,2.3649,-7.981,-11.2,0.3399,0.0,-1.194,9136
9137,AUG,34,467.3885,8,2.8299,-10.681,-13.3,1.4049,0.0,-1.194,9137
9138,AUG,36,82.5224,6,7.1649,-8.381,-16.4,0.3399,0.0,-1.194,9138
9139,AUG,32,4690.6365,6,-2.9351,-11.281,-9.2,0.3399,0.0,-1.194,9139
9140,AUG,33,382.1623,7,3.3332,-5.381,-9.1,0.8082,0.0,-1.194,9140
9141,AUG,33,140.5808,7,5.8332,-4.681,-10.9,0.8082,0.0,-1.194,9141
9142,AUG,36,263.2601,6,4.2649,-6.581,-11.7,0.3399,0.0,-1.194,9142
9143,AUG,36,2376.2547,6,-1.2351,-13.381,-13.0,0.3399,0.0,-1.194,9143
9144,AUG,36,2024.8903,6,-0.8351,-13.281,-13.3,0.3399,0.0,-1.194,9144
9145,AUG,39,8331.2093,4,-4.3711,-13.281,-10.1,0.0039,0.0,-1.194,9145
9146,AUG,33,2949.0516,5,-1.775,-10.781,-10.2,0.0,0.0,-1.194,9146
9147,AUG,33,125.0909,5,6.125,-5.081,-11.7,0.0,-0.7,-1.194,9147
9148,AUG,36,1725.4804,6,-0.4351,-12.281,-12.7,0.3399,0.0,-1.194,9148
9149,AUG,20,183.6662,6,5.1649,-0.581,-6.6,0.3399,0.0,-1.194,9149
9150,AUG,27,392.7479,6,3.2649,-7.381,-11.5,0.3399,0.0,-1.194,9150
9151,AUG,36,2679.2398,6,-1.5351,-10.881,-10.2,0.3399,0.0,-1.194,9151
9152,AUG,36,585.9257,6,2.2649,-12.681,-15.8,0.3399,0.0,-1.194,9152
9153,AUG,36,59.9224,6,7.9649,-9.081,-17.9,0.3399,0.0,-1.194,9153
9154,AUG,36,460.8985,6,2.8649,-9.381,-13.1,0.3399,0.0,-1.194,9154
9155,AUG,36,1071.8478,9,0.7551,-11.981,-11.8,2.1301,0.0,-1.194,9155
9156,AUG,33,3460.7789,5,-2.175,-11.081,-8.8,0.0,-1.3,-1.194,9156
9157,AUG,23,37550.9584,6,-8.1351,-15.981,-8.7,0.3399,0.0,-1.194,9157
9158,AUG,36,1304.0671,6,0.2649,-10.881,-12.0,0.3399,0.0,-1.194,9158
9159,AUG,36,1530.3523,6,-0.1351,-13.781,-14.5,0.3399,0.0,-1.194,9159
9160,AUG,36,946.928,6,1.0649,-11.081,-13.0,0.3399,0.0,-1.194,9160
9161,AUG,33,449.943,5,2.925,-5.781,-9.9,0.0,0.0,-1.194,9161
9162,AUG,36,2024.8903,6,-0.8351,-10.681,-10.7,0.3399,0.0,-1.194,9162
9163,AUG,33,761.7878,10,1.6087,-8.281,-8.1,2.9837,0.0,-1.194,9163
9164,AUG,36,169.5444,6,5.3649,-7.881,-14.1,0.3399,0.0,-1.194,9164
9165,AUG,36,133.3664,6,5.9649,-5.781,-12.6,0.3399,0.0,-1.194,9165
9166,AUG,36,377.347,6,3.3649,-12.281,-16.5,0.3399,0.0,-1.194,9166
9167,AUG,33,850.5605,7,1.3332,-5.481,-7.2,0.8082,0.0,-1.194,9167
9168,AUG,33,1001.4168,5,0.925,-7.681,-8.5,0.0,-1.3,-1.194,9168
9169,AUG,36,191.1623,6,5.0649,-6.381,-12.3,0.3399,0.0,-1.194,9169
9170,AUG,33,1129.1028,5,0.625,-5.481,-7.3,0.0,0.0,-1.194,9170
9171,AUG,33,415.3476,5,3.125,-8.181,-9.2,0.0,-3.3,-1.194,9171
9172,AUG,33,1970.3141,7,-0.7668,-10.681,-10.3,0.8082,0.0,-1.194,9172
9173,AUG,36,191.1623,6,5.0649,-6.381,-12.3,0.3399,0.0,-1.194,9173
9174,AUG,39,4952.9133,4,-3.0711,-8.581,-6.7,0.0039,0.0,-1.194,9174
9175,AUG,36,8547.2189,6,-4.4351,-11.281,-7.7,0.3399,0.0,-1.194,9175
9176,AUG,33,2949.0516,5,-1.775,-10.781,-10.2,0.0,0.0,-1.194,9176
9177,AUG,33,227.939,5,4.625,-3.281,-7.9,0.0,-1.2,-1.194,9177
9178,AUG,36,985.5754,6,0.9649,-6.381,-8.2,0.3399,0.0,-1.194,9178
9179,AUG,36,233.489,6,4.5649,-9.081,-14.5,0.3399,0.0,-1.194,9179
9180,AUG,36,224.3332,6,4.6649,-5.781,-11.3,0.3399,0.0,-1.194,9180
9181,AUG,33,186.6183,5,5.125,-2.781,-8.3,0.0,-0.8,-1.194,9181
9182,AUG,36,562.9498,6,2.3649,-7.981,-11.2,0.3399,0.0,-1.194,9182
9183,AUG,36,2202.1392,9,-1.0449,-11.081,-9.1,2.1301,0.0,-1.194,9183
9184,AUG,36,479.7093,6,2.7649,-6.781,-10.4,0.3399,0.0,-1.194,9184
9185,AUG,36,1725.4804,6,-0.4351,-11.081,-11.5,0.3399,0.0,-1.194,9185
9186,AUG,36,377.347,6,3.3649,-12.281,-16.5,0.3399,0.0,-1.194,9186
9187,AUG,34,467.3885,8,2.8299,-10.681,-13.3,1.4049,0.0,-1.194,9187
9188,AUG,36,3855.3602,9,-2.4449,-11.981,-8.6,2.1301,0.0,-1.194,9188
9189,AUG,33,850.5605,7,1.3332,-5.481,-7.2,0.8082,0.0,-1.194,9189
9190,AUG,36,2574.1789,6,-1.4351,-10.281,-9.7,0.3399,0.0,-1.194,9190
9191,AUG,36,687.597,6,1.8649,-8.581,-11.3,0.3399,0.0,-1.194,9191
9192,AUG,33,819.8804,5,1.425,-5.981,-8.6,0.0,0.0,-1.194,9192
9193,AUG,33,74.3667,5,7.425,-7.381,-11.3,0.0,-4.7,-1.194,9193
9194,AUG,36,1470.3426,6,-0.0351,-8.581,-9.4,0.3399,0.0,-1.194,9194
9195,AUG,36,2193.5485,6,-1.0351,-11.981,-11.8,0.3399,0.0,-1.194,9195
9196,AUG,33,452.8837,10,2.9087,-9.581,-10.7,2.9837,0.0,-1.194,9196
9197,AUG,36,1025.8,6,0.8649,-9.381,-11.1,0.3399,0.0,-1.194,9197
9198,AUG,36,3840.3201,6,-2.4351,-13.781,-12.2,0.3399,0.0,-1.194,9198
9199,AUG,33,399.0606,5,3.225,-5.481,-9.9,0.0,0.0,-1.194,9199
9200,AUG,36,2376.2547,6,-1.2351,-9.781,-9.4,0.3399,0.0,-1.194,9200
9201,AUG,36,4506.7026,6,-2.8351,-10.881,-8.9,0.3399,0.0,-1.194,9201
9202,AUG,36,93.0445,6,6.8649,-6.781,-14.5,0.3399,0.0,-1.194,9202
9203,AUG,36,634.7289,6,2.0649,-8.881,-11.8,0.3399,0.0,-1.194,9203
9204,AUG,36,4329.9814,6,-2.7351,-14.181,-12.3,0.3399,0.0,-1.194,9204
9205,AUG,36,562.9498,6,2.3649,-6.381,-9.6,0.3399,0.0,-1.194,9205
9206,AUG,36,176.4641,6,5.2649,-8.181,-14.3,0.3399,0.0,-1.194,9206
9207,AUG,36,479.7093,6,2.7649,-8.381,-12.0,0.3399,0.0,-1.194,9207
9208,AUG,20,139.3531,9,5.8551,0.719,-4.2,2.1301,0.0,-1.194,9208
9209,AUG,36,5081.3313,6,-3.1351,-12.681,-10.4,0.3399,0.0,-1.194,9209
9210,AUG,33,1684.4658,5,-0.375,-5.681,-5.7,0.0,-0.8,-1.194,9210
9211,AUG,33,449.943,5,2.925,-5.781,-9.9,0.0,0.0,-1.194,9211
9212,AUG,36,1304.0671,6,0.2649,-10.881,-12.0,0.3399,0.0,-1.194,9212
9213,AUG,33,186.6183,5,5.125,-7.481,-13.8,0.0,0.0,-1.194,9213
9214,AUG,36,9637.0351,6,-4.7351,-13.281,-9.4,0.3399,0.0,-1.194,9214
9215,AUG,36,1203.7996,6,0.4649,-6.481,-7.8,0.3399,0.0,-1.194,9215
9216,AUG,33,1493.9759,5,-0.075,-6.581,-7.7,0.0,0.0,-1.194,9216
9217,AUG,36,2902.4004,6,-1.7351,-11.681,-10.8,0.3399,0.0,-1.194,9217
9218,AUG,39,23572.3385,4,-6.9711,-13.281,-7.5,0.0039,0.0,-1.194,9218
9219,AUG,36,562.9498,6,2.3649,-10.681,-13.9,0.3399,0.0,-1.194,9219
9220,AUG,27,585.9257,6,2.2649,-7.381,-10.5,0.3399,0.0,-1.194,9220
9221,AUG,36,252.9369,6,4.3649,-7.481,-12.7,0.3399,0.0,-1.194,9221
9222,AUG,32,6459.7355,6,-3.7351,-11.281,-8.4,0.3399,0.0,-1.194,9222
9223,AUG,33,2057.437,5,-0.875,-8.881,-9.2,0.0,0.0,-1.194,9223
9224,AUG,36,408.7772,6,3.1649,-7.981,-12.0,0.3399,0.0,-1.194,9224
9225,AUG,33,210.4132,5,4.825,-3.581,-8.4,0.0,-1.2,-1.194,9225
9226,AUG,33,418.0623,10,3.1087,-9.581,-10.9,2.9837,0.0,-1.194,9226
9227,AUG,36,2107.5329,6,-0.9351,-9.381,-9.3,0.3399,0.0,-1.194,9227
9228,AUG,36,207.8957,9,4.8551,-11.081,-15.0,2.1301,0.0,-1.194,9228
9229,AUG,36,1725.4804,6,-0.4351,-7.781,-8.2,0.3399,0.0,-1.194,9229
9230,AUG,33,1818.82,7,-0.5668,-10.681,-10.5,0.8082,0.0,-1.194,9230
9231,AUG,39,2944.5126,4,-1.7711,-6.381,-5.8,0.0039,0.0,-1.194,9231
9232,AUG,33,671.2529,5,1.925,-6.181,-8.1,0.0,-1.2,-1.194,9232
9233,AUG,33,3460.7789,5,-2.175,-10.781,-8.8,0.0,-1.0,-1.194,9233
9234,AUG,36,10030.3551,6,-4.8351,-13.381,-9.4,0.3399,0.0,-1.194,9234
9235,AUG,33,1899.2442,5,-0.675,-7.581,-8.1,0.0,0.0,-1.194,9235
9236,AUG,36,2024.8903,6,-0.8351,-10.681,-10.7,0.3399,0.0,-1.194,9236
9237,AUG,33,278.4088,5,4.125,-2.081,-7.4,0.0,0.0,-1.194,9237
9238,AUG,36,7283.3863,6,-4.0351,-12.481,-9.3,0.3399,0.0,-1.194,9238
9239,AUG,36,744.8687,6,1.6649,-9.681,-12.2,0.3399,0.0,-1.194,9239
9240,AUG,36,548.4909,8,2.4299,-8.981,-11.2,1.4049,0.0,-1.194,9240
9241,AUG,36,169.5444,6,5.3649,-7.881,-14.1,0.3399,0.0,-1.194,9241
9242,AUG,33,526.2968,7,2.5332,-4.681,-7.6,0.8082,0.0,-1.194,9242
9243,AUG,39,39083.5403,6,-8.2351,-14.981,-7.6,0.3399,0.0,-1.194,9243
9244,AUG,36,1156.595,6,0.5649,-9.681,-11.1,0.3399,0.0,-1.194,9244
9245,AUG,33,485.8308,7,2.7332,-5.381,-8.5,0.8082,0.0,-1.194,9245
9246,AUG,33,487.4199,5,2.725,-5.781,-9.7,0.0,0.0,-1.194,9246
9247,AUG,33,1824.7692,5,-0.575,-6.481,-7.1,0.0,0.0,-1.194,9247
9248,AUG,36,263.2601,6,4.2649,-5.781,-10.9,0.3399,0.0,-1.194,9248
9249,AUG,33,219.0009,5,4.725,-2.881,-8.3,0.0,-0.5,-1.194,9249
9250,AUG,36,687.597,6,1.8649,-6.581,-9.3,0.3399,0.0,-1.194,9250
9251,AUG,39,5812.3561,4,-3.4711,-8.581,-6.3,0.0039,0.0,-1.194,9251
9252,AUG,36,150.3713,6,5.6649,-6.481,-13.0,0.3399,0.0,-1.194,9252
9253,AUG,23,65741.7423,6,-9.5351,-15.981,-7.3,0.3399,0.0,-1.194,9253
9254,AUG,36,4160.19,6,-2.6351,-11.781,-10.0,0.3399,0.0,-1.194,9254
9255,AUG,36,687.597,6,1.8649,-6.481,-9.2,0.3399,0.0,-1.194,9255
9256,AUG,33,172.2696,5,5.325,-5.981,-10.9,0.0,-1.6,-1.194,9256
9257,AUG,36,1530.3523,6,-0.1351,-10.581,-11.3,0.3399,0.0,-1.194,9257
9258,AUG,36,2376.2547,6,-1.2351,-9.881,-9.5,0.3399,0.0,-1.194,9258
9259,AUG,36,1615.2396,8,-0.2701,-8.981,-8.5,1.4049,0.0,-1.194,9259
9260,AUG,36,3144.1487,6,-1.9351,-10.781,-9.7,0.3399,0.0,-1.194,9260
9261,AUG,39,2944.5126,4,-1.7711,-6.381,-5.8,0.0039,0.0,-1.194,9261
9262,AUG,36,2107.5329,6,-0.9351,-9.581,-9.5,0.3399,0.0,-1.194,9262
9263,AUG,36,334.6743,6,3.6649,-10.481,-15.0,0.3399,0.0,-1.194,9263
9264,AUG,33,761.7878,10,1.6087,-8.281,-8.1,2.9837,0.0,-1.194,9264
9265,AUG,36,11770.849,6,-5.2351,-14.581,-10.2,0.3399,0.0,-1.194,9265
9266,AUG,39,726.044,4,1.7289,-4.281,-7.2,0.0039,0.0,-1.194,9266
9267,AUG,33,644.9311,5,2.025,-7.381,-9.6,0.0,-1.0,-1.194,9267
9268,AUG,36,2788.5887,6,-1.6351,-12.281,-11.5,0.3399,0.0,-1.194,9268
9269,AUG,33,1129.1028,5,0.625,-5.481,-7.3,0.0,0.0,-1.194,9269
9270,AUG,36,1111.2415,6,0.6649,-6.581,-8.1,0.3399,0.0,-1.194,9270
9271,AUG,33,399.0606,5,3.225,-2.681,-6.3,0.0,-0.8,-1.194,9271
9272,AUG,33,370.7852,10,3.4087,-8.281,-9.9,2.9837,0.0,-1.194,9272
9273,AUG,43,86.2268,9,7.0551,-8.781,-14.7,2.1301,-0.2,-1.194,9273
9274,AUG,40,23.2352,7,10.3332,-1.281,-12.0,0.8082,0.0,-1.194,9274
9275,AUG,43,1111.2415,6,0.6649,-12.781,-14.1,0.3399,-0.2,-1.194,9275
9276,AUG,46,9393.483,4,-4.6711,-13.681,-10.2,0.0039,0.0,-1.194,9276
9277,AUG,43,408.7772,6,3.1649,-8.481,-12.5,0.3399,0.0,-1.194,9277
9278,AUG,43,274.0047,6,4.1649,-9.881,-14.7,0.3399,-0.2,-1.194,9278
9279,AUG,40,432.2994,5,3.025,-6.981,-9.4,0.0,-1.8,-1.194,9279
9280,AUG,46,28791.6809,4,-7.4711,-13.681,-7.4,0.0039,0.0,-1.194,9280
9281,AUG,40,106.5943,5,6.525,-1.381,-8.0,0.0,-1.1,-1.194,9281
9282,AUG,43,156.5085,6,5.5649,-5.381,-11.8,0.3399,0.0,-1.194,9282
9283,AUG,40,80.5609,5,7.225,-4.681,-11.3,0.0,-1.8,-1.194,9283
9284,AUG,41,193.854,8,5.0299,-8.181,-13.0,1.4049,0.0,-1.194,9284
9285,AUG,40,0.0003,23,38.794,1.319,-12.9,25.769,0.0,-1.194,9285
9286,AUG,43,1156.595,6,0.5649,-11.381,-12.8,0.3399,0.0,-1.194,9286
9287,AUG,46,1615.9219,4,-0.2711,-6.381,-7.3,0.0039,0.0,-1.194,9287
9288,AUG,46,52463.8398,4,-8.9711,-13.981,-6.2,0.0039,0.0,-1.194,9288
9289,AUG,43,104.9081,6,6.5649,-5.381,-12.8,0.3399,0.0,-1.194,9289
9290,AUG,46,44706.286,4,-8.5711,-15.681,-8.3,0.0039,0.0,-1.194,9290
9291,AUG,43,442.8253,6,2.9649,-7.281,-10.9,0.3399,-0.2,-1.194,9291
9292,AUG,43,687.597,6,1.8649,-7.981,-10.7,0.3399,0.0,-1.194,9292
9293,AUG,43,462.7036,9,2.8551,-9.681,-11.4,2.1301,-0.2,-1.194,9293
9294,AUG,40,146.3184,7,5.7332,-2.181,-8.3,0.8082,0.0,-1.194,9294
9295,AUG,46,2829.0495,4,-1.6711,-9.281,-8.8,0.0039,0.0,-1.194,9295
9296,AUG,43,1252.9307,6,0.3649,-8.481,-9.7,0.3399,0.0,-1.194,9296
9297,AUG,43,634.7289,6,2.0649,-9.181,-12.1,0.3399,0.0,-1.194,9297
9298,AUG,43,150.3713,6,5.6649,-9.681,-16.2,0.3399,0.0,-1.194,9298
9299,AUG,46,8004.5178,4,-4.2711,-9.481,-6.4,0.0039,0.0,-1.194,9299
9300,AUG,40,98.3985,5,6.725,-2.681,-8.2,0.0,-2.4,-1.194,9300
9301,AUG,43,146.5091,8,5.7299,-7.081,-12.4,1.4049,-0.2,-1.194,9301
9302,AUG,40,44.2111,5,8.725,-2.881,-12.8,0.0,0.0,-1.194,9302
9303,AUG,43,274.0047,6,4.1649,-9.681,-14.7,0.3399,0.0,-1.194,9303
9304,AUG,46,20086.82,4,-6.5711,-12.781,-7.4,0.0039,0.0,-1.194,9304
9305,AUG,43,41.8055,6,8.8649,-3.781,-13.5,0.3399,0.0,-1.194,9305
9306,AUG,40,415.3476,5,3.125,-5.381,-7.9,0.0,-1.8,-1.194,9306
9307,AUG,43,744.8687,6,1.6649,-8.481,-11.0,0.3399,0.0,-1.194,9307
9308,AUG,40,125.0909,5,6.125,-3.981,-10.2,0.0,-1.1,-1.194,9308
9309,AUG,43,274.0047,6,4.1649,-9.681,-14.7,0.3399,0.0,-1.194,9309
9310,AUG,40,47.8935,5,8.525,-1.981,-10.0,0.0,-1.7,-1.194,9310
9311,AUG,40,218.2869,7,4.7332,-4.581,-9.7,0.8082,0.0,-1.194,9311
9312,AUG,43,775.2693,6,1.5649,-9.181,-11.6,0.3399,0.0,-1.194,9312
9313,AUG,43,263.2601,6,4.2649,-5.381,-10.5,0.3399,0.0,-1.194,9313
9314,AUG,40,277.5012,7,4.1332,-4.681,-7.4,0.8082,-1.8,-1.194,9314
9315,AUG,43,53.146,6,8.2649,-5.381,-14.5,0.3399,0.0,-1.194,9315
9316,AUG,40,94.54,5,6.825,-5.781,-13.8,0.0,0.0,-1.194,9316
9317,AUG,40,211.7884,10,4.8087,-7.881,-10.9,2.9837,0.0,-1.194,9317
9318,AUG,43,946.928,6,1.0649,-9.681,-11.6,0.3399,0.0,-1.194,9318
9319,AUG,46,4952.9133,4,-3.0711,-9.281,-7.4,0.0039,0.0,-1.194,9319
9320,AUG,40,549.5685,5,2.425,-9.581,-9.8,0.0,-3.4,-1.194,9320
9321,AUG,40,267.4916,5,4.225,-4.681,-8.3,0.0,-1.8,-1.194,9321
9322,AUG,43,1203.7996,6,0.4649,-7.981,-9.3,0.3399,0.0,-1.194,9322
9323,AUG,34,96.8419,6,6.7649,-12.081,-15.0,0.3399,-4.7,-1.194,9323
9324,AUG,43,585.9257,6,2.2649,-10.381,-12.8,0.3399,-0.7,-1.194,9324
9325,AUG,43,198.9642,6,4.9649,-9.181,-15.0,0.3399,0.0,-1.194,9325
9326,AUG,43,233.489,6,4.5649,-5.381,-10.8,0.3399,0.0,-1.194,9326
9327,AUG,43,1470.3426,6,-0.0351,-11.281,-12.1,0.3399,0.0,-1.194,9327
9328,AUG,43,128.1367,6,6.0649,-7.281,-14.0,0.3399,-0.2,-1.194,9328
9329,AUG,40,90.8328,5,6.925,-0.281,-8.4,0.0,0.0,-1.194,9329
9330,AUG,43,207.0846,6,4.8649,-6.881,-12.4,0.3399,-0.2,-1.194,9330
9331,AUG,40,164.9748,7,5.4332,-4.581,-10.4,0.8082,0.0,-1.194,9331
9332,AUG,40,819.8804,5,1.425,-5.781,-8.4,0.0,0.0,-1.194,9332
9333,AUG,43,138.8095,6,5.8649,-6.281,-13.0,0.3399,0.0,-1.194,9333
9334,AUG,40,817.2075,7,1.4332,-8.181,-10.0,0.8082,0.0,-1.194,9334
9335,AUG,43,806.9107,6,1.4649,-9.281,-11.6,0.3399,0.0,-1.194,9335
9336,AUG,46,11770.849,6,-5.2351,-14.981,-10.6,0.3399,0.0,-1.194,9336
9337,AUG,40,549.5685,5,2.425,-6.981,-8.8,0.0,-1.8,-1.194,9337
9338,AUG,43,519.6655,6,2.5649,-9.681,-13.1,0.3399,0.0,-1.194,9338
9339,AUG,43,70.3202,6,7.5649,-3.781,-12.2,0.3399,0.0,-1.194,9339
9340,AUG,43,22.9425,6,10.3649,-6.381,-17.6,0.3399,0.0,-1.194,9340
9341,AUG,43,118.2845,6,6.2649,-6.381,-13.5,0.3399,0.0,-1.194,9341
9342,AUG,43,274.0047,6,4.1649,-7.581,-12.6,0.3399,0.0,-1.194,9342
9343,AUG,43,775.2693,6,1.5649,-12.581,-15.0,0.3399,0.0,-1.194,9343
9344,AUG,40,172.2696,5,5.325,-3.581,-10.1,0.0,0.0,-1.194,9344
9345,AUG,46,2944.5126,4,-1.7711,-7.081,-6.5,0.0039,0.0,-1.194,9345
9346,AUG,43,909.7962,6,1.1649,-9.781,-11.8,0.3399,0.0,-1.194,9346
9347,AUG,43,32.8849,6,9.4649,-5.381,-15.7,0.3399,0.0,-1.194,9347
9348,AUG,40,2722.3041,5,-1.575,-8.281,-7.4,0.0,-0.5,-1.194,9348
9349,AUG,40,227.939,5,4.625,-5.681,-11.0,0.0,-0.5,-1.194,9349
9350,AUG,43,1067.6664,6,0.7649,-9.681,-11.3,0.3399,0.0,-1.194,9350
9351,AUG,46,726.044,4,1.7289,-7.581,-10.5,0.0039,0.0,-1.194,9351
9352,AUG,30,17560.4844,6,-6.2351,-15.881,-10.5,0.3399,0.0,-1.194,9352
9353,AUG,43,382.6605,8,3.3299,-7.081,-10.0,1.4049,-0.2,-1.194,9353
9354,AUG,43,585.9257,6,2.2649,-7.681,-10.6,0.3399,-0.2,-1.194,9354
9355,AUG,43,263.2601,6,4.2649,-5.381,-10.5,0.3399,0.0,-1.194,9355
9356,AUG,43,104.9081,6,6.5649,-7.281,-14.5,0.3399,-0.2,-1.194,9356
9357,AUG,43,442.8253,6,2.9649,-7.981,-11.8,0.3399,0.0,-1.194,9357
9358,AUG,43,334.6743,6,3.6649,-9.181,-13.7,0.3399,0.0,-1.194,9358
9359,AUG,40,186.6183,5,5.125,-5.681,-10.9,0.0,-1.1,-1.194,9359
9360,AUG,46,44706.286,4,-8.5711,-13.081,-5.7,0.0039,0.0,-1.194,9360
9361,AUG,43,150.3713,6,5.6649,-7.981,-14.5,0.3399,0.0,-1.194,9361
9362,AUG,43,425.4608,6,3.0649,-6.281,-10.2,0.3399,0.0,-1.194,9362
9363,AUG,40,727.1632,5,1.725,-9.081,-12.0,0.0,0.0,-1.194,9363
9364,AUG,43,6206.4301,6,-3.6351,-12.981,-10.2,0.3399,0.0,-1.194,9364
9365,AUG,43,93.0445,6,6.8649,-5.381,-13.1,0.3399,0.0,-1.194,9365
9366,AUG,43,1025.8,6,0.8649,-11.781,-13.5,0.3399,0.0,-1.194,9366
9367,AUG,40,42.4774,5,8.825,-2.881,-12.9,0.0,0.0,-1.194,9367
9368,AUG,40,83.8488,5,7.125,-0.281,-8.6,0.0,0.0,-1.194,9368
9369,AUG,43,562.9498,6,2.3649,-5.381,-8.6,0.3399,0.0,-1.194,9369
9370,AUG,40,370.7852,10,3.4087,-7.881,-9.5,2.9837,0.0,-1.194,9370
9371,AUG,27,277.5012,7,4.1332,-3.281,-7.8,0.8082,0.0,-1.194,9371
9372,AUG,40,289.7717,5,4.025,-3.581,-8.8,0.0,0.0,-1.194,9372
9373,AUG,33,485.8308,7,2.7332,-5.381,-8.5,0.8082,0.0,-1.194,9373
9374,AUG,33,1493.9759,5,-0.075,-6.581,-7.7,0.0,0.0,-1.194,9374
9375,AUG,33,370.7852,10,3.4087,-8.281,-9.9,2.9837,0.0,-1.194,9375
9376,AUG,33,1273.0695,5,0.325,-7.181,-8.0,0.0,-0.7,-1.194,9376
9377,AUG,33,219.0009,5,4.725,-2.681,-7.9,0.0,-0.7,-1.194,9377
9378,AUG,36,176.4641,6,5.2649,-8.181,-14.3,0.3399,0.0,-1.194,9378
9379,AUG,36,2788.5887,6,-1.6351,-12.281,-11.5,0.3399,0.0,-1.194,9379
9380,AUG,33,418.0623,10,3.1087,-9.581,-10.9,2.9837,0.0,-1.194,9380
9381,AUG,36,408.7772,6,3.1649,-7.981,-12.0,0.3399,0.0,-1.194,9381
9382,AUG,36,4160.19,6,-2.6351,-11.781,-10.0,0.3399,0.0,-1.194,9382
9383,AUG,33,2057.437,5,-0.875,-8.881,-9.2,0.0,0.0,-1.194,9383
9384,AUG,39,8004.5178,4,-4.2711,-8.781,-5.7,0.0039,0.0,-1.194,9384
9385,AUG,36,499.2879,6,2.6649,-8.381,-11.9,0.3399,0.0,-1.194,9385
9386,AUG,36,562.9498,6,2.3649,-6.381,-9.6,0.3399,0.0,-1.194,9386
9387,AUG,33,399.0606,5,3.225,-5.481,-9.9,0.0,0.0,-1.194,9387
9388,AUG,36,2902.4004,6,-1.7351,-11.681,-10.8,0.3399,0.0,-1.194,9388
9389,AUG,36,548.4909,8,2.4299,-8.981,-11.2,1.4049,0.0,-1.194,9389
9390,AUG,36,11770.849,6,-5.2351,-14.581,-10.2,0.3399,0.0,-1.194,9390
9391,AUG,36,1252.9307,6,0.3649,-6.481,-7.7,0.3399,0.0,-1.194,9391
9392,AUG,36,5081.3313,6,-3.1351,-12.681,-10.4,0.3399,0.0,-1.194,9392
9393,AUG,39,726.044,4,1.7289,-4.281,-7.2,0.0039,0.0,-1.194,9393
9394,AUG,36,1025.8,6,0.8649,-9.381,-11.1,0.3399,0.0,-1.194,9394
9395,AUG,33,1899.2442,5,-0.675,-7.581,-8.1,0.0,0.0,-1.194,9395
9396,AUG,36,1304.0671,6,0.2649,-10.881,-12.0,0.3399,0.0,-1.194,9396
9397,AUG,36,687.597,6,1.8649,-8.981,-11.3,0.3399,-0.4,-1.194,9397
9398,AUG,34,467.3885,8,2.8299,-10.681,-13.3,1.4049,0.0,-1.194,9398
9399,AUG,36,3144.1487,6,-1.9351,-9.381,-8.3,0.3399,0.0,-1.194,9399
9400,AUG,36,562.9498,6,2.3649,-7.981,-11.2,0.3399,0.0,-1.194,9400
9401,AUG,33,277.5012,7,4.1332,-3.781,-8.3,0.8082,0.0,-1.194,9401
9402,AUG,33,301.5982,5,3.925,-2.381,-7.5,0.0,0.0,-1.194,9402
9403,AUG,39,5812.3561,4,-3.4711,-8.581,-6.3,0.0039,0.0,-1.194,9403
9404,AUG,36,2024.8903,6,-0.8351,-10.681,-10.7,0.3399,0.0,-1.194,9404
9405,AUG,33,449.943,5,2.925,-5.781,-9.9,0.0,0.0,-1.194,9405
9406,AUG,20,278.4088,5,4.125,0.519,-4.8,0.0,0.0,-1.194,9406
9407,AUG,36,1725.4804,6,-0.4351,-9.581,-10.0,0.3399,0.0,-1.194,9407
9408,AUG,33,669.0645,7,1.9332,-4.681,-7.0,0.8082,0.0,-1.194,9408
9409,AUG,36,7283.3863,6,-4.0351,-12.481,-9.3,0.3399,0.0,-1.194,9409
9410,AUG,36,3144.1487,6,-1.9351,-10.781,-9.7,0.3399,0.0,-1.194,9410
9411,AUG,36,377.347,6,3.3649,-12.281,-16.5,0.3399,0.0,-1.194,9411
9412,AUG,36,1615.2396,8,-0.2701,-8.981,-8.5,1.4049,0.0,-1.194,9412
9413,AUG,36,562.9498,6,2.3649,-10.681,-13.9,0.3399,0.0,-1.194,9413
9414,AUG,36,2376.2547,6,-1.2351,-9.881,-9.5,0.3399,0.0,-1.194,9414
9415,AUG,36,744.8687,6,1.6649,-9.681,-12.2,0.3399,0.0,-1.194,9415
9416,AUG,36,252.9369,6,4.3649,-7.481,-12.7,0.3399,0.0,-1.194,9416
9417,AUG,36,985.5754,6,0.9649,-6.381,-8.2,0.3399,0.0,-1.194,9417
9418,AUG,36,10030.3551,6,-4.8351,-13.381,-9.4,0.3399,0.0,-1.194,9418
9419,AUG,33,172.2696,5,5.325,-4.381,-10.9,0.0,0.0,-1.194,9419
9420,AUG,33,1129.1028,5,0.625,-5.481,-7.3,0.0,0.0,-1.194,9420
9421,AUG,33,289.7717,5,4.025,-7.781,-10.5,0.0,-2.5,-1.194,9421
9422,AUG,39,2944.5126,4,-1.7711,-6.381,-5.8,0.0039,0.0,-1.194,9422
9423,AUG,36,233.489,6,4.5649,-9.081,-14.5,0.3399,0.0,-1.194,9423
9424,AUG,36,9637.0351,6,-4.7351,-13.281,-9.4,0.3399,0.0,-1.194,9424
9425,AUG,36,334.6743,6,3.6649,-10.481,-15.0,0.3399,0.0,-1.194,9425
9426,AUG,36,1156.595,6,0.5649,-9.681,-11.1,0.3399,0.0,-1.194,9426
9427,AUG,36,1470.3426,6,-0.0351,-8.581,-9.4,0.3399,0.0,-1.194,9427
9428,AUG,33,761.7878,10,1.6087,-8.281,-8.1,2.9837,0.0,-1.194,9428
9429,AUG,36,634.7289,6,2.0649,-6.481,-9.4,0.3399,0.0,-1.194,9429
9430,AUG,36,479.7093,6,2.7649,-6.781,-10.4,0.3399,0.0,-1.194,9430
9431,AUG,36,1725.4804,6,-0.4351,-11.081,-11.5,0.3399,0.0,-1.194,9431
9432,AUG,33,2949.0516,5,-1.775,-10.781,-10.2,0.0,0.0,-1.194,9432
9433,AUG,36,4506.7026,6,-2.8351,-10.881,-8.9,0.3399,0.0,-1.194,9433
9434,AUG,39,23572.3385,4,-6.9711,-13.281,-7.5,0.0039,0.0,-1.194,9434
9435,AUG,33,382.1623,7,3.3332,-2.981,-6.7,0.8082,0.0,-1.194,9435
9436,AUG,36,2574.1789,6,-1.4351,-10.281,-9.7,0.3399,0.0,-1.194,9436
9437,AUG,36,1111.2415,6,0.6649,-6.581,-8.1,0.3399,0.0,-1.194,9437
9438,AUG,36,93.0445,6,6.8649,-6.781,-14.5,0.3399,0.0,-1.194,9438
9439,AUG,33,487.4199,5,2.725,-5.781,-9.7,0.0,0.0,-1.194,9439
9440,AUG,36,2376.2547,6,-1.2351,-9.781,-9.4,0.3399,0.0,-1.194,9440
9441,AUG,33,186.6183,5,5.125,-7.481,-13.8,0.0,0.0,-1.194,9441
9442,AUG,39,2944.5126,4,-1.7711,-6.381,-5.8,0.0039,0.0,-1.194,9442
9443,AUG,39,49685.6663,6,-8.8351,-14.981,-7.0,0.3399,0.0,-1.194,9443
9444,AUG,36,4329.9814,6,-2.7351,-14.181,-12.3,0.3399,0.0,-1.194,9444
9445,AUG,33,507.3131,5,2.625,-11.181,-12.5,0.0,-2.5,-1.194,9445
9446,AUG,36,263.2601,6,4.2649,-5.781,-10.9,0.3399,0.0,-1.194,9446
9447,AUG,36,687.597,6,1.8649,-6.581,-9.3,0.3399,0.0,-1.194,9447
9448,AUG,33,819.8804,5,1.425,-5.981,-8.6,0.0,0.0,-1.194,9448
9449,AUG,36,2193.5485,6,-1.0351,-11.981,-11.8,0.3399,0.0,-1.194,9449
9450,AUG,27,585.9257,6,2.2649,-7.381,-10.5,0.3399,0.0,-1.194,9450
9451,AUG,33,278.4088,5,4.125,-2.081,-7.4,0.0,0.0,-1.194,9451
9452,AUG,33,850.5605,7,1.3332,-5.481,-7.2,0.8082,0.0,-1.194,9452
9453,AUG,33,1042.288,5,0.825,-4.981,-7.0,0.0,0.0,-1.194,9453
9454,AUG,33,1970.3141,7,-0.7668,-10.681,-10.3,0.8082,0.0,-1.194,9454
9455,AUG,36,224.3332,6,4.6649,-5.781,-11.3,0.3399,0.0,-1.194,9455
9456,AUG,36,3855.3602,9,-2.4449,-11.981,-8.6,2.1301,0.0,-1.194,9456
9457,AUG,33,1618.4129,5,-0.275,-5.581,-5.8,0.0,-0.7,-1.194,9457
9458,AUG,36,1725.4804,6,-0.4351,-7.781,-8.2,0.3399,0.0,-1.194,9458
9459,AUG,36,150.3713,6,5.6649,-6.481,-13.0,0.3399,0.0,-1.194,9459
9460,AUG,36,207.8957,9,4.8551,-11.081,-15.0,2.1301,0.0,-1.194,9460
9461,AUG,36,634.7289,6,2.0649,-9.281,-11.8,0.3399,-0.4,-1.194,9461
9462,AUG,23,63163.813,6,-9.4351,-15.981,-7.4,0.3399,0.0,-1.194,9462
9463,AUG,33,219.0009,5,4.725,-2.581,-7.8,0.0,-0.7,-1.194,9463
9464,AUG,33,1824.7692,5,-0.575,-6.481,-7.1,0.0,0.0,-1.194,9464
9465,AUG,36,169.5444,6,5.3649,-7.881,-14.1,0.3399,0.0,-1.194,9465
9466,AUG,39,4952.9133,4,-3.0711,-8.581,-6.7,0.0039,0.0,-1.194,9466
9467,AUG,33,452.8837,10,2.9087,-9.581,-10.7,2.9837,0.0,-1.194,9467
9468,AUG,36,3840.3201,6,-2.4351,-13.781,-12.2,0.3399,0.0,-1.194,9468
9469,AUG,36,1530.3523,6,-0.1351,-10.581,-11.3,0.3399,0.0,-1.194,9469
9470,AUG,36,2202.1392,9,-1.0449,-11.081,-9.1,2.1301,0.0,-1.194,9470
9471,AUG,36,1156.595,6,0.5649,-9.681,-11.1,0.3399,0.0,-1.194,9471
9472,AUG,33,289.7717,5,4.025,-5.981,-11.2,0.0,0.0,-1.194,9472
9473,AUG,33,368.3775,5,3.425,-6.581,-11.2,0.0,0.0,-1.194,9473
9474,AUG,36,1470.3426,6,-0.0351,-11.981,-12.8,0.3399,0.0,-1.194,9474
9475,AUG,36,123.1121,6,6.1649,-5.781,-12.8,0.3399,0.0,-1.194,9475
9476,AUG,36,2473.2377,6,-1.3351,-15.681,-12.0,0.3399,-3.2,-1.194,9476
9477,AUG,33,83.8488,5,7.125,-6.781,-10.4,0.0,-4.7,-1.194,9477
9478,AUG,33,278.4088,5,4.125,-7.581,-12.9,0.0,0.0,-1.194,9478
9480,AUG,36,540.8748,6,2.4649,-15.981,-12.0,0.3399,-7.3,-1.194,9480
9481,AUG,36,377.347,6,3.3649,-12.281,-16.5,0.3399,0.0,-1.194,9481
9482,AUG,36,408.7772,6,3.1649,-7.981,-12.0,0.3399,0.0,-1.194,9482
9483,AUG,36,2193.5485,6,-1.0351,-10.781,-10.6,0.3399,0.0,-1.194,9483
9484,AUG,36,660.6343,6,1.9649,-18.881,-14.4,0.3399,-7.3,-1.194,9484
9485,AUG,36,1530.3523,6,-0.1351,-13.281,-14.0,0.3399,0.0,-1.194,9485
9486,AUG,33,135.51,5,5.925,-1.981,-9.1,0.0,0.0,-1.194,9486
9487,AUG,39,2944.5126,4,-1.7711,-6.381,-5.8,0.0039,0.0,-1.194,9487
9488,AUG,33,98.3985,5,6.725,-9.981,-13.7,0.0,-4.2,-1.194,9488
9489,AUG,33,210.4132,5,4.825,-4.881,-10.9,0.0,0.0,-1.194,9489
9490,AUG,33,549.5685,5,2.425,-5.481,-9.1,0.0,0.0,-1.194,9490
9491,AUG,36,562.9498,6,2.3649,-12.881,-15.0,0.3399,-1.1,-1.194,9491
9492,AUG,36,634.7289,6,2.0649,-10.381,-11.1,0.3399,-2.2,-1.194,9492
9493,AUG,34,93.0445,6,6.8649,-9.681,-14.3,0.3399,-3.1,-1.194,9493
9494,AUG,33,853.3425,5,1.325,-12.181,-11.7,0.0,-3.0,-1.194,9494
9495,AUG,27,519.6655,6,2.5649,-7.381,-10.8,0.3399,0.0,-1.194,9495
9496,AUG,36,479.7093,6,2.7649,-6.781,-10.4,0.3399,0.0,-1.194,9496
9497,AUG,36,100.7944,6,6.6649,-6.481,-14.0,0.3399,0.0,-1.194,9497
9498,AUG,33,36.1965,5,9.225,-8.181,-12.5,0.0,-6.1,-1.194,9498
9499,AUG,33,129.7718,7,6.0332,-5.481,-11.9,0.8082,0.0,-1.194,9499
9500,AUG,36,442.8253,6,2.9649,-8.081,-11.2,0.3399,-0.7,-1.194,9500
9501,AUG,36,1869.1999,6,-0.6351,-9.881,-10.1,0.3399,0.0,-1.194,9501
9502,AUG,33,353.9323,5,3.525,-6.481,-11.2,0.0,0.0,-1.194,9502
9503,AUG,36,150.3713,6,5.6649,-6.381,-12.9,0.3399,0.0,-1.194,9503
9504,AUG,36,715.6602,6,1.7649,-9.681,-12.3,0.3399,0.0,-1.194,9504
9505,AUG,36,207.8957,9,4.8551,-11.081,-15.0,2.1301,0.0,-1.194,9505
9506,AUG,33,56.2041,5,8.125,-5.481,-11.7,0.0,-3.1,-1.194,9506
9507,AUG,36,548.4909,8,2.4299,-8.981,-11.2,1.4049,0.0,-1.194,9507
9508,AUG,36,93.0445,6,6.8649,-6.781,-14.5,0.3399,0.0,-1.194,9508
9509,AUG,36,687.597,6,1.8649,-8.581,-11.3,0.3399,0.0,-1.194,9509
9510,AUG,20,129.941,8,6.0299,-1.281,-7.1,1.4049,0.0,-1.194,9510
9511,AUG,36,43.5117,6,8.7649,-12.581,-14.9,0.3399,-7.3,-1.194,9511
9512,AUG,36,909.7962,6,1.1649,-7.781,-9.8,0.3399,0.0,-1.194,9512
9513,AUG,33,1325.0277,5,0.225,-9.781,-11.2,0.0,0.0,-1.194,9513
9514,AUG,36,321.5507,6,3.7649,-9.381,-14.0,0.3399,0.0,-1.194,9514
9515,AUG,36,392.7479,6,3.2649,-8.881,-12.5,0.3399,-0.5,-1.194,9515
9516,AUG,33,289.7717,5,4.025,-6.381,-11.6,0.0,0.0,-1.194,9516
9517,AUG,33,39.2114,5,9.025,-7.581,-12.1,0.0,-5.7,-1.194,9517
9518,AUG,36,687.597,6,1.8649,-6.581,-9.3,0.3399,0.0,-1.194,9518
9519,AUG,36,715.6602,6,1.7649,-11.281,-11.3,0.3399,-2.6,-1.194,9519
9520,AUG,36,715.6602,6,1.7649,-6.981,-9.1,0.3399,-0.5,-1.194,9520
9521,AUG,36,431.4518,8,3.0299,-8.981,-11.8,1.4049,0.0,-1.194,9521
9522,AUG,33,91.4265,10,6.9087,-9.581,-14.7,2.9837,0.0,-1.194,9522
9523,AUG,33,71.4505,5,7.525,-9.981,-14.5,0.0,-4.2,-1.194,9523
9524,AUG,36,634.7289,6,2.0649,-6.581,-9.5,0.3399,0.0,-1.194,9524
9525,AUG,33,140.5808,7,5.8332,-5.481,-11.6,0.8082,-0.1,-1.194,9525
9526,AUG,33,39.2114,5,9.025,-2.181,-12.3,0.0,-0.1,-1.194,9526
9527,AUG,36,263.2601,6,4.2649,-9.581,-14.7,0.3399,0.0,-1.194,9527
9528,AUG,39,6723.3792,6,-3.8351,-14.981,-12.0,0.3399,0.0,-1.194,9528
9529,AUG,36,1592.8111,6,-0.2351,-12.281,-12.9,0.3399,0.0,-1.194,9529
9530,AUG,36,150.3713,6,5.6649,-6.381,-12.9,0.3399,0.0,-1.194,9530
9531,AUG,33,724.7925,7,1.7332,-10.681,-12.8,0.8082,0.0,-1.194,9531
9532,AUG,36,540.8748,6,2.4649,-8.881,-12.2,0.3399,0.0,-1.194,9532
9533,AUG,36,183.6662,6,5.1649,-9.081,-15.1,0.3399,0.0,-1.194,9533
9534,AUG,33,110.9448,5,6.425,-1.881,-9.5,0.0,0.0,-1.194,9534
9535,AUG,36,1025.8,6,0.8649,-9.381,-11.1,0.3399,0.0,-1.194,9535
9536,AUG,23,44066.9007,6,-8.5351,-15.781,-8.1,0.3399,0.0,-1.194,9536
9537,AUG,36,2193.5485,6,-1.0351,-13.381,-13.2,0.3399,0.0,-1.194,9537
9538,AUG,39,726.044,4,1.7289,-4.281,-7.2,0.0039,0.0,-1.194,9538
9539,AUG,36,1592.8111,6,-0.2351,-11.681,-10.6,0.3399,-1.7,-1.194,9539
9540,AUG,36,263.2601,6,4.2649,-10.581,-15.0,0.3399,-0.7,-1.194,9540
9541,AUG,33,65.9568,5,7.725,-8.181,-14.4,0.0,-2.7,-1.194,9541
9542,AUG,33,248.5385,10,4.4087,-8.281,-10.9,2.9837,0.0,-1.194,9542
9543,AUG,36,687.597,6,1.8649,-9.781,-12.5,0.3399,0.0,-1.194,9543
9544,AUG,36,96.8419,6,6.7649,-6.481,-14.1,0.3399,0.0,-1.194,9544
9545,AUG,33,186.6183,5,5.125,-7.481,-13.8,0.0,0.0,-1.194,9545
9546,AUG,36,1657.8191,6,-0.3351,-12.681,-13.2,0.3399,0.0,-1.194,9546
9547,AUG,36,499.2879,6,2.6649,-10.881,-10.4,0.3399,-4.0,-1.194,9547
9548,AUG,39,594.4271,4,2.2289,-6.381,-9.8,0.0039,0.0,-1.194,9548
9549,AUG,33,65.9568,5,7.725,-5.381,-11.3,0.0,-3.0,-1.194,9549
9550,AUG,36,133.3664,6,5.9649,-7.981,-14.1,0.3399,-0.7,-1.194,9550
9551,AUG,33,90.8328,5,6.925,-11.081,-13.1,0.0,-6.1,-1.194,9551
9552,AUG,33,257.0025,5,4.325,-8.881,-14.4,0.0,0.0,-1.194,9552
9553,AUG,36,138.8095,6,5.8649,-8.281,-14.3,0.3399,-0.7,-1.194,9553
9554,AUG,36,176.4641,6,5.2649,-6.481,-11.9,0.3399,-0.7,-1.194,9554
9555,AUG,33,173.3955,10,5.3087,-9.581,-13.1,2.9837,0.0,-1.194,9555
9556,AUG,33,6.4809,5,13.525,-12.181,-16.1,0.0,-10.8,-1.194,9556
9557,AUG,36,1530.3523,6,-0.1351,-10.581,-11.3,0.3399,0.0,-1.194,9557
9558,AUG,33,194.2349,5,5.025,-2.081,-8.3,0.0,0.0,-1.194,9558
9559,AUG,36,3997.0566,6,-2.5351,-13.281,-11.6,0.3399,0.0,-1.194,9559
9560,AUG,36,585.9257,6,2.2649,-6.481,-9.6,0.3399,0.0,-1.194,9560
9561,AUG,27,442.8253,6,2.9649,-7.381,-11.2,0.3399,0.0,-1.194,9561
9562,AUG,33,487.4199,5,2.725,-5.781,-9.7,0.0,0.0,-1.194,9562
9563,AUG,36,169.5444,6,5.3649,-7.881,-14.1,0.3399,0.0,-1.194,9563
9564,AUG,36,233.489,6,4.5649,-9.081,-14.5,0.3399,0.0,-1.194,9564
9565,AUG,36,3840.3201,6,-2.4351,-13.781,-12.2,0.3399,0.0,-1.194,9565
9566,AUG,39,4952.9133,4,-3.0711,-8.581,-6.7,0.0039,0.0,-1.194,9566
9567,AUG,33,3460.7789,5,-2.175,-11.081,-8.8,0.0,-1.3,-1.194,9567
9568,AUG,33,1824.7692,5,-0.575,-6.481,-7.1,0.0,0.0,-1.194,9568
9569,AUG,36,548.4909,8,2.4299,-8.981,-11.2,1.4049,0.0,-1.194,9569
9570,AUG,33,266.6195,7,4.2332,-2.981,-7.6,0.8082,0.0,-1.194,9570
9571,AUG,36,634.7289,6,2.0649,-8.881,-11.8,0.3399,0.0,-1.194,9571
9572,AUG,36,562.9498,6,2.3649,-10.681,-13.9,0.3399,0.0,-1.194,9572
9573,AUG,33,87.271,5,7.025,-4.781,-10.1,0.0,-2.9,-1.194,9573
9574,AUG,39,1821.9606,4,-0.5711,-6.381,-7.0,0.0039,0.0,-1.194,9574
9575,AUG,33,756.8412,5,1.625,-4.981,-7.8,0.0,0.0,-1.194,9575
9576,AUG,33,141.0406,5,5.825,-4.481,-9.0,0.0,-2.5,-1.194,9576
9577,AUG,36,2024.8903,6,-0.8351,-10.681,-10.7,0.3399,0.0,-1.194,9577
9578,AUG,33,1493.9759,5,-0.075,-6.581,-7.7,0.0,0.0,-1.194,9578
9579,AUG,33,399.0606,5,3.225,-5.481,-9.9,0.0,0.0,-1.194,9579
9580,AUG,33,761.7878,10,1.6087,-8.281,-8.1,2.9837,0.0,-1.194,9580
9581,AUG,33,370.7852,10,3.4087,-8.281,-9.9,2.9837,0.0,-1.194,9581
9582,AUG,33,850.5605,7,1.3332,-5.481,-7.2,0.8082,0.0,-1.194,9582
9583,AUG,36,687.597,6,1.8649,-6.581,-9.3,0.3399,0.0,-1.194,9583
9584,AUG,33,1684.4658,5,-0.375,-7.681,-7.2,0.0,-1.3,-1.194,9584
9585,AUG,39,726.044,4,1.7289,-4.281,-7.2,0.0039,0.0,-1.194,9585
9586,AUG,36,562.9498,6,2.3649,-7.981,-11.2,0.3399,0.0,-1.194,9586
9587,AUG,39,23572.3385,4,-6.9711,-13.281,-7.5,0.0039,0.0,-1.194,9587
9588,AUG,36,162.8961,6,5.4649,-5.381,-11.7,0.3399,0.0,-1.194,9588
9589,AUG,33,853.3425,5,1.325,-7.381,-7.4,0.0,-2.5,-1.194,9589
9590,AUG,33,452.8837,10,2.9087,-9.581,-10.7,2.9837,0.0,-1.194,9590
9591,AUG,36,408.7772,6,3.1649,-7.981,-12.0,0.3399,0.0,-1.194,9591
9592,AUG,33,2949.0516,5,-1.775,-10.781,-10.2,0.0,0.0,-1.194,9592
9593,AUG,36,4329.9814,6,-2.7351,-14.181,-12.3,0.3399,0.0,-1.194,9593
9594,AUG,36,224.3332,6,4.6649,-5.781,-11.3,0.3399,0.0,-1.194,9594
9595,AUG,36,150.3713,6,5.6649,-6.481,-13.0,0.3399,0.0,-1.194,9595
9596,AUG,36,93.0445,6,6.8649,-6.781,-14.5,0.3399,0.0,-1.194,9596
9597,AUG,33,146.3184,7,5.7332,-4.681,-10.8,0.8082,0.0,-1.194,9597
9598,AUG,36,687.597,6,1.8649,-8.581,-11.3,0.3399,0.0,-1.194,9598
9599,AUG,36,5729.2283,6,-3.4351,-13.381,-10.8,0.3399,0.0,-1.194,9599
9600,AUG,36,1795.9031,6,-0.5351,-9.781,-10.1,0.3399,0.0,-1.194,9600
9601,AUG,32,9637.0351,6,-4.7351,-11.281,-7.4,0.3399,0.0,-1.194,9601
9602,AUG,36,1725.4804,6,-0.4351,-11.081,-11.5,0.3399,0.0,-1.194,9602
9603,AUG,36,392.7479,6,3.2649,-6.381,-10.5,0.3399,0.0,-1.194,9603
9604,AUG,36,2376.2547,6,-1.2351,-9.881,-9.5,0.3399,0.0,-1.194,9604
9605,AUG,20,277.863,8,4.1299,-2.081,-6.0,1.4049,0.0,-1.194,9605
9606,AUG,36,10030.3551,6,-4.8351,-14.581,-10.6,0.3399,0.0,-1.194,9606
9607,AUG,39,1750.5161,4,-0.4711,-6.381,-7.1,0.0039,0.0,-1.194,9607
9608,AUG,36,7283.3863,6,-4.0351,-12.481,-9.3,0.3399,0.0,-1.194,9608
9609,AUG,36,3558.9281,9,-2.2449,-11.981,-8.8,2.1301,0.0,-1.194,9609
9610,AUG,36,442.8253,6,2.9649,-8.481,-12.3,0.3399,0.0,-1.194,9610
9611,AUG,36,1795.9031,6,-0.5351,-11.781,-12.1,0.3399,0.0,-1.194,9611
9612,AUG,36,1126.889,8,0.6299,-8.981,-9.4,1.4049,0.0,-1.194,9612
9613,AUG,33,172.2696,5,5.325,-5.181,-10.9,0.0,-0.8,-1.194,9613
9614,AUG,36,2574.1789,6,-1.4351,-10.281,-9.7,0.3399,0.0,-1.194,9614
9615,AUG,36,479.7093,6,2.7649,-6.781,-10.4,0.3399,0.0,-1.194,9615
9616,AUG,33,1129.1028,5,0.625,-5.481,-7.3,0.0,0.0,-1.194,9616
9617,AUG,36,2193.5485,6,-1.0351,-11.981,-11.8,0.3399,0.0,-1.194,9617
9618,AUG,36,2788.5887,6,-1.6351,-12.281,-11.5,0.3399,0.0,-1.194,9618
9619,AUG,36,392.7479,6,3.2649,-6.381,-10.5,0.3399,0.0,-1.194,9619
9620,AUG,36,2902.4004,6,-1.7351,-11.681,-10.8,0.3399,0.0,-1.194,9620
9621,AUG,23,94231.7033,6,-10.4351,-15.981,-6.4,0.3399,0.0,-1.194,9621
9622,AUG,36,4329.9814,6,-2.7351,-12.681,-10.8,0.3399,0.0,-1.194,9622
9623,AUG,33,819.8804,5,1.425,-5.981,-8.6,0.0,0.0,-1.194,9623
9624,AUG,33,1899.2442,5,-0.675,-7.581,-8.1,0.0,0.0,-1.194,9624
9625,AUG,36,1470.3426,6,-0.0351,-8.581,-9.4,0.3399,0.0,-1.194,9625
9626,AUG,34,467.3885,8,2.8299,-10.681,-13.3,1.4049,0.0,-1.194,9626
9627,AUG,36,744.8687,6,1.6649,-9.681,-12.2,0.3399,0.0,-1.194,9627
9628,AUG,36,1156.595,6,0.5649,-9.681,-11.1,0.3399,0.0,-1.194,9628
9629,AUG,36,207.8957,9,4.8551,-11.081,-15.0,2.1301,0.0,-1.194,9629
9630,AUG,36,1111.2415,6,0.6649,-6.581,-8.1,0.3399,0.0,-1.194,9630
9631,AUG,36,377.347,6,3.3649,-12.281,-16.5,0.3399,0.0,-1.194,9631
9632,AUG,33,397.7596,7,3.2332,-5.381,-9.0,0.8082,0.0,-1.194,9632
9633,AUG,33,301.5982,5,3.925,-2.381,-7.5,0.0,0.0,-1.194,9633
9634,AUG,33,1493.9759,5,-0.075,-8.881,-10.0,0.0,0.0,-1.194,9634
9635,AUG,33,449.943,5,2.925,-5.781,-9.9,0.0,0.0,-1.194,9635
9636,AUG,33,277.5012,7,4.1332,-3.781,-8.3,0.8082,0.0,-1.194,9636
9637,AUG,36,1725.4804,6,-0.4351,-7.781,-8.2,0.3399,0.0,-1.194,9637
9638,AUG,39,19023.1412,6,-6.4351,-14.981,-9.4,0.3399,0.0,-1.194,9638
9639,AUG,36,334.6743,6,3.6649,-10.481,-15.0,0.3399,0.0,-1.194,9639
9640,AUG,36,252.9369,6,4.3649,-7.481,-12.7,0.3399,0.0,-1.194,9640
9641,AUG,33,1970.3141,7,-0.7668,-10.681,-10.3,0.8082,0.0,-1.194,9641
9642,AUG,36,176.4641,6,5.2649,-8.181,-14.3,0.3399,0.0,-1.194,9642
9643,AUG,36,1025.8,6,0.8649,-9.381,-11.1,0.3399,0.0,-1.194,9643
9644,AUG,36,839.8435,6,1.3649,-9.381,-11.6,0.3399,0.0,-1.194,9644
9645,AUG,36,263.2601,6,4.2649,-5.781,-10.9,0.3399,0.0,-1.194,9645
9646,AUG,33,1001.4168,5,0.925,-8.481,-8.6,0.0,-2.0,-1.194,9646
9647,AUG,36,233.489,6,4.5649,-8.381,-13.8,0.3399,0.0,-1.194,9647
9648,AUG,33,186.6183,5,5.125,-7.481,-13.8,0.0,0.0,-1.194,9648
9649,AUG,33,418.0623,10,3.1087,-9.581,-10.9,2.9837,0.0,-1.194,9649
9650,AUG,35,585.9257,6,2.2649,-9.881,-10.1,0.3399,-2.9,-1.194,9650
9651,AUG,35,1067.6664,6,0.7649,-9.881,-8.6,0.3399,-2.9,-1.194,9651
9652,AUG,35,909.7962,6,1.1649,-12.681,-11.8,0.3399,-2.9,-1.194,9652
9653,AUG,35,13813.3581,6,-5.6351,-15.381,-10.2,0.3399,-0.4,-1.194,9653
9654,AUG,35,11770.849,6,-5.2351,-13.981,-9.4,0.3399,-0.2,-1.194,9654
9655,AUG,35,224.3332,6,4.6649,-8.781,-13.1,0.3399,-1.2,-1.194,9655
9656,AUG,32,194.2349,5,5.025,-1.881,-8.1,0.0,0.0,-1.194,9656
9657,AUG,35,609.8393,6,2.1649,-9.681,-11.8,0.3399,-0.9,-1.194,9657
9658,AUG,32,87.271,5,7.025,-1.981,-10.2,0.0,0.0,-1.194,9658
9659,AUG,35,460.8985,6,2.8649,-10.081,-10.9,0.3399,-2.9,-1.194,9659
9660,AUG,35,5729.2283,6,-3.4351,-14.081,-10.3,0.3399,-1.2,-1.194,9660
9661,AUG,38,11941.6373,4,-5.2711,-13.281,-9.2,0.0039,0.0,-1.194,9661
9662,AUG,35,1530.3523,6,-0.1351,-14.581,-11.7,0.3399,-3.6,-1.194,9662
9663,AUG,35,334.6743,6,3.6649,-9.281,-11.6,0.3399,-2.2,-1.194,9663
9664,AUG,38,3596.481,4,-2.2711,-8.581,-7.5,0.0039,0.0,-1.194,9664
9665,AUG,35,2193.5485,6,-1.0351,-16.681,-12.2,0.3399,-4.3,-1.194,9665
9666,AUG,35,2376.2547,6,-1.2351,-10.481,-9.9,0.3399,-0.2,-1.194,9666
9667,AUG,32,418.0623,10,3.1087,-9.581,-10.9,2.9837,0.0,-1.194,9667
9668,AUG,32,87.271,5,7.025,-7.681,-10.6,0.0,-5.3,-1.194,9668
9669,AUG,35,3285.2882,9,-2.0449,-12.381,-9.0,2.1301,-0.4,-1.194,9669
9670,AUG,26,585.9257,6,2.2649,-7.381,-10.5,0.3399,0.0,-1.194,9670
9671,AUG,32,120.1857,5,6.225,-5.881,-12.9,0.0,-0.4,-1.194,9671
9672,AUG,35,4329.9814,6,-2.7351,-13.481,-11.2,0.3399,-0.4,-1.194,9672
9673,AUG,32,819.8804,5,1.425,-6.481,-9.1,0.0,0.0,-1.194,9673
9674,AUG,32,1970.3141,7,-0.7668,-10.681,-10.3,0.8082,0.0,-1.194,9674
9675,AUG,38,8004.5178,4,-4.2711,-8.781,-5.7,0.0039,0.0,-1.194,9675
9676,AUG,35,909.7962,6,1.1649,-7.181,-8.8,0.3399,-0.4,-1.194,9676
9677,AUG,35,744.8687,6,1.6649,-9.681,-11.8,0.3399,-0.4,-1.194,9677
9678,AUG,32,452.8837,10,2.9087,-9.581,-10.7,2.9837,0.0,-1.194,9678
9679,AUG,35,1470.3426,6,-0.0351,-7.781,-7.7,0.3399,-0.9,-1.194,9679
9680,AUG,35,377.347,6,3.3649,-17.781,-16.9,0.3399,-5.1,-1.194,9680
9681,AUG,35,2283.0746,6,-1.1351,-10.581,-9.9,0.3399,-0.4,-1.194,9681
9682,AUG,35,660.6343,6,1.9649,-7.181,-9.6,0.3399,-0.4,-1.194,9682
9683,AUG,38,4392.807,4,-2.7711,-8.581,-7.0,0.0039,0.0,-1.194,9683
9684,AUG,32,399.0606,5,3.225,-6.081,-10.2,0.0,-0.3,-1.194,9684
9685,AUG,35,1025.8,6,0.8649,-12.381,-11.9,0.3399,-2.2,-1.194,9685
9686,AUG,32,698.649,5,1.825,-9.581,-9.0,0.0,-3.6,-1.194,9686
9687,AUG,32,165.5144,5,5.425,-6.081,-9.0,0.0,-3.7,-1.194,9687
9688,AUG,38,2944.5126,4,-1.7711,-6.381,-5.8,0.0039,0.0,-1.194,9688
9689,AUG,35,3272.472,6,-2.0351,-10.181,-8.6,0.3399,-0.4,-1.194,9689
9690,AUG,35,177.1552,9,5.2551,-11.481,-15.4,2.1301,-0.4,-1.194,9690
9691,AUG,32,367.1765,7,3.4332,-6.381,-9.2,0.8082,-1.0,-1.194,9691
9692,AUG,32,353.9323,5,3.525,-8.381,-10.2,0.0,-2.9,-1.194,9692
9693,AUG,32,1493.9759,5,-0.075,-6.481,-7.6,0.0,0.0,-1.194,9693
9694,AUG,32,130.1963,5,6.025,-7.581,-13.8,0.0,-1.0,-1.194,9694
9695,AUG,35,1876.5204,9,-0.6449,-11.481,-9.5,2.1301,-0.4,-1.194,9695
9696,AUG,32,528.0183,5,2.525,-8.681,-8.7,0.0,-3.7,-1.194,9696
9697,AUG,32,1325.0277,5,0.225,-7.681,-8.1,0.0,-1.0,-1.194,9697
9698,AUG,32,106.5943,5,6.525,-7.181,-10.1,0.0,-4.8,-1.194,9698
9699,AUG,38,726.044,4,1.7289,-4.281,-7.2,0.0039,0.0,-1.194,9699
9700,AUG,32,1753.2145,5,-0.475,-10.781,-11.5,0.0,0.0,-1.194,9700
9701,AUG,19,248.5385,10,4.4087,-3.581,-6.2,2.9837,0.0,-1.194,9701
9702,AUG,32,172.2696,5,5.325,-5.681,-10.9,0.0,-1.3,-1.194,9702
9703,AUG,35,89.3959,6,6.9649,-10.081,-15.0,0.3399,-2.9,-1.194,9703
9704,AUG,32,399.0606,5,3.225,-6.081,-10.2,0.0,-0.3,-1.194,9704
9705,AUG,35,1530.3523,6,-0.1351,-9.881,-9.4,0.3399,-1.2,-1.194,9705
9706,AUG,35,2107.5329,6,-0.9351,-13.281,-9.9,0.3399,-3.3,-1.194,9706
9707,AUG,32,528.0183,5,2.525,-10.081,-12.6,0.0,-1.2,-1.194,9707
9708,AUG,35,3406.0327,6,-2.1351,-12.481,-10.8,0.3399,-0.4,-1.194,9708
9709,AUG,35,3144.1487,6,-1.9351,-11.581,-10.1,0.3399,-0.4,-1.194,9709
9710,AUG,35,3406.0327,6,-2.1351,-15.081,-12.6,0.3399,-1.2,-1.194,9710
9711,AUG,38,1040.6838,4,0.8289,-6.381,-8.4,0.0039,0.0,-1.194,9711
9712,AUG,32,90.8328,5,6.925,-6.981,-10.3,0.0,-4.8,-1.194,9712
9713,AUG,32,432.2994,5,3.025,-6.381,-10.6,0.0,0.0,-1.194,9713
9714,AUG,38,6723.3792,6,-3.8351,-14.981,-12.0,0.3399,0.0,-1.194,9714
9715,AUG,35,744.8687,6,1.6649,-10.281,-12.6,0.3399,-0.2,-1.194,9715
9716,AUG,35,2024.8903,6,-0.8351,-11.481,-11.1,0.3399,-0.4,-1.194,9716
9717,AUG,35,224.3332,6,4.6649,-12.381,-15.0,0.3399,-2.9,-1.194,9717
9718,AUG,35,100.7944,6,6.6649,-9.181,-14.5,0.3399,-2.2,-1.194,9718
9719,AUG,35,806.9107,6,1.4649,-9.381,-11.3,0.3399,-0.4,-1.194,9719
9720,AUG,35,1376.4026,8,0.1299,-9.381,-8.9,1.4049,-0.4,-1.194,9720
9721,AUG,35,104.9081,6,6.5649,-9.481,-14.7,0.3399,-2.2,-1.194,9721
9722,AUG,35,263.2601,6,4.2649,-6.381,-11.3,0.3399,-0.2,-1.194,9722
9723,AUG,32,313.9075,5,3.825,-4.881,-9.9,0.0,0.0,-1.194,9723
9724,AUG,35,198.9642,6,4.9649,-11.781,-15.4,0.3399,-2.2,-1.194,9724
9725,AUG,22,36078.4737,6,-8.0351,-15.881,-8.7,0.3399,0.0,-1.194,9725
9726,AUG,35,1111.2415,6,0.6649,-12.981,-11.6,0.3399,-2.9,-1.194,9726
9727,AUG,35,5288.7177,6,-3.2351,-11.681,-8.9,0.3399,-0.4,-1.194,9727
9728,AUG,35,9637.0351,6,-4.7351,-14.081,-9.8,0.3399,-0.4,-1.194,9728
9729,AUG,35,408.7772,6,3.1649,-8.781,-12.4,0.3399,-0.4,-1.194,9729
9730,AUG,35,3272.472,6,-2.0351,-12.881,-11.5,0.3399,-0.2,-1.194,9730
9731,AUG,32,202.1623,5,4.925,-5.781,-8.2,0.0,-3.7,-1.194,9731
9732,AUG,32,724.7925,7,1.7332,-5.481,-7.6,0.8082,0.0,-1.194,9732
9733,AUG,31,8896.0599,6,-4.5351,-12.581,-7.6,0.3399,-1.3,-1.194,9733
9734,AUG,35,150.3713,6,5.6649,-7.281,-13.4,0.3399,-0.4,-1.194,9734
9735,AUG,35,467.3885,8,2.8299,-9.381,-11.6,1.4049,-0.4,-1.194,9735
9736,AUG,32,1684.4658,5,-0.375,-9.781,-10.6,0.0,0.0,-1.194,9736
9737,AUG,32,1129.1028,5,0.625,-6.581,-8.4,0.0,0.0,-1.194,9737
9738,AUG,35,4329.9814,6,-2.7351,-14.781,-12.7,0.3399,-0.2,-1.194,9738
9739,AUG,35,2024.8903,6,-0.8351,-8.381,-8.2,0.3399,-0.2,-1.194,9739
9740,AUG,35,3020.8572,6,-1.8351,-10.881,-9.7,0.3399,-0.2,-1.194,9740
9741,AUG,32,164.9748,7,5.4332,-4.681,-10.5,0.8082,0.0,-1.194,9741
9742,AUG,35,1357.2905,6,0.1649,-12.181,-12.0,0.3399,-1.2,-1.194,9742
9743,AUG,35,4882.0772,6,-3.0351,-12.581,-10.0,0.3399,-0.4,-1.194,9743
9744,AUG,32,110.9448,5,6.425,-7.281,-9.7,0.0,-5.2,-1.194,9744
9745,AUG,38,39650.6199,4,-8.2711,-12.381,-5.3,0.0039,0.0,-1.194,9745
9746,AUG,35,263.2601,6,4.2649,-6.581,-11.3,0.3399,-0.4,-1.194,9746
9747,AUG,33,467.3885,8,2.8299,-10.681,-13.3,1.4049,0.0,-1.194,9747
9748,AUG,38,32462.7742,4,-7.7711,-12.981,-6.4,0.0039,0.0,-1.194,9748
9749,AUG,35,7580.646,6,-4.1351,-11.281,-8.0,0.3399,0.0,-1.194,9749
9750,AUG,35,660.6343,6,1.9649,-10.181,-9.7,0.3399,-3.3,-1.194,9750
9751,AUG,35,660.6343,6,1.9649,-11.481,-13.9,0.3399,-0.4,-1.194,9751
9752,AUG,33,2949.0516,5,-1.775,-10.781,-10.2,0.0,0.0,-1.194,9752
9753,AUG,36,176.4641,6,5.2649,-12.681,-16.6,0.3399,-2.2,-1.194,9753
9754,AUG,39,4952.9133,4,-3.0711,-8.581,-6.7,0.0039,0.0,-1.194,9754
9755,AUG,33,1824.7692,5,-0.575,-7.581,-8.2,0.0,0.0,-1.194,9755
9756,AUG,36,408.7772,6,3.1649,-8.681,-12.5,0.3399,-0.2,-1.194,9756
9757,AUG,39,4055.0515,4,-2.5711,-8.581,-7.2,0.0039,0.0,-1.194,9757
9758,AUG,36,133.3664,6,5.9649,-9.681,-14.3,0.3399,-2.2,-1.194,9758
9759,AUG,36,215.5365,6,4.7649,-11.281,-16.7,0.3399,-0.2,-1.194,9759
9760,AUG,36,3545.0444,6,-2.2351,-16.781,-14.0,0.3399,-1.4,-1.194,9760
9761,AUG,36,3997.0566,6,-2.5351,-13.881,-10.8,0.3399,-1.4,-1.194,9761
9762,AUG,36,946.928,6,1.0649,-11.581,-13.3,0.3399,-0.2,-1.194,9762
9763,AUG,36,909.7962,6,1.1649,-8.581,-10.4,0.3399,-0.2,-1.194,9763
9764,AUG,36,2473.2377,6,-1.3351,-16.381,-14.5,0.3399,-1.4,-1.194,9764
9765,AUG,36,687.597,6,1.8649,-11.881,-14.4,0.3399,-0.2,-1.194,9765
9766,AUG,33,727.1632,5,1.725,-8.781,-9.4,0.0,-2.3,-1.194,9766
9767,AUG,33,724.7925,7,1.7332,-8.681,-7.6,0.8082,-3.2,-1.194,9767
9768,AUG,33,415.3476,5,3.125,-7.081,-9.2,0.0,-2.2,-1.194,9768
9769,AUG,33,368.3775,5,3.425,-7.881,-11.0,0.0,-1.5,-1.194,9769
9770,AUG,33,90.8328,5,6.925,-4.181,-10.1,0.0,-2.2,-1.194,9770
9771,AUG,33,575.7367,10,2.3087,-8.281,-8.8,2.9837,0.0,-1.194,9771
9772,AUG,36,1945.4883,6,-0.7351,-12.981,-11.7,0.3399,-1.4,-1.194,9772
9773,AUG,39,2718.1141,4,-1.5711,-7.081,-6.7,0.0039,0.0,-1.194,9773
9774,AUG,33,115.4729,5,6.325,-2.081,-9.6,0.0,0.0,-1.194,9774
9775,AUG,33,418.0623,10,3.1087,-9.581,-10.9,2.9837,0.0,-1.194,9775
9776,AUG,36,243.0185,6,4.4649,-7.981,-13.1,0.3399,-0.2,-1.194,9776
9777,AUG,33,671.2529,5,1.925,-8.781,-9.1,0.0,-2.8,-1.194,9777
9778,AUG,33,301.5982,5,3.925,-2.381,-7.5,0.0,0.0,-1.194,9778
9779,AUG,36,296.8272,6,3.9649,-10.181,-12.8,0.3399,-2.2,-1.194,9779
9780,AUG,39,8004.5178,4,-4.2711,-8.781,-5.7,0.0039,0.0,-1.194,9780
9781,AUG,33,141.0406,5,5.825,-4.381,-11.4,0.0,0.0,-1.194,9781
9782,AUG,36,1067.6664,6,0.7649,-11.881,-13.3,0.3399,-0.2,-1.194,9782
9783,AUG,36,2024.8903,6,-0.8351,-15.981,-13.8,0.3399,-2.2,-1.194,9783
9784,AUG,36,4690.6365,6,-2.9351,-14.881,-12.6,0.3399,-0.2,-1.194,9784
9785,AUG,33,210.4132,5,4.825,-5.481,-8.4,0.0,-3.1,-1.194,9785
9786,AUG,36,1111.2415,6,0.6649,-10.781,-10.1,0.3399,-2.2,-1.194,9786
9787,AUG,36,1111.2415,6,0.6649,-12.781,-12.9,0.3399,-1.4,-1.194,9787
9788,AUG,34,467.3885,8,2.8299,-10.681,-13.3,1.4049,0.0,-1.194,9788
9789,AUG,36,1252.9307,6,0.3649,-11.781,-12.8,0.3399,-0.2,-1.194,9789
9790,AUG,36,1412.6861,6,0.0649,-11.081,-11.8,0.3399,-0.2,-1.194,9790
9791,AUG,36,4690.6365,6,-2.9351,-13.081,-9.6,0.3399,-1.4,-1.194,9791
9792,AUG,36,442.8253,6,2.9649,-8.981,-12.6,0.3399,-0.2,-1.194,9792
9793,AUG,36,162.8961,6,5.4649,-10.581,-16.7,0.3399,-0.2,-1.194,9793
9794,AUG,36,227.4921,8,4.6299,-11.181,-13.4,1.4049,-2.2,-1.194,9794
9795,AUG,36,2788.5887,6,-1.6351,-12.081,-11.1,0.3399,-0.2,-1.194,9795
9796,AUG,36,89.3959,6,6.9649,-10.081,-15.7,0.3399,-2.2,-1.194,9796
9797,AUG,36,2473.2377,6,-1.3351,-11.981,-11.3,0.3399,-0.2,-1.194,9797
9798,AUG,36,11309.279,6,-5.1351,-15.581,-11.1,0.3399,-0.2,-1.194,9798
9799,AUG,36,2574.1789,6,-1.4351,-14.181,-13.4,0.3399,-0.2,-1.194,9799
9800,AUG,39,41268.8961,4,-8.3711,-12.981,-5.8,0.0039,0.0,-1.194,9800
9801,AUG,36,10439.7279,6,-4.9351,-15.481,-11.2,0.3399,-0.2,-1.194,9801
9802,AUG,36,296.8272,6,3.9649,-7.981,-12.6,0.3399,-0.2,-1.194,9802
9803,AUG,36,1657.8191,6,-0.3351,-12.481,-11.6,0.3399,-1.4,-1.194,9803
9804,AUG,36,93.0445,6,6.8649,-10.381,-15.9,0.3399,-2.2,-1.194,9804
9805,AUG,36,2024.8903,6,-0.8351,-13.981,-13.8,0.3399,-0.2,-1.194,9805
9806,AUG,36,909.7962,6,1.1649,-8.581,-10.4,0.3399,-0.2,-1.194,9806
9807,AUG,36,442.8253,6,2.9649,-14.481,-18.1,0.3399,-0.2,-1.194,9807
9808,AUG,33,570.1334,7,2.3332,-4.681,-7.4,0.8082,0.0,-1.194,9808
9809,AUG,33,449.943,5,2.925,-4.981,-9.1,0.0,0.0,-1.194,9809
9810,AUG,33,1325.0277,5,0.225,-9.781,-7.9,0.0,-3.3,-1.194,9810
9811,AUG,36,909.7962,6,1.1649,-13.281,-13.1,0.3399,-2.2,-1.194,9811
9812,AUG,33,368.3775,5,3.425,-8.281,-10.1,0.0,-2.8,-1.194,9812
9813,AUG,33,1970.3141,7,-0.7668,-10.681,-10.3,0.8082,0.0,-1.194,9813
9814,AUG,39,44706.286,4,-8.5711,-14.081,-6.7,0.0039,0.0,-1.194,9814
9815,AUG,33,452.8837,10,2.9087,-9.581,-10.7,2.9837,0.0,-1.194,9815
9816,AUG,36,909.7962,6,1.1649,-10.781,-12.6,0.3399,-0.2,-1.194,9816
9817,AUG,36,1304.0671,6,0.2649,-13.081,-12.0,0.3399,-2.2,-1.194,9817
9818,AUG,33,1001.4168,5,0.925,-9.881,-8.7,0.0,-3.3,-1.194,9818
9819,AUG,33,370.7852,10,3.4087,-8.281,-9.9,2.9837,0.0,-1.194,9819
9820,AUG,36,162.8961,6,5.4649,-8.681,-14.8,0.3399,-0.2,-1.194,9820
9821,AUG,36,1025.8,6,0.8649,-8.781,-10.3,0.3399,-0.2,-1.194,9821
9822,AUG,36,3840.3201,6,-2.4351,-11.581,-9.8,0.3399,-0.2,-1.194,9822
9823,AUG,36,3272.472,6,-2.0351,-14.481,-13.1,0.3399,-0.2,-1.194,9823
9824,AUG,36,1470.3426,6,-0.0351,-12.881,-12.3,0.3399,-1.4,-1.194,9824
9825,AUG,27,479.7093,6,2.7649,-7.381,-11.0,0.3399,0.0,-1.194,9825
9826,AUG,36,1161.1247,9,0.5551,-13.281,-10.7,2.1301,-2.2,-1.194,9826
9827,AUG,33,449.943,5,2.925,-5.781,-9.9,0.0,0.0,-1.194,9827
9828,AUG,39,2944.5126,4,-1.7711,-6.381,-5.8,0.0039,0.0,-1.194,9828
9829,AUG,33,257.0025,5,4.325,-4.781,-7.4,0.0,-2.9,-1.194,9829
9830,AUG,33,178.7159,7,5.2332,-5.381,-11.0,0.8082,0.0,-1.194,9830
9831,AUG,33,186.6183,5,5.125,-7.481,-13.8,0.0,0.0,-1.194,9831
9832,AUG,36,8547.2189,6,-4.4351,-14.681,-10.9,0.3399,-0.2,-1.194,9832
9833,AUG,23,90536.598,6,-10.3351,-15.881,-6.4,0.3399,0.0,-1.194,9833
9834,AUG,39,11770.849,6,-5.2351,-14.981,-10.6,0.3399,0.0,-1.194,9834
9835,AUG,33,3460.7789,5,-2.175,-11.281,-8.8,0.0,-1.5,-1.194,9835
9836,AUG,36,634.7289,6,2.0649,-8.781,-11.5,0.3399,-0.2,-1.194,9836
9837,AUG,33,1084.8273,5,0.725,-13.481,-10.8,0.0,-4.6,-1.194,9837
9838,AUG,36,1599.0492,9,-0.2449,-14.181,-10.8,2.1301,-2.2,-1.194,9838
9839,AUG,33,487.4199,5,2.725,-5.781,-9.7,0.0,0.0,-1.194,9839
9840,AUG,33,110.9448,5,6.425,-8.681,-13.1,0.0,-3.2,-1.194,9840
9841,AUG,36,109.6174,9,6.4551,-13.281,-16.6,2.1301,-2.2,-1.194,9841
9842,AUG,36,669.9368,8,1.9299,-11.181,-10.7,1.4049,-2.2,-1.194,9842
9843,AUG,36,1156.595,6,0.5649,-9.981,-10.0,0.3399,-1.4,-1.194,9843
9844,AUG,36,460.8985,6,2.8649,-8.681,-12.2,0.3399,-0.2,-1.194,9844
9845,AUG,39,726.044,4,1.7289,-5.981,-8.9,0.0039,0.0,-1.194,9845
9846,AUG,36,252.9369,6,4.3649,-10.181,-14.0,0.3399,-1.4,-1.194,9846
9847,AUG,20,505.6592,7,2.6332,-2.981,-6.0,0.8082,0.0,-1.194,9847
9848,AUG,36,687.597,6,1.8649,-12.881,-14.2,0.3399,-1.4,-1.194,9848
9849,AUG,36,85.8904,6,7.0649,-8.981,-16.7,0.3399,-0.2,-1.194,9849
9850,AUG,33,158.5056,7,5.5332,-2.981,-8.9,0.8082,0.0,-1.194,9850
9851,AUG,39,20086.82,4,-6.5711,-13.981,-8.6,0.0039,0.0,-1.194,9851
9852,AUG,23,36078.4737,6,-8.0351,-15.881,-8.7,0.3399,0.0,-1.194,9852
9853,AUG,36,2193.5485,6,-1.0351,-17.281,-13.2,0.3399,-3.9,-1.194,9853
9854,AUG,36,3406.0327,6,-2.1351,-15.881,-12.5,0.3399,-2.1,-1.194,9854
9855,AUG,33,1175.1853,5,0.525,-7.581,-9.3,0.0,0.0,-1.194,9855
9856,AUG,33,385.9182,10,3.3087,-9.581,-11.1,2.9837,0.0,-1.194,9856
9857,AUG,33,83.8488,5,7.125,-12.581,-14.3,0.0,-6.6,-1.194,9857
9858,AUG,33,94.54,5,6.825,-3.781,-10.0,0.0,-1.8,-1.194,9858
9859,AUG,36,1470.3426,6,-0.0351,-12.581,-11.2,0.3399,-2.2,-1.194,9859
9860,AUG,33,98.3985,5,6.725,-4.881,-10.0,0.0,-2.8,-1.194,9860
9861,AUG,36,118.2845,6,6.2649,-11.281,-16.7,0.3399,-1.7,-1.194,9861
9862,AUG,36,8547.2189,6,-4.4351,-17.181,-11.0,0.3399,-2.6,-1.194,9862
9863,AUG,36,144.4748,6,5.7649,-10.981,-13.7,0.3399,-3.9,-1.194,9863
9864,AUG,39,13464.2599,4,-5.5711,-13.281,-8.9,0.0039,0.0,-1.194,9864
9865,AUG,36,562.9498,6,2.3649,-8.781,-10.3,0.3399,-1.7,-1.194,9865
9866,AUG,36,274.0047,6,4.1649,-11.581,-12.2,0.3399,-4.4,-1.194,9866
9867,AUG,36,408.7772,6,3.1649,-12.381,-14.2,0.3399,-2.2,-1.194,9867
9868,AUG,33,1976.7588,5,-0.775,-10.781,-11.2,0.0,0.0,-1.194,9868
9869,AUG,36,334.6743,6,3.6649,-8.981,-11.4,0.3399,-2.1,-1.194,9869
9870,AUG,36,2193.5485,6,-1.0351,-15.281,-13.0,0.3399,-2.1,-1.194,9870
9871,AUG,36,1025.8,6,0.8649,-12.781,-12.3,0.3399,-2.2,-1.194,9871
9872,AUG,36,133.3664,6,5.9649,-11.681,-15.7,0.3399,-2.8,-1.194,9872
9873,AUG,39,1040.6838,4,0.8289,-8.781,-10.8,0.0039,0.0,-1.194,9873
9874,AUG,33,49.8482,5,8.425,-10.681,-15.1,0.0,-5.2,-1.194,9874
9875,AUG,39,2473.2377,6,-1.3351,-14.981,-14.5,0.3399,0.0,-1.194,9875
9876,AUG,36,744.8687,6,1.6649,-10.481,-10.3,0.3399,-2.7,-1.194,9876
9877,AUG,36,408.7772,6,3.1649,-13.281,-14.7,0.3399,-2.6,-1.194,9877
9878,AUG,36,519.6655,6,2.5649,-11.581,-13.3,0.3399,-1.7,-1.194,9878
9879,AUG,36,715.6602,6,1.7649,-11.981,-12.5,0.3399,-2.1,-1.194,9879
9880,AUG,33,289.7717,5,4.025,-7.781,-10.2,0.0,-2.8,-1.194,9880
9881,AUG,36,1156.595,6,0.5649,-12.381,-11.7,0.3399,-2.1,-1.194,9881
9882,AUG,33,487.4199,5,2.725,-6.681,-8.8,0.0,-1.8,-1.194,9882
9883,AUG,39,2829.0495,4,-1.6711,-8.581,-8.1,0.0039,0.0,-1.194,9883
9884,AUG,36,162.8961,6,5.4649,-14.081,-16.0,0.3399,-4.4,-1.194,9884
9885,AUG,33,74.3667,5,7.425,-2.081,-10.7,0.0,0.0,-1.194,9885
9886,AUG,33,152.7883,5,5.625,-5.681,-9.2,0.0,-3.3,-1.194,9886
9887,AUG,36,609.8393,6,2.1649,-11.181,-12.1,0.3399,-2.1,-1.194,9887
9888,AUG,33,399.0606,5,3.225,-8.281,-10.9,0.0,-1.8,-1.194,9888
9889,AUG,36,1357.2905,6,0.1649,-13.281,-11.7,0.3399,-2.6,-1.194,9889
9890,AUG,39,382.8221,4,3.3289,-6.381,-10.9,0.0039,0.0,-1.194,9890
9891,AUG,33,698.649,5,1.825,-9.781,-9.6,0.0,-3.2,-1.194,9891
9892,AUG,36,1664.3118,9,-0.3449,-14.581,-10.7,2.1301,-2.6,-1.194,9892
9893,AUG,36,150.3713,6,5.6649,-8.381,-12.8,0.3399,-2.1,-1.194,9893
9894,AUG,33,186.0099,7,5.1332,-4.681,-10.2,0.8082,0.0,-1.194,9894
9895,AUG,36,334.6743,6,3.6649,-9.781,-11.5,0.3399,-2.8,-1.194,9895
9896,AUG,36,2473.2377,6,-1.3351,-14.981,-12.3,0.3399,-2.2,-1.194,9896
9897,AUG,36,348.3335,6,3.5649,-8.781,-11.5,0.3399,-1.7,-1.194,9897
9898,AUG,36,1530.3523,6,-0.1351,-15.381,-13.0,0.3399,-3.1,-1.194,9898
9899,AUG,36,339.3869,8,3.6299,-11.681,-12.4,1.4049,-2.7,-1.194,9899
9900,AUG,39,382.8221,4,3.3289,-6.381,-10.9,0.0039,0.0,-1.194,9900
9901,AUG,36,585.9257,6,2.2649,-11.881,-13.3,0.3399,-1.7,-1.194,9901
9902,AUG,33,146.797,5,5.725,-5.181,-9.3,0.0,-2.8,-1.194,9902
9903,AUG,36,2107.5329,6,-0.9351,-14.281,-11.6,0.3399,-2.6,-1.194,9903
9904,AUG,33,356.2456,10,3.5087,-8.281,-10.0,2.9837,0.0,-1.194,9904
9905,AUG,36,243.0185,6,4.4649,-8.981,-12.6,0.3399,-1.7,-1.194,9905
9906,AUG,36,198.9642,6,4.9649,-8.481,-12.1,0.3399,-2.2,-1.194,9906
9907,AUG,33,90.8328,5,6.925,-6.481,-12.5,0.0,-2.1,-1.194,9907
9908,AUG,36,2193.5485,6,-1.0351,-13.381,-10.6,0.3399,-2.6,-1.194,9908
9909,AUG,39,227.5882,4,4.6289,-4.281,-10.1,0.0039,0.0,-1.194,9909
9910,AUG,36,2679.2398,6,-1.5351,-16.881,-13.5,0.3399,-2.7,-1.194,9910
9911,AUG,36,806.9107,6,1.4649,-14.381,-12.8,0.3399,-3.9,-1.194,9911
9912,AUG,27,169.5444,6,5.3649,-7.381,-13.6,0.3399,0.0,-1.194,9912
9913,AUG,33,370.7852,10,3.4087,-8.281,-9.9,2.9837,0.0,-1.194,9913
9914,AUG,36,89.3959,6,6.9649,-9.081,-14.8,0.3399,-2.1,-1.194,9914
9915,AUG,33,547.7768,7,2.4332,-8.881,-8.3,0.8082,-3.4,-1.194,9915
9916,AUG,36,224.3332,6,4.6649,-8.681,-12.5,0.3399,-1.7,-1.194,9916
9917,AUG,33,1970.3141,7,-0.7668,-10.681,-10.3,0.8082,0.0,-1.194,9917
9918,AUG,33,3460.7789,5,-2.175,-11.381,-8.8,0.0,-1.6,-1.194,9918
9919,AUG,33,468.3067,5,2.825,-13.081,-12.9,0.0,-4.2,-1.194,9919
9920,AUG,36,85.8904,6,7.0649,-11.781,-15.3,0.3399,-4.4,-1.194,9920
9921,AUG,33,418.0623,10,3.1087,-9.581,-10.9,2.9837,0.0,-1.194,9921
9922,AUG,36,82.5224,6,7.1649,-11.481,-15.1,0.3399,-4.4,-1.194,9922
9923,AUG,33,94.54,5,6.825,-11.681,-13.5,0.0,-6.2,-1.194,9923
9924,AUG,36,609.8393,6,2.1649,-11.781,-13.1,0.3399,-1.7,-1.194,9924
9925,AUG,36,1795.9031,6,-0.5351,-14.181,-12.8,0.3399,-1.7,-1.194,9925
9926,AUG,33,152.2901,7,5.6332,-5.381,-11.4,0.8082,0.0,-1.194,9926
9927,AUG,33,415.3476,5,3.125,-5.781,-10.1,0.0,0.0,-1.194,9927
9928,AUG,36,562.9498,6,2.3649,-11.481,-12.6,0.3399,-2.1,-1.194,9928
9929,AUG,33,415.3476,5,3.125,-5.781,-10.1,0.0,0.0,-1.194,9929
9930,AUG,36,274.0047,6,4.1649,-10.581,-13.0,0.3399,-2.6,-1.194,9930
9931,AUG,36,4882.0772,6,-3.0351,-16.081,-11.7,0.3399,-2.2,-1.194,9931
9932,AUG,20,193.854,8,5.0299,-3.581,-8.4,1.4049,0.0,-1.194,9932
9933,AUG,34,467.3885,8,2.8299,-10.681,-13.3,1.4049,0.0,-1.194,9933
9934,AUG,36,139.3531,9,5.8551,-13.681,-16.0,2.1301,-2.6,-1.194,9934
9935,AUG,36,786.186,8,1.5299,-11.681,-10.3,1.4049,-2.7,-1.194,9935
9936,AUG,33,186.6183,5,5.125,-7.481,-13.8,0.0,0.0,-1.194,9936
9937,AUG,36,1304.0671,6,0.2649,-12.981,-11.4,0.3399,-2.7,-1.194,9937
9938,AUG,36,1945.4883,6,-0.7351,-16.881,-13.1,0.3399,-3.9,-1.194,9938
9939,AUG,36,47.1359,6,8.5649,-8.981,-16.7,0.3399,-1.7,-1.194,9939
9940,AUG,33,257.0025,5,4.325,-3.481,-7.4,0.0,-1.6,-1.194,9940
9941,AUG,36,308.9417,6,3.8649,-15.281,-17.5,0.3399,-2.5,-1.194,9941
9942,AUG,36,224.3332,6,4.6649,-8.981,-12.4,0.3399,-2.1,-1.194,9942
9943,AUG,36,839.8435,6,1.3649,-11.881,-10.5,0.3399,-3.6,-1.194,9943
9944,AUG,36,1476.101,9,-0.0449,-13.681,-10.1,2.1301,-2.6,-1.194,9944
9945,AUG,36,3272.472,6,-2.0351,-13.481,-9.7,0.3399,-2.6,-1.194,9945
9946,AUG,36,839.8435,6,1.3649,-14.681,-12.5,0.3399,-4.4,-1.194,9946
9947,AUG,33,727.1632,5,1.725,-9.681,-9.4,0.0,-3.2,-1.194,9947
9948,AUG,33,644.9311,5,2.025,-7.981,-9.6,0.0,-1.6,-1.194,9948
9949,AUG,33,1325.0277,5,0.225,-8.881,-10.3,0.0,0.0,-1.194,9949
9950,AUG,36,348.3335,6,3.5649,-9.581,-14.0,0.3399,0.0,-1.194,9950
9951,AUG,33,819.8804,5,1.425,-5.981,-8.6,0.0,0.0,-1.194,9951
9952,AUG,36,14377.1281,6,-5.7351,-12.281,-7.4,0.3399,0.0,-1.194,9952
9953,AUG,36,2024.8903,6,-0.8351,-10.681,-10.7,0.3399,0.0,-1.194,9953
9954,AUG,36,334.6743,6,3.6649,-10.481,-15.0,0.3399,0.0,-1.194,9954
9955,AUG,36,1304.0671,6,0.2649,-11.781,-12.9,0.3399,0.0,-1.194,9955
9956,AUG,36,2788.5887,6,-1.6351,-12.281,-11.5,0.3399,0.0,-1.194,9956
9957,AUG,34,138.8095,6,5.8649,-9.881,-13.3,0.3399,-3.3,-1.194,9957
9958,AUG,33,289.7717,5,4.025,-10.281,-11.0,0.0,-4.5,-1.194,9958
9959,AUG,36,2376.2547,6,-1.2351,-9.881,-9.5,0.3399,0.0,-1.194,9959
9960,AUG,36,1304.0671,6,0.2649,-10.881,-12.0,0.3399,0.0,-1.194,9960
9961,AUG,20,58.3833,8,8.0299,-0.681,-8.5,1.4049,0.0,-1.194,9961
9962,AUG,36,1156.595,6,0.5649,-9.681,-11.1,0.3399,0.0,-1.194,9962
9963,AUG,33,1129.1028,5,0.625,-5.481,-7.3,0.0,0.0,-1.194,9963
9964,AUG,23,51713.5067,6,-8.9351,-15.781,-7.7,0.3399,0.0,-1.194,9964
9965,AUG,36,687.597,6,1.8649,-8.581,-11.3,0.3399,0.0,-1.194,9965
9966,AUG,36,176.4641,6,5.2649,-8.181,-14.3,0.3399,0.0,-1.194,9966
9967,AUG,36,3144.1487,6,-1.9351,-10.781,-9.7,0.3399,0.0,-1.194,9967
9968,AUG,33,418.0623,10,3.1087,-9.581,-10.9,2.9837,0.0,-1.194,9968
9969,AUG,36,2902.4004,6,-1.7351,-13.281,-12.4,0.3399,0.0,-1.194,9969
9970,AUG,36,4160.19,6,-2.6351,-13.381,-11.6,0.3399,0.0,-1.194,9970
9971,AUG,36,285.1877,6,4.0649,-6.381,-11.3,0.3399,0.0,-1.194,9971
9972,AUG,36,985.5754,6,0.9649,-6.581,-8.4,0.3399,0.0,-1.194,9972
9973,AUG,36,3840.3201,6,-2.4351,-13.781,-12.2,0.3399,0.0,-1.194,9973
9974,AUG,33,353.9323,5,3.525,-7.781,-9.7,0.0,-2.8,-1.194,9974
9975,AUG,36,562.9498,6,2.3649,-7.981,-11.2,0.3399,0.0,-1.194,9975
9976,AUG,36,548.4909,8,2.4299,-8.981,-11.2,1.4049,0.0,-1.194,9976
9977,AUG,36,252.9369,6,4.3649,-7.481,-12.7,0.3399,0.0,-1.194,9977
9978,AUG,33,277.5012,7,4.1332,-5.481,-9.9,0.8082,-0.1,-1.194,9978
9979,AUG,36,818.2729,8,1.4299,-8.981,-10.2,1.4049,0.0,-1.194,9979
9980,AUG,36,128.1367,6,6.0649,-6.481,-13.4,0.3399,0.0,-1.194,9980
9981,AUG,36,479.7093,6,2.7649,-6.781,-10.4,0.3399,0.0,-1.194,9981
9982,AUG,36,408.7772,6,3.1649,-7.981,-12.0,0.3399,0.0,-1.194,9982
9983,AUG,39,755.6763,4,1.6289,-6.381,-9.2,0.0039,0.0,-1.194,9983
9984,AUG,36,2107.5329,6,-0.9351,-11.981,-11.9,0.3399,0.0,-1.194,9984
9985,AUG,36,874.1203,6,1.2649,-6.481,-8.6,0.3399,0.0,-1.194,9985
9986,AUG,33,432.2994,5,3.025,-4.881,-9.1,0.0,0.0,-1.194,9986
9987,AUG,36,11770.849,6,-5.2351,-14.581,-10.2,0.3399,0.0,-1.194,9987
9988,AUG,36,377.347,6,3.3649,-12.281,-16.5,0.3399,0.0,-1.194,9988
9989,AUG,33,1273.0695,5,0.325,-6.581,-8.1,0.0,0.0,-1.194,9989
9990,AUG,36,224.3332,6,4.6649,-5.781,-11.3,0.3399,0.0,-1.194,9990
9991,AUG,36,1025.8,6,0.8649,-9.381,-11.1,0.3399,0.0,-1.194,9991
9993,AUG,33,313.9075,5,3.825,-10.281,-10.8,0.0,-4.5,-1.194,9993
9994,AUG,33,399.0606,5,3.225,-5.481,-9.9,0.0,0.0,-1.194,9994
9995,AUG,36,6206.4301,6,-3.6351,-12.481,-9.7,0.3399,0.0,-1.194,9995
9996,AUG,36,93.0445,6,6.8649,-6.781,-14.5,0.3399,0.0,-1.194,9996
9997,AUG,39,29538.1849,6,-7.5351,-14.981,-8.3,0.3399,0.0,-1.194,9997
9998,AUG,33,924.4196,5,1.125,-11.981,-11.5,0.0,-2.8,-1.194,9998
9999,AUG,33,51.8827,5,8.325,-5.681,-11.9,0.0,-3.3,-1.194,9999
10000,AUG,33,1554.9501,5,-0.175,-6.481,-7.5,0.0,0.0,-1.194,10000
10001,AUG,36,2584.2603,9,-1.4449,-11.981,-9.6,2.1301,0.0,-1.194,10001
10002,AUG,33,135.51,5,5.925,-4.881,-9.2,0.0,-2.8,-1.194,10002
10003,AUG,33,368.3775,5,3.425,-1.981,-6.6,0.0,0.0,-1.194,10003
10004,AUG,33,110.9448,5,6.425,-6.481,-9.7,0.0,-4.4,-1.194,10004
10005,AUG,36,744.8687,6,1.6649,-9.681,-12.2,0.3399,0.0,-1.194,10005
10006,AUG,33,71.4505,5,7.525,-5.181,-11.1,0.0,-2.8,-1.194,10006
10007,AUG,36,2574.1789,6,-1.4351,-10.281,-9.7,0.3399,0.0,-1.194,10007
10008,AUG,33,853.3425,5,1.325,-6.481,-9.0,0.0,0.0,-1.194,10008
10009,AUG,36,4329.9814,6,-2.7351,-14.181,-12.3,0.3399,0.0,-1.194,10009
10010,AUG,33,468.3067,5,2.825,-1.881,-5.9,0.0,0.0,-1.194,10010
10011,AUG,33,850.5605,7,1.3332,-5.481,-7.2,0.8082,0.0,-1.194,10011
10012,AUG,33,165.5144,5,5.425,-7.181,-11.0,0.0,-2.8,-1.194,10012
10013,AUG,36,609.8393,6,2.1649,-9.381,-12.4,0.3399,0.0,-1.194,10013
10014,AUG,36,687.597,6,1.8649,-6.581,-9.3,0.3399,0.0,-1.194,10014
10015,AUG,36,150.3713,6,5.6649,-6.481,-13.0,0.3399,0.0,-1.194,10015
10016,AUG,39,726.044,4,1.7289,-4.281,-7.2,0.0039,0.0,-1.194,10016
10017,AUG,33,3460.7789,5,-2.175,-9.781,-8.8,0.0,0.0,-1.194,10017
10018,AUG,36,1725.4804,6,-0.4351,-7.781,-8.2,0.3399,0.0,-1.194,10018
10019,AUG,36,1725.4804,6,-0.4351,-11.081,-11.5,0.3399,0.0,-1.194,10019
10020,AUG,36,169.5444,6,5.3649,-7.881,-14.1,0.3399,0.0,-1.194,10020
10021,AUG,33,452.8837,10,2.9087,-9.581,-10.7,2.9837,0.0,-1.194,10021
10022,AUG,36,285.1877,6,4.0649,-6.381,-11.3,0.3399,0.0,-1.194,10022
10023,AUG,33,1175.1853,5,0.525,-6.381,-8.1,0.0,0.0,-1.194,10023
10024,AUG,36,348.3335,6,3.5649,-8.381,-12.8,0.3399,0.0,-1.194,10024
10025,AUG,36,207.8957,9,4.8551,-11.081,-15.0,2.1301,0.0,-1.194,10025
10026,AUG,27,499.2879,6,2.6649,-7.381,-10.9,0.3399,0.0,-1.194,10026
10027,AUG,33,135.51,5,5.925,-2.181,-9.2,0.0,-0.1,-1.194,10027
10028,AUG,33,186.6183,5,5.125,-7.481,-13.8,0.0,0.0,-1.194,10028
10029,AUG,36,562.9498,6,2.3649,-10.681,-13.9,0.3399,0.0,-1.194,10029
10030,AUG,36,1304.0671,6,0.2649,-9.781,-10.9,0.3399,0.0,-1.194,10030
10031,AUG,33,528.0183,5,2.525,-9.881,-10.3,0.0,-3.3,-1.194,10031
10032,AUG,36,233.489,6,4.5649,-9.081,-14.5,0.3399,0.0,-1.194,10032
10033,AUG,36,2679.2398,6,-1.5351,-12.681,-12.0,0.3399,0.0,-1.194,10033
10034,AUG,33,1899.2442,5,-0.675,-7.581,-8.1,0.0,0.0,-1.194,10034
10035,AUG,39,2944.5126,4,-1.7711,-6.381,-5.8,0.0039,0.0,-1.194,10035
10036,AUG,36,4329.9814,6,-2.7351,-10.881,-9.0,0.3399,0.0,-1.194,10036
10037,AUG,36,233.489,6,4.5649,-5.781,-11.2,0.3399,0.0,-1.194,10037
10038,AUG,36,634.7289,6,2.0649,-8.881,-11.8,0.3399,0.0,-1.194,10038
10039,AUG,36,1530.3523,6,-0.1351,-10.581,-11.3,0.3399,0.0,-1.194,10039
10040,AUG,36,1470.3426,6,-0.0351,-8.581,-9.4,0.3399,0.0,-1.194,10040
10041,AUG,36,1732.238,9,-0.4449,-11.081,-9.7,2.1301,0.0,-1.194,10041
10042,AUG,33,65.9568,5,7.725,-5.481,-11.1,0.0,-3.3,-1.194,10042
10043,AUG,36,2024.8903,6,-0.8351,-10.681,-10.7,0.3399,0.0,-1.194,10043
10044,AUG,36,634.7289,6,2.0649,-10.181,-11.8,0.3399,-1.3,-1.194,10044
10045,AUG,36,660.6343,6,1.9649,-8.381,-11.2,0.3399,0.0,-1.194,10045
10046,AUG,36,150.3713,6,5.6649,-6.481,-13.0,0.3399,0.0,-1.194,10046
10047,AUG,39,19023.1412,6,-6.4351,-14.981,-9.4,0.3399,0.0,-1.194,10047
10048,AUG,36,2679.2398,6,-1.5351,-13.881,-12.2,0.3399,-1.0,-1.194,10048
10049,AUG,36,4160.19,6,-2.6351,-12.581,-10.0,0.3399,-0.8,-1.194,10049
10050,AUG,36,1111.2415,6,0.6649,-6.581,-8.1,0.3399,0.0,-1.194,10050
10051,AUG,36,562.9498,6,2.3649,-6.381,-9.6,0.3399,0.0,-1.194,10051
10052,AUG,36,1203.7996,6,0.4649,-12.081,-13.4,0.3399,0.0,-1.194,10052
10053,AUG,33,1084.8273,5,0.725,-9.881,-8.7,0.0,-3.1,-1.194,10053
10054,AUG,33,471.3674,10,2.8087,-8.481,-9.3,2.9837,-0.2,-1.194,10054
10055,AUG,36,10030.3551,6,-4.8351,-13.381,-9.4,0.3399,0.0,-1.194,10055
10056,AUG,39,2944.5126,4,-1.7711,-6.381,-5.8,0.0039,0.0,-1.194,10056
10057,AUG,33,593.4025,7,2.2332,-4.881,-7.3,0.8082,-0.2,-1.194,10057
10058,AUG,39,726.044,4,1.7289,-4.281,-7.2,0.0039,0.0,-1.194,10058
10059,AUG,33,115.4729,5,6.325,-7.281,-9.7,0.0,-5.1,-1.194,10059
10060,AUG,36,11770.849,6,-5.2351,-14.581,-10.2,0.3399,0.0,-1.194,10060
10061,AUG,36,479.7093,6,2.7649,-6.781,-10.4,0.3399,0.0,-1.194,10061
10062,AUG,36,207.8957,9,4.8551,-11.081,-15.0,2.1301,0.0,-1.194,10062
10063,AUG,36,1725.4804,6,-0.4351,-7.781,-8.2,0.3399,0.0,-1.194,10063
10064,AUG,27,585.9257,6,2.2649,-7.381,-10.5,0.3399,0.0,-1.194,10064
10065,AUG,36,104.9081,6,6.5649,-8.381,-14.3,0.3399,-1.5,-1.194,10065
10066,AUG,36,224.3332,6,4.6649,-5.781,-11.3,0.3399,0.0,-1.194,10066
10067,AUG,33,528.0183,5,2.525,-6.281,-9.7,0.0,-0.3,-1.194,10067
10068,AUG,33,487.4199,5,2.725,-6.281,-9.9,0.0,-0.3,-1.194,10068
10069,AUG,36,3855.3602,9,-2.4449,-11.981,-8.6,2.1301,0.0,-1.194,10069
10070,AUG,36,548.4909,8,2.4299,-8.981,-11.2,1.4049,0.0,-1.194,10070
10071,AUG,36,233.489,6,4.5649,-9.081,-14.5,0.3399,0.0,-1.194,10071
10072,AUG,33,452.8837,10,2.9087,-9.781,-10.7,2.9837,-0.2,-1.194,10072
10073,AUG,33,418.0623,10,3.1087,-9.781,-10.9,2.9837,-0.2,-1.194,10073
10074,AUG,33,1435.3926,5,0.025,-9.781,-7.9,0.0,-3.1,-1.194,10074
10075,AUG,39,8004.5178,4,-4.2711,-8.781,-5.7,0.0039,0.0,-1.194,10075
10077,AUG,36,93.0445,6,6.8649,-6.781,-14.5,0.3399,0.0,-1.194,10077
10078,AUG,39,11941.6373,4,-5.2711,-13.281,-9.2,0.0039,0.0,-1.194,10078
10079,AUG,36,744.8687,6,1.6649,-9.681,-12.2,0.3399,0.0,-1.194,10079
10080,AUG,36,100.7944,6,6.6649,-8.081,-14.1,0.3399,-1.5,-1.194,10080
10081,AUG,36,562.9498,6,2.3649,-10.681,-13.9,0.3399,0.0,-1.194,10081
10082,AUG,33,2949.0516,5,-1.775,-10.981,-10.2,0.0,-0.2,-1.194,10082
10083,AUG,36,2202.1392,9,-1.0449,-11.081,-9.1,2.1301,0.0,-1.194,10083
10084,AUG,36,1657.8191,6,-0.3351,-6.481,-7.0,0.3399,0.0,-1.194,10084
10085,AUG,36,377.347,6,3.3649,-12.281,-16.5,0.3399,0.0,-1.194,10085
10086,AUG,36,176.4641,6,5.2649,-7.581,-12.7,0.3399,-1.0,-1.194,10086
10087,AUG,36,334.6743,6,3.6649,-8.181,-11.2,0.3399,-1.5,-1.194,10087
10088,AUG,33,595.3434,5,2.225,-9.481,-9.0,0.0,-3.9,-1.194,10088
10089,AUG,36,1156.595,6,0.5649,-9.681,-11.1,0.3399,0.0,-1.194,10089
10090,AUG,33,165.5144,5,5.425,-6.281,-9.2,0.0,-3.7,-1.194,10090
10091,AUG,36,2376.2547,6,-1.2351,-9.881,-9.5,0.3399,0.0,-1.194,10091
10092,AUG,36,1025.8,6,0.8649,-9.381,-11.1,0.3399,0.0,-1.194,10092
10093,AUG,36,909.7962,6,1.1649,-6.381,-8.4,0.3399,0.0,-1.194,10093
10094,AUG,36,909.7962,6,1.1649,-10.981,-12.0,0.3399,-1.0,-1.194,10094
10095,AUG,33,202.1623,5,4.925,-3.081,-8.4,0.0,-0.8,-1.194,10095
10096,AUG,36,5081.3313,6,-3.1351,-12.681,-10.4,0.3399,0.0,-1.194,10096
10097,AUG,34,467.3885,8,2.8299,-10.881,-13.3,1.4049,-0.2,-1.194,10097
10098,AUG,33,698.649,5,1.825,-8.081,-8.1,0.0,-3.0,-1.194,10098
10099,AUG,33,278.4088,5,4.125,-3.081,-7.9,0.0,-0.5,-1.194,10099
10100,AUG,36,263.2601,6,4.2649,-5.781,-10.9,0.3399,0.0,-1.194,10100
10101,AUG,33,888.1703,5,1.225,-7.881,-9.0,0.0,-1.3,-1.194,10101
10102,AUG,33,83.8488,5,7.125,-9.381,-13.8,0.0,-3.9,-1.194,10102
10103,AUG,33,120.1857,5,6.225,-8.681,-13.1,0.0,-3.0,-1.194,10103
10104,AUG,33,94.54,5,6.825,-5.181,-10.2,0.0,-3.0,-1.194,10104
10105,AUG,33,547.7768,7,2.4332,-10.881,-13.5,0.8082,-0.2,-1.194,10105
10106,AUG,33,819.8804,5,1.425,-8.381,-9.3,0.0,-1.7,-1.194,10106
10107,AUG,33,186.6183,5,5.125,-4.781,-10.9,0.0,-0.2,-1.194,10107
10108,AUG,33,888.1703,5,1.225,-13.081,-11.5,0.0,-4.0,-1.194,10108
10109,AUG,39,3189.7684,4,-1.9711,-8.581,-7.8,0.0039,0.0,-1.194,10109
10110,AUG,36,6206.4301,6,-3.6351,-13.481,-9.7,0.3399,-1.0,-1.194,10110
10111,AUG,33,785.1623,7,1.5332,-8.681,-7.6,0.8082,-3.0,-1.194,10111
10112,AUG,36,1592.8111,6,-0.2351,-9.581,-10.2,0.3399,0.0,-1.194,10112
10113,AUG,36,2902.4004,6,-1.7351,-11.681,-10.8,0.3399,0.0,-1.194,10113
10114,AUG,36,408.7772,6,3.1649,-7.981,-12.0,0.3399,0.0,-1.194,10114
10115,AUG,36,3144.1487,6,-1.9351,-10.781,-9.7,0.3399,0.0,-1.194,10115
10116,AUG,36,2574.1789,6,-1.4351,-10.281,-9.7,0.3399,0.0,-1.194,10116
10117,AUG,36,1530.3523,6,-0.1351,-10.581,-11.3,0.3399,0.0,-1.194,10117
10118,AUG,36,2193.5485,6,-1.0351,-11.981,-11.8,0.3399,0.0,-1.194,10118
10119,AUG,36,1945.4883,6,-0.7351,-9.381,-9.5,0.3399,0.0,-1.194,10119
10120,AUG,36,4506.7026,6,-2.8351,-10.881,-8.9,0.3399,0.0,-1.194,10120
10121,AUG,33,383.4123,5,3.325,-11.281,-14.5,0.0,-1.3,-1.194,10121
10122,AUG,20,125.9084,10,6.1087,-1.481,-5.8,2.9837,0.0,-1.194,10122
10123,AUG,39,2944.5126,4,-1.7711,-6.381,-5.8,0.0039,0.0,-1.194,10123
10124,AUG,33,595.3434,5,2.225,-5.381,-8.6,0.0,-0.2,-1.194,10124
10125,AUG,36,9259.1382,6,-4.6351,-13.281,-9.5,0.3399,0.0,-1.194,10125
10126,AUG,36,687.597,6,1.8649,-9.881,-11.3,0.3399,-1.3,-1.194,10126
10127,AUG,36,585.9257,6,2.2649,-6.481,-9.6,0.3399,0.0,-1.194,10127
10128,AUG,33,449.943,5,2.925,-3.481,-6.2,0.0,-1.4,-1.194,10128
10129,AUG,36,1470.3426,6,-0.0351,-8.581,-9.4,0.3399,0.0,-1.194,10129
10130,AUG,33,727.1632,5,1.725,-8.781,-9.1,0.0,-2.6,-1.194,10130
10131,AUG,33,399.0606,5,3.225,-8.281,-10.1,0.0,-2.6,-1.194,10131
10132,AUG,36,687.597,6,1.8649,-6.581,-9.3,0.3399,0.0,-1.194,10132
10133,AUG,36,198.9642,6,4.9649,-10.681,-15.0,0.3399,-1.5,-1.194,10133
10134,AUG,23,106246.7495,6,-10.7351,-15.881,-6.0,0.3399,0.0,-1.194,10134
10135,AUG,33,115.4729,5,6.325,-5.181,-10.1,0.0,-2.6,-1.194,10135
10136,AUG,33,962.1483,5,1.025,-6.481,-8.7,0.0,0.0,-1.194,10136
10137,AUG,33,370.7852,10,3.4087,-8.281,-9.9,2.9837,0.0,-1.194,10137
10138,AUG,36,207.0846,6,4.8649,-8.381,-13.2,0.3399,-0.9,-1.194,10138
10139,AUG,36,1657.8191,6,-0.3351,-11.581,-11.2,0.3399,-0.9,-1.194,10139
10140,AUG,23,106246.7495,6,-10.7351,-15.881,-6.0,0.3399,0.0,-1.194,10140
10141,AUG,36,11309.279,6,-5.1351,-14.181,-9.9,0.3399,0.0,-1.194,10141
10142,AUG,36,1111.2415,6,0.6649,-7.481,-9.0,0.3399,0.0,-1.194,10142
10143,AUG,36,1470.3426,6,-0.0351,-9.481,-9.4,0.3399,-0.9,-1.194,10143
10144,AUG,36,2788.5887,6,-1.6351,-10.781,-10.0,0.3399,0.0,-1.194,10144
10145,AUG,36,5081.3313,6,-3.1351,-13.581,-11.3,0.3399,0.0,-1.194,10145
10146,AUG,33,2949.0516,5,-1.775,-10.781,-10.2,0.0,0.0,-1.194,10146
10147,AUG,36,479.7093,6,2.7649,-7.681,-11.3,0.3399,0.0,-1.194,10147
10148,AUG,33,3460.7789,5,-2.175,-9.781,-8.8,0.0,0.0,-1.194,10148
10149,AUG,36,285.1877,6,4.0649,-8.881,-12.9,0.3399,-0.9,-1.194,10149
10150,AUG,36,2574.1789,6,-1.4351,-11.181,-9.7,0.3399,-0.9,-1.194,10150
10151,AUG,33,819.8804,5,1.425,-5.981,-8.6,0.0,0.0,-1.194,10151
10152,AUG,39,2944.5126,4,-1.7711,-6.881,-6.3,0.0039,0.0,-1.194,10152
10153,AUG,33,94.54,5,6.825,-5.781,-10.1,0.0,-3.7,-1.194,10153
10154,AUG,39,24534.4055,4,-7.0711,-13.781,-7.9,0.0039,0.0,-1.194,10154
10155,AUG,36,1067.6664,6,0.7649,-7.281,-8.9,0.3399,0.0,-1.194,10155
10156,AUG,20,755.3573,8,1.6299,-3.281,-4.7,1.4049,0.0,-1.194,10156
10157,AUG,36,144.4748,6,5.7649,-9.081,-14.8,0.3399,-0.9,-1.194,10157
10158,AUG,36,562.9498,6,2.3649,-11.581,-13.9,0.3399,-0.9,-1.194,10158
10159,AUG,36,2689.7327,9,-1.5449,-12.881,-9.5,2.1301,-0.9,-1.194,10159
10160,AUG,33,452.8837,10,2.9087,-9.581,-10.7,2.9837,0.0,-1.194,10160
10161,AUG,34,467.3885,8,2.8299,-10.681,-13.3,1.4049,0.0,-1.194,10161
10162,AUG,33,528.0183,5,2.525,-1.881,-5.6,0.0,0.0,-1.194,10162
10163,AUG,39,2944.5126,4,-1.7711,-6.881,-6.3,0.0039,0.0,-1.194,10163
10164,AUG,36,274.0047,6,4.1649,-11.381,-15.5,0.3399,-0.9,-1.194,10164
10165,AUG,36,3545.0444,6,-2.2351,-13.181,-11.8,0.3399,0.0,-1.194,10165
10166,AUG,36,1412.6861,6,0.0649,-8.681,-8.7,0.3399,-0.9,-1.194,10166
10167,AUG,33,487.4199,5,2.725,-6.081,-9.7,0.0,-0.3,-1.194,10167
10168,AUG,27,562.9498,6,2.3649,-7.381,-10.6,0.3399,0.0,-1.194,10168
10169,AUG,33,312.8841,7,3.8332,-6.181,-9.6,0.8082,-0.8,-1.194,10169
10170,AUG,36,321.5507,6,3.7649,-6.681,-11.3,0.3399,0.0,-1.194,10170
10171,AUG,33,368.3775,5,3.425,-1.981,-6.6,0.0,0.0,-1.194,10171
10172,AUG,33,669.0645,7,1.9332,-4.681,-7.0,0.8082,0.0,-1.194,10172
10173,AUG,33,1899.2442,5,-0.675,-7.581,-8.1,0.0,0.0,-1.194,10173
10174,AUG,36,2902.4004,6,-1.7351,-12.581,-10.8,0.3399,-0.9,-1.194,10174
10175,AUG,39,726.044,4,1.7289,-4.781,-7.7,0.0039,0.0,-1.194,10175
10176,AUG,33,77.4018,5,7.325,-6.081,-10.9,0.0,-3.7,-1.194,10176
10177,AUG,36,1156.595,6,0.5649,-10.581,-12.0,0.3399,0.0,-1.194,10177
10178,AUG,36,3144.1487,6,-1.9351,-10.281,-9.2,0.3399,0.0,-1.194,10178
10179,AUG,33,98.3985,5,6.725,-9.881,-12.3,0.0,-5.5,-1.194,10179
10180,AUG,36,4506.7026,6,-2.8351,-11.781,-8.9,0.3399,-0.9,-1.194,10180
10181,AUG,36,1412.6861,6,0.0649,-11.981,-12.0,0.3399,-0.9,-1.194,10181
10182,AUG,36,263.2601,6,4.2649,-6.681,-11.8,0.3399,0.0,-1.194,10182
10183,AUG,39,44066.9007,6,-8.5351,-14.981,-7.3,0.3399,0.0,-1.194,10183
10184,AUG,36,1156.595,6,0.5649,-8.881,-8.8,0.3399,-1.5,-1.194,10184
10185,AUG,36,2193.5485,6,-1.0351,-11.681,-10.6,0.3399,-0.9,-1.194,10185
10186,AUG,36,687.597,6,1.8649,-7.481,-10.2,0.3399,0.0,-1.194,10186
10187,AUG,36,138.8095,6,5.8649,-8.781,-14.6,0.3399,-0.9,-1.194,10187
10188,AUG,36,5963.0575,6,-3.5351,-12.681,-10.0,0.3399,0.0,-1.194,10188
10189,AUG,33,1435.3926,5,0.025,-6.581,-7.8,0.0,0.0,-1.194,10189
10190,AUG,36,442.8253,6,2.9649,-13.181,-17.0,0.3399,0.0,-1.194,10190
10191,AUG,33,152.7883,5,5.625,-2.881,-8.9,0.0,-0.8,-1.194,10191
10192,AUG,33,1001.4168,5,0.925,-4.881,-7.0,0.0,0.0,-1.194,10192
10193,AUG,36,985.5754,6,0.9649,-9.481,-11.3,0.3399,0.0,-1.194,10193
10194,AUG,36,1025.8,6,0.8649,-10.281,-12.0,0.3399,0.0,-1.194,10194
10195,AUG,33,418.0623,10,3.1087,-9.581,-10.9,2.9837,0.0,-1.194,10195
10196,AUG,33,1970.3141,7,-0.7668,-10.681,-10.3,0.8082,0.0,-1.194,10196
10197,AUG,36,3144.1487,6,-1.9351,-14.681,-12.7,0.3399,-0.9,-1.194,10197
10198,AUG,36,14377.1281,6,-5.7351,-14.281,-9.4,0.3399,0.0,-1.194,10198
10199,AUG,33,90.8328,5,6.925,-6.381,-14.5,0.0,0.0,-1.194,10199
10200,AUG,36,233.489,6,4.5649,-9.981,-15.4,0.3399,0.0,-1.194,10200
10201,AUG,36,7890.0379,6,-4.2351,-13.381,-10.0,0.3399,0.0,-1.194,10201
10202,AUG,36,93.0445,6,6.8649,-7.681,-15.4,0.3399,0.0,-1.194,10202
10203,AUG,33,227.1959,7,4.6332,-3.781,-8.8,0.8082,0.0,-1.194,10203
10204,AUG,33,1753.2145,5,-0.475,-6.481,-7.2,0.0,0.0,-1.194,10204
10205,AUG,33,383.4123,5,3.325,-6.081,-10.3,0.0,-0.3,-1.194,10205
10206,AUG,36,170.2084,9,5.3551,-11.981,-15.5,2.1301,-0.9,-1.194,10206
10207,AUG,36,2679.2398,6,-1.5351,-10.681,-10.0,0.3399,0.0,-1.194,10207
10208,AUG,36,1725.4804,6,-0.4351,-10.481,-10.9,0.3399,0.0,-1.194,10208
10209,AUG,36,2574.1789,6,-1.4351,-12.881,-12.3,0.3399,0.0,-1.194,10209
10210,AUG,33,850.5605,7,1.3332,-5.481,-7.2,0.8082,0.0,-1.194,10210
10211,AUG,36,460.8985,6,2.8649,-8.881,-11.7,0.3399,-0.9,-1.194,10211
10212,AUG,36,1252.9307,6,0.3649,-11.481,-11.8,0.3399,-0.9,-1.194,10212
10213,AUG,36,479.7093,6,2.7649,-9.281,-12.9,0.3399,0.0,-1.194,10213
10214,AUG,33,353.9323,5,3.525,-5.481,-10.2,0.0,0.0,-1.194,10214
10215,AUG,36,1126.889,8,0.6299,-9.881,-9.4,1.4049,-0.9,-1.194,10215
10216,AUG,33,246.9246,5,4.425,-8.681,-10.6,0.0,-3.7,-1.194,10216
10217,AUG,36,744.8687,6,1.6649,-10.581,-13.1,0.3399,0.0,-1.194,10217
10218,AUG,36,909.7962,6,1.1649,-9.781,-11.8,0.3399,0.0,-1.194,10218
10219,AUG,33,186.6183,5,5.125,-7.481,-13.8,0.0,0.0,-1.194,10219
10220,AUG,33,1899.2442,5,-0.675,-8.881,-9.4,0.0,0.0,-1.194,10220
10221,AUG,36,382.6605,8,3.3299,-9.881,-12.1,1.4049,-0.9,-1.194,10221
10222,AUG,36,634.7289,6,2.0649,-7.381,-10.3,0.3399,0.0,-1.194,10222
10223,AUG,36,806.9107,6,1.4649,-7.281,-9.6,0.3399,0.0,-1.194,10223
10224,AUG,33,1129.1028,5,0.625,-5.481,-7.3,0.0,0.0,-1.194,10224
10225,AUG,33,703.2152,10,1.8087,-8.281,-8.3,2.9837,0.0,-1.194,10225
10226,AUG,36,176.4641,6,5.2649,-7.381,-13.5,0.3399,0.0,-1.194,10226
10227,AUG,33,267.4916,5,4.225,-2.181,-7.5,0.0,-0.1,-1.194,10227
10228,AUG,36,562.9498,6,2.3649,-7.981,-11.2,0.3399,0.0,-1.194,10228
10229,AUG,33,1899.2442,5,-0.675,-7.581,-8.1,0.0,0.0,-1.194,10229
10231,AUG,36,93.0445,6,6.8649,-6.781,-14.5,0.3399,0.0,-1.194,10231
10232,AUG,36,1304.0671,6,0.2649,-10.881,-12.0,0.3399,0.0,-1.194,10232
10233,AUG,36,1725.4804,6,-0.4351,-11.081,-11.5,0.3399,0.0,-1.194,10233
10234,AUG,36,609.8393,6,2.1649,-6.481,-9.5,0.3399,0.0,-1.194,10234
10235,AUG,36,252.9369,6,4.3649,-7.481,-12.7,0.3399,0.0,-1.194,10235
10236,AUG,36,1025.8,6,0.8649,-9.381,-11.1,0.3399,0.0,-1.194,10236
10237,AUG,33,1493.9759,5,-0.075,-6.581,-7.7,0.0,0.0,-1.194,10237
10238,AUG,33,1824.7692,5,-0.575,-6.481,-7.1,0.0,0.0,-1.194,10238
10239,AUG,23,51713.5067,6,-8.9351,-15.781,-7.7,0.3399,0.0,-1.194,10239
10240,AUG,33,2228.8061,5,-1.075,-9.781,-8.8,0.0,-1.1,-1.194,10240
10241,AUG,33,485.8308,7,2.7332,-5.481,-8.5,0.8082,-0.1,-1.194,10241
10242,AUG,39,2944.5126,4,-1.7711,-6.381,-5.8,0.0039,0.0,-1.194,10242
10243,AUG,36,150.3713,6,5.6649,-6.481,-13.0,0.3399,0.0,-1.194,10243
10244,AUG,32,12751.2726,6,-5.4351,-11.281,-6.7,0.3399,0.0,-1.194,10244
10245,AUG,33,172.2696,5,5.325,-1.881,-8.4,0.0,0.0,-1.194,10245
10246,AUG,39,2944.5126,4,-1.7711,-6.381,-5.8,0.0039,0.0,-1.194,10246
10247,AUG,33,172.2696,5,5.325,-7.181,-10.9,0.0,-2.8,-1.194,10247
10248,AUG,36,548.4909,8,2.4299,-8.981,-11.2,1.4049,0.0,-1.194,10248
10249,AUG,36,233.489,6,4.5649,-9.081,-14.5,0.3399,0.0,-1.194,10249
10250,AUG,36,1156.595,6,0.5649,-9.681,-11.1,0.3399,0.0,-1.194,10250
10251,AUG,36,634.7289,6,2.0649,-8.881,-11.8,0.3399,0.0,-1.194,10251
10252,AUG,33,94.54,5,6.825,-9.981,-13.8,0.0,-4.2,-1.194,10252
10253,AUG,36,562.9498,6,2.3649,-6.381,-9.6,0.3399,0.0,-1.194,10253
10254,AUG,33,71.4505,5,7.525,-5.181,-11.1,0.0,-2.8,-1.194,10254
10255,AUG,33,186.6183,5,5.125,-7.481,-13.8,0.0,0.0,-1.194,10255
10256,AUG,33,1379.1066,5,0.125,-6.381,-6.6,0.0,-1.1,-1.194,10256
10257,AUG,39,726.044,4,1.7289,-4.281,-7.2,0.0039,0.0,-1.194,10257
10258,AUG,36,5081.3313,6,-3.1351,-12.681,-10.4,0.3399,0.0,-1.194,10258
10259,AUG,36,207.8957,9,4.8551,-11.081,-15.0,2.1301,0.0,-1.194,10259
10260,AUG,36,169.5444,6,5.3649,-7.881,-14.1,0.3399,0.0,-1.194,10260
10261,AUG,33,399.0606,5,3.225,-5.481,-9.9,0.0,0.0,-1.194,10261
10262,AUG,36,334.6743,6,3.6649,-10.481,-15.0,0.3399,0.0,-1.194,10262
10263,AUG,27,585.9257,6,2.2649,-7.381,-10.5,0.3399,0.0,-1.194,10263
10264,AUG,36,1725.4804,6,-0.4351,-7.781,-8.2,0.3399,0.0,-1.194,10264
10265,AUG,36,479.7093,6,2.7649,-6.781,-10.4,0.3399,0.0,-1.194,10265
10266,AUG,39,5812.3561,4,-3.4711,-8.581,-6.3,0.0039,0.0,-1.194,10266
10267,AUG,33,452.8837,10,2.9087,-9.581,-10.7,2.9837,0.0,-1.194,10267
10268,AUG,36,1470.3426,6,-0.0351,-8.581,-9.4,0.3399,0.0,-1.194,10268
10269,AUG,36,3855.3602,9,-2.4449,-11.981,-8.6,2.1301,0.0,-1.194,10269
10270,AUG,36,985.5754,6,0.9649,-6.381,-8.2,0.3399,0.0,-1.194,10270
10271,AUG,33,449.943,5,2.925,-4.881,-9.0,0.0,0.0,-1.194,10271
10272,AUG,36,176.4641,6,5.2649,-8.181,-14.3,0.3399,0.0,-1.194,10272
10273,AUG,36,3545.0444,6,-2.2351,-9.381,-8.0,0.3399,0.0,-1.194,10273
10274,AUG,36,1657.8191,6,-0.3351,-6.481,-7.0,0.3399,0.0,-1.194,10274
10275,AUG,36,2193.5485,6,-1.0351,-11.981,-11.8,0.3399,0.0,-1.194,10275
10276,AUG,33,1273.0695,5,0.325,-6.481,-8.0,0.0,0.0,-1.194,10276
10277,AUG,36,11770.849,6,-5.2351,-14.581,-10.2,0.3399,0.0,-1.194,10277
10278,AUG,36,1530.3523,6,-0.1351,-10.581,-11.3,0.3399,0.0,-1.194,10278
10279,AUG,36,1111.2415,6,0.6649,-6.581,-8.1,0.3399,0.0,-1.194,10279
10280,AUG,36,687.597,6,1.8649,-6.581,-9.3,0.3399,0.0,-1.194,10280
10281,AUG,33,65.9568,5,7.725,-6.281,-11.0,0.0,-4.2,-1.194,10281
10282,AUG,33,528.0183,5,2.525,-9.881,-10.3,0.0,-3.3,-1.194,10282
10283,AUG,36,377.347,6,3.3649,-12.281,-16.5,0.3399,0.0,-1.194,10283
10284,AUG,33,819.8804,5,1.425,-5.981,-8.6,0.0,0.0,-1.194,10284
10285,AUG,36,3840.3201,6,-2.4351,-13.781,-12.2,0.3399,0.0,-1.194,10285
10286,AUG,36,3144.1487,6,-1.9351,-10.781,-9.7,0.3399,0.0,-1.194,10286
10287,AUG,33,1129.1028,5,0.625,-5.481,-7.3,0.0,0.0,-1.194,10287
10288,AUG,36,562.9498,6,2.3649,-10.681,-13.9,0.3399,0.0,-1.194,10288
10289,AUG,36,3020.8572,6,-1.8351,-11.281,-10.3,0.3399,0.0,-1.194,10289
10290,AUG,36,1357.2905,6,0.1649,-8.681,-9.7,0.3399,0.0,-1.194,10290
10291,AUG,36,408.7772,6,3.1649,-7.981,-12.0,0.3399,0.0,-1.194,10291
10292,AUG,33,353.9323,5,3.525,-7.781,-9.7,0.0,-2.8,-1.194,10292
10293,AUG,36,2376.2547,6,-1.2351,-9.881,-9.5,0.3399,0.0,-1.194,10293
10294,AUG,36,9637.0351,6,-4.7351,-13.281,-9.4,0.3399,0.0,-1.194,10294
10295,AUG,36,10030.3551,6,-4.8351,-13.381,-9.4,0.3399,0.0,-1.194,10295
10296,AUG,36,660.6343,6,1.9649,-8.381,-11.2,0.3399,0.0,-1.194,10296
10297,AUG,36,744.8687,6,1.6649,-9.681,-12.2,0.3399,0.0,-1.194,10297
10298,AUG,36,4160.19,6,-2.6351,-11.781,-10.0,0.3399,0.0,-1.194,10298
10299,AUG,33,418.0623,10,3.1087,-9.581,-10.9,2.9837,0.0,-1.194,10299
10300,AUG,33,135.51,5,5.925,-4.881,-9.2,0.0,-2.8,-1.194,10300
10301,AUG,33,51.8827,5,8.325,-5.681,-11.9,0.0,-3.3,-1.194,10301
10302,AUG,39,10865.8086,6,-5.0351,-14.981,-10.8,0.3399,0.0,-1.194,10302
10303,AUG,36,7283.3863,6,-4.0351,-12.481,-9.3,0.3399,0.0,-1.194,10303
10304,AUG,36,2574.1789,6,-1.4351,-10.281,-9.7,0.3399,0.0,-1.194,10304
10305,AUG,33,368.3775,5,3.425,-1.981,-6.6,0.0,0.0,-1.194,10305
10306,AUG,39,23572.3385,4,-6.9711,-13.281,-7.5,0.0039,0.0,-1.194,10306
10307,AUG,33,65.9568,5,7.725,-5.481,-11.1,0.0,-3.3,-1.194,10307
10308,AUG,33,924.4196,5,1.125,-11.981,-11.5,0.0,-2.8,-1.194,10308
10309,AUG,33,1325.0277,5,0.225,-8.881,-10.3,0.0,0.0,-1.194,10309
10310,AUG,36,263.2601,6,4.2649,-5.781,-10.9,0.3399,0.0,-1.194,10310
10311,AUG,36,4329.9814,6,-2.7351,-14.181,-12.3,0.3399,0.0,-1.194,10311
10312,AUG,34,138.8095,6,5.8649,-9.881,-13.3,0.3399,-3.3,-1.194,10312
10313,AUG,36,687.597,6,1.8649,-8.581,-11.3,0.3399,0.0,-1.194,10313
10314,AUG,36,224.3332,6,4.6649,-5.781,-11.3,0.3399,0.0,-1.194,10314
10315,AUG,33,120.1857,5,6.225,-9.981,-13.2,0.0,-4.2,-1.194,10315
10316,AUG,33,850.5605,7,1.3332,-5.481,-7.2,0.8082,0.0,-1.194,10316
10317,AUG,20,76.4757,9,7.3551,0.219,-6.2,2.1301,0.0,-1.194,10317
10318,AUG,36,2788.5887,6,-1.6351,-12.281,-11.5,0.3399,0.0,-1.194,10318
10319,AUG,36,1657.8191,6,-0.3351,-9.581,-10.1,0.3399,0.0,-1.194,10319
10320,AUG,36,2024.8903,6,-0.8351,-8.481,-8.5,0.3399,0.0,-1.194,10320
10321,AUG,27,263.2601,6,4.2649,-7.381,-12.5,0.3399,0.0,-1.194,10321
10322,AUG,36,744.8687,6,1.6649,-7.081,-9.6,0.3399,0.0,-1.194,10322
10323,AUG,36,2024.8903,6,-0.8351,-11.381,-11.4,0.3399,0.0,-1.194,10323
10324,AUG,33,368.3775,5,3.425,-3.881,-6.5,0.0,-2.0,-1.194,10324
10325,AUG,33,1970.3141,7,-0.7668,-10.681,-10.3,0.8082,0.0,-1.194,10325
10326,AUG,33,3460.7789,5,-2.175,-11.081,-8.8,0.0,-1.3,-1.194,10326
10327,AUG,36,9637.0351,6,-4.7351,-13.981,-10.1,0.3399,0.0,-1.194,10327
10328,AUG,36,408.7772,6,3.1649,-8.681,-12.7,0.3399,0.0,-1.194,10328
10329,AUG,33,619.6414,5,2.125,-8.181,-8.2,0.0,-3.3,-1.194,10329
10330,AUG,33,158.5056,7,5.5332,-2.981,-8.9,0.8082,0.0,-1.194,10330
10331,AUG,36,839.8435,6,1.3649,-9.581,-11.8,0.3399,0.0,-1.194,10331
10332,AUG,36,263.2601,6,4.2649,-6.481,-11.6,0.3399,0.0,-1.194,10332
10333,AUG,33,141.0406,5,5.825,-4.381,-11.4,0.0,0.0,-1.194,10333
10334,AUG,33,727.1632,5,1.725,-8.781,-9.4,0.0,-2.3,-1.194,10334
10335,AUG,36,687.597,6,1.8649,-7.281,-10.0,0.3399,0.0,-1.194,10335
10336,AUG,33,850.5605,7,1.3332,-5.481,-7.2,0.8082,0.0,-1.194,10336
10337,AUG,36,4329.9814,6,-2.7351,-14.881,-13.0,0.3399,0.0,-1.194,10337
10338,AUG,34,467.3885,8,2.8299,-10.681,-13.3,1.4049,0.0,-1.194,10338
10339,AUG,36,157.1214,9,5.5551,-11.781,-15.7,2.1301,-0.7,-1.194,10339
10340,AUG,36,2193.5485,6,-1.0351,-12.681,-12.5,0.3399,0.0,-1.194,10340
10341,AUG,39,726.044,4,1.7289,-6.381,-9.3,0.0039,0.0,-1.194,10341
10342,AUG,33,449.943,5,2.925,-4.981,-9.1,0.0,0.0,-1.194,10342
10343,AUG,36,5081.3313,6,-3.1351,-13.381,-11.1,0.3399,0.0,-1.194,10343
10344,AUG,33,115.4729,5,6.325,-2.081,-9.6,0.0,0.0,-1.194,10344
10345,AUG,33,418.0623,10,3.1087,-9.581,-10.9,2.9837,0.0,-1.194,10345
10346,AUG,33,575.7367,10,2.3087,-8.281,-8.8,2.9837,0.0,-1.194,10346
10347,AUG,39,726.044,4,1.7289,-6.381,-9.3,0.0039,0.0,-1.194,10347
10348,AUG,36,191.1623,6,5.0649,-8.181,-13.4,0.3399,-0.7,-1.194,10348
10349,AUG,33,1325.0277,5,0.225,-6.481,-7.9,0.0,0.0,-1.194,10349
10350,AUG,33,2057.437,5,-0.875,-8.881,-9.2,0.0,0.0,-1.194,10350
10351,AUG,33,399.0606,5,3.225,-5.481,-9.9,0.0,0.0,-1.194,10351
10352,AUG,33,1001.4168,5,0.925,-7.681,-8.5,0.0,-1.3,-1.194,10352
10353,AUG,33,102.4145,5,6.625,-5.281,-9.8,0.0,-3.3,-1.194,10353
10354,AUG,39,53824.1101,6,-9.0351,-14.981,-6.8,0.3399,0.0,-1.194,10354
10355,AUG,36,1156.595,6,0.5649,-10.381,-11.8,0.3399,0.0,-1.194,10355
10356,AUG,33,1824.7692,5,-0.575,-7.581,-8.2,0.0,0.0,-1.194,10356
10357,AUG,36,2376.2547,6,-1.2351,-10.481,-10.1,0.3399,0.0,-1.194,10357
10358,AUG,36,2574.1789,6,-1.4351,-11.481,-10.9,0.3399,0.0,-1.194,10358
10359,AUG,36,1025.8,6,0.8649,-10.081,-11.8,0.3399,0.0,-1.194,10359
10360,AUG,36,93.0445,6,6.8649,-7.481,-15.2,0.3399,0.0,-1.194,10360
10361,AUG,39,1681.8731,4,-0.3711,-8.581,-9.4,0.0039,0.0,-1.194,10361
10362,AUG,36,2376.2547,6,-1.2351,-10.581,-10.2,0.3399,0.0,-1.194,10362
10363,AUG,36,1111.2415,6,0.6649,-7.281,-8.8,0.3399,0.0,-1.194,10363
10364,AUG,36,909.7962,6,1.1649,-9.281,-11.3,0.3399,0.0,-1.194,10364
10365,AUG,36,425.4608,6,3.0649,-8.681,-11.9,0.3399,-0.7,-1.194,10365
10366,AUG,33,277.5012,7,4.1332,-3.781,-8.3,0.8082,0.0,-1.194,10366
10367,AUG,36,1067.6664,6,0.7649,-7.081,-8.7,0.3399,0.0,-1.194,10367
10368,AUG,36,1664.3118,9,-0.3449,-11.781,-9.8,2.1301,-0.7,-1.194,10368
10369,AUG,39,431.634,4,3.0289,-4.281,-8.5,0.0039,0.0,-1.194,10369
10370,AUG,36,128.1367,6,6.0649,-8.581,-14.8,0.3399,-0.7,-1.194,10370
10371,AUG,36,3545.0444,6,-2.2351,-12.981,-11.6,0.3399,0.0,-1.194,10371
10372,AUG,36,348.3335,6,3.5649,-7.181,-11.6,0.3399,0.0,-1.194,10372
10373,AUG,39,9393.483,4,-4.6711,-13.281,-9.8,0.0039,0.0,-1.194,10373
10374,AUG,36,1304.0671,6,0.2649,-11.781,-12.2,0.3399,-0.7,-1.194,10374
10375,AUG,33,236.4685,7,4.5332,-5.381,-10.3,0.8082,0.0,-1.194,10375
10376,AUG,36,2913.7673,9,-1.7449,-12.681,-9.3,2.1301,-0.7,-1.194,10376
10377,AUG,36,133.3664,6,5.9649,-8.881,-15.0,0.3399,-0.7,-1.194,10377
10378,AUG,36,13271.6952,6,-5.5351,-14.081,-9.4,0.3399,0.0,-1.194,10378
10379,AUG,36,3840.3201,6,-2.4351,-12.381,-10.8,0.3399,0.0,-1.194,10379
10380,AUG,36,744.8687,6,1.6649,-10.381,-12.9,0.3399,0.0,-1.194,10380
10381,AUG,33,452.8837,10,2.9087,-9.581,-10.7,2.9837,0.0,-1.194,10381
10382,AUG,36,660.6343,6,1.9649,-7.181,-10.0,0.3399,0.0,-1.194,10382
10383,AUG,36,3272.472,6,-2.0351,-12.481,-11.3,0.3399,0.0,-1.194,10383
10384,AUG,33,487.4199,5,2.725,-5.781,-9.7,0.0,0.0,-1.194,10384
10385,AUG,33,449.943,5,2.925,-5.781,-9.9,0.0,0.0,-1.194,10385
10386,AUG,36,3272.472,6,-2.0351,-10.081,-8.9,0.3399,0.0,-1.194,10386
10387,AUG,36,414.5333,8,3.1299,-9.681,-11.9,1.4049,-0.7,-1.194,10387
10388,AUG,33,370.7852,10,3.4087,-8.281,-9.9,2.9837,0.0,-1.194,10388
10389,AUG,36,1304.0671,6,0.2649,-11.581,-12.0,0.3399,-0.7,-1.194,10389
10390,AUG,33,2949.0516,5,-1.775,-10.781,-10.2,0.0,0.0,-1.194,10390
10391,AUG,36,1530.3523,6,-0.1351,-11.281,-12.0,0.3399,0.0,-1.194,10391
10392,AUG,36,263.2601,6,4.2649,-9.081,-14.2,0.3399,0.0,-1.194,10392
10393,AUG,36,377.347,6,3.3649,-12.981,-17.2,0.3399,0.0,-1.194,10393
10394,AUG,33,819.8804,5,1.425,-5.981,-8.6,0.0,0.0,-1.194,10394
10395,AUG,36,150.3713,6,5.6649,-7.181,-13.7,0.3399,0.0,-1.194,10395
10396,AUG,33,140.5808,7,5.8332,-4.681,-10.9,0.8082,0.0,-1.194,10396
10397,AUG,33,1084.8273,5,0.725,-6.581,-8.5,0.0,0.0,-1.194,10397
10398,AUG,33,1129.1028,5,0.625,-5.481,-7.3,0.0,0.0,-1.194,10398
10399,AUG,36,296.8272,6,3.9649,-6.481,-11.3,0.3399,0.0,-1.194,10399
10400,AUG,36,2902.4004,6,-1.7351,-14.481,-12.9,0.3399,-0.7,-1.194,10400
10401,AUG,36,1470.3426,6,-0.0351,-9.281,-9.4,0.3399,-0.7,-1.194,10401
10402,AUG,36,7890.0379,6,-4.2351,-13.181,-9.8,0.3399,0.0,-1.194,10402
10403,AUG,33,301.5982,5,3.925,-2.381,-7.5,0.0,0.0,-1.194,10403
10404,AUG,36,233.489,6,4.5649,-9.781,-15.2,0.3399,0.0,-1.194,10404
10405,AUG,36,744.8687,6,1.6649,-11.381,-13.9,0.3399,0.0,-1.194,10405
10406,AUG,23,58307.2554,6,-9.2351,-15.981,-7.6,0.3399,0.0,-1.194,10406
10407,AUG,36,946.928,6,1.0649,-10.281,-12.2,0.3399,0.0,-1.194,10407
10408,AUG,20,144.4748,6,5.7649,-0.681,-7.3,0.3399,0.0,-1.194,10408
10409,AUG,36,252.9369,6,4.3649,-11.181,-15.7,0.3399,-0.7,-1.194,10409
10410,AUG,36,3144.1487,6,-1.9351,-10.981,-9.9,0.3399,0.0,-1.194,10410
10411,AUG,33,186.6183,5,5.125,-7.481,-13.8,0.0,0.0,-1.194,10411
10412,AUG,39,1040.6838,4,0.8289,-8.581,-10.6,0.0039,0.0,-1.194,10412
10413,AUG,36,479.7093,6,2.7649,-7.481,-11.1,0.3399,0.0,-1.194,10413
10414,AUG,36,9259.1382,6,-4.6351,-15.281,-11.5,0.3399,0.0,-1.194,10414
10415,AUG,33,468.3067,5,2.825,-11.681,-13.6,0.0,-2.1,-1.194,10415
10416,AUG,33,756.8412,5,1.625,-12.681,-13.2,0.0,-2.3,-1.194,10416
10417,AUG,36,3689.7297,6,-2.3351,-9.381,-7.9,0.3399,0.0,-1.194,10417
10418,AUG,36,1725.4804,6,-0.4351,-7.781,-8.2,0.3399,0.0,-1.194,10418
10419,AUG,36,3840.3201,6,-2.4351,-13.781,-12.2,0.3399,0.0,-1.194,10419
10420,AUG,33,570.1334,7,2.3332,-9.981,-12.7,0.8082,0.0,-1.194,10420
10421,AUG,36,2902.4004,6,-1.7351,-11.681,-10.8,0.3399,0.0,-1.194,10421
10422,AUG,36,1304.0671,6,0.2649,-10.881,-12.0,0.3399,0.0,-1.194,10422
10423,AUG,23,22324.0874,6,-6.8351,-15.881,-9.9,0.3399,0.0,-1.194,10423
10424,AUG,33,71.4505,5,7.525,-9.981,-15.5,0.0,-3.2,-1.194,10424
10425,AUG,33,278.4088,5,4.125,-6.681,-12.0,0.0,0.0,-1.194,10425
10426,AUG,29,5356.2054,7,-3.2668,-11.581,-8.7,0.8082,0.0,-1.194,10426
10427,AUG,36,4506.7026,6,-2.8351,-10.881,-8.9,0.3399,0.0,-1.194,10427
10428,AUG,33,278.4088,5,4.125,-11.081,-14.3,0.0,-2.1,-1.194,10428
10429,AUG,20,0.0303,-2,26.9346,0.319,-10.6,17.2096,0.0,-1.194,10429
10430,AUG,36,3020.8572,6,-1.8351,-13.781,-9.0,0.3399,-3.8,-1.194,10430
10431,AUG,33,819.8804,5,1.425,-6.481,-9.1,0.0,0.0,-1.194,10431
10432,AUG,36,1111.2415,6,0.6649,-6.581,-8.1,0.3399,0.0,-1.194,10432
10433,AUG,39,24183.5166,6,-7.0351,-14.981,-8.8,0.3399,0.0,-1.194,10433
10434,AUG,33,1129.1028,5,0.625,-10.081,-11.9,0.0,0.0,-1.194,10434
10435,AUG,34,263.2601,6,4.2649,-14.281,-16.3,0.3399,-3.1,-1.194,10435
10436,AUG,33,2319.7712,5,-1.175,-9.481,-9.5,0.0,0.0,-1.194,10436
10437,AUG,36,1530.3523,6,-0.1351,-10.581,-11.3,0.3399,0.0,-1.194,10437
10438,AUG,36,1025.8,6,0.8649,-9.381,-11.1,0.3399,0.0,-1.194,10438
10439,AUG,33,131.0472,10,6.0087,-14.181,-13.8,2.9837,-4.6,-1.194,10439
10440,AUG,33,399.0606,5,3.225,-10.081,-14.5,0.0,0.0,-1.194,10440
10441,AUG,36,4329.9814,6,-2.7351,-14.181,-12.3,0.3399,0.0,-1.194,10441
10442,AUG,36,9637.0351,6,-4.7351,-13.281,-9.4,0.3399,0.0,-1.194,10442
10443,AUG,36,3689.7297,6,-2.3351,-11.581,-10.1,0.3399,0.0,-1.194,10443
10444,AUG,36,252.9369,6,4.3649,-7.481,-12.7,0.3399,0.0,-1.194,10444
10445,AUG,39,726.044,4,1.7289,-4.281,-7.2,0.0039,0.0,-1.194,10445
10446,AUG,36,479.7093,6,2.7649,-6.781,-10.4,0.3399,0.0,-1.194,10446
10447,AUG,33,131.0472,10,6.0087,-14.181,-13.8,2.9837,-4.6,-1.194,10447
10448,AUG,33,3325.0715,5,-2.075,-13.481,-12.6,0.0,0.0,-1.194,10448
10449,AUG,36,1551.9013,8,-0.1701,-8.981,-8.6,1.4049,0.0,-1.194,10449
10450,AUG,39,2944.5126,4,-1.7711,-6.381,-5.8,0.0039,0.0,-1.194,10450
10451,AUG,36,3144.1487,6,-1.9351,-13.381,-12.3,0.3399,0.0,-1.194,10451
10452,AUG,36,660.6343,6,1.9649,-6.381,-9.2,0.3399,0.0,-1.194,10452
10453,AUG,36,2376.2547,6,-1.2351,-9.881,-9.5,0.3399,0.0,-1.194,10453
10454,AUG,36,2193.5485,6,-1.0351,-11.981,-11.8,0.3399,0.0,-1.194,10454
10455,AUG,27,585.9257,6,2.2649,-7.381,-10.5,0.3399,0.0,-1.194,10455
10456,AUG,39,44706.286,4,-8.5711,-12.381,-5.0,0.0039,0.0,-1.194,10456
10457,AUG,36,176.4641,6,5.2649,-8.181,-14.3,0.3399,0.0,-1.194,10457
10458,AUG,36,2574.1789,6,-1.4351,-10.281,-9.7,0.3399,0.0,-1.194,10458
10459,AUG,36,744.8687,6,1.6649,-9.681,-12.2,0.3399,0.0,-1.194,10459
10460,AUG,36,263.2601,6,4.2649,-5.781,-10.9,0.3399,0.0,-1.194,10460
10461,AUG,36,224.3332,6,4.6649,-5.781,-11.3,0.3399,0.0,-1.194,10461
10462,AUG,33,2228.8061,5,-1.075,-11.081,-11.2,0.0,0.0,-1.194,10462
10463,AUG,36,548.4909,8,2.4299,-8.981,-11.2,1.4049,0.0,-1.194,10463
10464,AUG,36,334.6743,6,3.6649,-10.481,-15.0,0.3399,0.0,-1.194,10464
10465,AUG,35,2824.173,7,-1.6668,-11.581,-10.3,0.8082,0.0,-1.194,10465
10466,AUG,33,698.649,5,1.825,-12.681,-13.4,0.0,-2.3,-1.194,10466
10467,AUG,33,4061.3025,5,-2.575,-12.181,-10.8,0.0,0.0,-1.194,10467
10468,AUG,32,2376.2547,6,-1.2351,-11.281,-10.9,0.3399,0.0,-1.194,10468
10469,AUG,36,562.9498,6,2.3649,-10.681,-13.9,0.3399,0.0,-1.194,10469
10470,AUG,36,4160.19,6,-2.6351,-11.781,-10.0,0.3399,0.0,-1.194,10470
10471,AUG,33,4227.058,5,-2.675,-11.081,-9.6,0.0,0.0,-1.194,10471
10472,AUG,26,5146.1726,7,-3.1668,-11.581,-8.8,0.8082,0.0,-1.194,10472
10473,AUG,36,562.9498,6,2.3649,-6.381,-9.6,0.3399,0.0,-1.194,10473
10474,AUG,36,93.0445,6,6.8649,-6.781,-14.5,0.3399,0.0,-1.194,10474
10475,AUG,33,397.7596,7,3.2332,-15.281,-14.3,0.8082,-4.6,-1.194,10475
10476,AUG,33,3460.7789,5,-2.175,-11.181,-10.2,0.0,0.0,-1.194,10476
10477,AUG,33,819.8804,5,1.425,-12.081,-14.7,0.0,0.0,-1.194,10477
10478,AUG,36,150.3713,6,5.6649,-6.481,-13.0,0.3399,0.0,-1.194,10478
10479,AUG,33,850.5605,7,1.3332,-10.081,-11.8,0.8082,0.0,-1.194,10479
10480,AUG,36,634.7289,6,2.0649,-8.881,-11.8,0.3399,0.0,-1.194,10480
10481,AUG,36,1657.8191,6,-0.3351,-6.481,-7.0,0.3399,0.0,-1.194,10481
10482,AUG,36,7283.3863,6,-4.0351,-12.481,-9.3,0.3399,0.0,-1.194,10482
10483,AUG,36,687.597,6,1.8649,-6.481,-9.2,0.3399,0.0,-1.194,10483
10484,AUG,29,818.2729,8,1.4299,-9.581,-10.8,1.4049,0.0,-1.194,10484
10485,AUG,33,383.4123,5,3.325,-6.581,-11.1,0.0,0.0,-1.194,10485
10486,AUG,33,507.3131,5,2.625,-16.881,-17.6,0.0,-3.1,-1.194,10486
10487,AUG,36,687.597,6,1.8649,-6.581,-9.3,0.3399,0.0,-1.194,10487
10488,AUG,36,687.597,6,1.8649,-8.581,-11.3,0.3399,0.0,-1.194,10488
10489,AUG,33,9791.9341,5,-4.775,-14.381,-10.8,0.0,0.0,-1.194,10489
10490,AUG,33,63.3705,5,7.825,-11.081,-16.0,0.0,-4.1,-1.194,10490
10491,AUG,36,562.9498,6,2.3649,-7.981,-11.2,0.3399,0.0,-1.194,10491
10492,AUG,36,233.489,6,4.5649,-9.081,-14.5,0.3399,0.0,-1.194,10492
10493,AUG,36,1025.8,6,0.8649,-9.781,-11.5,0.3399,0.0,-1.194,10493
10494,AUG,36,2107.5329,6,-0.9351,-9.581,-9.5,0.3399,0.0,-1.194,10494
10495,AUG,36,2202.1392,9,-1.0449,-11.081,-9.1,2.1301,0.0,-1.194,10495
10496,AUG,33,301.5982,5,3.925,-6.981,-12.1,0.0,0.0,-1.194,10496
10497,AUG,36,660.6343,6,1.9649,-8.381,-11.2,0.3399,0.0,-1.194,10497
10498,AUG,36,169.5444,6,5.3649,-7.881,-14.1,0.3399,0.0,-1.194,10498
10499,AUG,33,257.0025,5,4.325,-8.981,-12.2,0.0,-2.3,-1.194,10499
10500,AUG,36,377.347,6,3.3649,-12.281,-16.5,0.3399,0.0,-1.194,10500
10501,AUG,36,207.8957,9,4.8551,-11.081,-15.0,2.1301,0.0,-1.194,10501
10502,AUG,39,2944.5126,4,-1.7711,-6.381,-5.8,0.0039,0.0,-1.194,10502
10503,AUG,33,2512.9908,5,-1.375,-10.981,-10.8,0.0,0.0,-1.194,10503
10504,AUG,36,1156.595,6,0.5649,-9.681,-11.1,0.3399,0.0,-1.194,10504
10505,AUG,33,56.2041,5,8.125,-10.181,-16.3,0.0,-3.2,-1.194,10505
10506,AUG,33,819.8804,5,1.425,-10.581,-13.2,0.0,0.0,-1.194,10506
10507,AUG,33,179.3005,5,5.225,-8.781,-13.1,0.0,-2.1,-1.194,10507
10508,AUG,33,3460.7789,5,-2.175,-10.081,-8.8,0.0,-0.3,-1.194,10508
10510,AUG,36,176.4641,6,5.2649,-8.181,-14.3,0.3399,0.0,-1.194,10510
10511,AUG,36,634.7289,6,2.0649,-8.881,-11.8,0.3399,0.0,-1.194,10511
10512,AUG,36,687.597,6,1.8649,-6.581,-9.3,0.3399,0.0,-1.194,10512
10513,AUG,39,1221.266,4,0.4289,-6.381,-8.0,0.0039,0.0,-1.194,10513
10514,AUG,33,1325.0277,5,0.225,-6.681,-7.8,0.0,-0.3,-1.194,10514
10515,AUG,36,1530.3523,6,-0.1351,-9.381,-10.1,0.3399,0.0,-1.194,10515
10516,AUG,33,186.6183,5,5.125,-7.781,-13.8,0.0,-0.3,-1.194,10516
10517,AUG,33,60.8855,5,7.925,-5.781,-11.8,0.0,-3.1,-1.194,10517
10518,AUG,36,562.9498,6,2.3649,-7.981,-11.2,0.3399,0.0,-1.194,10518
10519,AUG,36,1025.8,6,0.8649,-9.381,-11.1,0.3399,0.0,-1.194,10519
10520,AUG,33,962.1483,5,1.025,-5.181,-7.4,0.0,0.0,-1.194,10520
10521,AUG,33,819.8804,5,1.425,-6.281,-8.9,0.0,0.0,-1.194,10521
10522,AUG,36,215.5365,6,4.7649,-6.381,-12.0,0.3399,0.0,-1.194,10522
10523,AUG,27,585.9257,6,2.2649,-7.381,-10.5,0.3399,0.0,-1.194,10523
10524,AUG,36,548.4909,8,2.4299,-8.981,-11.2,1.4049,0.0,-1.194,10524
10525,AUG,36,215.5365,6,4.7649,-6.381,-12.0,0.3399,0.0,-1.194,10525
10526,AUG,36,377.347,6,3.3649,-12.281,-16.5,0.3399,0.0,-1.194,10526
10527,AUG,36,687.597,6,1.8649,-8.581,-11.3,0.3399,0.0,-1.194,10527
10528,AUG,33,340.0536,5,3.625,-2.281,-7.1,0.0,0.0,-1.194,10528
10529,AUG,36,660.6343,6,1.9649,-8.381,-11.2,0.3399,0.0,-1.194,10529
10530,AUG,36,562.9498,6,2.3649,-10.681,-13.9,0.3399,0.0,-1.194,10530
10531,AUG,36,224.3332,6,4.6649,-5.781,-11.3,0.3399,0.0,-1.194,10531
10532,AUG,36,585.9257,6,2.2649,-9.581,-12.7,0.3399,0.0,-1.194,10532
10533,AUG,34,467.3885,8,2.8299,-10.981,-13.3,1.4049,-0.3,-1.194,10533
10534,AUG,39,34663.7294,6,-7.9351,-14.981,-7.9,0.3399,0.0,-1.194,10534
10535,AUG,36,479.7093,6,2.7649,-6.781,-10.4,0.3399,0.0,-1.194,10535
10536,AUG,33,238.7926,10,4.5087,-8.581,-11.0,2.9837,-0.3,-1.194,10536
10537,AUG,23,45865.4203,6,-8.6351,-15.781,-8.0,0.3399,0.0,-1.194,10537
10538,AUG,36,2283.0746,6,-1.1351,-9.881,-9.6,0.3399,0.0,-1.194,10538
10539,AUG,36,7283.3863,6,-4.0351,-13.281,-10.1,0.3399,0.0,-1.194,10539
10540,AUG,36,1945.4883,6,-0.7351,-11.981,-12.1,0.3399,0.0,-1.194,10540
10541,AUG,36,4882.0772,6,-3.0351,-12.681,-10.5,0.3399,0.0,-1.194,10541
10542,AUG,36,1156.595,6,0.5649,-9.681,-11.1,0.3399,0.0,-1.194,10542
10543,AUG,36,5504.5682,6,-3.3351,-11.281,-8.8,0.3399,0.0,-1.194,10543
10544,AUG,33,754.3738,7,1.6332,-5.781,-7.5,0.8082,-0.3,-1.194,10544
10545,AUG,36,2902.4004,6,-1.7351,-11.681,-10.8,0.3399,0.0,-1.194,10545
10546,AUG,33,570.1334,7,2.3332,-10.981,-13.4,0.8082,-0.3,-1.194,10546
10547,AUG,33,1273.0695,5,0.325,-6.781,-8.3,0.0,0.0,-1.194,10547
10548,AUG,20,107.291,10,6.5087,-1.481,-6.2,2.9837,0.0,-1.194,10548
10549,AUG,33,278.4088,5,4.125,-4.481,-7.7,0.0,-2.1,-1.194,10549
10550,AUG,39,19299.156,4,-6.4711,-13.281,-8.0,0.0039,0.0,-1.194,10550
10551,AUG,33,1129.1028,5,0.625,-5.781,-7.6,0.0,0.0,-1.194,10551
10552,AUG,36,408.7772,6,3.1649,-7.981,-12.0,0.3399,0.0,-1.194,10552
10553,AUG,36,1530.3523,6,-0.1351,-10.581,-11.3,0.3399,0.0,-1.194,10553
10554,AUG,33,819.8804,5,1.425,-9.181,-11.8,0.0,0.0,-1.194,10554
10555,AUG,39,2944.5126,4,-1.7711,-6.381,-5.8,0.0039,0.0,-1.194,10555
10556,AUG,36,252.9369,6,4.3649,-7.481,-12.7,0.3399,0.0,-1.194,10556
10557,AUG,33,418.0623,10,3.1087,-9.881,-10.9,2.9837,-0.3,-1.194,10557
10558,AUG,36,3840.3201,6,-2.4351,-13.781,-12.2,0.3399,0.0,-1.194,10558
10559,AUG,39,726.044,4,1.7289,-4.281,-7.2,0.0039,0.0,-1.194,10559
10560,AUG,36,1025.8,6,0.8649,-6.481,-8.2,0.3399,0.0,-1.194,10560
10561,AUG,33,1618.4129,5,-0.275,-6.781,-7.4,0.0,-0.3,-1.194,10561
10562,AUG,33,485.8308,7,2.7332,-5.681,-8.5,0.8082,-0.3,-1.194,10562
10563,AUG,33,125.0909,5,6.125,-5.381,-9.7,0.0,-3.0,-1.194,10563
10564,AUG,33,65.9568,5,7.725,-6.681,-11.6,0.0,-4.0,-1.194,10564
10565,AUG,36,1470.3426,6,-0.0351,-8.581,-9.4,0.3399,0.0,-1.194,10565
10566,AUG,36,3144.1487,6,-1.9351,-11.781,-10.7,0.3399,0.0,-1.194,10566
10567,AUG,36,150.3713,6,5.6649,-6.481,-13.0,0.3399,0.0,-1.194,10567
10568,AUG,36,334.6743,6,3.6649,-10.481,-15.0,0.3399,0.0,-1.194,10568
10569,AUG,36,744.8687,6,1.6649,-9.681,-12.2,0.3399,0.0,-1.194,10569
10570,AUG,33,152.7883,5,5.625,-9.081,-11.5,0.0,-4.4,-1.194,10570
10571,AUG,36,93.0445,6,6.8649,-6.781,-14.5,0.3399,0.0,-1.194,10571
10572,AUG,36,150.3713,6,5.6649,-5.781,-12.3,0.3399,0.0,-1.194,10572
10573,AUG,36,9637.0351,6,-4.7351,-14.581,-10.7,0.3399,0.0,-1.194,10573
10574,AUG,36,839.8435,6,1.3649,-9.781,-12.0,0.3399,0.0,-1.194,10574
10575,AUG,33,301.5982,5,3.925,-12.481,-13.3,0.0,-4.3,-1.194,10575
10576,AUG,36,169.5444,6,5.3649,-7.881,-14.1,0.3399,0.0,-1.194,10576
10577,AUG,33,399.0606,5,3.225,-5.781,-10.2,0.0,0.0,-1.194,10577
10578,AUG,33,326.7191,5,3.725,-8.281,-10.2,0.0,-3.0,-1.194,10578
10579,AUG,33,432.2994,5,3.025,-2.181,-6.4,0.0,0.0,-1.194,10579
10580,AUG,33,1493.9759,5,-0.075,-6.881,-7.7,0.0,-0.3,-1.194,10580
10581,AUG,36,839.8435,6,1.3649,-6.581,-8.8,0.3399,0.0,-1.194,10581
10582,AUG,33,507.3131,5,2.625,-8.181,-9.9,0.0,-2.1,-1.194,10582
10583,AUG,33,102.4145,5,6.625,-5.681,-10.5,0.0,-3.0,-1.194,10583
10584,AUG,36,215.5365,6,4.7649,-6.481,-12.1,0.3399,0.0,-1.194,10584
10585,AUG,36,1945.4883,6,-0.7351,-12.281,-12.4,0.3399,0.0,-1.194,10585
10586,AUG,36,2679.2398,6,-1.5351,-13.381,-12.7,0.3399,0.0,-1.194,10586
10587,AUG,36,207.8957,9,4.8551,-11.081,-15.0,2.1301,0.0,-1.194,10587
10588,AUG,36,1111.2415,6,0.6649,-7.781,-9.3,0.3399,0.0,-1.194,10588
10589,AUG,36,233.489,6,4.5649,-9.081,-14.5,0.3399,0.0,-1.194,10589
10590,AUG,33,1273.0695,5,0.325,-7.881,-9.1,0.0,-0.3,-1.194,10590
10591,AUG,33,418.0623,10,3.1087,-9.881,-10.9,2.9837,-0.3,-1.194,10591
10592,AUG,36,7283.3863,6,-4.0351,-12.481,-9.3,0.3399,0.0,-1.194,10592
10593,AUG,33,507.3131,5,2.625,-8.181,-9.9,0.0,-2.1,-1.194,10593
10594,AUG,36,1795.9031,6,-0.5351,-10.281,-10.6,0.3399,0.0,-1.194,10594
10595,AUG,23,12251.2573,6,-5.3351,-15.781,-11.3,0.3399,0.0,-1.194,10595
10596,AUG,33,199.7435,9,4.9551,-3.381,-7.4,2.1301,0.0,-1.194,10596
10597,AUG,36,334.6743,6,3.6649,-6.981,-11.5,0.3399,0.0,-1.194,10597
10598,AUG,39,2944.5126,4,-1.7711,-6.381,-5.8,0.0039,0.0,-1.194,10598
10599,AUG,36,460.8985,6,2.8649,-10.181,-13.9,0.3399,0.0,-1.194,10599
10600,AUG,36,3144.1487,6,-1.9351,-14.081,-12.4,0.3399,-0.6,-1.194,10600
10601,AUG,33,338.945,7,3.6332,-5.481,-9.5,0.8082,0.0,-1.194,10601
10602,AUG,36,3840.3201,6,-2.4351,-13.881,-12.3,0.3399,0.0,-1.194,10602
10603,AUG,39,19023.1412,6,-6.4351,-14.981,-9.4,0.3399,0.0,-1.194,10603
10604,AUG,39,20086.82,4,-6.5711,-13.281,-7.9,0.0039,0.0,-1.194,10604
10605,AUG,36,183.6662,6,5.1649,-10.281,-15.0,0.3399,-1.3,-1.194,10605
10606,AUG,36,321.5507,6,3.7649,-8.581,-12.6,0.3399,-0.6,-1.194,10606
10607,AUG,39,24534.4055,4,-7.0711,-13.281,-7.4,0.0039,0.0,-1.194,10607
10608,AUG,33,115.0964,7,6.3332,-5.481,-12.1,0.8082,-0.1,-1.194,10608
10609,AUG,33,924.4196,5,1.125,-6.481,-8.8,0.0,0.0,-1.194,10609
10610,AUG,36,3545.0444,6,-2.2351,-15.881,-11.9,0.3399,-2.6,-1.194,10610
10611,AUG,33,0.0129,21,29.0757,-3.081,-12.5,20.8507,0.0,-1.194,10611
10612,AUG,36,519.6655,6,2.5649,-8.581,-11.4,0.3399,-0.6,-1.194,10612
10613,AUG,33,257.0025,5,4.325,-9.981,-11.3,0.0,-4.2,-1.194,10613
10614,AUG,36,10030.3551,6,-4.8351,-15.181,-10.6,0.3399,-0.6,-1.194,10614
10615,AUG,33,191.9109,9,5.0551,-3.381,-7.5,2.1301,0.0,-1.194,10615
10616,AUG,36,4329.9814,6,-2.7351,-11.481,-9.0,0.3399,-0.6,-1.194,10616
10617,AUG,33,727.1632,5,1.725,-7.581,-10.5,0.0,0.0,-1.194,10617
10618,AUG,32,1725.4804,6,-0.4351,-15.181,-11.7,0.3399,-3.9,-1.194,10618
10619,AUG,36,191.9109,9,5.0551,-11.681,-15.2,2.1301,-0.6,-1.194,10619
10620,AUG,33,248.5385,10,4.4087,-8.281,-10.9,2.9837,0.0,-1.194,10620
10621,AUG,33,756.8412,5,1.625,-5.981,-8.8,0.0,0.0,-1.194,10621
10622,AUG,36,1025.8,6,0.8649,-8.381,-9.5,0.3399,-0.6,-1.194,10622
10623,AUG,36,207.0846,6,4.8649,-7.781,-12.9,0.3399,-0.6,-1.194,10623
10624,AUG,33,671.2529,5,1.925,-12.181,-12.3,0.0,-3.0,-1.194,10624
10625,AUG,36,818.2729,8,1.4299,-9.581,-10.2,1.4049,-0.6,-1.194,10625
10626,AUG,36,1111.2415,6,0.6649,-9.181,-8.7,0.3399,-2.0,-1.194,10626
10627,AUG,33,507.3131,5,2.625,-6.381,-10.2,0.0,0.0,-1.194,10627
10628,AUG,36,1412.6861,6,0.0649,-11.181,-11.5,0.3399,-0.6,-1.194,10628
10629,AUG,36,3144.1487,6,-1.9351,-15.781,-12.0,0.3399,-2.7,-1.194,10629
10630,AUG,36,1111.2415,6,0.6649,-11.181,-12.1,0.3399,-0.6,-1.194,10630
10631,AUG,33,853.3425,5,1.325,-7.281,-8.0,0.0,-1.8,-1.194,10631
10632,AUG,36,377.347,6,3.3649,-6.981,-11.2,0.3399,0.0,-1.194,10632
10633,AUG,36,277.863,8,4.1299,-9.581,-12.9,1.4049,-0.6,-1.194,10633
10634,AUG,39,755.6763,4,1.6289,-6.381,-9.2,0.0039,0.0,-1.194,10634
10635,AUG,36,2574.1789,6,-1.4351,-12.581,-12.0,0.3399,0.0,-1.194,10635
10636,AUG,36,93.0445,6,6.8649,-9.381,-15.1,0.3399,-2.0,-1.194,10636
10637,AUG,33,238.7926,10,4.5087,-9.581,-12.3,2.9837,0.0,-1.194,10637
10638,AUG,33,36.1965,5,9.225,-8.181,-12.5,0.0,-6.1,-1.194,10638
10639,AUG,27,224.3332,6,4.6649,-7.381,-12.9,0.3399,0.0,-1.194,10639
10640,AUG,33,3194.6855,5,-1.975,-9.781,-9.0,0.0,0.0,-1.194,10640
10641,AUG,36,144.4748,6,5.7649,-7.081,-13.7,0.3399,0.0,-1.194,10641
10642,AUG,36,1869.1999,6,-0.6351,-11.281,-10.9,0.3399,-0.6,-1.194,10642
10643,AUG,36,2679.2398,6,-1.5351,-10.481,-9.8,0.3399,0.0,-1.194,10643
10644,AUG,36,308.9417,6,3.8649,-11.081,-15.2,0.3399,-0.6,-1.194,10644
10645,AUG,36,479.7093,6,2.7649,-10.281,-13.9,0.3399,0.0,-1.194,10645
10646,AUG,36,479.7093,6,2.7649,-9.381,-11.0,0.3399,-2.0,-1.194,10646
10647,AUG,36,460.8985,6,2.8649,-10.681,-10.8,0.3399,-3.6,-1.194,10647
10648,AUG,36,1802.9365,9,-0.5449,-11.681,-9.6,2.1301,-0.6,-1.194,10648
10649,AUG,36,1156.595,6,0.5649,-12.281,-11.7,0.3399,-2.0,-1.194,10649
10650,AUG,36,233.489,6,4.5649,-11.681,-15.1,0.3399,-2.0,-1.194,10650
10651,AUG,36,1025.8,6,0.8649,-11.981,-11.7,0.3399,-2.0,-1.194,10651
10652,AUG,33,186.6183,5,5.125,-7.481,-13.8,0.0,0.0,-1.194,10652
10653,AUG,39,726.044,4,1.7289,-4.281,-7.2,0.0039,0.0,-1.194,10653
10654,AUG,39,46530.901,4,-8.6711,-13.281,-5.8,0.0039,0.0,-1.194,10654
10655,AUG,33,67.8274,9,7.6551,-3.381,-10.1,2.1301,0.0,-1.194,10655
10656,AUG,36,2193.5485,6,-1.0351,-14.781,-14.0,0.3399,-0.6,-1.194,10656
10657,AUG,36,2376.2547,6,-1.2351,-10.881,-9.9,0.3399,-0.6,-1.194,10657
10658,AUG,36,1412.6861,6,0.0649,-11.681,-12.0,0.3399,-0.6,-1.194,10658
10659,AUG,36,2788.5887,6,-1.6351,-12.281,-10.9,0.3399,-0.6,-1.194,10659
10660,AUG,36,1725.4804,6,-0.4351,-13.281,-12.8,0.3399,-0.9,-1.194,10660
10661,AUG,36,156.5085,6,5.5649,-8.481,-14.3,0.3399,-0.6,-1.194,10661
10662,AUG,36,540.8748,6,2.4649,-11.281,-14.0,0.3399,-0.6,-1.194,10662
10663,AUG,20,95.843,11,6.7908,-8.081,-12.1,3.9658,0.0,-1.194,10663
10664,AUG,36,442.8253,6,2.9649,-12.881,-16.7,0.3399,0.0,-1.194,10664
10665,AUG,36,839.8435,6,1.3649,-9.181,-11.4,0.3399,0.0,-1.194,10665
10666,AUG,33,98.3985,5,6.725,-6.781,-10.0,0.0,-4.7,-1.194,10666
10667,AUG,39,4952.9133,4,-3.0711,-8.581,-6.7,0.0039,0.0,-1.194,10667
10668,AUG,36,162.8961,6,5.4649,-8.781,-14.5,0.3399,-0.6,-1.194,10668
10669,AUG,36,3020.8572,6,-1.8351,-11.981,-11.0,0.3399,0.0,-1.194,10669
10670,AUG,36,806.9107,6,1.4649,-9.981,-12.3,0.3399,0.0,-1.194,10670
10671,AUG,33,888.1703,5,1.225,-6.581,-9.0,0.0,0.0,-1.194,10671
10672,AUG,36,5504.5682,6,-3.3351,-13.981,-11.5,0.3399,0.0,-1.194,10672
10673,AUG,36,1071.8478,9,0.7551,-12.581,-11.8,2.1301,-0.6,-1.194,10673
10674,AUG,36,985.5754,6,0.9649,-10.381,-12.2,0.3399,0.0,-1.194,10674
10675,AUG,33,180.4724,10,5.2087,-8.281,-11.7,2.9837,0.0,-1.194,10675
10677,AUG,36,169.5444,6,5.3649,-6.381,-12.6,0.3399,0.0,-1.194,10677
10678,AUG,33,595.3434,5,2.225,-6.481,-9.9,0.0,0.0,-1.194,10678
10679,AUG,33,135.51,5,5.925,-8.181,-12.6,0.0,-2.7,-1.194,10679
10680,AUG,36,2473.2377,6,-1.3351,-11.381,-10.3,0.3399,-0.6,-1.194,10680
10681,AUG,34,138.8095,6,5.8649,-9.681,-13.3,0.3399,-3.1,-1.194,10681
10682,AUG,39,4952.9133,4,-3.0711,-8.581,-6.7,0.0039,0.0,-1.194,10682
10683,AUG,33,468.3067,5,2.825,-8.881,-12.9,0.0,0.0,-1.194,10683
10684,AUG,33,0.0208,21,27.8757,-3.081,-11.3,20.8507,0.0,-1.194,10684
10685,AUG,33,257.0025,5,4.325,-9.981,-11.3,0.0,-4.2,-1.194,10685
10686,AUG,36,215.5365,6,4.7649,-6.381,-12.0,0.3399,0.0,-1.194,10686
10687,AUG,36,687.597,6,1.8649,-9.181,-9.9,0.3399,-2.0,-1.194,10687
10688,AUG,36,775.2693,6,1.5649,-9.481,-11.9,0.3399,0.0,-1.194,10688
10689,AUG,36,775.2693,6,1.5649,-8.881,-10.7,0.3399,-0.6,-1.194,10689
10690,AUG,36,2283.0746,6,-1.1351,-12.881,-12.6,0.3399,0.0,-1.194,10690
10691,AUG,33,94.54,5,6.825,-11.081,-13.0,0.0,-6.1,-1.194,10691
10692,AUG,33,418.0623,10,3.1087,-9.581,-10.9,2.9837,0.0,-1.194,10692
10693,AUG,33,37.6738,5,9.125,-12.281,-14.7,0.0,-7.9,-1.194,10693
10694,AUG,36,113.6462,6,6.3649,-7.081,-14.3,0.3399,0.0,-1.194,10694
10695,AUG,36,98.3985,5,6.725,-7.181,-9.9,0.0,-5.2,-1.194,10695
10696,AUG,33,1899.2442,5,-0.675,-7.581,-8.1,0.0,0.0,-1.194,10696
10697,AUG,36,10030.3551,6,-4.8351,-15.281,-10.6,0.3399,-0.7,-1.194,10697
10698,AUG,36,2376.2547,6,-1.2351,-10.481,-10.1,0.3399,0.0,-1.194,10698
10699,AUG,36,5081.3313,6,-3.1351,-13.381,-11.1,0.3399,0.0,-1.194,10699
10700,AUG,39,16445.4907,4,-6.0711,-13.281,-8.4,0.0039,0.0,-1.194,10700
10701,AUG,33,186.6183,5,5.125,-7.481,-13.8,0.0,0.0,-1.194,10701
10702,AUG,23,86986.3887,6,-10.2351,-15.881,-6.5,0.3399,0.0,-1.194,10702
10703,AUG,33,724.7925,7,1.7332,-8.681,-7.6,0.8082,-3.2,-1.194,10703
10704,AUG,33,485.8308,7,2.7332,-5.381,-8.5,0.8082,0.0,-1.194,10704
10705,AUG,33,761.7878,10,1.6087,-8.281,-8.1,2.9837,0.0,-1.194,10705
10706,AUG,36,150.3713,6,5.6649,-7.181,-13.7,0.3399,0.0,-1.194,10706
10707,AUG,36,2376.2547,6,-1.2351,-10.581,-10.2,0.3399,0.0,-1.194,10707
10708,AUG,36,744.8687,6,1.6649,-10.381,-12.9,0.3399,0.0,-1.194,10708
10709,AUG,33,1001.4168,5,0.925,-9.881,-8.7,0.0,-3.3,-1.194,10709
10710,AUG,36,1530.3523,6,-0.1351,-8.481,-8.5,0.3399,-0.7,-1.194,10710
10711,AUG,36,1025.8,6,0.8649,-10.081,-11.8,0.3399,0.0,-1.194,10711
10712,AUG,36,9637.0351,6,-4.7351,-13.981,-10.1,0.3399,0.0,-1.194,10712
10713,AUG,36,191.1623,6,5.0649,-8.181,-13.4,0.3399,-0.7,-1.194,10713
10714,AUG,33,1618.4129,5,-0.275,-7.881,-7.3,0.0,-1.5,-1.194,10714
10715,AUG,33,487.4199,5,2.725,-5.781,-9.7,0.0,0.0,-1.194,10715
10716,AUG,36,128.1367,6,6.0649,-8.581,-14.8,0.3399,-0.7,-1.194,10716
10717,AUG,36,1664.3118,9,-0.3449,-11.781,-9.8,2.1301,-0.7,-1.194,10717
10718,AUG,36,252.9369,6,4.3649,-11.181,-15.7,0.3399,-0.7,-1.194,10718
10719,AUG,36,839.8435,6,1.3649,-7.181,-9.4,0.3399,0.0,-1.194,10719
10720,AUG,33,370.7852,10,3.4087,-8.281,-9.9,2.9837,0.0,-1.194,10720
10721,AUG,36,479.7093,6,2.7649,-7.481,-11.1,0.3399,0.0,-1.194,10721
10722,AUG,36,687.597,6,1.8649,-7.281,-10.0,0.3399,0.0,-1.194,10722
10723,AUG,36,2574.1789,6,-1.4351,-10.981,-9.7,0.3399,-0.7,-1.194,10723
10724,AUG,36,1470.3426,6,-0.0351,-9.281,-9.4,0.3399,-0.7,-1.194,10724
10725,AUG,36,308.9417,6,3.8649,-8.681,-12.7,0.3399,-0.7,-1.194,10725
10726,AUG,33,924.4196,5,1.125,-8.681,-8.8,0.0,-2.2,-1.194,10726
10727,AUG,36,414.5333,8,3.1299,-9.681,-11.9,1.4049,-0.7,-1.194,10727
10728,AUG,36,133.3664,6,5.9649,-8.881,-15.0,0.3399,-0.7,-1.194,10728
10729,AUG,36,377.347,6,3.3649,-12.981,-17.2,0.3399,0.0,-1.194,10729
10730,AUG,33,110.9448,5,6.425,-8.681,-13.1,0.0,-3.2,-1.194,10730
10731,AUG,33,2949.0516,5,-1.775,-10.781,-10.2,0.0,0.0,-1.194,10731
10732,AUG,33,1042.288,5,0.825,-4.981,-7.0,0.0,0.0,-1.194,10732
10733,AUG,33,3460.7789,5,-2.175,-11.281,-8.8,0.0,-1.5,-1.194,10733
10734,AUG,36,334.6743,6,3.6649,-9.081,-13.6,0.3399,0.0,-1.194,10734
10735,AUG,36,7890.0379,6,-4.2351,-13.181,-9.8,0.3399,0.0,-1.194,10735
10736,AUG,33,1129.1028,5,0.625,-13.381,-10.7,0.0,-4.5,-1.194,10736
10737,AUG,20,817.2075,7,1.4332,-2.381,-4.2,0.8082,0.0,-1.194,10737
10738,AUG,36,839.8435,6,1.3649,-9.581,-11.8,0.3399,0.0,-1.194,10738
10739,AUG,36,1304.0671,6,0.2649,-11.581,-12.0,0.3399,-0.7,-1.194,10739
10740,AUG,33,452.8837,10,2.9087,-9.581,-10.7,2.9837,0.0,-1.194,10740
10741,AUG,36,1156.595,6,0.5649,-11.281,-12.0,0.3399,-0.7,-1.194,10741
10742,AUG,27,585.9257,6,2.2649,-7.381,-10.5,0.3399,0.0,-1.194,10742
10743,AUG,33,418.0623,10,3.1087,-9.581,-10.9,2.9837,0.0,-1.194,10743
10744,AUG,33,1001.4168,5,0.925,-6.981,-7.0,0.0,-2.1,-1.194,10744
10745,AUG,36,744.8687,6,1.6649,-7.081,-9.6,0.3399,0.0,-1.194,10745
10746,AUG,33,382.1623,7,3.3332,-2.981,-6.7,0.8082,0.0,-1.194,10746
10747,AUG,36,909.7962,6,1.1649,-9.281,-11.3,0.3399,0.0,-1.194,10747
10748,AUG,36,13271.6952,6,-5.5351,-14.081,-9.4,0.3399,0.0,-1.194,10748
10749,AUG,36,1111.2415,6,0.6649,-7.281,-8.8,0.3399,0.0,-1.194,10749
10750,AUG,36,425.4608,6,3.0649,-8.681,-11.9,0.3399,-0.7,-1.194,10750
10751,AUG,36,93.0445,6,6.8649,-7.481,-15.2,0.3399,0.0,-1.194,10751
10752,AUG,36,1530.3523,6,-0.1351,-11.381,-11.4,0.3399,-0.7,-1.194,10752
10753,AUG,33,301.5982,5,3.925,-2.381,-7.5,0.0,0.0,-1.194,10753
10754,AUG,36,2193.5485,6,-1.0351,-10.281,-10.1,0.3399,0.0,-1.194,10754
10755,AUG,39,11770.849,6,-5.2351,-14.981,-10.6,0.3399,0.0,-1.194,10755
10756,AUG,36,296.8272,6,3.9649,-6.481,-11.3,0.3399,0.0,-1.194,10756
10757,AUG,33,671.2529,5,1.925,-8.781,-9.1,0.0,-2.8,-1.194,10757
10758,AUG,36,233.489,6,4.5649,-9.781,-15.2,0.3399,0.0,-1.194,10758
10759,AUG,33,90.8328,5,6.925,-4.081,-10.1,0.0,-2.1,-1.194,10759
10760,AUG,36,263.2601,6,4.2649,-6.481,-11.6,0.3399,0.0,-1.194,10760
10761,AUG,36,2902.4004,6,-1.7351,-14.481,-12.9,0.3399,-0.7,-1.194,10761
10762,AUG,36,157.1214,9,5.5551,-11.781,-15.7,2.1301,-0.7,-1.194,10762
10763,AUG,33,90.8328,5,6.925,-4.681,-10.0,0.0,-2.8,-1.194,10763
10764,AUG,36,4160.19,6,-2.6351,-12.481,-10.7,0.3399,0.0,-1.194,10764
10765,AUG,39,2718.1141,4,-1.5711,-6.381,-6.0,0.0039,0.0,-1.194,10765
10766,AUG,33,278.4088,5,4.125,-2.081,-7.4,0.0,0.0,-1.194,10766
10767,AUG,33,570.1334,7,2.3332,-4.681,-7.4,0.8082,0.0,-1.194,10767
10768,AUG,36,1067.6664,6,0.7649,-7.081,-8.7,0.3399,0.0,-1.194,10768
10769,AUG,36,2193.5485,6,-1.0351,-12.681,-12.5,0.3399,0.0,-1.194,10769
10770,AUG,33,172.2696,5,5.325,-4.381,-10.9,0.0,0.0,-1.194,10770
10771,AUG,36,1156.595,6,0.5649,-10.381,-11.8,0.3399,0.0,-1.194,10771
10772,AUG,33,210.4132,5,4.825,-5.481,-8.4,0.0,-3.1,-1.194,10772
10773,AUG,36,2913.7673,9,-1.7449,-12.681,-9.3,2.1301,-0.7,-1.194,10773
10774,AUG,33,1325.0277,5,0.225,-9.781,-7.9,0.0,-3.3,-1.194,10774
10775,AUG,33,449.943,5,2.925,-5.781,-9.9,0.0,0.0,-1.194,10775
10776,AUG,39,726.044,4,1.7289,-4.281,-7.2,0.0039,0.0,-1.194,10776
10777,AUG,33,368.3775,5,3.425,-8.281,-10.1,0.0,-2.8,-1.194,10777
10778,AUG,39,2944.5126,4,-1.7711,-6.381,-5.8,0.0039,0.0,-1.194,10778
10779,AUG,36,3689.7297,6,-2.3351,-10.081,-8.6,0.3399,0.0,-1.194,10779
10780,AUG,34,467.3885,8,2.8299,-10.681,-13.3,1.4049,0.0,-1.194,10780
10781,AUG,36,301.134,4,3.9289,-10.481,-10.0,0.0039,-5.6,-1.194,10781
10782,AUG,36,233.489,6,4.5649,-11.781,-13.9,0.3399,-3.3,-1.194,10782
10783,AUG,33,368.3775,5,3.425,-2.181,-6.7,0.0,-0.1,-1.194,10783
10784,AUG,36,2574.1789,6,-1.4351,-10.281,-9.7,0.3399,0.0,-1.194,10784
10785,AUG,33,278.4088,5,4.125,-2.781,-7.3,0.0,-0.8,-1.194,10785
10786,AUG,27,585.9257,6,2.2649,-7.381,-10.5,0.3399,0.0,-1.194,10786
10787,AUG,36,687.597,6,1.8649,-6.581,-9.3,0.3399,0.0,-1.194,10787
10788,AUG,36,399.0606,5,3.225,-10.581,-10.0,0.0,-5.0,-1.194,10788
10789,AUG,36,252.9369,6,4.3649,-7.481,-12.7,0.3399,0.0,-1.194,10789
10790,AUG,36,1530.3523,6,-0.1351,-10.581,-11.3,0.3399,0.0,-1.194,10790
10791,AUG,33,850.5605,7,1.3332,-5.481,-7.2,0.8082,0.0,-1.194,10791
10792,AUG,36,1869.1999,6,-0.6351,-11.981,-8.9,0.3399,-3.3,-1.194,10792
10793,AUG,33,1493.9759,5,-0.075,-6.581,-7.7,0.0,0.0,-1.194,10793
10794,AUG,33,418.0623,10,3.1087,-9.581,-10.9,2.9837,0.0,-1.194,10794
10795,AUG,36,7283.3863,6,-4.0351,-12.481,-9.3,0.3399,0.0,-1.194,10795
10796,AUG,39,8004.5178,4,-4.2711,-8.781,-5.7,0.0039,0.0,-1.194,10796
10797,AUG,36,479.7093,6,2.7649,-8.381,-12.0,0.3399,0.0,-1.194,10797
10798,AUG,33,669.0645,7,1.9332,-4.681,-7.0,0.8082,0.0,-1.194,10798
10799,AUG,36,548.4909,8,2.4299,-8.981,-11.2,1.4049,0.0,-1.194,10799
10800,AUG,36,146.797,5,5.725,-7.081,-10.9,0.0,-3.1,-1.194,10800
10801,AUG,33,449.943,5,2.925,-5.781,-9.9,0.0,0.0,-1.194,10801
10802,AUG,34,467.3885,8,2.8299,-10.681,-13.3,1.4049,0.0,-1.194,10802
10803,AUG,36,4329.9814,6,-2.7351,-14.181,-12.3,0.3399,0.0,-1.194,10803
10804,AUG,36,2193.5485,6,-1.0351,-11.981,-11.8,0.3399,0.0,-1.194,10804
10805,AUG,36,1111.2415,6,0.6649,-6.581,-8.1,0.3399,0.0,-1.194,10805
10806,AUG,39,4952.9133,4,-3.0711,-8.581,-6.7,0.0039,0.0,-1.194,10806
10807,AUG,36,2788.5887,6,-1.6351,-12.581,-11.5,0.3399,-0.3,-1.194,10807
10808,AUG,36,985.5754,6,0.9649,-6.381,-8.2,0.3399,0.0,-1.194,10808
10809,AUG,33,1684.4658,5,-0.375,-5.681,-5.7,0.0,-0.8,-1.194,10809
10810,AUG,23,36078.4737,6,-8.0351,-15.981,-8.8,0.3399,0.0,-1.194,10810
10811,AUG,36,4160.19,6,-2.6351,-11.781,-10.0,0.3399,0.0,-1.194,10811
10812,AUG,36,1725.4804,6,-0.4351,-7.781,-8.2,0.3399,0.0,-1.194,10812
10813,AUG,33,1001.4168,5,0.925,-7.381,-8.5,0.0,-1.0,-1.194,10813
10814,AUG,33,301.5982,5,3.925,-2.381,-7.5,0.0,0.0,-1.194,10814
10815,AUG,36,377.347,6,3.3649,-12.281,-16.5,0.3399,0.0,-1.194,10815
10816,AUG,33,1493.9759,5,-0.075,-8.881,-10.0,0.0,0.0,-1.194,10816
10817,AUG,33,485.8308,7,2.7332,-5.381,-8.5,0.8082,0.0,-1.194,10817
10818,AUG,36,946.928,6,1.0649,-9.581,-11.5,0.3399,0.0,-1.194,10818
10819,AUG,36,408.7772,6,3.1649,-7.981,-12.0,0.3399,0.0,-1.194,10819
10820,AUG,33,819.8804,5,1.425,-5.981,-8.6,0.0,0.0,-1.194,10820
10821,AUG,36,169.5444,6,5.3649,-7.881,-14.1,0.3399,0.0,-1.194,10821
10822,AUG,33,219.0009,5,4.725,-5.481,-11.4,0.0,0.0,-1.194,10822
10823,AUG,33,1129.1028,5,0.625,-5.481,-7.3,0.0,0.0,-1.194,10823
10824,AUG,36,207.8957,9,4.8551,-11.081,-15.0,2.1301,0.0,-1.194,10824
10825,AUG,36,5081.3313,6,-3.1351,-12.681,-10.4,0.3399,0.0,-1.194,10825
10826,AUG,36,687.597,6,1.8649,-8.581,-11.3,0.3399,0.0,-1.194,10826
10827,AUG,36,2376.2547,6,-1.2351,-9.881,-9.5,0.3399,0.0,-1.194,10827
10828,AUG,36,909.7962,6,1.1649,-9.381,-11.4,0.3399,0.0,-1.194,10828
10829,AUG,33,172.2696,5,5.325,-4.881,-10.9,0.0,-0.5,-1.194,10829
10830,AUG,39,2944.5126,4,-1.7711,-6.381,-5.8,0.0039,0.0,-1.194,10830
10831,AUG,36,150.3713,6,5.6649,-6.481,-13.0,0.3399,0.0,-1.194,10831
10832,AUG,39,53824.1101,6,-9.0351,-14.981,-6.8,0.3399,0.0,-1.194,10832
10833,AUG,39,726.044,4,1.7289,-4.281,-7.2,0.0039,0.0,-1.194,10833
10834,AUG,36,9637.0351,6,-4.7351,-13.281,-9.4,0.3399,0.0,-1.194,10834
10835,AUG,33,1899.2442,5,-0.675,-10.781,-10.3,0.0,-1.0,-1.194,10835
10836,AUG,36,839.8435,6,1.3649,-11.781,-10.7,0.3399,-3.3,-1.194,10836
10837,AUG,33,432.2994,5,3.025,-7.281,-10.7,0.0,-0.8,-1.194,10837
10838,AUG,33,595.3434,5,2.225,-2.681,-5.3,0.0,-0.8,-1.194,10838
10839,AUG,33,415.3476,5,3.125,-5.781,-10.1,0.0,0.0,-1.194,10839
10840,AUG,36,3545.0444,6,-2.2351,-9.381,-8.0,0.3399,0.0,-1.194,10840
10841,AUG,33,1824.7692,5,-0.575,-6.481,-7.1,0.0,0.0,-1.194,10841
10842,AUG,36,562.9498,6,2.3649,-6.381,-9.6,0.3399,0.0,-1.194,10842
10843,AUG,36,334.6743,6,3.6649,-10.481,-15.0,0.3399,0.0,-1.194,10843
10844,AUG,36,263.2601,6,4.2649,-5.781,-10.9,0.3399,0.0,-1.194,10844
10845,AUG,33,671.2529,5,1.925,-7.581,-10.7,0.0,0.0,-1.194,10845
10846,AUG,36,93.0445,6,6.8649,-6.781,-14.5,0.3399,0.0,-1.194,10846
10847,AUG,36,744.8687,6,1.6649,-9.681,-12.2,0.3399,0.0,-1.194,10847
10848,AUG,36,1156.595,6,0.5649,-9.681,-11.1,0.3399,0.0,-1.194,10848
10849,AUG,36,1304.0671,6,0.2649,-10.881,-12.0,0.3399,0.0,-1.194,10849
10850,AUG,33,277.5012,7,4.1332,-3.781,-8.3,0.8082,0.0,-1.194,10850
10851,AUG,33,152.7883,5,5.625,-6.681,-9.0,0.0,-4.5,-1.194,10851
10852,AUG,36,233.489,6,4.5649,-9.081,-14.5,0.3399,0.0,-1.194,10852
10853,AUG,33,115.4729,5,6.325,-6.881,-9.9,0.0,-4.5,-1.194,10853
10854,AUG,39,2944.5126,4,-1.7711,-6.381,-5.8,0.0039,0.0,-1.194,10854
10855,AUG,33,278.4088,5,4.125,-2.081,-7.4,0.0,0.0,-1.194,10855
10856,AUG,36,1615.2396,8,-0.2701,-8.981,-8.5,1.4049,0.0,-1.194,10856
10857,AUG,33,186.6183,5,5.125,-7.481,-13.8,0.0,0.0,-1.194,10857
10858,AUG,33,2949.0516,5,-1.775,-10.781,-10.2,0.0,0.0,-1.194,10858
10859,AUG,36,176.4641,6,5.2649,-8.181,-14.3,0.3399,0.0,-1.194,10859
10860,AUG,36,479.7093,6,2.7649,-6.781,-10.4,0.3399,0.0,-1.194,10860
10861,AUG,36,634.7289,6,2.0649,-8.881,-11.8,0.3399,0.0,-1.194,10861
10862,AUG,36,562.9498,6,2.3649,-7.981,-11.2,0.3399,0.0,-1.194,10862
10863,AUG,20,43.6821,9,8.7551,0.619,-7.2,2.1301,0.0,-1.194,10863
10864,AUG,39,23572.3385,4,-6.9711,-13.281,-7.5,0.0039,0.0,-1.194,10864
10865,AUG,33,1001.4168,5,0.925,-5.081,-7.1,0.0,-0.1,-1.194,10865
10866,AUG,33,452.8837,10,2.9087,-9.581,-10.7,2.9837,0.0,-1.194,10866
10867,AUG,32,5504.5682,6,-3.3351,-11.281,-8.8,0.3399,0.0,-1.194,10867
10868,AUG,36,3840.3201,6,-2.4351,-13.781,-12.2,0.3399,0.0,-1.194,10868
10869,AUG,36,224.3332,6,4.6649,-8.181,-11.3,0.3399,-2.4,-1.194,10869
10870,AUG,33,724.7925,7,1.7332,-10.681,-12.8,0.8082,0.0,-1.194,10870
10871,AUG,39,726.044,4,1.7289,-4.281,-7.2,0.0039,0.0,-1.194,10871
10872,AUG,33,120.1857,5,6.225,-2.181,-9.5,0.0,-0.1,-1.194,10872
10873,AUG,33,280.2285,10,4.1087,-9.581,-11.9,2.9837,0.0,-1.194,10873
10874,AUG,36,191.1623,6,5.0649,-12.881,-12.7,0.3399,-6.1,-1.194,10874
10875,AUG,36,224.3332,6,4.6649,-5.981,-11.5,0.3399,0.0,-1.194,10875
10876,AUG,36,150.3713,6,5.6649,-6.681,-13.2,0.3399,0.0,-1.194,10876
10877,AUG,36,985.5754,6,0.9649,-9.581,-11.4,0.3399,0.0,-1.194,10877
10878,AUG,36,744.8687,6,1.6649,-9.881,-12.4,0.3399,0.0,-1.194,10878
10879,AUG,36,4690.6365,6,-2.9351,-13.481,-11.4,0.3399,0.0,-1.194,10879
10880,AUG,33,248.5385,10,4.4087,-8.281,-10.9,2.9837,0.0,-1.194,10880
10881,AUG,36,3406.0327,6,-2.1351,-14.181,-12.4,0.3399,-0.5,-1.194,10881
10882,AUG,36,224.3332,6,4.6649,-7.881,-12.9,0.3399,-0.5,-1.194,10882
10883,AUG,33,289.7717,5,4.025,-10.281,-11.0,0.0,-4.5,-1.194,10883
10884,AUG,33,94.54,5,6.825,-6.881,-10.1,0.0,-4.8,-1.194,10884
10885,AUG,33,340.0536,5,3.625,-1.881,-6.7,0.0,0.0,-1.194,10885
10886,AUG,36,252.9369,6,4.3649,-15.681,-14.8,0.3399,-6.1,-1.194,10886
10887,AUG,23,68424.8856,6,-9.6351,-15.781,-7.0,0.3399,0.0,-1.194,10887
10888,AUG,36,133.3664,6,5.9649,-8.281,-14.3,0.3399,-0.8,-1.194,10888
10889,AUG,36,562.9498,6,2.3649,-13.281,-13.0,0.3399,-3.5,-1.194,10889
10890,AUG,36,263.2601,6,4.2649,-10.881,-15.2,0.3399,-0.8,-1.194,10890
10891,AUG,33,756.8412,5,1.625,-6.481,-9.3,0.0,0.0,-1.194,10891
10892,AUG,36,2473.2377,6,-1.3351,-15.981,-12.2,0.3399,-3.3,-1.194,10892
10893,AUG,39,19023.1412,6,-6.4351,-14.981,-9.4,0.3399,0.0,-1.194,10893
10894,AUG,36,6723.3792,6,-3.8351,-13.581,-10.6,0.3399,0.0,-1.194,10894
10895,AUG,33,368.3775,5,3.425,-1.981,-6.6,0.0,0.0,-1.194,10895
10896,AUG,36,548.4909,8,2.4299,-9.181,-11.4,1.4049,0.0,-1.194,10896
10897,AUG,33,186.6183,5,5.125,-7.481,-13.8,0.0,0.0,-1.194,10897
10898,AUG,36,2107.5329,6,-0.9351,-14.681,-11.9,0.3399,-2.7,-1.194,10898
10899,AUG,36,176.4641,6,5.2649,-15.381,-15.4,0.3399,-6.1,-1.194,10899
10900,AUG,33,288.8269,7,4.0332,-5.481,-9.8,0.8082,-0.1,-1.194,10900
10901,AUG,36,442.8253,6,2.9649,-8.381,-11.4,0.3399,-0.8,-1.194,10901
10902,AUG,36,12751.2726,6,-5.4351,-11.381,-6.8,0.3399,0.0,-1.194,10902
10903,AUG,36,634.7289,6,2.0649,-9.081,-12.0,0.3399,0.0,-1.194,10903
10904,AUG,33,301.5982,5,3.925,-10.281,-10.9,0.0,-4.5,-1.194,10904
10905,AUG,20,521.7007,9,2.5551,-5.981,-7.6,2.1301,0.0,-1.194,10905
10906,AUG,33,397.7596,7,3.2332,-5.481,-9.1,0.8082,0.0,-1.194,10906
10907,AUG,36,4329.9814,6,-2.7351,-16.281,-11.0,0.3399,-3.4,-1.194,10907
10908,AUG,36,2376.2547,6,-1.2351,-10.081,-9.7,0.3399,0.0,-1.194,10908
10909,AUG,36,1725.4804,6,-0.4351,-7.981,-8.4,0.3399,0.0,-1.194,10909
10910,AUG,33,3460.7789,5,-2.175,-9.781,-8.8,0.0,0.0,-1.194,10910
10911,AUG,36,425.4608,6,3.0649,-12.881,-10.7,0.3399,-6.1,-1.194,10911
10912,AUG,36,408.7772,6,3.1649,-8.181,-12.2,0.3399,0.0,-1.194,10912
10913,AUG,33,888.1703,5,1.225,-8.881,-11.3,0.0,0.0,-1.194,10913
10914,AUG,36,207.8957,9,4.8551,-11.281,-15.2,2.1301,0.0,-1.194,10914
10915,AUG,33,507.3131,5,2.625,-12.181,-13.0,0.0,-3.0,-1.194,10915
10916,AUG,36,1304.0671,6,0.2649,-8.981,-9.6,0.3399,-0.5,-1.194,10916
10917,AUG,33,194.2349,5,5.025,-5.681,-8.6,0.0,-3.3,-1.194,10917
10918,AUG,36,377.347,6,3.3649,-15.481,-16.7,0.3399,-3.0,-1.194,10918
10919,AUG,33,2.1121,16,16.3277,-5.381,-12.1,10.8027,0.0,-1.194,10919
10920,AUG,33,1970.3141,7,-0.7668,-10.681,-10.3,0.8082,0.0,-1.194,10920
10921,AUG,36,687.597,6,1.8649,-8.781,-11.5,0.3399,0.0,-1.194,10921
10922,AUG,34,138.8095,6,5.8649,-9.681,-13.3,0.3399,-3.1,-1.194,10922
10923,AUG,33,853.3425,5,1.325,-7.581,-10.1,0.0,0.0,-1.194,10923
10924,AUG,36,585.9257,6,2.2649,-9.881,-9.8,0.3399,-3.2,-1.194,10924
10925,AUG,33,756.8412,5,1.625,-6.481,-9.3,0.0,0.0,-1.194,10925
10926,AUG,33,125.0909,5,6.125,-8.381,-12.8,0.0,-2.9,-1.194,10926
10927,AUG,36,263.2601,6,4.2649,-5.981,-11.1,0.3399,0.0,-1.194,10927
10928,AUG,36,562.9498,6,2.3649,-10.881,-14.1,0.3399,0.0,-1.194,10928
10929,AUG,33,42.4774,5,8.825,-14.981,-15.0,0.0,-10.0,-1.194,10929
10930,AUG,33,56.2041,5,8.125,-5.481,-11.7,0.0,-3.1,-1.194,10930
10931,AUG,36,89.3959,6,6.9649,-13.181,-14.8,0.3399,-6.2,-1.194,10931
10932,AUG,33,418.0623,10,3.1087,-9.581,-10.9,2.9837,0.0,-1.194,10932
10933,AUG,36,1156.595,6,0.5649,-11.281,-12.2,0.3399,-0.5,-1.194,10933
10934,AUG,36,2574.1789,6,-1.4351,-10.481,-9.9,0.3399,0.0,-1.194,10934
10935,AUG,36,460.8985,6,2.8649,-6.581,-10.3,0.3399,0.0,-1.194,10935
10936,AUG,33,159.0241,5,5.525,-11.481,-12.2,0.0,-6.0,-1.194,10936
10937,AUG,33,819.8804,5,1.425,-8.881,-8.6,0.0,-2.9,-1.194,10937
10938,AUG,36,775.2693,6,1.5649,-15.981,-12.3,0.3399,-6.1,-1.194,10938
10939,AUG,36,1530.3523,6,-0.1351,-13.781,-11.5,0.3399,-3.0,-1.194,10939
10940,AUG,33,65.9568,5,7.725,-5.381,-11.3,0.0,-3.0,-1.194,10940
10941,AUG,33,16.2633,5,11.225,-12.081,-14.5,0.0,-10.0,-1.194,10941
10942,AUG,36,207.0846,6,4.8649,-10.181,-12.4,0.3399,-3.5,-1.194,10942
10943,AUG,39,1127.365,4,0.6289,-6.381,-8.2,0.0039,0.0,-1.194,10943
10944,AUG,36,11770.849,6,-5.2351,-14.781,-10.4,0.3399,0.0,-1.194,10944
10945,AUG,33,44.2111,5,8.725,-11.881,-14.3,0.0,-7.5,-1.194,10945
10946,AUG,36,460.8985,6,2.8649,-6.581,-10.3,0.3399,0.0,-1.194,10946
10947,AUG,36,479.7093,6,2.7649,-10.181,-12.2,0.3399,-1.6,-1.194,10947
10948,AUG,33,853.3425,5,1.325,-6.381,-8.9,0.0,0.0,-1.194,10948
10949,AUG,36,2193.5485,6,-1.0351,-14.981,-12.0,0.3399,-2.8,-1.194,10949
10950,AUG,36,460.8985,6,2.8649,-13.181,-10.7,0.3399,-6.2,-1.194,10950
10951,AUG,33,1129.1028,5,0.625,-6.581,-8.4,0.0,0.0,-1.194,10951
10952,AUG,27,442.8253,6,2.9649,-7.381,-11.2,0.3399,0.0,-1.194,10952
10953,AUG,36,138.8095,6,5.8649,-8.581,-14.5,0.3399,-0.8,-1.194,10953
10954,AUG,36,233.489,6,4.5649,-9.781,-15.2,0.3399,0.0,-1.194,10954
10955,AUG,36,296.8272,6,3.9649,-6.481,-11.3,0.3399,0.0,-1.194,10955
10956,AUG,36,65.9568,5,7.725,-7.181,-10.9,0.0,-5.2,-1.194,10956
10957,AUG,36,308.9417,6,3.8649,-8.681,-12.7,0.3399,-0.7,-1.194,10957
10958,AUG,39,11770.849,6,-5.2351,-14.981,-10.6,0.3399,0.0,-1.194,10958
10959,AUG,33,449.943,5,2.925,-8.681,-10.6,0.0,-2.2,-1.194,10959
10960,AUG,36,540.8748,6,2.4649,-7.281,-10.6,0.3399,0.0,-1.194,10960
10961,AUG,36,2376.2547,6,-1.2351,-11.481,-10.4,0.3399,-0.7,-1.194,10961
10962,AUG,33,671.2529,5,1.925,-8.781,-9.1,0.0,-2.8,-1.194,10962
10963,AUG,36,377.347,6,3.3649,-12.981,-17.2,0.3399,0.0,-1.194,10963
10964,AUG,33,98.0777,7,6.7332,-2.981,-10.1,0.8082,0.0,-1.194,10964
10965,AUG,36,634.7289,6,2.0649,-11.581,-13.8,0.3399,-0.7,-1.194,10965
10966,AUG,39,726.044,4,1.7289,-4.281,-7.2,0.0039,0.0,-1.194,10966
10967,AUG,36,1530.3523,6,-0.1351,-8.481,-8.5,0.3399,-0.7,-1.194,10967
10968,AUG,36,2902.4004,6,-1.7351,-14.481,-12.9,0.3399,-0.7,-1.194,10968
10969,AUG,36,133.3664,6,5.9649,-8.881,-15.0,0.3399,-0.7,-1.194,10969
10970,AUG,33,110.9448,5,6.425,-8.681,-13.1,0.0,-3.2,-1.194,10970
10971,AUG,36,263.2601,6,4.2649,-7.281,-11.6,0.3399,-0.8,-1.194,10971
10972,AUG,36,2024.8903,6,-0.8351,-10.081,-10.1,0.3399,0.0,-1.194,10972
10973,AUG,33,468.3067,5,2.825,-6.981,-8.9,0.0,-2.1,-1.194,10973
10974,AUG,36,909.7962,6,1.1649,-9.281,-11.3,0.3399,0.0,-1.194,10974
10975,AUG,36,1156.595,6,0.5649,-10.381,-11.8,0.3399,0.0,-1.194,10975
10976,AUG,36,9637.0351,6,-4.7351,-13.981,-10.1,0.3399,0.0,-1.194,10976
10977,AUG,33,399.0606,5,3.225,-5.781,-10.2,0.0,0.0,-1.194,10977
10978,AUG,36,414.5333,8,3.1299,-9.681,-11.9,1.4049,-0.7,-1.194,10978
10979,AUG,36,7890.0379,6,-4.2351,-13.181,-9.8,0.3399,0.0,-1.194,10979
10980,AUG,36,1111.2415,6,0.6649,-7.281,-8.8,0.3399,0.0,-1.194,10980
10981,AUG,36,2193.5485,6,-1.0351,-12.681,-12.5,0.3399,0.0,-1.194,10981
10982,AUG,36,2376.2547,6,-1.2351,-10.481,-10.1,0.3399,0.0,-1.194,10982
10983,AUG,36,93.0445,6,6.8649,-7.481,-15.2,0.3399,0.0,-1.194,10983
10984,AUG,36,8212.0571,6,-4.3351,-15.281,-11.1,0.3399,-0.7,-1.194,10984
10985,AUG,33,526.2968,7,2.5332,-8.681,-8.4,0.8082,-3.2,-1.194,10985
10986,AUG,36,425.4608,6,3.0649,-8.681,-11.9,0.3399,-0.7,-1.194,10986
10987,AUG,33,342.2761,10,3.6087,-8.281,-10.1,2.9837,0.0,-1.194,10987
10988,AUG,36,2024.8903,6,-0.8351,-10.281,-10.3,0.3399,0.0,-1.194,10988
10989,AUG,39,5584.4363,4,-3.3711,-8.581,-6.4,0.0039,0.0,-1.194,10989
10990,AUG,36,408.7772,6,3.1649,-9.081,-13.1,0.3399,0.0,-1.194,10990
10991,AUG,33,819.8804,5,1.425,-9.781,-9.1,0.0,-3.3,-1.194,10991
10992,AUG,36,2913.7673,9,-1.7449,-12.681,-9.3,2.1301,-0.7,-1.194,10992
10993,AUG,36,157.1214,9,5.5551,-11.781,-15.7,2.1301,-0.7,-1.194,10993
10994,AUG,33,1129.1028,5,0.625,-7.581,-9.4,0.0,0.0,-1.194,10994
10995,AUG,36,3545.0444,6,-2.2351,-12.981,-11.6,0.3399,0.0,-1.194,10995
10996,AUG,23,94231.7033,6,-10.4351,-15.881,-6.3,0.3399,0.0,-1.194,10996
10997,AUG,36,1025.8,6,0.8649,-10.081,-11.8,0.3399,0.0,-1.194,10997
10998,AUG,36,128.1367,6,6.0649,-8.581,-14.8,0.3399,-0.7,-1.194,10998
10999,AUG,36,946.928,6,1.0649,-7.081,-9.0,0.3399,0.0,-1.194,10999
11000,AUG,36,1470.3426,6,-0.0351,-9.281,-9.4,0.3399,-0.7,-1.194,11000
11001,AUG,33,1899.2442,5,-0.675,-10.781,-11.3,0.0,0.0,-1.194,11001
11002,AUG,36,1025.8,6,0.8649,-7.181,-8.9,0.3399,0.0,-1.194,11002
11003,AUG,33,227.939,5,4.625,-5.081,-7.7,0.0,-3.2,-1.194,11003
11004,AUG,33,418.0623,10,3.1087,-9.581,-10.9,2.9837,0.0,-1.194,11004
11005,AUG,36,744.8687,6,1.6649,-7.081,-9.6,0.3399,0.0,-1.194,11005
11006,AUG,33,370.7852,10,3.4087,-9.581,-11.2,2.9837,0.0,-1.194,11006
11007,AUG,36,1220.7504,8,0.4299,-9.681,-9.2,1.4049,-0.7,-1.194,11007
11008,AUG,33,87.271,5,7.025,-4.381,-12.6,0.0,0.0,-1.194,11008
11009,AUG,34,467.3885,8,2.8299,-10.681,-13.3,1.4049,0.0,-1.194,11009
11010,AUG,33,399.0606,5,3.225,-5.781,-10.2,0.0,0.0,-1.194,11010
11011,AUG,36,3840.3201,6,-2.4351,-11.581,-9.3,0.3399,-0.7,-1.194,11011
11012,AUG,33,619.6414,5,2.125,-7.881,-9.7,0.0,-1.5,-1.194,11012
11013,AUG,36,479.7093,6,2.7649,-7.481,-11.1,0.3399,0.0,-1.194,11013
11014,AUG,36,839.8435,6,1.3649,-9.581,-11.8,0.3399,0.0,-1.194,11014
11015,AUG,27,479.7093,6,2.7649,-7.381,-11.0,0.3399,0.0,-1.194,11015
11016,AUG,33,368.3775,5,3.425,-8.281,-10.1,0.0,-2.8,-1.194,11016
11017,AUG,39,2944.5126,4,-1.7711,-6.381,-5.8,0.0039,0.0,-1.194,11017
11018,AUG,33,1129.1028,5,0.625,-13.381,-10.7,0.0,-4.5,-1.194,11018
11019,AUG,33,278.4088,5,4.125,-4.981,-10.3,0.0,0.0,-1.194,11019
11020,AUG,36,2574.1789,6,-1.4351,-10.981,-9.7,0.3399,-0.7,-1.194,11020
11021,AUG,36,4329.9814,6,-2.7351,-12.481,-10.6,0.3399,0.0,-1.194,11021
11022,AUG,36,744.8687,6,1.6649,-10.381,-12.9,0.3399,0.0,-1.194,11022
11023,AUG,33,146.3184,7,5.7332,-5.381,-11.5,0.8082,0.0,-1.194,11023
11024,AUG,36,5081.3313,6,-3.1351,-14.081,-11.8,0.3399,0.0,-1.194,11024
11025,AUG,36,150.3713,6,5.6649,-7.181,-13.7,0.3399,0.0,-1.194,11025
11026,AUG,36,3272.472,6,-2.0351,-14.881,-13.0,0.3399,-0.7,-1.194,11026
11027,AUG,33,90.8328,5,6.925,-4.081,-10.1,0.0,-2.1,-1.194,11027
11028,AUG,36,191.1623,6,5.0649,-8.181,-13.4,0.3399,-0.7,-1.194,11028
11029,AUG,33,352.7784,7,3.5332,-4.681,-8.6,0.8082,0.0,-1.194,11029
11030,AUG,33,146.797,5,5.725,-5.481,-9.3,0.0,-3.1,-1.194,11030
11031,AUG,33,356.2456,10,3.5087,-8.281,-10.0,2.9837,0.0,-1.194,11031
11032,AUG,33,671.2529,5,1.925,-9.881,-9.7,0.0,-3.3,-1.194,11032
11033,AUG,33,301.5982,5,3.925,-2.381,-7.5,0.0,0.0,-1.194,11033
11034,AUG,33,186.6183,5,5.125,-7.481,-13.8,0.0,0.0,-1.194,11034
11035,AUG,36,1156.595,6,0.5649,-11.281,-12.0,0.3399,-0.7,-1.194,11035
11036,AUG,33,71.4505,5,7.525,-2.081,-10.8,0.0,0.0,-1.194,11036
11037,AUG,36,2902.4004,6,-1.7351,-12.381,-10.8,0.3399,-0.7,-1.194,11037
11038,AUG,36,2376.2547,6,-1.2351,-10.581,-10.2,0.3399,0.0,-1.194,11038
11039,AUG,39,16445.4907,4,-6.0711,-13.281,-8.4,0.0039,0.0,-1.194,11039
11040,AUG,36,252.9369,6,4.3649,-11.181,-15.7,0.3399,-0.7,-1.194,11040
11041,AUG,39,2944.5126,4,-1.7711,-6.681,-6.1,0.0039,0.0,-1.194,11041
11042,AUG,39,4952.9133,4,-3.0711,-8.581,-6.7,0.0039,0.0,-1.194,11042
11043,AUG,36,1530.3523,6,-0.1351,-11.381,-11.4,0.3399,-0.7,-1.194,11043
11044,AUG,36,1304.0671,6,0.2649,-11.781,-12.2,0.3399,-0.7,-1.194,11044
11045,AUG,20,300.6149,7,3.9332,-2.681,-7.0,0.8082,0.0,-1.194,11045
11046,AUG,36,3840.3201,6,-2.4351,-13.381,-11.8,0.3399,0.0,-1.194,11046
11047,AUG,36,1664.3118,9,-0.3449,-11.781,-9.8,2.1301,-0.7,-1.194,11047
11048,AUG,36,3272.472,6,-2.0351,-14.881,-12.9,0.3399,-0.8,-1.194,11048
11049,AUG,36,144.4748,6,5.7649,-8.981,-14.8,0.3399,-0.8,-1.194,11049
11050,AUG,36,775.2693,6,1.5649,-7.481,-9.9,0.3399,0.0,-1.194,11050
11051,AUG,36,1470.3426,6,-0.0351,-9.681,-9.7,0.3399,-0.8,-1.194,11051
11052,AUG,33,186.6183,5,5.125,-7.481,-13.8,0.0,0.0,-1.194,11052
11053,AUG,33,2228.8061,5,-1.075,-10.981,-8.8,0.0,-2.3,-1.194,11053
11054,AUG,36,176.4641,6,5.2649,-7.581,-13.7,0.3399,0.0,-1.194,11054
11055,AUG,36,4160.19,6,-2.6351,-10.481,-8.7,0.3399,0.0,-1.194,11055
11056,AUG,23,23235.209,6,-6.9351,-15.981,-9.9,0.3399,0.0,-1.194,11056
11057,AUG,36,479.7093,6,2.7649,-9.081,-11.9,0.3399,-0.8,-1.194,11057
11058,AUG,33,1970.3141,7,-0.7668,-10.681,-10.3,0.8082,0.0,-1.194,11058
11059,AUG,33,1824.7692,5,-0.575,-6.481,-7.1,0.0,0.0,-1.194,11059
11060,AUG,33,485.8308,7,2.7332,-5.381,-8.5,0.8082,0.0,-1.194,11060
11061,AUG,36,5729.2283,6,-3.4351,-12.881,-10.3,0.3399,0.0,-1.194,11061
11062,AUG,33,1084.8273,5,0.725,-7.181,-8.4,0.0,-0.7,-1.194,11062
11063,AUG,33,325.6539,7,3.7332,-4.681,-8.8,0.8082,0.0,-1.194,11063
11064,AUG,27,585.9257,6,2.2649,-7.381,-10.5,0.3399,0.0,-1.194,11064
11065,AUG,33,219.0009,5,4.725,-2.381,-8.3,0.0,0.0,-1.194,11065
11066,AUG,33,2949.0516,5,-1.775,-10.781,-10.2,0.0,0.0,-1.194,11066
11067,AUG,36,687.597,6,1.8649,-7.681,-10.4,0.3399,0.0,-1.194,11067
11068,AUG,33,888.1703,5,1.225,-6.081,-7.9,0.0,-0.6,-1.194,11068
11069,AUG,33,452.8837,10,2.9087,-9.581,-10.7,2.9837,0.0,-1.194,11069
11070,AUG,33,172.2696,5,5.325,-5.381,-10.9,0.0,-1.0,-1.194,11070
11071,AUG,36,1067.6664,6,0.7649,-7.481,-9.1,0.3399,0.0,-1.194,11071
11072,AUG,36,2574.1789,6,-1.4351,-13.081,-12.5,0.3399,0.0,-1.194,11072
11073,AUG,36,660.6343,6,1.9649,-9.481,-12.3,0.3399,0.0,-1.194,11073
11074,AUG,33,257.0025,5,4.325,-2.681,-7.5,0.0,-0.7,-1.194,11074
11075,AUG,33,194.2349,5,5.025,-7.281,-11.7,0.0,-1.8,-1.194,11075
11076,AUG,36,1156.595,6,0.5649,-10.781,-12.2,0.3399,0.0,-1.194,11076
11077,AUG,36,285.1877,6,4.0649,-11.581,-15.7,0.3399,-0.8,-1.194,11077
11078,AUG,36,93.0445,6,6.8649,-7.881,-15.6,0.3399,0.0,-1.194,11078
11079,AUG,39,726.044,4,1.7289,-4.281,-7.2,0.0039,0.0,-1.194,11079
11080,AUG,36,2788.5887,6,-1.6351,-10.981,-10.2,0.3399,0.0,-1.194,11080
11081,AUG,33,172.2696,5,5.325,-2.581,-8.4,0.0,-0.7,-1.194,11081
11082,AUG,32,1869.1999,6,-0.6351,-11.681,-11.5,0.3399,-0.4,-1.194,11082
11083,AUG,36,744.8687,6,1.6649,-10.781,-13.3,0.3399,0.0,-1.194,11083
11084,AUG,33,418.0623,10,3.1087,-9.581,-10.9,2.9837,0.0,-1.194,11084
11085,AUG,36,442.8253,6,2.9649,-13.381,-17.2,0.3399,0.0,-1.194,11085
11086,AUG,36,13813.3581,6,-5.6351,-14.481,-9.7,0.3399,0.0,-1.194,11086
11087,AUG,33,1175.1853,5,0.525,-7.581,-7.0,0.0,-2.3,-1.194,11087
11088,AUG,36,1025.8,6,0.8649,-10.481,-12.2,0.3399,0.0,-1.194,11088
11089,AUG,39,2944.5126,4,-1.7711,-6.381,-5.8,0.0039,0.0,-1.194,11089
11090,AUG,36,946.928,6,1.0649,-9.681,-11.6,0.3399,0.0,-1.194,11090
11091,AUG,36,11309.279,6,-5.1351,-14.381,-10.1,0.3399,0.0,-1.194,11091
11092,AUG,36,1657.8191,6,-0.3351,-7.581,-8.1,0.3399,0.0,-1.194,11092
11093,AUG,36,2283.0746,6,-1.1351,-11.581,-10.4,0.3399,-0.9,-1.194,11093
11094,AUG,33,850.5605,7,1.3332,-5.481,-7.2,0.8082,0.0,-1.194,11094
11095,AUG,33,449.943,5,2.925,-5.781,-9.9,0.0,0.0,-1.194,11095
11096,AUG,36,806.9107,6,1.4649,-8.481,-9.9,0.3399,-0.9,-1.194,11096
11097,AUG,36,479.7093,6,2.7649,-7.881,-11.5,0.3399,0.0,-1.194,11097
11098,AUG,36,308.9417,6,3.8649,-6.881,-11.6,0.3399,0.0,-1.194,11098
11099,AUG,36,2574.1789,6,-1.4351,-11.381,-10.0,0.3399,-0.8,-1.194,11099
11100,AUG,36,1470.3426,6,-0.0351,-8.881,-8.9,0.3399,-0.8,-1.194,11100
11101,AUG,36,9259.1382,6,-4.6351,-13.581,-9.8,0.3399,0.0,-1.194,11101
11102,AUG,33,761.7878,10,1.6087,-8.281,-8.1,2.9837,0.0,-1.194,11102
11103,AUG,33,1493.9759,5,-0.075,-8.881,-10.0,0.0,0.0,-1.194,11103
11104,AUG,33,278.4088,5,4.125,-2.081,-7.4,0.0,0.0,-1.194,11104
11105,AUG,36,1111.2415,6,0.6649,-7.681,-9.2,0.3399,0.0,-1.194,11105
11106,AUG,36,150.3713,6,5.6649,-9.281,-15.0,0.3399,-0.8,-1.194,11106
11107,AUG,33,370.7852,10,3.4087,-8.281,-9.9,2.9837,0.0,-1.194,11107
11108,AUG,36,874.1203,6,1.2649,-9.981,-12.1,0.3399,0.0,-1.194,11108
11109,AUG,36,177.1552,9,5.2551,-12.181,-15.7,2.1301,-0.8,-1.194,11109
11110,AUG,33,1379.1066,5,0.125,-7.581,-8.9,0.0,0.0,-1.194,11110
11111,AUG,36,1304.0671,6,0.2649,-11.681,-12.0,0.3399,-0.8,-1.194,11111
11112,AUG,20,761.7878,10,1.6087,-4.481,-4.3,2.9837,0.0,-1.194,11112
11113,AUG,33,549.5685,5,2.425,-8.581,-8.6,0.0,-3.6,-1.194,11113
11114,AUG,36,215.5365,6,4.7649,-8.581,-13.4,0.3399,-0.8,-1.194,11114
11115,AUG,36,263.2601,6,4.2649,-6.881,-12.0,0.3399,0.0,-1.194,11115
11116,AUG,36,296.8272,6,3.9649,-9.081,-13.1,0.3399,-0.8,-1.194,11116
11117,AUG,33,819.8804,5,1.425,-5.581,-7.5,0.0,-0.7,-1.194,11117
11118,AUG,36,13271.6952,6,-5.5351,-11.281,-6.6,0.3399,0.0,-1.194,11118
11119,AUG,36,2679.2398,6,-1.5351,-10.881,-10.2,0.3399,0.0,-1.194,11119
11120,AUG,33,819.8804,5,1.425,-5.981,-8.6,0.0,0.0,-1.194,11120
11121,AUG,33,210.4132,5,4.825,-5.681,-8.1,0.0,-3.6,-1.194,11121
11122,AUG,39,2944.5126,4,-1.7711,-7.881,-7.3,0.0039,0.0,-1.194,11122
11123,AUG,33,172.2696,5,5.325,-5.981,-8.9,0.0,-3.6,-1.194,11123
11124,AUG,36,5081.3313,6,-3.1351,-13.781,-11.5,0.3399,0.0,-1.194,11124
11125,AUG,36,233.489,6,4.5649,-10.181,-15.6,0.3399,0.0,-1.194,11125
11126,AUG,39,42338.9065,6,-8.4351,-14.981,-7.4,0.3399,0.0,-1.194,11126
11127,AUG,36,398.2782,8,3.2299,-10.081,-12.3,1.4049,-0.8,-1.194,11127
11128,AUG,39,18542.3787,4,-6.3711,-13.281,-8.1,0.0039,0.0,-1.194,11128
11129,AUG,33,487.4199,5,2.725,-5.781,-9.7,0.0,0.0,-1.194,11129
11130,AUG,33,1493.9759,5,-0.075,-6.581,-7.7,0.0,0.0,-1.194,11130
11131,AUG,34,467.3885,8,2.8299,-10.681,-13.3,1.4049,0.0,-1.194,11131
11132,AUG,36,11770.849,6,-5.2351,-15.681,-10.5,0.3399,-0.8,-1.194,11132
11133,AUG,33,301.5982,5,3.925,-2.381,-7.5,0.0,0.0,-1.194,11133
11134,AUG,36,1725.4804,6,-0.4351,-7.781,-8.2,0.3399,0.0,-1.194,11134
11135,AUG,36,744.8687,6,1.6649,-9.681,-12.2,0.3399,0.0,-1.194,11135
11136,AUG,36,9259.1382,6,-4.6351,-11.281,-7.5,0.3399,0.0,-1.194,11136
11137,AUG,36,1111.2415,6,0.6649,-6.581,-8.1,0.3399,0.0,-1.194,11137
11138,AUG,33,2057.437,5,-0.875,-8.881,-9.2,0.0,0.0,-1.194,11138
11139,AUG,36,150.3713,6,5.6649,-6.481,-13.0,0.3399,0.0,-1.194,11139
11140,AUG,33,1899.2442,5,-0.675,-7.581,-8.1,0.0,0.0,-1.194,11140
11141,AUG,36,252.9369,6,4.3649,-7.481,-12.7,0.3399,0.0,-1.194,11141
11142,AUG,34,467.3885,8,2.8299,-10.681,-13.3,1.4049,0.0,-1.194,11142
11143,AUG,33,1824.7692,5,-0.575,-6.481,-7.1,0.0,0.0,-1.194,11143
11144,AUG,36,377.347,6,3.3649,-12.281,-16.5,0.3399,0.0,-1.194,11144
11145,AUG,33,382.1623,7,3.3332,-2.981,-6.7,0.8082,0.0,-1.194,11145
11146,AUG,36,5081.3313,6,-3.1351,-12.681,-10.4,0.3399,0.0,-1.194,11146
11147,AUG,33,761.7878,10,1.6087,-8.281,-8.1,2.9837,0.0,-1.194,11147
11148,AUG,33,1129.1028,5,0.625,-5.481,-7.3,0.0,0.0,-1.194,11148
11149,AUG,33,449.943,5,2.925,-5.781,-9.9,0.0,0.0,-1.194,11149
11150,AUG,33,370.7852,10,3.4087,-8.281,-9.9,2.9837,0.0,-1.194,11150
11151,AUG,36,479.7093,6,2.7649,-6.781,-10.4,0.3399,0.0,-1.194,11151
11152,AUG,33,644.9311,5,2.025,-8.081,-8.1,0.0,-3.2,-1.194,11152
11153,AUG,36,548.4909,8,2.4299,-8.981,-11.2,1.4049,0.0,-1.194,11153
11154,AUG,36,207.8957,9,4.8551,-11.081,-15.0,2.1301,0.0,-1.194,11154
11155,AUG,33,172.2696,5,5.325,-4.381,-10.9,0.0,0.0,-1.194,11155
11156,AUG,36,169.5444,6,5.3649,-7.881,-14.1,0.3399,0.0,-1.194,11156
11157,AUG,36,1025.8,6,0.8649,-9.381,-11.1,0.3399,0.0,-1.194,11157
11158,AUG,36,176.4641,6,5.2649,-8.181,-14.3,0.3399,0.0,-1.194,11158
11159,AUG,33,106.5943,5,6.525,-5.181,-9.7,0.0,-3.2,-1.194,11159
11160,AUG,33,487.4199,5,2.725,-5.781,-9.7,0.0,0.0,-1.194,11160
11161,AUG,36,1470.3426,6,-0.0351,-8.581,-9.4,0.3399,0.0,-1.194,11161
11162,AUG,36,2376.2547,6,-1.2351,-9.881,-9.5,0.3399,0.0,-1.194,11162
11163,AUG,27,585.9257,6,2.2649,-7.381,-10.5,0.3399,0.0,-1.194,11163
11164,AUG,36,687.597,6,1.8649,-8.581,-11.3,0.3399,0.0,-1.194,11164
11165,AUG,36,93.0445,6,6.8649,-6.781,-14.5,0.3399,0.0,-1.194,11165
11166,AUG,33,2141.408,5,-0.975,-7.581,-6.6,0.0,-1.2,-1.194,11166
11167,AUG,33,642.8285,7,2.0332,-4.681,-7.1,0.8082,0.0,-1.194,11167
11168,AUG,33,2949.0516,5,-1.775,-10.781,-10.2,0.0,0.0,-1.194,11168
11169,AUG,23,110583.0394,6,-10.8351,-15.981,-6.0,0.3399,0.0,-1.194,11169
11170,AUG,33,186.6183,5,5.125,-7.481,-13.8,0.0,0.0,-1.194,11170
11171,AUG,36,562.9498,6,2.3649,-6.381,-9.6,0.3399,0.0,-1.194,11171
11172,AUG,36,348.3335,6,3.5649,-8.381,-12.8,0.3399,0.0,-1.194,11172
11173,AUG,33,819.8804,5,1.425,-5.981,-8.6,0.0,0.0,-1.194,11173
11174,AUG,36,11770.849,6,-5.2351,-14.581,-10.2,0.3399,0.0,-1.194,11174
11175,AUG,36,263.2601,6,4.2649,-5.781,-10.9,0.3399,0.0,-1.194,11175
11176,AUG,33,1042.288,5,0.825,-4.981,-7.0,0.0,0.0,-1.194,11176
11177,AUG,36,233.489,6,4.5649,-9.081,-14.5,0.3399,0.0,-1.194,11177
11178,AUG,39,53824.1101,6,-9.0351,-14.981,-6.8,0.3399,0.0,-1.194,11178
11179,AUG,36,224.3332,6,4.6649,-5.781,-11.3,0.3399,0.0,-1.194,11179
11180,AUG,36,562.9498,6,2.3649,-7.981,-11.2,0.3399,0.0,-1.194,11180
11181,AUG,36,687.597,6,1.8649,-6.481,-9.2,0.3399,0.0,-1.194,11181
11182,AUG,36,985.5754,6,0.9649,-6.381,-8.2,0.3399,0.0,-1.194,11182
11183,AUG,33,399.0606,5,3.225,-5.481,-9.9,0.0,0.0,-1.194,11183
11184,AUG,36,2376.2547,6,-1.2351,-9.381,-9.0,0.3399,0.0,-1.194,11184
11185,AUG,33,452.8837,10,2.9087,-9.581,-10.7,2.9837,0.0,-1.194,11185
11186,AUG,36,7283.3863,6,-4.0351,-12.481,-9.3,0.3399,0.0,-1.194,11186
11187,AUG,33,485.8308,7,2.7332,-5.381,-8.5,0.8082,0.0,-1.194,11187
11188,AUG,33,278.4088,5,4.125,-2.081,-7.4,0.0,0.0,-1.194,11188
11189,AUG,33,432.2994,5,3.025,-3.481,-6.1,0.0,-1.6,-1.194,11189
11190,AUG,36,874.1203,6,1.2649,-6.481,-8.6,0.3399,0.0,-1.194,11190
11191,AUG,36,2107.5329,6,-0.9351,-9.581,-9.5,0.3399,0.0,-1.194,11191
11192,AUG,39,2944.5126,4,-1.7711,-6.381,-5.8,0.0039,0.0,-1.194,11192
11193,AUG,33,418.0623,10,3.1087,-9.581,-10.9,2.9837,0.0,-1.194,11193
11194,AUG,33,850.5605,7,1.3332,-5.481,-7.2,0.8082,0.0,-1.194,11194
11195,AUG,39,726.044,4,1.7289,-4.281,-7.2,0.0039,0.0,-1.194,11195
11196,AUG,33,1493.9759,5,-0.075,-6.581,-7.7,0.0,0.0,-1.194,11196
11197,AUG,36,634.7289,6,2.0649,-8.881,-11.8,0.3399,0.0,-1.194,11197
11198,AUG,33,277.5012,7,4.1332,-3.781,-8.3,0.8082,0.0,-1.194,11198
11199,AUG,33,756.8412,5,1.625,-8.381,-9.3,0.0,-1.9,-1.194,11199
11200,AUG,20,479.7093,6,2.7649,-0.581,-4.2,0.3399,0.0,-1.194,11200
11201,AUG,36,687.597,6,1.8649,-6.581,-9.3,0.3399,0.0,-1.194,11201
11202,AUG,36,2376.2547,6,-1.2351,-9.781,-9.4,0.3399,0.0,-1.194,11202
11203,AUG,36,4160.19,6,-2.6351,-11.781,-10.0,0.3399,0.0,-1.194,11203
11204,AUG,36,1530.3523,6,-0.1351,-10.581,-11.3,0.3399,0.0,-1.194,11204
11205,AUG,36,1156.595,6,0.5649,-9.681,-11.1,0.3399,0.0,-1.194,11205
11206,AUG,36,3840.3201,6,-2.4351,-13.781,-12.2,0.3399,0.0,-1.194,11206
11207,AUG,36,2193.5485,6,-1.0351,-11.981,-11.8,0.3399,0.0,-1.194,11207
11208,AUG,36,408.7772,6,3.1649,-7.981,-12.0,0.3399,0.0,-1.194,11208
11209,AUG,39,5584.4363,4,-3.3711,-8.581,-6.4,0.0039,0.0,-1.194,11209
11210,AUG,39,22647.997,4,-6.8711,-13.281,-7.6,0.0039,0.0,-1.194,11210
11211,AUG,36,334.6743,6,3.6649,-10.481,-15.0,0.3399,0.0,-1.194,11211
11212,AUG,36,2574.1789,6,-1.4351,-10.281,-9.7,0.3399,0.0,-1.194,11212
11213,AUG,36,9637.0351,6,-4.7351,-13.281,-9.4,0.3399,0.0,-1.194,11213
11214,AUG,39,2944.5126,4,-1.7711,-6.381,-5.8,0.0039,0.0,-1.194,11214
11215,AUG,36,263.2601,6,4.2649,-5.781,-10.9,0.3399,0.0,-1.194,11215
11216,AUG,36,1530.3523,6,-0.1351,-10.581,-11.3,0.3399,0.0,-1.194,11216
11217,AUG,36,1156.595,6,0.5649,-9.681,-11.1,0.3399,0.0,-1.194,11217
11218,AUG,36,408.7772,6,3.1649,-7.981,-12.0,0.3399,0.0,-1.194,11218
11219,AUG,36,1111.2415,6,0.6649,-6.581,-8.1,0.3399,0.0,-1.194,11219
11220,AUG,33,1970.3141,7,-0.7668,-10.681,-10.3,0.8082,0.0,-1.194,11220
11221,AUG,33,227.939,5,4.625,-5.781,-11.6,0.0,0.0,-1.194,11221
11222,AUG,36,687.597,6,1.8649,-6.581,-9.3,0.3399,0.0,-1.194,11222
11223,AUG,36,2107.5329,6,-0.9351,-9.581,-9.5,0.3399,0.0,-1.194,11223
11224,AUG,33,669.0645,7,1.9332,-4.681,-7.0,0.8082,0.0,-1.194,11224
11225,AUG,20,0.3925,-2,20.5346,0.319,-4.2,17.2096,0.0,-1.194,11225
11226,AUG,33,186.6183,5,5.125,-7.481,-13.8,0.0,0.0,-1.194,11226
11227,AUG,33,418.0623,10,3.1087,-9.581,-10.9,2.9837,0.0,-1.194,11227
11228,AUG,33,382.1623,7,3.3332,-2.981,-6.7,0.8082,0.0,-1.194,11228
11229,AUG,33,2057.437,5,-0.875,-8.881,-9.2,0.0,0.0,-1.194,11229
11230,AUG,33,1129.1028,5,0.625,-5.481,-7.3,0.0,0.0,-1.194,11230
11231,AUG,36,169.5444,6,5.3649,-7.881,-14.1,0.3399,0.0,-1.194,11231
11232,AUG,33,452.8837,10,2.9087,-9.581,-10.7,2.9837,0.0,-1.194,11232
11233,AUG,36,252.9369,6,4.3649,-7.481,-12.7,0.3399,0.0,-1.194,11233
11234,AUG,33,1042.288,5,0.825,-7.281,-8.5,0.0,-0.8,-1.194,11234
11235,AUG,36,479.7093,6,2.7649,-8.381,-12.0,0.3399,0.0,-1.194,11235
11236,AUG,36,3840.3201,6,-2.4351,-13.781,-12.2,0.3399,0.0,-1.194,11236
11237,AUG,36,562.9498,6,2.3649,-10.681,-13.9,0.3399,0.0,-1.194,11237
11238,AUG,36,93.0445,6,6.8649,-6.781,-14.5,0.3399,0.0,-1.194,11238
11239,AUG,36,7283.3863,6,-4.0351,-12.481,-9.3,0.3399,0.0,-1.194,11239
11240,AUG,36,176.4641,6,5.2649,-8.181,-14.3,0.3399,0.0,-1.194,11240
11241,AUG,36,2574.1789,6,-1.4351,-10.281,-9.7,0.3399,0.0,-1.194,11241
11242,AUG,27,585.9257,6,2.2649,-7.381,-10.5,0.3399,0.0,-1.194,11242
11243,AUG,33,761.7878,10,1.6087,-8.281,-8.1,2.9837,0.0,-1.194,11243
11244,AUG,39,726.044,4,1.7289,-4.281,-7.2,0.0039,0.0,-1.194,11244
11245,AUG,36,985.5754,6,0.9649,-6.381,-8.2,0.3399,0.0,-1.194,11245
11246,AUG,36,687.597,6,1.8649,-8.581,-11.3,0.3399,0.0,-1.194,11246
11247,AUG,33,1042.288,5,0.825,-4.981,-7.0,0.0,0.0,-1.194,11247
11248,AUG,36,4160.19,6,-2.6351,-11.781,-10.0,0.3399,0.0,-1.194,11248
11249,AUG,36,687.597,6,1.8649,-6.481,-9.2,0.3399,0.0,-1.194,11249
11250,AUG,36,150.3713,6,5.6649,-6.481,-13.0,0.3399,0.0,-1.194,11250
11251,AUG,33,210.4132,5,4.825,-2.681,-7.9,0.0,-0.8,-1.194,11251
11252,AUG,33,277.5012,7,4.1332,-3.781,-8.3,0.8082,0.0,-1.194,11252
11253,AUG,36,2193.5485,6,-1.0351,-11.981,-11.8,0.3399,0.0,-1.194,11253
11254,AUG,36,334.6743,6,3.6649,-10.481,-15.0,0.3399,0.0,-1.194,11254
11255,AUG,23,80298.1539,6,-10.0351,-15.981,-6.8,0.3399,0.0,-1.194,11255
11256,AUG,36,2376.2547,6,-1.2351,-9.881,-9.5,0.3399,0.0,-1.194,11256
11257,AUG,33,850.5605,7,1.3332,-5.481,-7.2,0.8082,0.0,-1.194,11257
11258,AUG,36,548.4909,8,2.4299,-8.981,-11.2,1.4049,0.0,-1.194,11258
11259,AUG,33,819.8804,5,1.425,-5.981,-8.6,0.0,0.0,-1.194,11259
11260,AUG,36,2473.2377,6,-1.3351,-9.381,-8.9,0.3399,0.0,-1.194,11260
11261,AUG,36,1725.4804,6,-0.4351,-7.781,-8.2,0.3399,0.0,-1.194,11261
11262,AUG,33,370.7852,10,3.4087,-8.281,-9.9,2.9837,0.0,-1.194,11262
11263,AUG,36,207.8957,9,4.8551,-11.081,-15.0,2.1301,0.0,-1.194,11263
11264,AUG,36,744.8687,6,1.6649,-9.681,-12.2,0.3399,0.0,-1.194,11264
11265,AUG,34,467.3885,8,2.8299,-10.681,-13.3,1.4049,0.0,-1.194,11265
11266,AUG,36,562.9498,6,2.3649,-6.381,-9.6,0.3399,0.0,-1.194,11266
11267,AUG,33,399.0606,5,3.225,-5.481,-9.9,0.0,0.0,-1.194,11267
11268,AUG,36,479.7093,6,2.7649,-6.781,-10.4,0.3399,0.0,-1.194,11268
11269,AUG,36,5081.3313,6,-3.1351,-12.681,-10.4,0.3399,0.0,-1.194,11269
11270,AUG,33,485.8308,7,2.7332,-5.381,-8.5,0.8082,0.0,-1.194,11270
11271,AUG,33,1493.9759,5,-0.075,-6.581,-7.7,0.0,0.0,-1.194,11271
11272,AUG,39,36078.4737,6,-8.0351,-14.981,-7.8,0.3399,0.0,-1.194,11272
11273,AUG,36,1203.7996,6,0.4649,-6.481,-7.8,0.3399,0.0,-1.194,11273
11274,AUG,33,3460.7789,5,-2.175,-10.781,-8.8,0.0,-1.0,-1.194,11274
11275,AUG,33,278.4088,5,4.125,-2.081,-7.4,0.0,0.0,-1.194,11275
11276,AUG,33,301.5982,5,3.925,-2.381,-7.5,0.0,0.0,-1.194,11276
11277,AUG,36,1025.8,6,0.8649,-9.381,-11.1,0.3399,0.0,-1.194,11277
11278,AUG,33,2949.0516,5,-1.775,-10.781,-10.2,0.0,0.0,-1.194,11278
11279,AUG,33,1824.7692,5,-0.575,-6.481,-7.1,0.0,0.0,-1.194,11279
11280,AUG,36,634.7289,6,2.0649,-8.881,-11.8,0.3399,0.0,-1.194,11280
11281,AUG,33,172.2696,5,5.325,-4.381,-10.9,0.0,0.0,-1.194,11281
11282,AUG,33,257.0025,5,4.325,-2.781,-7.5,0.0,-0.8,-1.194,11282
11283,AUG,33,962.1483,5,1.025,-5.681,-7.1,0.0,-0.8,-1.194,11283
11284,AUG,33,449.943,5,2.925,-5.781,-9.9,0.0,0.0,-1.194,11284
11285,AUG,33,2057.437,5,-0.875,-7.381,-6.7,0.0,-1.0,-1.194,11285
11286,AUG,36,377.347,6,3.3649,-12.281,-16.5,0.3399,0.0,-1.194,11286
11287,AUG,33,1899.2442,5,-0.675,-7.581,-8.1,0.0,0.0,-1.194,11287
11288,AUG,36,233.489,6,4.5649,-9.081,-14.5,0.3399,0.0,-1.194,11288
11289,AUG,36,1470.3426,6,-0.0351,-8.581,-9.4,0.3399,0.0,-1.194,11289
11290,AUG,36,224.3332,6,4.6649,-5.781,-11.3,0.3399,0.0,-1.194,11290
11291,AUG,36,9637.0351,6,-4.7351,-13.281,-9.4,0.3399,0.0,-1.194,11291
11292,AUG,36,224.3332,6,4.6649,-9.381,-11.3,0.3399,-3.6,-1.194,11292
11293,AUG,36,408.7772,6,3.1649,-7.981,-12.0,0.3399,0.0,-1.194,11293
11294,AUG,36,2376.2547,6,-1.2351,-9.881,-9.5,0.3399,0.0,-1.194,11294
11295,AUG,23,34663.7294,6,-7.9351,-15.781,-8.7,0.3399,0.0,-1.194,11295
11296,AUG,36,233.489,6,4.5649,-8.681,-11.9,0.3399,-2.2,-1.194,11296
11297,AUG,36,11770.849,6,-5.2351,-14.581,-10.2,0.3399,0.0,-1.194,11297
11298,AUG,33,16.9271,5,11.125,-12.181,-14.5,0.0,-10.0,-1.194,11298
11299,AUG,36,8547.2189,6,-4.4351,-13.281,-9.7,0.3399,0.0,-1.194,11299
11300,AUG,36,3855.3602,9,-2.4449,-11.981,-8.6,2.1301,0.0,-1.194,11300
11301,AUG,33,146.797,5,5.725,-11.081,-11.9,0.0,-6.1,-1.194,11301
11302,AUG,33,1753.2145,5,-0.475,-7.581,-8.3,0.0,0.0,-1.194,11302
11303,AUG,20,111.6699,10,6.4087,-3.381,-8.0,2.9837,0.0,-1.194,11303
11304,AUG,36,207.8957,9,4.8551,-11.081,-15.0,2.1301,0.0,-1.194,11304
11305,AUG,33,368.3775,5,3.425,-1.981,-6.6,0.0,0.0,-1.194,11305
11306,AUG,36,1795.9031,6,-0.5351,-9.381,-9.7,0.3399,0.0,-1.194,11306
11307,AUG,36,634.7289,6,2.0649,-8.881,-11.8,0.3399,0.0,-1.194,11307
11308,AUG,36,479.7093,6,2.7649,-8.581,-10.4,0.3399,-1.8,-1.194,11308
11309,AUG,36,1025.8,6,0.8649,-11.181,-11.1,0.3399,-1.8,-1.194,11309
11311,AUG,33,485.8308,7,2.7332,-5.481,-8.5,0.8082,-0.1,-1.194,11311
11312,AUG,36,2788.5887,6,-1.6351,-12.881,-11.0,0.3399,-1.1,-1.194,11312
11313,AUG,36,687.597,6,1.8649,-8.581,-11.3,0.3399,0.0,-1.194,11313
11314,AUG,35,2050.7293,7,-0.8668,-11.581,-11.1,0.8082,0.0,-1.194,11314
11315,AUG,33,571.9982,5,2.325,-1.881,-5.4,0.0,0.0,-1.194,11315
11316,AUG,33,219.0009,5,4.725,-4.781,-8.0,0.0,-2.7,-1.194,11316
11317,AUG,33,110.9448,5,6.425,-11.681,-12.9,0.0,-6.4,-1.194,11317
11318,AUG,36,198.9642,6,4.9649,-10.481,-15.0,0.3399,-1.3,-1.194,11318
11319,AUG,39,4392.807,4,-2.7711,-8.581,-7.0,0.0039,0.0,-1.194,11319
11320,AUG,36,1111.2415,6,0.6649,-8.381,-8.1,0.3399,-1.8,-1.194,11320
11321,AUG,36,4329.9814,6,-2.7351,-16.181,-10.8,0.3399,-3.5,-1.194,11321
11322,AUG,36,660.6343,6,1.9649,-9.681,-12.5,0.3399,0.0,-1.194,11322
11323,AUG,39,726.044,4,1.7289,-4.281,-7.2,0.0039,0.0,-1.194,11323
11324,AUG,36,2193.5485,6,-1.0351,-15.281,-11.8,0.3399,-3.3,-1.194,11324
11325,AUG,33,1435.3926,5,0.025,-6.481,-7.7,0.0,0.0,-1.194,11325
11326,AUG,36,233.489,6,4.5649,-10.881,-14.5,0.3399,-1.8,-1.194,11326
11327,AUG,33,487.4199,5,2.725,-8.481,-9.7,0.0,-2.7,-1.194,11327
11328,AUG,33,102.4145,5,6.625,-8.881,-13.3,0.0,-3.4,-1.194,11328
11329,AUG,36,285.1877,6,4.0649,-8.381,-13.3,0.3399,0.0,-1.194,11329
11330,AUG,36,634.7289,6,2.0649,-11.781,-12.5,0.3399,-2.2,-1.194,11330
11331,AUG,36,334.6743,6,3.6649,-7.981,-11.2,0.3399,-1.3,-1.194,11331
11332,AUG,36,1470.3426,6,-0.0351,-8.581,-9.4,0.3399,0.0,-1.194,11332
11333,AUG,33,11.3463,5,12.125,-12.381,-15.7,0.0,-10.0,-1.194,11333
11334,AUG,33,1175.1853,5,0.525,-6.481,-8.2,0.0,0.0,-1.194,11334
11335,AUG,36,715.6602,6,1.7649,-6.481,-9.1,0.3399,0.0,-1.194,11335
11336,AUG,33,34.7771,5,9.325,-9.581,-12.3,0.0,-7.8,-1.194,11336
11337,AUG,36,562.9498,6,2.3649,-6.381,-9.6,0.3399,0.0,-1.194,11337
11338,AUG,36,100.7944,6,6.6649,-7.881,-14.1,0.3399,-1.3,-1.194,11338
11339,AUG,33,34.7771,5,9.325,-9.581,-12.3,0.0,-7.8,-1.194,11339
11340,AUG,33,186.6183,5,5.125,-7.481,-13.8,0.0,0.0,-1.194,11340
11341,AUG,39,6296.4818,4,-3.6711,-8.781,-6.3,0.0039,0.0,-1.194,11341
11342,AUG,36,138.8095,6,5.8649,-6.481,-13.2,0.3399,0.0,-1.194,11342
11343,AUG,39,2316.2007,4,-1.1711,-6.381,-6.4,0.0039,0.0,-1.194,11343
11344,AUG,36,4329.9814,6,-2.7351,-14.181,-12.3,0.3399,0.0,-1.194,11344
11345,AUG,32,6997.7831,6,-3.9351,-12.381,-8.2,0.3399,-1.1,-1.194,11345
11346,AUG,36,562.9498,6,2.3649,-10.681,-13.9,0.3399,0.0,-1.194,11346
11347,AUG,33,340.0536,5,3.625,-4.881,-9.7,0.0,0.0,-1.194,11347
11348,AUG,33,210.4132,5,4.825,-2.181,-8.1,0.0,-0.1,-1.194,11348
11349,AUG,36,263.2601,6,4.2649,-5.781,-10.9,0.3399,0.0,-1.194,11349
11350,AUG,36,104.9081,6,6.5649,-8.181,-14.3,0.3399,-1.3,-1.194,11350
11351,AUG,36,2574.1789,6,-1.4351,-10.281,-9.7,0.3399,0.0,-1.194,11351
11352,AUG,33,49.8482,5,8.425,-8.181,-11.7,0.0,-6.1,-1.194,11352
11353,AUG,36,2788.5887,6,-1.6351,-12.281,-11.5,0.3399,0.0,-1.194,11353
11354,AUG,36,104.9081,6,6.5649,-8.481,-12.7,0.3399,-3.2,-1.194,11354
11355,AUG,36,548.4909,8,2.4299,-8.981,-11.2,1.4049,0.0,-1.194,11355
11356,AUG,36,1156.595,6,0.5649,-11.481,-11.1,0.3399,-1.8,-1.194,11356
11357,AUG,36,2024.8903,6,-0.8351,-10.681,-10.7,0.3399,0.0,-1.194,11357
11358,AUG,36,687.597,6,1.8649,-8.381,-9.3,0.3399,-1.8,-1.194,11358
11359,AUG,39,20906.6312,4,-6.6711,-13.281,-7.8,0.0039,0.0,-1.194,11359
11360,AUG,33,549.5685,5,2.425,-5.881,-9.1,0.0,-0.4,-1.194,11360
11361,AUG,33,449.943,5,2.925,-8.481,-9.9,0.0,-2.7,-1.194,11361
11362,AUG,39,17560.4844,6,-6.2351,-14.981,-9.6,0.3399,0.0,-1.194,11362
11363,AUG,33,1493.9759,5,-0.075,-6.581,-7.7,0.0,0.0,-1.194,11363
11364,AUG,33,787.7305,5,1.525,-12.381,-11.9,0.0,-3.2,-1.194,11364
11365,AUG,36,93.0445,6,6.8649,-8.581,-14.5,0.3399,-1.8,-1.194,11365
11366,AUG,33,1899.2442,5,-0.675,-6.381,-6.9,0.0,0.0,-1.194,11366
11367,AUG,39,1322.9883,4,0.2289,-6.381,-7.8,0.0039,0.0,-1.194,11367
11368,AUG,36,377.347,6,3.3649,-14.781,-16.5,0.3399,-2.5,-1.194,11368
11369,AUG,36,609.8393,6,2.1649,-6.381,-9.4,0.3399,0.0,-1.194,11369
11370,AUG,36,1725.4804,6,-0.4351,-7.781,-8.2,0.3399,0.0,-1.194,11370
11371,AUG,36,7283.3863,6,-4.0351,-12.581,-9.3,0.3399,-0.1,-1.194,11371
11372,AUG,36,3144.1487,6,-1.9351,-10.781,-9.7,0.3399,0.0,-1.194,11372
11373,AUG,27,562.9498,6,2.3649,-7.381,-10.6,0.3399,0.0,-1.194,11373
11374,AUG,33,3460.7789,5,-2.175,-9.781,-8.8,0.0,0.0,-1.194,11374
11375,AUG,33,60.8855,5,7.925,-5.581,-11.5,0.0,-3.2,-1.194,11375
11376,AUG,33,172.2696,5,5.325,-8.081,-10.9,0.0,-3.7,-1.194,11376
11377,AUG,33,850.5605,7,1.3332,-5.481,-7.2,0.8082,0.0,-1.194,11377
11378,AUG,33,619.6414,5,2.125,-8.881,-12.2,0.0,0.0,-1.194,11378
11379,AUG,33,819.8804,5,1.425,-5.981,-8.6,0.0,0.0,-1.194,11379
11380,AUG,36,1592.8111,6,-0.2351,-14.781,-12.2,0.3399,-3.2,-1.194,11380
11381,AUG,34,43.5117,6,8.7649,-11.681,-14.9,0.3399,-6.4,-1.194,11381
11382,AUG,36,1530.3523,6,-0.1351,-13.081,-11.3,0.3399,-2.5,-1.194,11382
11383,AUG,36,874.1203,6,1.2649,-14.281,-12.7,0.3399,-3.7,-1.194,11383
11384,AUG,39,14377.1281,6,-5.7351,-14.981,-10.1,0.3399,0.0,-1.194,11384
11385,AUG,36,128.1367,6,6.0649,-8.281,-14.1,0.3399,-1.1,-1.194,11385
11386,AUG,36,1304.0671,6,0.2649,-10.381,-10.9,0.3399,-0.6,-1.194,11386
11387,AUG,33,277.5012,7,4.1332,-5.381,-9.9,0.8082,0.0,-1.194,11387
11388,AUG,36,1945.4883,6,-0.7351,-14.581,-13.6,0.3399,-1.1,-1.194,11388
11389,AUG,36,778.3056,9,1.5551,-11.981,-12.6,2.1301,0.0,-1.194,11389
11390,AUG,36,252.9369,6,4.3649,-8.981,-12.6,0.3399,-1.6,-1.194,11390
11391,AUG,36,191.1623,6,5.0649,-12.381,-15.0,0.3399,-3.3,-1.194,11391
11392,AUG,36,2193.5485,6,-1.0351,-14.481,-11.6,0.3399,-2.7,-1.194,11392
11393,AUG,36,1111.2415,6,0.6649,-14.281,-11.1,0.3399,-4.7,-1.194,11393
11394,AUG,36,392.7479,6,3.2649,-10.081,-13.8,0.3399,-0.4,-1.194,11394
11395,AUG,33,487.4199,5,2.725,-6.481,-9.7,0.0,-0.7,-1.194,11395
11396,AUG,33,1175.1853,5,0.525,-7.681,-8.1,0.0,-1.3,-1.194,11396
11397,AUG,36,191.1623,6,5.0649,-6.181,-11.7,0.3399,-0.4,-1.194,11397
11398,AUG,36,321.5507,6,3.7649,-8.581,-12.6,0.3399,-0.6,-1.194,11398
11399,AUG,33,67.8274,9,7.6551,-3.381,-10.1,2.1301,0.0,-1.194,11399
11400,AUG,33,571.9982,5,2.325,-5.981,-8.4,0.0,-1.1,-1.194,11400
11401,AUG,33,288.8269,7,4.0332,-8.781,-9.9,0.8082,-3.3,-1.194,11401
11402,AUG,36,118.7477,9,6.2551,-11.081,-16.4,2.1301,0.0,-1.194,11402
11403,AUG,33,1970.3141,7,-0.7668,-10.681,-10.3,0.8082,0.0,-1.194,11403
11404,AUG,36,874.1203,6,1.2649,-9.881,-8.7,0.3399,-3.3,-1.194,11404
11405,AUG,33,80.5609,5,7.225,-8.081,-10.5,0.0,-6.0,-1.194,11405
11406,AUG,36,308.9417,6,3.8649,-7.281,-10.0,0.3399,-2.0,-1.194,11406
11407,AUG,36,398.2782,8,3.2299,-8.981,-12.0,1.4049,0.0,-1.194,11407
11408,AUG,39,697.5737,4,1.8289,-4.281,-7.3,0.0039,0.0,-1.194,11408
11409,AUG,36,392.7479,6,3.2649,-9.881,-10.7,0.3399,-3.3,-1.194,11409
11410,AUG,36,79.2865,6,7.2649,-9.181,-15.7,0.3399,-1.6,-1.194,11410
11411,AUG,33,505.6592,7,2.6332,-4.681,-7.7,0.8082,0.0,-1.194,11411
11412,AUG,36,392.7479,6,3.2649,-10.081,-10.9,0.3399,-3.3,-1.194,11412
11413,AUG,36,687.597,6,1.8649,-9.381,-11.0,0.3399,-1.1,-1.194,11413
11414,AUG,36,118.2845,6,6.2649,-6.381,-12.9,0.3399,-0.6,-1.194,11414
11415,AUG,36,562.9498,6,2.3649,-12.681,-12.6,0.3399,-3.3,-1.194,11415
11416,AUG,36,946.928,6,1.0649,-12.981,-11.6,0.3399,-3.3,-1.194,11416
11417,AUG,36,540.8748,6,2.4649,-7.781,-9.8,0.3399,-1.3,-1.194,11417
11418,AUG,39,16445.4907,4,-6.0711,-13.281,-8.4,0.0039,0.0,-1.194,11418
11419,AUG,20,180.4724,10,5.2087,-4.281,-7.7,2.9837,0.0,-1.194,11419
11420,AUG,33,756.8412,5,1.625,-9.781,-9.3,0.0,-3.3,-1.194,11420
11421,AUG,33,135.51,5,5.925,-2.081,-9.2,0.0,0.0,-1.194,11421
11422,AUG,33,452.8837,10,2.9087,-9.581,-10.7,2.9837,0.0,-1.194,11422
11423,AUG,36,76.1774,6,7.3649,-10.081,-15.0,0.3399,-3.3,-1.194,11423
11424,AUG,39,886.8033,4,1.2289,-6.381,-8.8,0.0039,0.0,-1.194,11424
11425,AUG,36,362.5501,6,3.4649,-9.181,-12.9,0.3399,-0.6,-1.194,11425
11426,AUG,36,82.5224,6,7.1649,-7.081,-14.5,0.3399,-0.6,-1.194,11426
11427,AUG,33,1001.4168,5,0.925,-9.881,-8.7,0.0,-3.3,-1.194,11427
11428,AUG,33,449.943,5,2.925,-6.481,-9.9,0.0,-0.7,-1.194,11428
11429,AUG,36,215.5365,6,4.7649,-10.081,-14.0,0.3399,-1.7,-1.194,11429
11430,AUG,36,296.8272,6,3.9649,-11.281,-15.5,0.3399,-0.6,-1.194,11430
11431,AUG,33,120.1857,5,6.225,-5.581,-9.8,0.0,-3.2,-1.194,11431
11432,AUG,33,2512.9908,5,-1.375,-11.081,-9.6,0.0,-1.3,-1.194,11432
11433,AUG,36,82.5224,6,7.1649,-11.181,-14.5,0.3399,-4.7,-1.194,11433
11434,AUG,33,468.3067,5,2.825,-2.981,-5.9,0.0,-1.1,-1.194,11434
11435,AUG,33,186.6183,5,5.125,-7.481,-13.8,0.0,0.0,-1.194,11435
11436,AUG,33,1899.2442,5,-0.675,-7.581,-8.1,0.0,0.0,-1.194,11436
11437,AUG,33,301.5982,5,3.925,-3.681,-7.5,0.0,-1.3,-1.194,11437
11438,AUG,23,11770.849,6,-5.2351,-15.881,-11.5,0.3399,0.0,-1.194,11438
11439,AUG,36,334.6743,6,3.6649,-9.481,-13.4,0.3399,-0.6,-1.194,11439
11440,AUG,36,3272.472,6,-2.0351,-17.981,-11.5,0.3399,-5.3,-1.194,11440
11441,AUG,33,165.5144,5,5.425,-7.781,-11.0,0.0,-3.4,-1.194,11441
11442,AUG,33,65.9568,5,7.725,-8.381,-11.3,0.0,-6.0,-1.194,11442
11443,AUG,36,215.5365,6,4.7649,-15.981,-17.9,0.3399,-3.7,-1.194,11443
11444,AUG,36,6206.4301,6,-3.6351,-15.181,-11.8,0.3399,-0.6,-1.194,11444
11445,AUG,33,267.4916,5,4.225,-7.581,-11.9,0.0,-1.1,-1.194,11445
11446,AUG,36,909.7962,6,1.1649,-8.181,-9.8,0.3399,-0.4,-1.194,11446
11447,AUG,33,10.0632,5,12.425,-14.681,-19.1,0.0,-9.2,-1.194,11447
11448,AUG,36,76.1774,6,7.3649,-8.881,-15.5,0.3399,-1.6,-1.194,11448
11449,AUG,36,2107.5329,6,-0.9351,-9.981,-9.3,0.3399,-0.6,-1.194,11449
11450,AUG,33,159.0241,5,5.525,-11.481,-12.2,0.0,-6.0,-1.194,11450
11451,AUG,36,1357.2905,6,0.1649,-10.281,-10.9,0.3399,-0.4,-1.194,11451
11452,AUG,36,1357.2905,6,0.1649,-10.681,-11.3,0.3399,-0.4,-1.194,11452
11453,AUG,36,191.1623,6,5.0649,-7.281,-11.2,0.3399,-2.0,-1.194,11453
11454,AUG,36,150.3713,6,5.6649,-11.481,-16.4,0.3399,-1.6,-1.194,11454
11455,AUG,33,2722.3041,5,-1.575,-10.781,-10.4,0.0,0.0,-1.194,11455
11456,AUG,36,5288.7177,6,-3.2351,-13.881,-10.9,0.3399,-0.6,-1.194,11456
11457,AUG,33,210.4132,5,4.825,-10.981,-11.0,0.0,-6.0,-1.194,11457
11458,AUG,39,4055.0515,4,-2.5711,-8.581,-7.2,0.0039,0.0,-1.194,11458
11459,AUG,33,418.0623,10,3.1087,-9.581,-10.9,2.9837,0.0,-1.194,11459
11460,AUG,27,138.8095,6,5.8649,-7.381,-14.1,0.3399,0.0,-1.194,11460
11461,AUG,33,83.8488,5,7.125,-8.181,-10.5,0.0,-6.0,-1.194,11461
11462,AUG,34,467.3885,8,2.8299,-10.681,-13.3,1.4049,0.0,-1.194,11462
11463,AUG,33,644.9311,5,2.025,-8.881,-9.2,0.0,-2.9,-1.194,11463
11464,AUG,33,727.1632,5,1.725,-12.081,-11.8,0.0,-3.2,-1.194,11464
11465,AUG,36,1252.9307,6,0.3649,-15.781,-13.2,0.3399,-3.8,-1.194,11465
11466,AUG,36,3840.3201,6,-2.4351,-13.581,-10.9,0.3399,-1.1,-1.194,11466
11467,AUG,39,1376.984,4,0.1289,-6.381,-7.7,0.0039,0.0,-1.194,11467
11468,AUG,39,289.7717,5,4.025,-4.681,-8.1,0.0,-1.8,-1.194,11468
11469,AUG,39,159.0241,5,5.525,-5.081,-11.3,0.0,-0.5,-1.194,11469
11470,AUG,45,1376.984,4,0.1289,-6.381,-7.7,0.0039,0.0,-1.194,11470
11471,AUG,39,468.3067,5,2.825,-7.981,-10.2,0.0,-1.8,-1.194,11471
11472,AUG,42,82.5224,6,7.1649,-12.381,-17.5,0.3399,-2.9,-1.194,11472
11473,AUG,39,77.4018,5,7.325,-4.481,-8.8,0.0,-4.2,-1.194,11473
11474,AUG,42,57.5726,6,8.0649,-9.481,-12.5,0.3399,-5.9,-1.194,11474
11475,AUG,42,588.2204,9,2.2551,-12.381,-10.8,2.1301,-2.9,-1.194,11475
11476,AUG,39,120.1857,5,6.225,-0.281,-7.7,0.0,0.0,-1.194,11476
11477,AUG,45,1376.984,4,0.1289,-6.381,-7.7,0.0039,0.0,-1.194,11477
11478,AUG,39,90.8328,5,6.925,-3.881,-11.7,0.0,-0.3,-1.194,11478
11479,AUG,39,571.9982,5,2.325,-6.981,-8.7,0.0,-1.8,-1.194,11479
11480,AUG,42,215.5365,6,4.7649,-8.081,-10.8,0.3399,-2.9,-1.194,11480
11481,AUG,42,392.7479,6,3.2649,-10.981,-10.6,0.3399,-4.5,-1.194,11481
11482,AUG,42,296.8272,6,3.9649,-8.081,-10.0,0.3399,-2.9,-1.194,11482
11483,AUG,39,106.5943,5,6.525,-0.781,-8.0,0.0,-0.5,-1.194,11483
11484,AUG,39,415.3476,5,3.125,-5.681,-9.5,0.0,-0.5,-1.194,11484
11485,AUG,42,100.7944,6,6.6649,-8.081,-12.7,0.3399,-2.9,-1.194,11485
11486,AUG,42,362.5501,6,3.4649,-8.081,-9.5,0.3399,-2.9,-1.194,11486
11487,AUG,42,162.8961,6,5.4649,-9.081,-12.5,0.3399,-2.9,-1.194,11487
11488,AUG,42,1067.6664,6,0.7649,-16.081,-13.2,0.3399,-4.5,-1.194,11488
11489,AUG,39,289.7717,5,4.025,-5.781,-11.0,0.0,0.0,-1.194,11489
11490,AUG,42,540.8748,6,2.4649,-8.981,-9.4,0.3399,-2.9,-1.194,11490
11491,AUG,42,540.8748,6,2.4649,-12.381,-12.8,0.3399,-2.9,-1.194,11491
11492,AUG,42,1067.6664,6,0.7649,-10.681,-9.4,0.3399,-2.9,-1.194,11492
11493,AUG,39,301.5982,5,3.925,-5.381,-8.7,0.0,-1.8,-1.194,11493
11494,AUG,39,98.3985,5,6.725,-1.981,-8.2,0.0,-1.7,-1.194,11494
11495,AUG,39,94.2318,7,6.8332,-2.181,-9.4,0.8082,0.0,-1.194,11495
11496,AUG,42,839.8435,6,1.3649,-13.981,-11.7,0.3399,-4.5,-1.194,11496
11497,AUG,33,150.3713,6,5.6649,-7.381,-13.9,0.3399,0.0,-1.194,11497
11498,AUG,29,14377.1281,6,-5.7351,-15.881,-11.0,0.3399,0.0,-1.194,11498
11499,AUG,42,96.8419,6,6.7649,-12.881,-16.0,0.3399,-4.5,-1.194,11499
11500,AUG,42,201.7659,8,4.9299,-9.781,-11.6,1.4049,-2.9,-1.194,11500
11501,AUG,42,49.0597,6,8.4649,-10.281,-15.1,0.3399,-4.5,-1.194,11501
11502,AUG,39,68.6487,5,7.625,-4.681,-9.1,0.0,-4.4,-1.194,11502
11503,AUG,42,85.8904,6,7.0649,-8.781,-11.5,0.3399,-5.2,-1.194,11503
11504,AUG,42,183.6662,6,5.1649,-8.081,-11.2,0.3399,-2.9,-1.194,11504
11505,AUG,39,8.2389,5,12.925,-10.481,-17.0,0.0,-7.6,-1.194,11505
11506,AUG,42,45.2876,6,8.6649,-10.281,-15.3,0.3399,-4.5,-1.194,11506
11507,AUG,39,110.9448,5,6.425,-0.781,-7.9,0.0,-0.5,-1.194,11507
11508,AUG,39,120.9712,10,6.2087,-7.881,-12.3,2.9837,0.0,-1.194,11508
11509,AUG,42,1203.7996,6,0.4649,-11.881,-10.3,0.3399,-2.9,-1.194,11509
11510,AUG,42,408.7772,6,3.1649,-11.881,-13.0,0.3399,-2.9,-1.194,11510
11511,AUG,42,156.5085,6,5.5649,-10.281,-12.2,0.3399,-4.5,-1.194,11511
11512,AUG,42,57.5726,6,8.0649,-8.081,-14.1,0.3399,-2.9,-1.194,11512
11513,AUG,42,252.9369,6,4.3649,-10.681,-13.0,0.3399,-2.9,-1.194,11513
11514,AUG,42,64.9134,6,7.7649,-10.681,-16.4,0.3399,-2.9,-1.194,11514
11515,AUG,42,377.347,6,3.3649,-9.681,-9.4,0.3399,-4.5,-1.194,11515
11516,AUG,39,106.5943,5,6.525,-6.181,-10.6,0.0,-3.3,-1.194,11516
11517,AUG,39,42.4774,5,8.825,-0.281,-10.3,0.0,0.0,-1.194,11517
11518,AUG,39,90.8328,5,6.925,-3.881,-11.7,0.0,-0.3,-1.194,11518
11519,AUG,45,697.5737,4,1.8289,-4.281,-7.3,0.0039,0.0,-1.194,11519
11520,AUG,39,186.6183,5,5.125,-4.581,-9.2,0.0,-1.7,-1.194,11520
11521,AUG,42,348.3335,6,3.5649,-11.881,-13.4,0.3399,-2.9,-1.194,11521
11522,AUG,39,68.6487,5,7.625,-4.681,-9.1,0.0,-4.4,-1.194,11522
11523,AUG,40,301.0069,8,3.9299,-8.181,-11.9,1.4049,0.0,-1.194,11523
11524,AUG,26,23.5334,12,10.3013,-2.981,-9.4,5.0763,0.0,-1.194,11524
11525,AUG,42,118.2845,6,6.2649,-8.081,-12.3,0.3399,-2.9,-1.194,11525
11526,AUG,42,1111.2415,6,0.6649,-14.081,-12.7,0.3399,-2.9,-1.194,11526
11527,AUG,42,82.5224,6,7.1649,-10.181,-13.7,0.3399,-4.5,-1.194,11527
11528,AUG,39,2141.408,5,-0.975,-9.081,-9.3,0.0,0.0,-1.194,11528
11529,AUG,39,165.5144,5,5.425,-5.781,-12.4,0.0,0.0,-1.194,11529
11530,AUG,45,17560.4844,6,-6.2351,-14.981,-9.6,0.3399,0.0,-1.194,11530
11531,AUG,42,22.9425,6,10.3649,-8.081,-16.4,0.3399,-2.9,-1.194,11531
11532,AUG,42,176.4641,6,5.2649,-8.981,-12.2,0.3399,-2.9,-1.194,11532
11533,AUG,39,571.9982,5,2.325,-6.981,-8.7,0.0,-1.8,-1.194,11533
11534,AUG,39,119.7939,7,6.2332,-2.881,-9.5,0.8082,0.0,-1.194,11534
11535,AUG,42,1025.8,6,0.8649,-12.381,-11.2,0.3399,-2.9,-1.194,11535
11536,AUG,39,83.8488,5,7.125,-1.981,-8.6,0.0,-1.7,-1.194,11536
11537,AUG,42,104.9081,6,6.5649,-10.681,-13.6,0.3399,-4.5,-1.194,11537
11538,AUG,39,229.4288,10,4.6087,-7.881,-10.7,2.9837,0.0,-1.194,11538
11539,AUG,42,715.6602,6,1.7649,-11.181,-10.9,0.3399,-2.9,-1.194,11539
11540,AUG,42,215.5365,6,4.7649,-10.281,-13.0,0.3399,-2.9,-1.194,11540
11541,AUG,39,383.4123,5,3.325,-3.381,-7.4,0.0,-0.5,-1.194,11541
11542,AUG,36,2574.1789,6,-1.4351,-14.281,-13.4,0.3399,-0.3,-1.194,11542
11543,AUG,36,2024.8903,6,-0.8351,-12.581,-10.3,0.3399,-2.3,-1.194,11543
11544,AUG,33,278.4088,5,4.125,-3.281,-8.6,0.0,0.0,-1.194,11544
11545,AUG,33,301.5982,5,3.925,-3.581,-8.7,0.0,0.0,-1.194,11545
11546,AUG,36,4506.7026,6,-2.8351,-14.981,-12.7,0.3399,-0.3,-1.194,11546
11547,AUG,23,63163.813,6,-9.4351,-15.881,-7.3,0.3399,0.0,-1.194,11547
11548,AUG,36,806.9107,6,1.4649,-8.781,-10.8,0.3399,-0.3,-1.194,11548
11549,AUG,36,806.9107,6,1.4649,-10.081,-10.1,0.3399,-2.3,-1.194,11549
11550,AUG,33,819.8804,5,1.425,-8.781,-9.8,0.0,-1.6,-1.194,11550
11551,AUG,36,133.3664,6,5.9649,-9.781,-14.3,0.3399,-2.3,-1.194,11551
11552,AUG,33,1042.288,5,0.825,-6.181,-8.2,0.0,0.0,-1.194,11552
11553,AUG,33,246.9246,5,4.425,-5.581,-11.2,0.0,0.0,-1.194,11553
11554,AUG,36,176.4641,6,5.2649,-12.781,-16.6,0.3399,-2.3,-1.194,11554
11555,AUG,36,1869.1999,6,-0.6351,-8.781,-8.7,0.3399,-0.3,-1.194,11555
11556,AUG,33,595.3434,5,2.225,-8.281,-10.1,0.0,-1.6,-1.194,11556
11557,AUG,33,401.6688,10,3.2087,-10.781,-11.0,2.9837,-1.2,-1.194,11557
11558,AUG,36,176.4641,6,5.2649,-8.781,-14.6,0.3399,-0.3,-1.194,11558
11559,AUG,36,93.0445,6,6.8649,-10.481,-15.9,0.3399,-2.3,-1.194,11559
11560,AUG,33,853.3425,5,1.325,-8.381,-10.2,0.0,-0.7,-1.194,11560
11561,AUG,36,109.6174,9,6.4551,-13.381,-16.6,2.1301,-2.3,-1.194,11561
11562,AUG,36,8212.0571,6,-4.3351,-14.781,-11.0,0.3399,-0.3,-1.194,11562
11563,AUG,36,1025.8,6,0.8649,-11.981,-13.4,0.3399,-0.3,-1.194,11563
11564,AUG,36,4160.19,6,-2.6351,-11.681,-9.6,0.3399,-0.3,-1.194,11564
11565,AUG,33,266.6195,7,4.2332,-4.181,-7.6,0.8082,-1.2,-1.194,11565
11566,AUG,36,1304.0671,6,0.2649,-10.881,-9.7,0.3399,-2.3,-1.194,11566
11567,AUG,33,125.0909,5,6.125,-5.381,-10.5,0.0,-2.2,-1.194,11567
11568,AUG,36,183.6662,6,5.1649,-10.281,-14.0,0.3399,-2.3,-1.194,11568
11569,AUG,36,909.7962,6,1.1649,-11.681,-13.4,0.3399,-0.3,-1.194,11569
11570,AUG,39,2718.1141,4,-1.5711,-6.381,-6.0,0.0039,0.0,-1.194,11570
11571,AUG,36,1536.3457,9,-0.1449,-14.281,-10.9,2.1301,-2.3,-1.194,11571
11572,AUG,36,82.5224,6,7.1649,-9.081,-16.8,0.3399,-0.3,-1.194,11572
11573,AUG,36,744.8687,6,1.6649,-10.681,-12.9,0.3399,-0.3,-1.194,11573
11574,AUG,36,660.6343,6,1.9649,-11.981,-14.5,0.3399,-0.3,-1.194,11574
11575,AUG,20,367.1765,7,3.4332,-1.181,-5.0,0.8082,0.0,-1.194,11575
11576,AUG,36,233.489,6,4.5649,-8.081,-13.2,0.3399,-0.3,-1.194,11576
11577,AUG,36,207.0846,6,4.8649,-11.381,-16.8,0.3399,-0.3,-1.194,11577
11578,AUG,36,2788.5887,6,-1.6351,-12.181,-11.1,0.3399,-0.3,-1.194,11578
11579,AUG,36,3406.0327,6,-2.1351,-13.181,-9.6,0.3399,-2.3,-1.194,11579
11580,AUG,36,296.8272,6,3.9649,-8.081,-12.6,0.3399,-0.3,-1.194,11580
11581,AUG,33,325.6539,7,3.7332,-8.681,-10.8,0.8082,-2.0,-1.194,11581
11582,AUG,36,1156.595,6,0.5649,-8.681,-9.8,0.3399,-0.3,-1.194,11582
11583,AUG,36,425.4608,6,3.0649,-9.081,-12.7,0.3399,-0.3,-1.194,11583
11584,AUG,39,7890.0379,6,-4.2351,-14.981,-11.6,0.3399,0.0,-1.194,11584
11585,AUG,36,609.8393,6,2.1649,-8.881,-11.6,0.3399,-0.3,-1.194,11585
11586,AUG,36,1530.3523,6,-0.1351,-11.481,-11.3,0.3399,-0.9,-1.194,11586
11587,AUG,36,1412.6861,6,0.0649,-13.081,-11.7,0.3399,-2.3,-1.194,11587
11588,AUG,33,328.8545,10,3.7087,-9.481,-10.2,2.9837,-1.2,-1.194,11588
11589,AUG,36,11309.279,6,-5.1351,-15.581,-11.0,0.3399,-0.3,-1.194,11589
11590,AUG,33,179.3005,5,5.225,-8.681,-13.1,0.0,-2.0,-1.194,11590
11591,AUG,33,619.6414,5,2.125,-9.881,-11.1,0.0,-2.1,-1.194,11591
11592,AUG,39,726.044,4,1.7289,-4.281,-7.2,0.0039,0.0,-1.194,11592
11593,AUG,36,89.3959,6,6.9649,-10.181,-15.7,0.3399,-2.3,-1.194,11593
11594,AUG,33,415.3476,5,3.125,-3.481,-7.4,0.0,-0.4,-1.194,11594
11595,AUG,36,296.8272,6,3.9649,-10.281,-12.8,0.3399,-2.3,-1.194,11595
11596,AUG,27,585.9257,6,2.2649,-7.381,-10.5,0.3399,0.0,-1.194,11596
11597,AUG,33,1042.288,5,0.825,-9.781,-9.7,0.0,-2.1,-1.194,11597
11598,AUG,36,6206.4301,6,-3.6351,-14.081,-11.0,0.3399,-0.3,-1.194,11598
11599,AUG,33,570.1334,7,2.3332,-6.581,-9.3,0.8082,0.0,-1.194,11599
11600,AUG,33,219.0009,5,4.725,-5.481,-9.5,0.0,-1.9,-1.194,11600
11601,AUG,36,442.8253,6,2.9649,-14.581,-18.1,0.3399,-0.3,-1.194,11601
11602,AUG,33,1042.288,5,0.825,-13.081,-12.1,0.0,-3.0,-1.194,11602
11603,AUG,33,2141.408,5,-0.975,-7.581,-7.8,0.0,0.0,-1.194,11603
11604,AUG,36,985.5754,6,0.9649,-8.881,-10.4,0.3399,-0.3,-1.194,11604
11605,AUG,36,1412.6861,6,0.0649,-11.781,-11.8,0.3399,-0.9,-1.194,11605
11606,AUG,36,806.9107,6,1.4649,-12.881,-12.9,0.3399,-2.3,-1.194,11606
11607,AUG,36,218.5715,8,4.7299,-11.281,-13.5,1.4049,-2.3,-1.194,11607
11608,AUG,33,924.4196,5,1.125,-8.281,-8.4,0.0,-2.2,-1.194,11608
11609,AUG,36,499.2879,6,2.6649,-12.981,-14.2,0.3399,-2.3,-1.194,11609
11610,AUG,36,2574.1789,6,-1.4351,-11.881,-11.0,0.3399,-0.3,-1.194,11610
11611,AUG,36,2024.8903,6,-0.8351,-16.081,-13.8,0.3399,-2.3,-1.194,11611
11612,AUG,36,946.928,6,1.0649,-8.681,-10.3,0.3399,-0.3,-1.194,11612
11613,AUG,39,2944.5126,4,-1.7711,-6.381,-5.8,0.0039,0.0,-1.194,11613
11614,AUG,33,277.5012,7,4.1332,-3.781,-8.3,0.8082,0.0,-1.194,11614
11615,AUG,36,1470.3426,6,-0.0351,-13.781,-11.1,0.3399,-3.5,-1.194,11615
11616,AUG,33,278.4088,5,4.125,-2.081,-7.4,0.0,0.0,-1.194,11616
11617,AUG,33,186.6183,5,5.125,-7.481,-13.8,0.0,0.0,-1.194,11617
11618,AUG,36,334.6743,6,3.6649,-12.581,-15.0,0.3399,-2.1,-1.194,11618
11619,AUG,33,2949.0516,5,-1.775,-10.781,-10.2,0.0,0.0,-1.194,11619
11620,AUG,33,301.5982,5,3.925,-2.381,-7.5,0.0,0.0,-1.194,11620
11621,AUG,36,442.8253,6,2.9649,-10.881,-11.2,0.3399,-3.5,-1.194,11621
11622,AUG,36,169.5444,6,5.3649,-9.981,-14.1,0.3399,-2.1,-1.194,11622
11623,AUG,36,562.9498,6,2.3649,-13.081,-13.9,0.3399,-2.4,-1.194,11623
11624,AUG,36,176.4641,6,5.2649,-10.281,-14.3,0.3399,-2.1,-1.194,11624
11625,AUG,36,113.6462,6,6.3649,-10.981,-13.0,0.3399,-5.2,-1.194,11625
11626,AUG,33,1493.9759,5,-0.075,-5.581,-6.0,0.0,-0.7,-1.194,11626
11627,AUG,33,850.5605,7,1.3332,-5.481,-7.2,0.8082,0.0,-1.194,11627
11628,AUG,33,819.8804,5,1.425,-5.981,-8.6,0.0,0.0,-1.194,11628
11629,AUG,33,485.8308,7,2.7332,-5.381,-8.5,0.8082,0.0,-1.194,11629
11630,AUG,36,1470.3426,6,-0.0351,-10.681,-9.4,0.3399,-2.1,-1.194,11630
11631,AUG,33,1824.7692,5,-0.575,-6.481,-7.1,0.0,0.0,-1.194,11631
11632,AUG,36,47.1359,6,8.5649,-8.481,-16.2,0.3399,-1.7,-1.194,11632
11633,AUG,36,985.5754,6,0.9649,-13.081,-11.7,0.3399,-3.2,-1.194,11633
11634,AUG,36,207.8957,9,4.8551,-13.481,-15.0,2.1301,-2.4,-1.194,11634
11635,AUG,33,120.1857,5,6.225,-5.481,-12.9,0.0,0.0,-1.194,11635
11636,AUG,20,159.0241,5,5.525,0.519,-6.2,0.0,0.0,-1.194,11636
11637,AUG,36,408.7772,6,3.1649,-8.781,-10.4,0.3399,-2.4,-1.194,11637
11638,AUG,33,1129.1028,5,0.625,-5.481,-7.3,0.0,0.0,-1.194,11638
11639,AUG,39,2944.5126,4,-1.7711,-6.381,-5.8,0.0039,0.0,-1.194,11639
11640,AUG,33,452.8837,10,2.9087,-9.581,-10.7,2.9837,0.0,-1.194,11640
11641,AUG,36,3406.0327,6,-2.1351,-14.281,-10.5,0.3399,-2.5,-1.194,11641
11642,AUG,36,3997.0566,6,-2.5351,-14.581,-10.8,0.3399,-2.1,-1.194,11642
11643,AUG,36,687.597,6,1.8649,-12.281,-11.3,0.3399,-3.7,-1.194,11643
11644,AUG,36,2193.5485,6,-1.0351,-11.881,-9.2,0.3399,-2.5,-1.194,11644
11645,AUG,27,585.9257,6,2.2649,-7.381,-10.5,0.3399,0.0,-1.194,11645
11646,AUG,23,63163.813,6,-9.4351,-15.981,-7.4,0.3399,0.0,-1.194,11646
11647,AUG,36,585.9257,6,2.2649,-8.181,-9.6,0.3399,-1.7,-1.194,11647
11648,AUG,36,408.7772,6,3.1649,-11.281,-11.8,0.3399,-3.5,-1.194,11648
11649,AUG,33,1273.0695,5,0.325,-7.181,-8.0,0.0,-0.7,-1.194,11649
11650,AUG,36,4882.0772,6,-3.0351,-15.781,-11.1,0.3399,-2.5,-1.194,11650
11651,AUG,33,340.0536,5,3.625,-2.581,-6.9,0.0,-0.5,-1.194,11651
11652,AUG,36,909.7962,6,1.1649,-8.581,-8.5,0.3399,-2.1,-1.194,11652
11653,AUG,36,562.9498,6,2.3649,-10.081,-11.2,0.3399,-2.1,-1.194,11653
11654,AUG,33,202.1623,5,4.925,-2.681,-8.1,0.0,-0.7,-1.194,11654
11655,AUG,36,224.3332,6,4.6649,-8.681,-11.3,0.3399,-2.9,-1.194,11655
11656,AUG,33,1899.2442,5,-0.675,-7.581,-8.1,0.0,0.0,-1.194,11656
11657,AUG,36,562.9498,6,2.3649,-8.281,-9.8,0.3399,-1.7,-1.194,11657
11658,AUG,36,162.8961,6,5.4649,-10.381,-14.3,0.3399,-2.4,-1.194,11658
11659,AUG,36,2193.5485,6,-1.0351,-13.681,-11.8,0.3399,-1.7,-1.194,11659
11660,AUG,36,499.2879,6,2.6649,-10.481,-11.9,0.3399,-2.1,-1.194,11660
11661,AUG,36,1357.2905,6,0.1649,-10.981,-8.5,0.3399,-3.5,-1.194,11661
11662,AUG,33,698.649,5,1.825,-11.181,-11.7,0.0,-2.5,-1.194,11662
11663,AUG,39,1491.6764,4,-0.0711,-6.381,-7.5,0.0039,0.0,-1.194,11663
11664,AUG,33,1970.3141,7,-0.7668,-10.681,-10.3,0.8082,0.0,-1.194,11664
11665,AUG,33,115.4729,5,6.325,-5.781,-9.9,0.0,-3.4,-1.194,11665
11666,AUG,33,571.9982,5,2.325,-2.581,-5.4,0.0,-0.7,-1.194,11666
11667,AUG,33,172.2696,5,5.325,-5.281,-10.9,0.0,-0.9,-1.194,11667
11668,AUG,36,3840.3201,6,-2.4351,-15.881,-12.2,0.3399,-2.1,-1.194,11668
11669,AUG,36,1945.4883,6,-0.7351,-15.181,-12.8,0.3399,-2.5,-1.194,11669
11670,AUG,36,634.7289,6,2.0649,-12.581,-11.8,0.3399,-3.7,-1.194,11670
11671,AUG,33,1493.9759,5,-0.075,-6.581,-7.7,0.0,0.0,-1.194,11671
11672,AUG,33,2057.437,5,-0.875,-8.881,-9.2,0.0,0.0,-1.194,11672
11673,AUG,36,118.2845,6,6.2649,-10.781,-16.2,0.3399,-1.7,-1.194,11673
11674,AUG,33,487.4199,5,2.725,-5.781,-9.7,0.0,0.0,-1.194,11674
11675,AUG,33,888.1703,5,1.225,-5.481,-7.4,0.0,-0.5,-1.194,11675
11676,AUG,36,585.9257,6,2.2649,-11.381,-12.8,0.3399,-1.7,-1.194,11676
11677,AUG,33,90.8328,5,6.925,-5.581,-10.3,0.0,-3.4,-1.194,11677
11678,AUG,33,418.0623,10,3.1087,-9.581,-10.9,2.9837,0.0,-1.194,11678
11679,AUG,33,669.0645,7,1.9332,-4.681,-7.0,0.8082,0.0,-1.194,11679
11680,AUG,36,274.0047,6,4.1649,-12.881,-14.7,0.3399,-3.2,-1.194,11680
11681,AUG,33,449.943,5,2.925,-5.781,-9.9,0.0,0.0,-1.194,11681
11682,AUG,36,1530.3523,6,-0.1351,-12.281,-11.3,0.3399,-1.7,-1.194,11682
11683,AUG,36,562.9498,6,2.3649,-8.781,-9.6,0.3399,-2.4,-1.194,11683
11684,AUG,36,243.0185,6,4.4649,-8.481,-12.1,0.3399,-1.7,-1.194,11684
11685,AUG,36,252.9369,6,4.3649,-9.581,-12.7,0.3399,-2.1,-1.194,11685
11686,AUG,39,726.044,4,1.7289,-4.281,-7.2,0.0039,0.0,-1.194,11686
11687,AUG,36,1592.8111,6,-0.2351,-11.281,-10.2,0.3399,-1.7,-1.194,11687
11688,AUG,33,340.0536,5,3.625,-7.781,-10.1,0.0,-2.5,-1.194,11688
11689,AUG,34,467.3885,8,2.8299,-10.681,-13.3,1.4049,0.0,-1.194,11689
11690,AUG,36,377.347,6,3.3649,-13.981,-16.5,0.3399,-1.7,-1.194,11690
11691,AUG,36,11770.849,6,-5.2351,-16.981,-10.2,0.3399,-2.4,-1.194,11691
11692,AUG,36,76.1774,6,7.3649,-8.981,-14.7,0.3399,-2.5,-1.194,11692
11693,AUG,32,5081.3313,6,-3.1351,-11.281,-9.0,0.3399,0.0,-1.194,11693
11694,AUG,39,22324.0874,6,-6.8351,-14.981,-9.0,0.3399,0.0,-1.194,11694
11695,AUG,36,348.3335,6,3.5649,-8.281,-11.0,0.3399,-1.7,-1.194,11695
