scenario,fold,target,feature_set,feature,standardized_coefficient,selected_alpha
random,0,log_translation_proxy,B4_sequence_only,gc_promoter,0.32205021792255084,10.0
random,0,log_translation_proxy,B4_sequence_only,gc_rbs,-0.2263769028279083,10.0
random,0,log_translation_proxy,B4_sequence_only,score_minus10,-0.1770606830801496,10.0
random,0,log_translation_proxy,B4_sequence_only,score_minus35,-0.13099475856621312,10.0
random,0,log_translation_proxy,B4_sequence_only,spacer_length,0.009119316653299646,10.0
random,0,log_translation_proxy,B4_sequence_only,spacer_optimal,0.04431945190875499,10.0
random,0,log_translation_proxy,B4_sequence_only,score_sd,0.3204198609017447,10.0
random,0,log_translation_proxy,B4_sequence_only,sd_spacing,-0.3957928237268186,10.0
random,0,log_translation_proxy,B4_sequence_only,sd_spacing_optimal,-0.38841704746086514,10.0
random,0,log_translation_proxy,B3_historical_MFE,gc_promoter,0.39522580019979087,31.622776601683793
random,0,log_translation_proxy,B3_historical_MFE,gc_rbs,-0.19919686809572215,31.622776601683793
random,0,log_translation_proxy,B3_historical_MFE,score_minus10,-0.14785323381332008,31.622776601683793
random,0,log_translation_proxy,B3_historical_MFE,score_minus35,-0.12858993636495267,31.622776601683793
random,0,log_translation_proxy,B3_historical_MFE,spacer_length,0.006490002958826283,31.622776601683793
random,0,log_translation_proxy,B3_historical_MFE,spacer_optimal,0.03583727324034793,31.622776601683793
random,0,log_translation_proxy,B3_historical_MFE,score_sd,0.32559487541286913,31.622776601683793
random,0,log_translation_proxy,B3_historical_MFE,sd_spacing,-0.3926201863056436,31.622776601683793
random,0,log_translation_proxy,B3_historical_MFE,sd_spacing_optimal,-0.3768383130502819,31.622776601683793
random,0,log_translation_proxy,B3_historical_MFE,legacy_promoter_tail_mfe,0.15531292165419613,31.622776601683793
random,0,log_translation_proxy,B6_TSS_accessibility,gc_promoter,0.3255103914376755,10.0
random,0,log_translation_proxy,B6_TSS_accessibility,gc_rbs,-0.1623454162793072,10.0
random,0,log_translation_proxy,B6_TSS_accessibility,score_minus10,-0.1715453701552641,10.0
random,0,log_translation_proxy,B6_TSS_accessibility,score_minus35,-0.13858923064557044,10.0
random,0,log_translation_proxy,B6_TSS_accessibility,spacer_length,0.016542119487394338,10.0
random,0,log_translation_proxy,B6_TSS_accessibility,spacer_optimal,0.02996062364060999,10.0
random,0,log_translation_proxy,B6_TSS_accessibility,score_sd,0.35209666551415664,10.0
random,0,log_translation_proxy,B6_TSS_accessibility,sd_spacing,-0.34676512538694054,10.0
random,0,log_translation_proxy,B6_TSS_accessibility,sd_spacing_optimal,-0.39634201880826286,10.0
random,0,log_translation_proxy,B6_TSS_accessibility,sd_unpaired_probability,-0.008238007480252182,10.0
random,0,log_translation_proxy,B6_TSS_accessibility,start_unpaired_probability,-0.10405980702058024,10.0
random,0,log_translation_proxy,B6_TSS_accessibility,sd_start_opening_energy,-0.25511727944082824,10.0
random,0,log_prot,B4_sequence_only,gc_promoter,-0.8990095162924217,1e-05
random,0,log_prot,B4_sequence_only,gc_rbs,-0.25212642625746345,1e-05
random,0,log_prot,B4_sequence_only,score_minus10,0.32936436507454214,1e-05
random,0,log_prot,B4_sequence_only,score_minus35,0.47404546291128563,1e-05
random,0,log_prot,B4_sequence_only,spacer_length,-0.18706416646785326,1e-05
random,0,log_prot,B4_sequence_only,spacer_optimal,0.21406013439297256,1e-05
random,0,log_prot,B4_sequence_only,score_sd,0.4174293221450153,1e-05
random,0,log_prot,B4_sequence_only,sd_spacing,-0.5337223505428685,1e-05
random,0,log_prot,B4_sequence_only,sd_spacing_optimal,-0.47670754104151325,1e-05
random,0,log_prot,B3_historical_MFE,gc_promoter,-0.9276994049531838,1e-05
random,0,log_prot,B3_historical_MFE,gc_rbs,-0.26297193435078875,1e-05
random,0,log_prot,B3_historical_MFE,score_minus10,0.3181044829665157,1e-05
random,0,log_prot,B3_historical_MFE,score_minus35,0.47330234997545123,1e-05
random,0,log_prot,B3_historical_MFE,spacer_length,-0.1861582466260832,1e-05
random,0,log_prot,B3_historical_MFE,spacer_optimal,0.21746237073360275,1e-05
random,0,log_prot,B3_historical_MFE,score_sd,0.4153202465264711,1e-05
random,0,log_prot,B3_historical_MFE,sd_spacing,-0.5315921225121797,1e-05
random,0,log_prot,B3_historical_MFE,sd_spacing_optimal,-0.47784144515125687,1e-05
random,0,log_prot,B3_historical_MFE,legacy_promoter_tail_mfe,-0.060017829919448644,1e-05
random,0,log_prot,B6_TSS_accessibility,gc_promoter,-0.8979608465033692,1e-05
random,0,log_prot,B6_TSS_accessibility,gc_rbs,-0.18620807094464678,1e-05
random,0,log_prot,B6_TSS_accessibility,score_minus10,0.3326773486554599,1e-05
random,0,log_prot,B6_TSS_accessibility,score_minus35,0.4693674475235736,1e-05
random,0,log_prot,B6_TSS_accessibility,spacer_length,-0.1852585934493822,1e-05
random,0,log_prot,B6_TSS_accessibility,spacer_optimal,0.20246100563644312,1e-05
random,0,log_prot,B6_TSS_accessibility,score_sd,0.44024378312148676,1e-05
random,0,log_prot,B6_TSS_accessibility,sd_spacing,-0.5636212355229216,1e-05
random,0,log_prot,B6_TSS_accessibility,sd_spacing_optimal,-0.5199818081628803,1e-05
random,0,log_prot,B6_TSS_accessibility,sd_unpaired_probability,0.028108173519040176,1e-05
random,0,log_prot,B6_TSS_accessibility,start_unpaired_probability,0.01707450256470378,1e-05
random,0,log_prot,B6_TSS_accessibility,sd_start_opening_energy,-0.2536437482231102,1e-05
random,1,log_translation_proxy,B4_sequence_only,gc_promoter,0.3263706558068382,31.622776601683793
random,1,log_translation_proxy,B4_sequence_only,gc_rbs,-0.2177964962463957,31.622776601683793
random,1,log_translation_proxy,B4_sequence_only,score_minus10,-0.18354946235660097,31.622776601683793
random,1,log_translation_proxy,B4_sequence_only,score_minus35,-0.1305568044485268,31.622776601683793
random,1,log_translation_proxy,B4_sequence_only,spacer_length,0.016392001837737973,31.622776601683793
random,1,log_translation_proxy,B4_sequence_only,spacer_optimal,0.04445228032193192,31.622776601683793
random,1,log_translation_proxy,B4_sequence_only,score_sd,0.34049706217523923,31.622776601683793
random,1,log_translation_proxy,B4_sequence_only,sd_spacing,-0.39646069988340976,31.622776601683793
random,1,log_translation_proxy,B4_sequence_only,sd_spacing_optimal,-0.39328935558005396,31.622776601683793
random,1,log_translation_proxy,B3_historical_MFE,gc_promoter,0.393945800550703,100.0
random,1,log_translation_proxy,B3_historical_MFE,gc_rbs,-0.19419738869312686,100.0
random,1,log_translation_proxy,B3_historical_MFE,score_minus10,-0.15541307829263218,100.0
random,1,log_translation_proxy,B3_historical_MFE,score_minus35,-0.12778164491441416,100.0
random,1,log_translation_proxy,B3_historical_MFE,spacer_length,0.011726464428144994,100.0
random,1,log_translation_proxy,B3_historical_MFE,spacer_optimal,0.03692055951988015,100.0
random,1,log_translation_proxy,B3_historical_MFE,score_sd,0.3427551463124498,100.0
random,1,log_translation_proxy,B3_historical_MFE,sd_spacing,-0.3761997584737084,100.0
random,1,log_translation_proxy,B3_historical_MFE,sd_spacing_optimal,-0.3640402697029057,100.0
random,1,log_translation_proxy,B3_historical_MFE,legacy_promoter_tail_mfe,0.1505266704916195,100.0
random,1,log_translation_proxy,B6_TSS_accessibility,gc_promoter,0.3269100437478212,31.622776601683793
random,1,log_translation_proxy,B6_TSS_accessibility,gc_rbs,-0.1568325307705326,31.622776601683793
random,1,log_translation_proxy,B6_TSS_accessibility,score_minus10,-0.17968078082945937,31.622776601683793
random,1,log_translation_proxy,B6_TSS_accessibility,score_minus35,-0.13761300849894362,31.622776601683793
random,1,log_translation_proxy,B6_TSS_accessibility,spacer_length,0.023984227203134898,31.622776601683793
random,1,log_translation_proxy,B6_TSS_accessibility,spacer_optimal,0.029917896116678507,31.622776601683793
random,1,log_translation_proxy,B6_TSS_accessibility,score_sd,0.37218004216358197,31.622776601683793
random,1,log_translation_proxy,B6_TSS_accessibility,sd_spacing,-0.3220128636972521,31.622776601683793
random,1,log_translation_proxy,B6_TSS_accessibility,sd_spacing_optimal,-0.39207276652425405,31.622776601683793
random,1,log_translation_proxy,B6_TSS_accessibility,sd_unpaired_probability,-0.036192160416431876,31.622776601683793
random,1,log_translation_proxy,B6_TSS_accessibility,start_unpaired_probability,-0.10374647833079612,31.622776601683793
random,1,log_translation_proxy,B6_TSS_accessibility,sd_start_opening_energy,-0.2707175620288596,31.622776601683793
random,1,log_prot,B4_sequence_only,gc_promoter,-0.8939453372997201,1e-05
random,1,log_prot,B4_sequence_only,gc_rbs,-0.25062973865360993,1e-05
random,1,log_prot,B4_sequence_only,score_minus10,0.3363506806959154,1e-05
random,1,log_prot,B4_sequence_only,score_minus35,0.46877843244955303,1e-05
random,1,log_prot,B4_sequence_only,spacer_length,-0.18242150729954598,1e-05
random,1,log_prot,B4_sequence_only,spacer_optimal,0.20494497508202184,1e-05
random,1,log_prot,B4_sequence_only,score_sd,0.41870024554030877,1e-05
random,1,log_prot,B4_sequence_only,sd_spacing,-0.558228766406831,1e-05
random,1,log_prot,B4_sequence_only,sd_spacing_optimal,-0.48952807601084847,1e-05
random,1,log_prot,B3_historical_MFE,gc_promoter,-0.9144105710898867,1e-05
random,1,log_prot,B3_historical_MFE,gc_rbs,-0.2581842538793194,1e-05
random,1,log_prot,B3_historical_MFE,score_minus10,0.3283557377118645,1e-05
random,1,log_prot,B3_historical_MFE,score_minus35,0.46841152155589727,1e-05
random,1,log_prot,B3_historical_MFE,spacer_length,-0.18130553499679974,1e-05
random,1,log_prot,B3_historical_MFE,spacer_optimal,0.20734392752306413,1e-05
random,1,log_prot,B3_historical_MFE,score_sd,0.41772715718750975,1e-05
random,1,log_prot,B3_historical_MFE,sd_spacing,-0.5568217421447462,1e-05
random,1,log_prot,B3_historical_MFE,sd_spacing_optimal,-0.49072321825273846,1e-05
random,1,log_prot,B3_historical_MFE,legacy_promoter_tail_mfe,-0.04351604972209095,1e-05
random,1,log_prot,B6_TSS_accessibility,gc_promoter,-0.8936132669232963,1e-05
random,1,log_prot,B6_TSS_accessibility,gc_rbs,-0.18408664304706615,1e-05
random,1,log_prot,B6_TSS_accessibility,score_minus10,0.3396776816292352,1e-05
random,1,log_prot,B6_TSS_accessibility,score_minus35,0.46378621542401455,1e-05
random,1,log_prot,B6_TSS_accessibility,spacer_length,-0.17774234222808682,1e-05
random,1,log_prot,B6_TSS_accessibility,spacer_optimal,0.18957712122988796,1e-05
random,1,log_prot,B6_TSS_accessibility,score_sd,0.444698200302979,1e-05
random,1,log_prot,B6_TSS_accessibility,sd_spacing,-0.5486737835810567,1e-05
random,1,log_prot,B6_TSS_accessibility,sd_spacing_optimal,-0.5165658155240657,1e-05
random,1,log_prot,B6_TSS_accessibility,sd_unpaired_probability,9.82004697071779e-05,1e-05
random,1,log_prot,B6_TSS_accessibility,start_unpaired_probability,2.9361517812447746e-06,1e-05
random,1,log_prot,B6_TSS_accessibility,sd_start_opening_energy,-0.28623298231757566,1e-05
random,2,log_translation_proxy,B4_sequence_only,gc_promoter,0.32161905878948355,100.0
random,2,log_translation_proxy,B4_sequence_only,gc_rbs,-0.23038071175597602,100.0
random,2,log_translation_proxy,B4_sequence_only,score_minus10,-0.16381924504594647,100.0
random,2,log_translation_proxy,B4_sequence_only,score_minus35,-0.12998439722885724,100.0
random,2,log_translation_proxy,B4_sequence_only,spacer_length,0.023799542457189907,100.0
random,2,log_translation_proxy,B4_sequence_only,spacer_optimal,0.028833135076760524,100.0
random,2,log_translation_proxy,B4_sequence_only,score_sd,0.33294078036168817,100.0
random,2,log_translation_proxy,B4_sequence_only,sd_spacing,-0.34406702708254966,100.0
random,2,log_translation_proxy,B4_sequence_only,sd_spacing_optimal,-0.34108042412579365,100.0
random,2,log_translation_proxy,B3_historical_MFE,gc_promoter,0.3908833015646863,100.0
random,2,log_translation_proxy,B3_historical_MFE,gc_rbs,-0.20635063251437258,100.0
random,2,log_translation_proxy,B3_historical_MFE,score_minus10,-0.13548391150369002,100.0
random,2,log_translation_proxy,B3_historical_MFE,score_minus35,-0.12817383665857068,100.0
random,2,log_translation_proxy,B3_historical_MFE,spacer_length,0.01990056198336361,100.0
random,2,log_translation_proxy,B3_historical_MFE,spacer_optimal,0.0214445973797379,100.0
random,2,log_translation_proxy,B3_historical_MFE,score_sd,0.3387667965205024,100.0
random,2,log_translation_proxy,B3_historical_MFE,sd_spacing,-0.3450077773542652,100.0
random,2,log_translation_proxy,B3_historical_MFE,sd_spacing_optimal,-0.3348897423900224,100.0
random,2,log_translation_proxy,B3_historical_MFE,legacy_promoter_tail_mfe,0.14700285470036142,100.0
random,2,log_translation_proxy,B6_TSS_accessibility,gc_promoter,0.3225899210125013,100.0
random,2,log_translation_proxy,B6_TSS_accessibility,gc_rbs,-0.17203458787544085,100.0
random,2,log_translation_proxy,B6_TSS_accessibility,score_minus10,-0.1629039344253627,100.0
random,2,log_translation_proxy,B6_TSS_accessibility,score_minus35,-0.1367421507251301,100.0
random,2,log_translation_proxy,B6_TSS_accessibility,spacer_length,0.031223748933845778,100.0
random,2,log_translation_proxy,B6_TSS_accessibility,spacer_optimal,0.018905145142112553,100.0
random,2,log_translation_proxy,B6_TSS_accessibility,score_sd,0.3682391466953798,100.0
random,2,log_translation_proxy,B6_TSS_accessibility,sd_spacing,-0.2694250205741564,100.0
random,2,log_translation_proxy,B6_TSS_accessibility,sd_spacing_optimal,-0.34104415878534655,100.0
random,2,log_translation_proxy,B6_TSS_accessibility,sd_unpaired_probability,-0.03557728080254617,100.0
random,2,log_translation_proxy,B6_TSS_accessibility,start_unpaired_probability,-0.10193784540592243,100.0
random,2,log_translation_proxy,B6_TSS_accessibility,sd_start_opening_energy,-0.25542171890606347,100.0
random,2,log_prot,B4_sequence_only,gc_promoter,-0.8932578453367978,1e-05
random,2,log_prot,B4_sequence_only,gc_rbs,-0.24705804138724374,1e-05
random,2,log_prot,B4_sequence_only,score_minus10,0.32427748128181566,1e-05
random,2,log_prot,B4_sequence_only,score_minus35,0.4624006920047157,1e-05
random,2,log_prot,B4_sequence_only,spacer_length,-0.15469791162716798,1e-05
random,2,log_prot,B4_sequence_only,spacer_optimal,0.19003208787593645,1e-05
random,2,log_prot,B4_sequence_only,score_sd,0.4326390416787536,1e-05
random,2,log_prot,B4_sequence_only,sd_spacing,-0.5561596078020518,1e-05
random,2,log_prot,B4_sequence_only,sd_spacing_optimal,-0.5085026129826153,1e-05
random,2,log_prot,B3_historical_MFE,gc_promoter,-0.9271368418393022,1e-05
random,2,log_prot,B3_historical_MFE,gc_rbs,-0.25873266707958564,1e-05
random,2,log_prot,B3_historical_MFE,score_minus10,0.3101748277281029,1e-05
random,2,log_prot,B3_historical_MFE,score_minus35,0.46142426161232586,1e-05
random,2,log_prot,B3_historical_MFE,spacer_length,-0.1529967327505258,1e-05
random,2,log_prot,B3_historical_MFE,spacer_optimal,0.19414673984666134,1e-05
random,2,log_prot,B3_historical_MFE,score_sd,0.4298100151582796,1e-05
random,2,log_prot,B3_historical_MFE,sd_spacing,-0.5557694788067397,1e-05
random,2,log_prot,B3_historical_MFE,sd_spacing_optimal,-0.5115665334919159,1e-05
random,2,log_prot,B3_historical_MFE,legacy_promoter_tail_mfe,-0.07054188458973006,1e-05
random,2,log_prot,B6_TSS_accessibility,gc_promoter,-0.892520611048163,1e-05
random,2,log_prot,B6_TSS_accessibility,gc_rbs,-0.1819113289090068,1e-05
random,2,log_prot,B6_TSS_accessibility,score_minus10,0.3249956602950314,1e-05
random,2,log_prot,B6_TSS_accessibility,score_minus35,0.4571839164825015,1e-05
random,2,log_prot,B6_TSS_accessibility,spacer_length,-0.15213072423585589,1e-05
random,2,log_prot,B6_TSS_accessibility,spacer_optimal,0.18074757780419218,1e-05
random,2,log_prot,B6_TSS_accessibility,score_sd,0.46275542630325717,1e-05
random,2,log_prot,B6_TSS_accessibility,sd_spacing,-0.5415684164526271,1e-05
random,2,log_prot,B6_TSS_accessibility,sd_spacing_optimal,-0.5337414331831581,1e-05
random,2,log_prot,B6_TSS_accessibility,sd_unpaired_probability,-0.003293139396295665,1e-05
random,2,log_prot,B6_TSS_accessibility,start_unpaired_probability,0.005059172761041441,1e-05
random,2,log_prot,B6_TSS_accessibility,sd_start_opening_energy,-0.2793578659118967,1e-05
random,3,log_translation_proxy,B4_sequence_only,gc_promoter,0.33083777647556756,100.0
random,3,log_translation_proxy,B4_sequence_only,gc_rbs,-0.23222155018309767,100.0
random,3,log_translation_proxy,B4_sequence_only,score_minus10,-0.17729102504503175,100.0
random,3,log_translation_proxy,B4_sequence_only,score_minus35,-0.13464383421524945,100.0
random,3,log_translation_proxy,B4_sequence_only,spacer_length,0.006655876628037315,100.0
random,3,log_translation_proxy,B4_sequence_only,spacer_optimal,0.05215049447048814,100.0
random,3,log_translation_proxy,B4_sequence_only,score_sd,0.33635862748524653,100.0
random,3,log_translation_proxy,B4_sequence_only,sd_spacing,-0.3295697020518552,100.0
random,3,log_translation_proxy,B4_sequence_only,sd_spacing_optimal,-0.3338245025069536,100.0
random,3,log_translation_proxy,B3_historical_MFE,gc_promoter,0.40656746956644846,100.0
random,3,log_translation_proxy,B3_historical_MFE,gc_rbs,-0.20489882793149372,100.0
random,3,log_translation_proxy,B3_historical_MFE,score_minus10,-0.1478524346031778,100.0
random,3,log_translation_proxy,B3_historical_MFE,score_minus35,-0.13380383252902403,100.0
random,3,log_translation_proxy,B3_historical_MFE,spacer_length,0.0019328693070858746,100.0
random,3,log_translation_proxy,B3_historical_MFE,spacer_optimal,0.04378127141389698,100.0
random,3,log_translation_proxy,B3_historical_MFE,score_sd,0.3421497818178682,100.0
random,3,log_translation_proxy,B3_historical_MFE,sd_spacing,-0.3326919379028172,100.0
random,3,log_translation_proxy,B3_historical_MFE,sd_spacing_optimal,-0.32888800898355997,100.0
random,3,log_translation_proxy,B3_historical_MFE,legacy_promoter_tail_mfe,0.15931496764288697,100.0
random,3,log_translation_proxy,B6_TSS_accessibility,gc_promoter,0.3357458447321773,100.0
random,3,log_translation_proxy,B6_TSS_accessibility,gc_rbs,-0.17609481239183947,100.0
random,3,log_translation_proxy,B6_TSS_accessibility,score_minus10,-0.16943934252122508,100.0
random,3,log_translation_proxy,B6_TSS_accessibility,score_minus35,-0.14119149786423446,100.0
random,3,log_translation_proxy,B6_TSS_accessibility,spacer_length,0.013970647816988799,100.0
random,3,log_translation_proxy,B6_TSS_accessibility,spacer_optimal,0.03596548623555247,100.0
random,3,log_translation_proxy,B6_TSS_accessibility,score_sd,0.36964853089979927,100.0
random,3,log_translation_proxy,B6_TSS_accessibility,sd_spacing,-0.25578017757469923,100.0
random,3,log_translation_proxy,B6_TSS_accessibility,sd_spacing_optimal,-0.3298289913996375,100.0
random,3,log_translation_proxy,B6_TSS_accessibility,sd_unpaired_probability,-0.03770236232080289,100.0
random,3,log_translation_proxy,B6_TSS_accessibility,start_unpaired_probability,-0.10199156532362431,100.0
random,3,log_translation_proxy,B6_TSS_accessibility,sd_start_opening_energy,-0.2622468327004887,100.0
random,3,log_prot,B4_sequence_only,gc_promoter,-0.8960314813282549,1e-05
random,3,log_prot,B4_sequence_only,gc_rbs,-0.2644393403106718,1e-05
random,3,log_prot,B4_sequence_only,score_minus10,0.33256885677182235,1e-05
random,3,log_prot,B4_sequence_only,score_minus35,0.45337627692065186,1e-05
random,3,log_prot,B4_sequence_only,spacer_length,-0.1866664027198223,1e-05
random,3,log_prot,B4_sequence_only,spacer_optimal,0.22425126295086587,1e-05
random,3,log_prot,B4_sequence_only,score_sd,0.4155078188670607,1e-05
random,3,log_prot,B4_sequence_only,sd_spacing,-0.5153883510384342,1e-05
random,3,log_prot,B4_sequence_only,sd_spacing_optimal,-0.4586002216084417,1e-05
random,3,log_prot,B3_historical_MFE,gc_promoter,-0.9292450514278496,1e-05
random,3,log_prot,B3_historical_MFE,gc_rbs,-0.2763512052480719,1e-05
random,3,log_prot,B3_historical_MFE,score_minus10,0.3194229719719399,1e-05
random,3,log_prot,B3_historical_MFE,score_minus35,0.4529205009523636,1e-05
random,3,log_prot,B3_historical_MFE,spacer_length,-0.18479790025412504,1e-05
random,3,log_prot,B3_historical_MFE,spacer_optimal,0.22840386277344812,1e-05
random,3,log_prot,B3_historical_MFE,score_sd,0.4129918100458989,1e-05
random,3,log_prot,B3_historical_MFE,sd_spacing,-0.5140018141652584,1e-05
random,3,log_prot,B3_historical_MFE,sd_spacing_optimal,-0.46071207185392166,1e-05
random,3,log_prot,B3_historical_MFE,legacy_promoter_tail_mfe,-0.06855883269666915,1e-05
random,3,log_prot,B6_TSS_accessibility,gc_promoter,-0.8922519860556942,1e-05
random,3,log_prot,B6_TSS_accessibility,gc_rbs,-0.2027288681613052,1e-05
random,3,log_prot,B6_TSS_accessibility,score_minus10,0.33902201101332635,1e-05
random,3,log_prot,B6_TSS_accessibility,score_minus35,0.44856366147798876,1e-05
random,3,log_prot,B6_TSS_accessibility,spacer_length,-0.1833158002893773,1e-05
random,3,log_prot,B6_TSS_accessibility,spacer_optimal,0.20949634276245943,1e-05
random,3,log_prot,B6_TSS_accessibility,score_sd,0.4408170196094481,1e-05
random,3,log_prot,B6_TSS_accessibility,sd_spacing,-0.5163198717358763,1e-05
random,3,log_prot,B6_TSS_accessibility,sd_spacing_optimal,-0.48720005393281407,1e-05
random,3,log_prot,B6_TSS_accessibility,sd_unpaired_probability,0.004004567485268354,1e-05
random,3,log_prot,B6_TSS_accessibility,start_unpaired_probability,0.010646165828008456,1e-05
random,3,log_prot,B6_TSS_accessibility,sd_start_opening_energy,-0.27021982604315575,1e-05
random,4,log_translation_proxy,B4_sequence_only,gc_promoter,0.3163757656130909,31.622776601683793
random,4,log_translation_proxy,B4_sequence_only,gc_rbs,-0.22676748152270215,31.622776601683793
random,4,log_translation_proxy,B4_sequence_only,score_minus10,-0.1799801031179351,31.622776601683793
random,4,log_translation_proxy,B4_sequence_only,score_minus35,-0.139912909263439,31.622776601683793
random,4,log_translation_proxy,B4_sequence_only,spacer_length,0.00696857224952903,31.622776601683793
random,4,log_translation_proxy,B4_sequence_only,spacer_optimal,0.04349927288501929,31.622776601683793
random,4,log_translation_proxy,B4_sequence_only,score_sd,0.3287272975646538,31.622776601683793
random,4,log_translation_proxy,B4_sequence_only,sd_spacing,-0.37476182910609035,31.622776601683793
random,4,log_translation_proxy,B4_sequence_only,sd_spacing_optimal,-0.37251721396950765,31.622776601683793
random,4,log_translation_proxy,B3_historical_MFE,gc_promoter,0.39489268206837086,100.0
random,4,log_translation_proxy,B3_historical_MFE,gc_rbs,-0.19902219502563673,100.0
random,4,log_translation_proxy,B3_historical_MFE,score_minus10,-0.14773934516859938,100.0
random,4,log_translation_proxy,B3_historical_MFE,score_minus35,-0.13821522847789622,100.0
random,4,log_translation_proxy,B3_historical_MFE,spacer_length,0.004846334307323526,100.0
random,4,log_translation_proxy,B3_historical_MFE,spacer_optimal,0.032981749800726656,100.0
random,4,log_translation_proxy,B3_historical_MFE,score_sd,0.333651456707084,100.0
random,4,log_translation_proxy,B3_historical_MFE,sd_spacing,-0.35521597995975646,100.0
random,4,log_translation_proxy,B3_historical_MFE,sd_spacing_optimal,-0.34438198209949733,100.0
random,4,log_translation_proxy,B3_historical_MFE,legacy_promoter_tail_mfe,0.17031635043363624,100.0
random,4,log_translation_proxy,B6_TSS_accessibility,gc_promoter,0.3168760624221563,100.0
random,4,log_translation_proxy,B6_TSS_accessibility,gc_rbs,-0.16437117866730344,100.0
random,4,log_translation_proxy,B6_TSS_accessibility,score_minus10,-0.17500192731646624,100.0
random,4,log_translation_proxy,B6_TSS_accessibility,score_minus35,-0.14638274630949416,100.0
random,4,log_translation_proxy,B6_TSS_accessibility,spacer_length,0.01576897957223431,100.0
random,4,log_translation_proxy,B6_TSS_accessibility,spacer_optimal,0.030015752456753832,100.0
random,4,log_translation_proxy,B6_TSS_accessibility,score_sd,0.3621804718377649,100.0
random,4,log_translation_proxy,B6_TSS_accessibility,sd_spacing,-0.2719928704775639,100.0
random,4,log_translation_proxy,B6_TSS_accessibility,sd_spacing_optimal,-0.3463251972141128,100.0
random,4,log_translation_proxy,B6_TSS_accessibility,sd_unpaired_probability,-0.04036341023641306,100.0
random,4,log_translation_proxy,B6_TSS_accessibility,start_unpaired_probability,-0.10108005460865419,100.0
random,4,log_translation_proxy,B6_TSS_accessibility,sd_start_opening_energy,-0.287706061652812,100.0
random,4,log_prot,B4_sequence_only,gc_promoter,-0.9090803757127363,1e-05
random,4,log_prot,B4_sequence_only,gc_rbs,-0.24368818135617804,1e-05
random,4,log_prot,B4_sequence_only,score_minus10,0.33804146957503645,1e-05
random,4,log_prot,B4_sequence_only,score_minus35,0.471982385344321,1e-05
random,4,log_prot,B4_sequence_only,spacer_length,-0.190375955225762,1e-05
random,4,log_prot,B4_sequence_only,spacer_optimal,0.2059301856392981,1e-05
random,4,log_prot,B4_sequence_only,score_sd,0.41503594429382634,1e-05
random,4,log_prot,B4_sequence_only,sd_spacing,-0.5706755310595781,1e-05
random,4,log_prot,B4_sequence_only,sd_spacing_optimal,-0.5094388748096664,1e-05
random,4,log_prot,B3_historical_MFE,gc_promoter,-0.9331148953347789,1e-05
random,4,log_prot,B3_historical_MFE,gc_rbs,-0.2524748001161587,1e-05
random,4,log_prot,B3_historical_MFE,score_minus10,0.3286350313659953,1e-05
random,4,log_prot,B3_historical_MFE,score_minus35,0.47189872680676087,1e-05
random,4,log_prot,B3_historical_MFE,spacer_length,-0.18999403267222195,1e-05
random,4,log_prot,B3_historical_MFE,spacer_optimal,0.2093097152340995,1e-05
random,4,log_prot,B3_historical_MFE,score_sd,0.4132282476457632,1e-05
random,4,log_prot,B3_historical_MFE,sd_spacing,-0.5696310273923295,1e-05
random,4,log_prot,B3_historical_MFE,sd_spacing_optimal,-0.5108862199472803,1e-05
random,4,log_prot,B3_historical_MFE,legacy_promoter_tail_mfe,-0.04997038801254594,1e-05
random,4,log_prot,B6_TSS_accessibility,gc_promoter,-0.9087386732646119,1e-05
random,4,log_prot,B6_TSS_accessibility,gc_rbs,-0.1826558728375137,1e-05
random,4,log_prot,B6_TSS_accessibility,score_minus10,0.34006364599385974,1e-05
random,4,log_prot,B6_TSS_accessibility,score_minus35,0.4667322117749846,1e-05
random,4,log_prot,B6_TSS_accessibility,spacer_length,-0.18553817045803747,1e-05
random,4,log_prot,B6_TSS_accessibility,spacer_optimal,0.19581041883928132,1e-05
random,4,log_prot,B6_TSS_accessibility,score_sd,0.43893624279969834,1e-05
random,4,log_prot,B6_TSS_accessibility,sd_spacing,-0.5569336201165019,1e-05
random,4,log_prot,B6_TSS_accessibility,sd_spacing_optimal,-0.530446364665457,1e-05
random,4,log_prot,B6_TSS_accessibility,sd_unpaired_probability,-0.011469459269943978,1e-05
random,4,log_prot,B6_TSS_accessibility,start_unpaired_probability,0.025021619743786933,1e-05
random,4,log_prot,B6_TSS_accessibility,sd_start_opening_energy,-0.2728796994606967,1e-05
promoter_holdout,0,log_translation_proxy,B4_sequence_only,gc_promoter,0.30260228400239253,1000.0
promoter_holdout,0,log_translation_proxy,B4_sequence_only,gc_rbs,-0.23251123083794187,1000.0
promoter_holdout,0,log_translation_proxy,B4_sequence_only,score_minus10,-0.1990727654042207,1000.0
promoter_holdout,0,log_translation_proxy,B4_sequence_only,score_minus35,-0.1771898992127502,1000.0
promoter_holdout,0,log_translation_proxy,B4_sequence_only,spacer_length,0.05339564322033683,1000.0
promoter_holdout,0,log_translation_proxy,B4_sequence_only,spacer_optimal,-0.017025806685699856,1000.0
promoter_holdout,0,log_translation_proxy,B4_sequence_only,score_sd,0.3031337994912702,1000.0
promoter_holdout,0,log_translation_proxy,B4_sequence_only,sd_spacing,-0.19389859360017303,1000.0
promoter_holdout,0,log_translation_proxy,B4_sequence_only,sd_spacing_optimal,-0.18205290420271197,1000.0
promoter_holdout,0,log_translation_proxy,B3_historical_MFE,gc_promoter,0.3926948010253199,316.22776601683796
promoter_holdout,0,log_translation_proxy,B3_historical_MFE,gc_rbs,-0.20567624954943742,316.22776601683796
promoter_holdout,0,log_translation_proxy,B3_historical_MFE,score_minus10,-0.1960354897899036,316.22776601683796
promoter_holdout,0,log_translation_proxy,B3_historical_MFE,score_minus35,-0.1905732679103591,316.22776601683796
promoter_holdout,0,log_translation_proxy,B3_historical_MFE,spacer_length,0.06963383330295034,316.22776601683796
promoter_holdout,0,log_translation_proxy,B3_historical_MFE,spacer_optimal,-0.028416946243797637,316.22776601683796
promoter_holdout,0,log_translation_proxy,B3_historical_MFE,score_sd,0.32762328813270314,316.22776601683796
promoter_holdout,0,log_translation_proxy,B3_historical_MFE,sd_spacing,-0.28430475208100303,316.22776601683796
promoter_holdout,0,log_translation_proxy,B3_historical_MFE,sd_spacing_optimal,-0.27209454583460735,316.22776601683796
promoter_holdout,0,log_translation_proxy,B3_historical_MFE,legacy_promoter_tail_mfe,0.16631428112043375,316.22776601683796
promoter_holdout,0,log_translation_proxy,B6_TSS_accessibility,gc_promoter,0.31246256691259106,1000.0
promoter_holdout,0,log_translation_proxy,B6_TSS_accessibility,gc_rbs,-0.18378751650958178,1000.0
promoter_holdout,0,log_translation_proxy,B6_TSS_accessibility,score_minus10,-0.19004959593973325,1000.0
promoter_holdout,0,log_translation_proxy,B6_TSS_accessibility,score_minus35,-0.1766745478748734,1000.0
promoter_holdout,0,log_translation_proxy,B6_TSS_accessibility,spacer_length,0.0532757133313156,1000.0
promoter_holdout,0,log_translation_proxy,B6_TSS_accessibility,spacer_optimal,-0.026045709970906418,1000.0
promoter_holdout,0,log_translation_proxy,B6_TSS_accessibility,score_sd,0.32597097650979406,1000.0
promoter_holdout,0,log_translation_proxy,B6_TSS_accessibility,sd_spacing,-0.15860300942263153,1000.0
promoter_holdout,0,log_translation_proxy,B6_TSS_accessibility,sd_spacing_optimal,-0.19561597741370976,1000.0
promoter_holdout,0,log_translation_proxy,B6_TSS_accessibility,sd_unpaired_probability,-0.012014727334171775,1000.0
promoter_holdout,0,log_translation_proxy,B6_TSS_accessibility,start_unpaired_probability,-0.09522144037256187,1000.0
promoter_holdout,0,log_translation_proxy,B6_TSS_accessibility,sd_start_opening_energy,-0.21810167656715318,1000.0
promoter_holdout,0,log_prot,B4_sequence_only,gc_promoter,-0.9042352591076033,1e-05
promoter_holdout,0,log_prot,B4_sequence_only,gc_rbs,-0.2599767350075317,1e-05
promoter_holdout,0,log_prot,B4_sequence_only,score_minus10,0.35419674794655864,1e-05
promoter_holdout,0,log_prot,B4_sequence_only,score_minus35,0.4837765850910572,1e-05
promoter_holdout,0,log_prot,B4_sequence_only,spacer_length,-0.3425199950883445,1e-05
promoter_holdout,0,log_prot,B4_sequence_only,spacer_optimal,0.36202030568888444,1e-05
promoter_holdout,0,log_prot,B4_sequence_only,score_sd,0.4176851568265046,1e-05
promoter_holdout,0,log_prot,B4_sequence_only,sd_spacing,-0.5392392391086758,1e-05
promoter_holdout,0,log_prot,B4_sequence_only,sd_spacing_optimal,-0.47592333677715837,1e-05
promoter_holdout,0,log_prot,B3_historical_MFE,gc_promoter,-0.9335889054040973,1e-05
promoter_holdout,0,log_prot,B3_historical_MFE,gc_rbs,-0.2718338488012544,1e-05
promoter_holdout,0,log_prot,B3_historical_MFE,score_minus10,0.34549430155236077,1e-05
promoter_holdout,0,log_prot,B3_historical_MFE,score_minus35,0.48253013522705973,1e-05
promoter_holdout,0,log_prot,B3_historical_MFE,spacer_length,-0.34283518140940217,1e-05
promoter_holdout,0,log_prot,B3_historical_MFE,spacer_optimal,0.3639941475904964,1e-05
promoter_holdout,0,log_prot,B3_historical_MFE,score_sd,0.4146453965577446,1e-05
promoter_holdout,0,log_prot,B3_historical_MFE,sd_spacing,-0.5376161885336087,1e-05
promoter_holdout,0,log_prot,B3_historical_MFE,sd_spacing_optimal,-0.47729431746786677,1e-05
promoter_holdout,0,log_prot,B3_historical_MFE,legacy_promoter_tail_mfe,-0.06712997622218675,1e-05
promoter_holdout,0,log_prot,B6_TSS_accessibility,gc_promoter,-0.8941301741606457,1e-05
promoter_holdout,0,log_prot,B6_TSS_accessibility,gc_rbs,-0.1957691232107214,1e-05
promoter_holdout,0,log_prot,B6_TSS_accessibility,score_minus10,0.35965878835895765,1e-05
promoter_holdout,0,log_prot,B6_TSS_accessibility,score_minus35,0.48410611170116136,1e-05
promoter_holdout,0,log_prot,B6_TSS_accessibility,spacer_length,-0.34319173470408565,1e-05
promoter_holdout,0,log_prot,B6_TSS_accessibility,spacer_optimal,0.35441540122333726,1e-05
promoter_holdout,0,log_prot,B6_TSS_accessibility,score_sd,0.4413512023712126,1e-05
promoter_holdout,0,log_prot,B6_TSS_accessibility,sd_spacing,-0.5528089275718634,1e-05
promoter_holdout,0,log_prot,B6_TSS_accessibility,sd_spacing_optimal,-0.5130369690443456,1e-05
promoter_holdout,0,log_prot,B6_TSS_accessibility,sd_unpaired_probability,0.01106437222309352,1e-05
promoter_holdout,0,log_prot,B6_TSS_accessibility,start_unpaired_probability,0.026334445766737737,1e-05
promoter_holdout,0,log_prot,B6_TSS_accessibility,sd_start_opening_energy,-0.2686393460203452,1e-05
promoter_holdout,1,log_translation_proxy,B4_sequence_only,gc_promoter,0.32238601647943926,1000.0
promoter_holdout,1,log_translation_proxy,B4_sequence_only,gc_rbs,-0.23051999769834092,1000.0
promoter_holdout,1,log_translation_proxy,B4_sequence_only,score_minus10,-0.15347709164459591,1000.0
promoter_holdout,1,log_translation_proxy,B4_sequence_only,score_minus35,-0.10749807602061894,1000.0
promoter_holdout,1,log_translation_proxy,B4_sequence_only,spacer_length,0.005193559381566876,1000.0
promoter_holdout,1,log_translation_proxy,B4_sequence_only,spacer_optimal,0.052778019012090165,1000.0
promoter_holdout,1,log_translation_proxy,B4_sequence_only,score_sd,0.2910604526626132,1000.0
promoter_holdout,1,log_translation_proxy,B4_sequence_only,sd_spacing,-0.19761364256521863,1000.0
promoter_holdout,1,log_translation_proxy,B4_sequence_only,sd_spacing_optimal,-0.1824154195961393,1000.0
promoter_holdout,1,log_translation_proxy,B3_historical_MFE,gc_promoter,0.36965270424812796,1000.0
promoter_holdout,1,log_translation_proxy,B3_historical_MFE,gc_rbs,-0.21134648131734493,1000.0
promoter_holdout,1,log_translation_proxy,B3_historical_MFE,score_minus10,-0.1348408723206473,1000.0
promoter_holdout,1,log_translation_proxy,B3_historical_MFE,score_minus35,-0.10418716724357269,1000.0
promoter_holdout,1,log_translation_proxy,B3_historical_MFE,spacer_length,0.00395935014235607,1000.0
promoter_holdout,1,log_translation_proxy,B3_historical_MFE,spacer_optimal,0.051822963917055154,1000.0
promoter_holdout,1,log_translation_proxy,B3_historical_MFE,score_sd,0.29567014312215056,1000.0
promoter_holdout,1,log_translation_proxy,B3_historical_MFE,sd_spacing,-0.19914283406355354,1000.0
promoter_holdout,1,log_translation_proxy,B3_historical_MFE,sd_spacing_optimal,-0.1796252505909548,1000.0
promoter_holdout,1,log_translation_proxy,B3_historical_MFE,legacy_promoter_tail_mfe,0.11915637790988474,1000.0
promoter_holdout,1,log_translation_proxy,B6_TSS_accessibility,gc_promoter,0.31867528015019486,1000.0
promoter_holdout,1,log_translation_proxy,B6_TSS_accessibility,gc_rbs,-0.17967408778597985,1000.0
promoter_holdout,1,log_translation_proxy,B6_TSS_accessibility,score_minus10,-0.15843932892291926,1000.0
promoter_holdout,1,log_translation_proxy,B6_TSS_accessibility,score_minus35,-0.1239466220299017,1000.0
promoter_holdout,1,log_translation_proxy,B6_TSS_accessibility,spacer_length,0.008824849635524186,1000.0
promoter_holdout,1,log_translation_proxy,B6_TSS_accessibility,spacer_optimal,0.05067003132823097,1000.0
promoter_holdout,1,log_translation_proxy,B6_TSS_accessibility,score_sd,0.31881001020353605,1000.0
promoter_holdout,1,log_translation_proxy,B6_TSS_accessibility,sd_spacing,-0.14693576976172829,1000.0
promoter_holdout,1,log_translation_proxy,B6_TSS_accessibility,sd_spacing_optimal,-0.19148255543281606,1000.0
promoter_holdout,1,log_translation_proxy,B6_TSS_accessibility,sd_unpaired_probability,-0.030013356107588113,1000.0
promoter_holdout,1,log_translation_proxy,B6_TSS_accessibility,start_unpaired_probability,-0.11210431450487648,1000.0
promoter_holdout,1,log_translation_proxy,B6_TSS_accessibility,sd_start_opening_energy,-0.23448309316055724,1000.0
promoter_holdout,1,log_prot,B4_sequence_only,gc_promoter,-0.9857489060320745,1e-05
promoter_holdout,1,log_prot,B4_sequence_only,gc_rbs,-0.24825749911434167,1e-05
promoter_holdout,1,log_prot,B4_sequence_only,score_minus10,0.3239309196585348,1e-05
promoter_holdout,1,log_prot,B4_sequence_only,score_minus35,0.40526426536748295,1e-05
promoter_holdout,1,log_prot,B4_sequence_only,spacer_length,-0.2319822745798032,1e-05
promoter_holdout,1,log_prot,B4_sequence_only,spacer_optimal,0.24559164249522475,1e-05
promoter_holdout,1,log_prot,B4_sequence_only,score_sd,0.3958713093589323,1e-05
promoter_holdout,1,log_prot,B4_sequence_only,sd_spacing,-0.5270269850464103,1e-05
promoter_holdout,1,log_prot,B4_sequence_only,sd_spacing_optimal,-0.46229517547375665,1e-05
promoter_holdout,1,log_prot,B3_historical_MFE,gc_promoter,-1.0259144095587176,1e-05
promoter_holdout,1,log_prot,B3_historical_MFE,gc_rbs,-0.2634692176562509,1e-05
promoter_holdout,1,log_prot,B3_historical_MFE,score_minus10,0.30561497743720833,1e-05
promoter_holdout,1,log_prot,B3_historical_MFE,score_minus35,0.40105158513300027,1e-05
promoter_holdout,1,log_prot,B3_historical_MFE,spacer_length,-0.2328403031692644,1e-05
promoter_holdout,1,log_prot,B3_historical_MFE,spacer_optimal,0.252241461186659,1e-05
promoter_holdout,1,log_prot,B3_historical_MFE,score_sd,0.39228423377380267,1e-05
promoter_holdout,1,log_prot,B3_historical_MFE,sd_spacing,-0.5255317455605754,1e-05
promoter_holdout,1,log_prot,B3_historical_MFE,sd_spacing_optimal,-0.46409935060650537,1e-05
promoter_holdout,1,log_prot,B3_historical_MFE,legacy_promoter_tail_mfe,-0.08352131850828574,1e-05
promoter_holdout,1,log_prot,B6_TSS_accessibility,gc_promoter,-0.9866172182602487,1e-05
promoter_holdout,1,log_prot,B6_TSS_accessibility,gc_rbs,-0.1874441873588311,1e-05
promoter_holdout,1,log_prot,B6_TSS_accessibility,score_minus10,0.316633802100426,1e-05
promoter_holdout,1,log_prot,B6_TSS_accessibility,score_minus35,0.39352968050347814,1e-05
promoter_holdout,1,log_prot,B6_TSS_accessibility,spacer_length,-0.2292491055722245,1e-05
promoter_holdout,1,log_prot,B6_TSS_accessibility,spacer_optimal,0.24124899424997565,1e-05
promoter_holdout,1,log_prot,B6_TSS_accessibility,score_sd,0.42422091052848626,1e-05
promoter_holdout,1,log_prot,B6_TSS_accessibility,sd_spacing,-0.5088953601709318,1e-05
promoter_holdout,1,log_prot,B6_TSS_accessibility,sd_spacing_optimal,-0.4805655138026353,1e-05
promoter_holdout,1,log_prot,B6_TSS_accessibility,sd_unpaired_probability,-0.020218130599081806,1e-05
promoter_holdout,1,log_prot,B6_TSS_accessibility,start_unpaired_probability,0.03450578035222749,1e-05
promoter_holdout,1,log_prot,B6_TSS_accessibility,sd_start_opening_energy,-0.2877538974298404,1e-05
promoter_holdout,2,log_translation_proxy,B4_sequence_only,gc_promoter,0.305605308596069,1000.0
promoter_holdout,2,log_translation_proxy,B4_sequence_only,gc_rbs,-0.2266523996988663,1000.0
promoter_holdout,2,log_translation_proxy,B4_sequence_only,score_minus10,-0.16961550857967153,1000.0
promoter_holdout,2,log_translation_proxy,B4_sequence_only,score_minus35,-0.04758690476482852,1000.0
promoter_holdout,2,log_translation_proxy,B4_sequence_only,spacer_length,0.05443781971546313,1000.0
promoter_holdout,2,log_translation_proxy,B4_sequence_only,spacer_optimal,0.07402340672541814,1000.0
promoter_holdout,2,log_translation_proxy,B4_sequence_only,score_sd,0.31064630054342524,1000.0
promoter_holdout,2,log_translation_proxy,B4_sequence_only,sd_spacing,-0.1995391680634577,1000.0
promoter_holdout,2,log_translation_proxy,B4_sequence_only,sd_spacing_optimal,-0.19226273889529022,1000.0
promoter_holdout,2,log_translation_proxy,B3_historical_MFE,gc_promoter,0.35422477360380306,1000.0
promoter_holdout,2,log_translation_proxy,B3_historical_MFE,gc_rbs,-0.20843365255708715,1000.0
promoter_holdout,2,log_translation_proxy,B3_historical_MFE,score_minus10,-0.1498116432266386,1000.0
promoter_holdout,2,log_translation_proxy,B3_historical_MFE,score_minus35,-0.05357665033839982,1000.0
promoter_holdout,2,log_translation_proxy,B3_historical_MFE,spacer_length,0.049169960417160534,1000.0
promoter_holdout,2,log_translation_proxy,B3_historical_MFE,spacer_optimal,0.07326966411280166,1000.0
promoter_holdout,2,log_translation_proxy,B3_historical_MFE,score_sd,0.31328183094423695,1000.0
promoter_holdout,2,log_translation_proxy,B3_historical_MFE,sd_spacing,-0.20400712714074212,1000.0
promoter_holdout,2,log_translation_proxy,B3_historical_MFE,sd_spacing_optimal,-0.18853936830434326,1000.0
promoter_holdout,2,log_translation_proxy,B3_historical_MFE,legacy_promoter_tail_mfe,0.11865298619019275,1000.0
promoter_holdout,2,log_translation_proxy,B6_TSS_accessibility,gc_promoter,0.3015324685075246,1000.0
promoter_holdout,2,log_translation_proxy,B6_TSS_accessibility,gc_rbs,-0.18121527427168677,1000.0
promoter_holdout,2,log_translation_proxy,B6_TSS_accessibility,score_minus10,-0.16633978292275856,1000.0
promoter_holdout,2,log_translation_proxy,B6_TSS_accessibility,score_minus35,-0.05750429196225024,1000.0
promoter_holdout,2,log_translation_proxy,B6_TSS_accessibility,spacer_length,0.06256897922305871,1000.0
promoter_holdout,2,log_translation_proxy,B6_TSS_accessibility,spacer_optimal,0.0640761782568439,1000.0
promoter_holdout,2,log_translation_proxy,B6_TSS_accessibility,score_sd,0.33411858184646115,1000.0
promoter_holdout,2,log_translation_proxy,B6_TSS_accessibility,sd_spacing,-0.14983454808914312,1000.0
promoter_holdout,2,log_translation_proxy,B6_TSS_accessibility,sd_spacing_optimal,-0.20393158081594404,1000.0
promoter_holdout,2,log_translation_proxy,B6_TSS_accessibility,sd_unpaired_probability,-0.04070283083439315,1000.0
promoter_holdout,2,log_translation_proxy,B6_TSS_accessibility,start_unpaired_probability,-0.0924961180601279,1000.0
promoter_holdout,2,log_translation_proxy,B6_TSS_accessibility,sd_start_opening_energy,-0.21661225416449492,1000.0
promoter_holdout,2,log_prot,B4_sequence_only,gc_promoter,-0.9147919062286739,1e-05
promoter_holdout,2,log_prot,B4_sequence_only,gc_rbs,-0.25355489525279795,1e-05
promoter_holdout,2,log_prot,B4_sequence_only,score_minus10,0.3039405638351748,1e-05
promoter_holdout,2,log_prot,B4_sequence_only,score_minus35,0.5057436764875904,1e-05
promoter_holdout,2,log_prot,B4_sequence_only,spacer_length,-0.19555862350438905,1e-05
promoter_holdout,2,log_prot,B4_sequence_only,spacer_optimal,0.22147761488451082,1e-05
promoter_holdout,2,log_prot,B4_sequence_only,score_sd,0.425971547869987,1e-05
promoter_holdout,2,log_prot,B4_sequence_only,sd_spacing,-0.5387226555062123,1e-05
promoter_holdout,2,log_prot,B4_sequence_only,sd_spacing_optimal,-0.48542476547218133,1e-05
promoter_holdout,2,log_prot,B3_historical_MFE,gc_promoter,-0.9496425689649695,1e-05
promoter_holdout,2,log_prot,B3_historical_MFE,gc_rbs,-0.26624627570218007,1e-05
promoter_holdout,2,log_prot,B3_historical_MFE,score_minus10,0.2879408506543083,1e-05
promoter_holdout,2,log_prot,B3_historical_MFE,score_minus35,0.5096000414398203,1e-05
promoter_holdout,2,log_prot,B3_historical_MFE,spacer_length,-0.19296198238780593,1e-05
promoter_holdout,2,log_prot,B3_historical_MFE,spacer_optimal,0.2256119506817806,1e-05
promoter_holdout,2,log_prot,B3_historical_MFE,score_sd,0.42429684007207835,1e-05
promoter_holdout,2,log_prot,B3_historical_MFE,sd_spacing,-0.5347699484048307,1e-05
promoter_holdout,2,log_prot,B3_historical_MFE,sd_spacing_optimal,-0.4869647706506004,1e-05
promoter_holdout,2,log_prot,B3_historical_MFE,legacy_promoter_tail_mfe,-0.07262637127715156,1e-05
promoter_holdout,2,log_prot,B6_TSS_accessibility,gc_promoter,-0.9185646871490954,1e-05
promoter_holdout,2,log_prot,B6_TSS_accessibility,gc_rbs,-0.18369176979560042,1e-05
promoter_holdout,2,log_prot,B6_TSS_accessibility,score_minus10,0.30679370721147653,1e-05
promoter_holdout,2,log_prot,B6_TSS_accessibility,score_minus35,0.49178391919843817,1e-05
promoter_holdout,2,log_prot,B6_TSS_accessibility,spacer_length,-0.19162966708941775,1e-05
promoter_holdout,2,log_prot,B6_TSS_accessibility,spacer_optimal,0.20731522534160463,1e-05
promoter_holdout,2,log_prot,B6_TSS_accessibility,score_sd,0.4516712616714111,1e-05
promoter_holdout,2,log_prot,B6_TSS_accessibility,sd_spacing,-0.5673731157428008,1e-05
promoter_holdout,2,log_prot,B6_TSS_accessibility,sd_spacing_optimal,-0.5322461017520818,1e-05
promoter_holdout,2,log_prot,B6_TSS_accessibility,sd_unpaired_probability,0.02756725942456129,1e-05
promoter_holdout,2,log_prot,B6_TSS_accessibility,start_unpaired_probability,0.0068432135884627255,1e-05
promoter_holdout,2,log_prot,B6_TSS_accessibility,sd_start_opening_energy,-0.266516878547963,1e-05
promoter_holdout,3,log_translation_proxy,B4_sequence_only,gc_promoter,0.2939797585418528,1000.0
promoter_holdout,3,log_translation_proxy,B4_sequence_only,gc_rbs,-0.2346296615474063,1000.0
promoter_holdout,3,log_translation_proxy,B4_sequence_only,score_minus10,-0.0993007366585306,1000.0
promoter_holdout,3,log_translation_proxy,B4_sequence_only,score_minus35,-0.11764097690719379,1000.0
promoter_holdout,3,log_translation_proxy,B4_sequence_only,spacer_length,-0.03559044186936554,1000.0
promoter_holdout,3,log_translation_proxy,B4_sequence_only,spacer_optimal,0.01787609383730855,1000.0
promoter_holdout,3,log_translation_proxy,B4_sequence_only,score_sd,0.3142030602990242,1000.0
promoter_holdout,3,log_translation_proxy,B4_sequence_only,sd_spacing,-0.21800076397148016,1000.0
promoter_holdout,3,log_translation_proxy,B4_sequence_only,sd_spacing_optimal,-0.19809519531713463,1000.0
promoter_holdout,3,log_translation_proxy,B3_historical_MFE,gc_promoter,0.34222421702496153,1000.0
promoter_holdout,3,log_translation_proxy,B3_historical_MFE,gc_rbs,-0.21660385532278975,1000.0
promoter_holdout,3,log_translation_proxy,B3_historical_MFE,score_minus10,-0.0861295509321045,1000.0
promoter_holdout,3,log_translation_proxy,B3_historical_MFE,score_minus35,-0.11520856573649203,1000.0
promoter_holdout,3,log_translation_proxy,B3_historical_MFE,spacer_length,-0.03747044306370113,1000.0
promoter_holdout,3,log_translation_proxy,B3_historical_MFE,spacer_optimal,0.015039765563226384,1000.0
promoter_holdout,3,log_translation_proxy,B3_historical_MFE,score_sd,0.31727467325710806,1000.0
promoter_holdout,3,log_translation_proxy,B3_historical_MFE,sd_spacing,-0.21803731243325244,1000.0
promoter_holdout,3,log_translation_proxy,B3_historical_MFE,sd_spacing_optimal,-0.1935300936660701,1000.0
promoter_holdout,3,log_translation_proxy,B3_historical_MFE,legacy_promoter_tail_mfe,0.11818571733841629,1000.0
promoter_holdout,3,log_translation_proxy,B6_TSS_accessibility,gc_promoter,0.29241227765213196,1000.0
promoter_holdout,3,log_translation_proxy,B6_TSS_accessibility,gc_rbs,-0.18207194635880503,1000.0
promoter_holdout,3,log_translation_proxy,B6_TSS_accessibility,score_minus10,-0.09471375680457356,1000.0
promoter_holdout,3,log_translation_proxy,B6_TSS_accessibility,score_minus35,-0.11962142810195679,1000.0
promoter_holdout,3,log_translation_proxy,B6_TSS_accessibility,spacer_length,-0.03345686720756322,1000.0
promoter_holdout,3,log_translation_proxy,B6_TSS_accessibility,spacer_optimal,0.007275213595305378,1000.0
promoter_holdout,3,log_translation_proxy,B6_TSS_accessibility,score_sd,0.33754998931566105,1000.0
promoter_holdout,3,log_translation_proxy,B6_TSS_accessibility,sd_spacing,-0.15671130890301016,1000.0
promoter_holdout,3,log_translation_proxy,B6_TSS_accessibility,sd_spacing_optimal,-0.20745861507525562,1000.0
promoter_holdout,3,log_translation_proxy,B6_TSS_accessibility,sd_unpaired_probability,-0.05305814272241665,1000.0
promoter_holdout,3,log_translation_proxy,B6_TSS_accessibility,start_unpaired_probability,-0.06723864773915765,1000.0
promoter_holdout,3,log_translation_proxy,B6_TSS_accessibility,sd_start_opening_energy,-0.2622083172657781,1000.0
promoter_holdout,3,log_prot,B4_sequence_only,gc_promoter,-0.8478186733834839,100.0
promoter_holdout,3,log_prot,B4_sequence_only,gc_rbs,-0.2585368269456835,100.0
promoter_holdout,3,log_prot,B4_sequence_only,score_minus10,0.2847386121680686,100.0
promoter_holdout,3,log_prot,B4_sequence_only,score_minus35,0.45302592955067644,100.0
promoter_holdout,3,log_prot,B4_sequence_only,spacer_length,-0.09971421295173212,100.0
promoter_holdout,3,log_prot,B4_sequence_only,spacer_optimal,0.2308430309825913,100.0
promoter_holdout,3,log_prot,B4_sequence_only,score_sd,0.4224336643471654,100.0
promoter_holdout,3,log_prot,B4_sequence_only,sd_spacing,-0.5259131011628454,100.0
promoter_holdout,3,log_prot,B4_sequence_only,sd_spacing_optimal,-0.4579065392777771,100.0
promoter_holdout,3,log_prot,B3_historical_MFE,gc_promoter,-0.8852639674160909,31.622776601683793
promoter_holdout,3,log_prot,B3_historical_MFE,gc_rbs,-0.26549265182120346,31.622776601683793
promoter_holdout,3,log_prot,B3_historical_MFE,score_minus10,0.2760409064847498,31.622776601683793
promoter_holdout,3,log_prot,B3_historical_MFE,score_minus35,0.4547752985948624,31.622776601683793
promoter_holdout,3,log_prot,B3_historical_MFE,spacer_length,-0.10657970831979292,31.622776601683793
promoter_holdout,3,log_prot,B3_historical_MFE,spacer_optimal,0.24276565851985016,31.622776601683793
promoter_holdout,3,log_prot,B3_historical_MFE,score_sd,0.42217928068261634,31.622776601683793
promoter_holdout,3,log_prot,B3_historical_MFE,sd_spacing,-0.5603941654388459,31.622776601683793
promoter_holdout,3,log_prot,B3_historical_MFE,sd_spacing_optimal,-0.49450498986970093,31.622776601683793
promoter_holdout,3,log_prot,B3_historical_MFE,legacy_promoter_tail_mfe,-0.057367031632589466,31.622776601683793
promoter_holdout,3,log_prot,B6_TSS_accessibility,gc_promoter,-0.8509302124743247,100.0
promoter_holdout,3,log_prot,B6_TSS_accessibility,gc_rbs,-0.19180766850786513,100.0
promoter_holdout,3,log_prot,B6_TSS_accessibility,score_minus10,0.2935175781296097,100.0
promoter_holdout,3,log_prot,B6_TSS_accessibility,score_minus35,0.45235805907873167,100.0
promoter_holdout,3,log_prot,B6_TSS_accessibility,spacer_length,-0.09953402504556116,100.0
promoter_holdout,3,log_prot,B6_TSS_accessibility,spacer_optimal,0.2159618150982672,100.0
promoter_holdout,3,log_prot,B6_TSS_accessibility,score_sd,0.4471004627924979,100.0
promoter_holdout,3,log_prot,B6_TSS_accessibility,sd_spacing,-0.5169822626430323,100.0
promoter_holdout,3,log_prot,B6_TSS_accessibility,sd_spacing_optimal,-0.48102887342847805,100.0
promoter_holdout,3,log_prot,B6_TSS_accessibility,sd_unpaired_probability,0.017368285840453534,100.0
promoter_holdout,3,log_prot,B6_TSS_accessibility,start_unpaired_probability,-0.031887659153765124,100.0
promoter_holdout,3,log_prot,B6_TSS_accessibility,sd_start_opening_energy,-0.2610570596948387,100.0
promoter_holdout,4,log_translation_proxy,B4_sequence_only,gc_promoter,0.2711969464672166,316.22776601683796
promoter_holdout,4,log_translation_proxy,B4_sequence_only,gc_rbs,-0.22975720973350952,316.22776601683796
promoter_holdout,4,log_translation_proxy,B4_sequence_only,score_minus10,-0.1966583510249575,316.22776601683796
promoter_holdout,4,log_translation_proxy,B4_sequence_only,score_minus35,-0.12352442436735588,316.22776601683796
promoter_holdout,4,log_translation_proxy,B4_sequence_only,spacer_length,-0.02384256344575597,316.22776601683796
promoter_holdout,4,log_translation_proxy,B4_sequence_only,spacer_optimal,0.06969805318167867,316.22776601683796
promoter_holdout,4,log_translation_proxy,B4_sequence_only,score_sd,0.3440783885068449,316.22776601683796
promoter_holdout,4,log_translation_proxy,B4_sequence_only,sd_spacing,-0.30357005372343426,316.22776601683796
promoter_holdout,4,log_translation_proxy,B4_sequence_only,sd_spacing_optimal,-0.3131749512235884,316.22776601683796
promoter_holdout,4,log_translation_proxy,B3_historical_MFE,gc_promoter,0.3473293266196626,316.22776601683796
promoter_holdout,4,log_translation_proxy,B3_historical_MFE,gc_rbs,-0.20535439994101373,316.22776601683796
promoter_holdout,4,log_translation_proxy,B3_historical_MFE,score_minus10,-0.16446641839187223,316.22776601683796
promoter_holdout,4,log_translation_proxy,B3_historical_MFE,score_minus35,-0.12379558932220354,316.22776601683796
promoter_holdout,4,log_translation_proxy,B3_historical_MFE,spacer_length,-0.03764568300218675,316.22776601683796
promoter_holdout,4,log_translation_proxy,B3_historical_MFE,spacer_optimal,0.06346932931545536,316.22776601683796
promoter_holdout,4,log_translation_proxy,B3_historical_MFE,score_sd,0.3486494446275326,316.22776601683796
promoter_holdout,4,log_translation_proxy,B3_historical_MFE,sd_spacing,-0.30756648590712504,316.22776601683796
promoter_holdout,4,log_translation_proxy,B3_historical_MFE,sd_spacing_optimal,-0.3079100201687149,316.22776601683796
promoter_holdout,4,log_translation_proxy,B3_historical_MFE,legacy_promoter_tail_mfe,0.15335687679971413,316.22776601683796
promoter_holdout,4,log_translation_proxy,B6_TSS_accessibility,gc_promoter,0.26064168759489437,1000.0
promoter_holdout,4,log_translation_proxy,B6_TSS_accessibility,gc_rbs,-0.174813684471155,1000.0
promoter_holdout,4,log_translation_proxy,B6_TSS_accessibility,score_minus10,-0.17673402664198154,1000.0
promoter_holdout,4,log_translation_proxy,B6_TSS_accessibility,score_minus35,-0.11159883488960497,1000.0
promoter_holdout,4,log_translation_proxy,B6_TSS_accessibility,spacer_length,-0.01303574877173308,1000.0
promoter_holdout,4,log_translation_proxy,B6_TSS_accessibility,spacer_optimal,0.04436000949870479,1000.0
promoter_holdout,4,log_translation_proxy,B6_TSS_accessibility,score_sd,0.35230854314811716,1000.0
promoter_holdout,4,log_translation_proxy,B6_TSS_accessibility,sd_spacing,-0.1285837194441809,1000.0
promoter_holdout,4,log_translation_proxy,B6_TSS_accessibility,sd_spacing_optimal,-0.2170553732631048,1000.0
promoter_holdout,4,log_translation_proxy,B6_TSS_accessibility,sd_unpaired_probability,-0.0668654247088884,1000.0
promoter_holdout,4,log_translation_proxy,B6_TSS_accessibility,start_unpaired_probability,-0.11333881637376841,1000.0
promoter_holdout,4,log_translation_proxy,B6_TSS_accessibility,sd_start_opening_energy,-0.27766967950886784,1000.0
promoter_holdout,4,log_prot,B4_sequence_only,gc_promoter,-0.825150814226979,1e-05
promoter_holdout,4,log_prot,B4_sequence_only,gc_rbs,-0.24377809445558063,1e-05
promoter_holdout,4,log_prot,B4_sequence_only,score_minus10,0.39017475628953235,1e-05
promoter_holdout,4,log_prot,B4_sequence_only,score_minus35,0.4562071434554437,1e-05
promoter_holdout,4,log_prot,B4_sequence_only,spacer_length,-0.06449738995394481,1e-05
promoter_holdout,4,log_prot,B4_sequence_only,spacer_optimal,0.022083367946657155,1e-05
promoter_holdout,4,log_prot,B4_sequence_only,score_sd,0.4371076257246843,1e-05
promoter_holdout,4,log_prot,B4_sequence_only,sd_spacing,-0.5536739604704924,1e-05
promoter_holdout,4,log_prot,B4_sequence_only,sd_spacing_optimal,-0.5126192181838208,1e-05
promoter_holdout,4,log_prot,B3_historical_MFE,gc_promoter,-0.8337314070079949,1e-05
promoter_holdout,4,log_prot,B3_historical_MFE,gc_rbs,-0.24648585995616829,1e-05
promoter_holdout,4,log_prot,B3_historical_MFE,score_minus10,0.386330268812527,1e-05
promoter_holdout,4,log_prot,B3_historical_MFE,score_minus35,0.4561954656245754,1e-05
promoter_holdout,4,log_prot,B3_historical_MFE,spacer_length,-0.06303419590705499,1e-05
promoter_holdout,4,log_prot,B3_historical_MFE,spacer_optimal,0.023111051179246625,1e-05
promoter_holdout,4,log_prot,B3_historical_MFE,score_sd,0.4366092516681943,1e-05
promoter_holdout,4,log_prot,B3_historical_MFE,sd_spacing,-0.5532086400266605,1e-05
promoter_holdout,4,log_prot,B3_historical_MFE,sd_spacing_optimal,-0.5131679296437576,1e-05
promoter_holdout,4,log_prot,B3_historical_MFE,legacy_promoter_tail_mfe,-0.01632984305786613,1e-05
promoter_holdout,4,log_prot,B6_TSS_accessibility,gc_promoter,-0.8218494658248608,1e-05
promoter_holdout,4,log_prot,B6_TSS_accessibility,gc_rbs,-0.18818100661038387,1e-05
promoter_holdout,4,log_prot,B6_TSS_accessibility,score_minus10,0.3925464927084074,1e-05
promoter_holdout,4,log_prot,B6_TSS_accessibility,score_minus35,0.45573734744639066,1e-05
promoter_holdout,4,log_prot,B6_TSS_accessibility,spacer_length,-0.05564223456807332,1e-05
promoter_holdout,4,log_prot,B6_TSS_accessibility,spacer_optimal,0.0061437526358787435,1e-05
promoter_holdout,4,log_prot,B6_TSS_accessibility,score_sd,0.4644255726018651,1e-05
promoter_holdout,4,log_prot,B6_TSS_accessibility,sd_spacing,-0.5035355566321278,1e-05
promoter_holdout,4,log_prot,B6_TSS_accessibility,sd_spacing_optimal,-0.5189180021126786,1e-05
promoter_holdout,4,log_prot,B6_TSS_accessibility,sd_unpaired_probability,-0.040376208918524004,1e-05
promoter_holdout,4,log_prot,B6_TSS_accessibility,start_unpaired_probability,0.012702443519107954,1e-05
promoter_holdout,4,log_prot,B6_TSS_accessibility,sd_start_opening_energy,-0.284234967549725,1e-05
rbs_holdout,0,log_translation_proxy,B4_sequence_only,gc_promoter,0.31807562959968005,316.22776601683796
rbs_holdout,0,log_translation_proxy,B4_sequence_only,gc_rbs,-0.2100745851704271,316.22776601683796
rbs_holdout,0,log_translation_proxy,B4_sequence_only,score_minus10,-0.17742769034101583,316.22776601683796
rbs_holdout,0,log_translation_proxy,B4_sequence_only,score_minus35,-0.13420110357159865,316.22776601683796
rbs_holdout,0,log_translation_proxy,B4_sequence_only,spacer_length,0.010291154317510069,316.22776601683796
rbs_holdout,0,log_translation_proxy,B4_sequence_only,spacer_optimal,0.042116163393034346,316.22776601683796
rbs_holdout,0,log_translation_proxy,B4_sequence_only,score_sd,0.336716565526702,316.22776601683796
rbs_holdout,0,log_translation_proxy,B4_sequence_only,sd_spacing,-0.35081468531353965,316.22776601683796
rbs_holdout,0,log_translation_proxy,B4_sequence_only,sd_spacing_optimal,-0.36370940539741736,316.22776601683796
rbs_holdout,0,log_translation_proxy,B3_historical_MFE,gc_promoter,0.3888004215190392,316.22776601683796
rbs_holdout,0,log_translation_proxy,B3_historical_MFE,gc_rbs,-0.1838140377988993,316.22776601683796
rbs_holdout,0,log_translation_proxy,B3_historical_MFE,score_minus10,-0.15130186910576107,316.22776601683796
rbs_holdout,0,log_translation_proxy,B3_historical_MFE,score_minus35,-0.13372521095391773,316.22776601683796
rbs_holdout,0,log_translation_proxy,B3_historical_MFE,spacer_length,0.006070394220120531,316.22776601683796
rbs_holdout,0,log_translation_proxy,B3_historical_MFE,spacer_optimal,0.03676568155041346,316.22776601683796
rbs_holdout,0,log_translation_proxy,B3_historical_MFE,score_sd,0.34599137250666884,316.22776601683796
rbs_holdout,0,log_translation_proxy,B3_historical_MFE,sd_spacing,-0.3512690598833251,316.22776601683796
rbs_holdout,0,log_translation_proxy,B3_historical_MFE,sd_spacing_optimal,-0.3582073778822325,316.22776601683796
rbs_holdout,0,log_translation_proxy,B3_historical_MFE,legacy_promoter_tail_mfe,0.15484782624000928,316.22776601683796
rbs_holdout,0,log_translation_proxy,B6_TSS_accessibility,gc_promoter,0.30149912921401434,1000.0
rbs_holdout,0,log_translation_proxy,B6_TSS_accessibility,gc_rbs,-0.159183675410941,1000.0
rbs_holdout,0,log_translation_proxy,B6_TSS_accessibility,score_minus10,-0.16337535285501434,1000.0
rbs_holdout,0,log_translation_proxy,B6_TSS_accessibility,score_minus35,-0.12411424072951992,1000.0
rbs_holdout,0,log_translation_proxy,B6_TSS_accessibility,spacer_length,0.013032276193541517,1000.0
rbs_holdout,0,log_translation_proxy,B6_TSS_accessibility,spacer_optimal,0.02955298791267511,1000.0
rbs_holdout,0,log_translation_proxy,B6_TSS_accessibility,score_sd,0.34779084930154563,1000.0
rbs_holdout,0,log_translation_proxy,B6_TSS_accessibility,sd_spacing,-0.16875669216361686,1000.0
rbs_holdout,0,log_translation_proxy,B6_TSS_accessibility,sd_spacing_optimal,-0.24916536652960514,1000.0
rbs_holdout,0,log_translation_proxy,B6_TSS_accessibility,sd_unpaired_probability,-0.05173817546489372,1000.0
rbs_holdout,0,log_translation_proxy,B6_TSS_accessibility,start_unpaired_probability,-0.0972728769080987,1000.0
rbs_holdout,0,log_translation_proxy,B6_TSS_accessibility,sd_start_opening_energy,-0.22197290832287073,1000.0
rbs_holdout,0,log_prot,B4_sequence_only,gc_promoter,-0.9002872310176644,1e-05
rbs_holdout,0,log_prot,B4_sequence_only,gc_rbs,-0.23119584165917026,1e-05
rbs_holdout,0,log_prot,B4_sequence_only,score_minus10,0.3270093121412265,1e-05
rbs_holdout,0,log_prot,B4_sequence_only,score_minus35,0.45549752278496763,1e-05
rbs_holdout,0,log_prot,B4_sequence_only,spacer_length,-0.17971752134530053,1e-05
rbs_holdout,0,log_prot,B4_sequence_only,spacer_optimal,0.2048929060974161,1e-05
rbs_holdout,0,log_prot,B4_sequence_only,score_sd,0.43581791486375043,1e-05
rbs_holdout,0,log_prot,B4_sequence_only,sd_spacing,-0.6249146450932752,1e-05
rbs_holdout,0,log_prot,B4_sequence_only,sd_spacing_optimal,-0.5762225108898751,1e-05
rbs_holdout,0,log_prot,B3_historical_MFE,gc_promoter,-0.934031513247752,1e-05
rbs_holdout,0,log_prot,B3_historical_MFE,gc_rbs,-0.24345855741571906,1e-05
rbs_holdout,0,log_prot,B3_historical_MFE,score_minus10,0.31381484410766125,1e-05
rbs_holdout,0,log_prot,B3_historical_MFE,score_minus35,0.4550274865097236,1e-05
rbs_holdout,0,log_prot,B3_historical_MFE,spacer_length,-0.17825980084400506,1e-05
rbs_holdout,0,log_prot,B3_historical_MFE,spacer_optimal,0.20888112111950252,1e-05
rbs_holdout,0,log_prot,B3_historical_MFE,score_sd,0.43149845439574064,1e-05
rbs_holdout,0,log_prot,B3_historical_MFE,sd_spacing,-0.6249487142387069,1e-05
rbs_holdout,0,log_prot,B3_historical_MFE,sd_spacing_optimal,-0.5789887447566275,1e-05
rbs_holdout,0,log_prot,B3_historical_MFE,legacy_promoter_tail_mfe,-0.06975945580436001,1e-05
rbs_holdout,0,log_prot,B6_TSS_accessibility,gc_promoter,-0.8981861498973226,1e-05
rbs_holdout,0,log_prot,B6_TSS_accessibility,gc_rbs,-0.1669479749701043,1e-05
rbs_holdout,0,log_prot,B6_TSS_accessibility,score_minus10,0.32998288447224494,1e-05
rbs_holdout,0,log_prot,B6_TSS_accessibility,score_minus35,0.45201897527027346,1e-05
rbs_holdout,0,log_prot,B6_TSS_accessibility,spacer_length,-0.17460859306720683,1e-05
rbs_holdout,0,log_prot,B6_TSS_accessibility,spacer_optimal,0.19096735682461904,1e-05
rbs_holdout,0,log_prot,B6_TSS_accessibility,score_sd,0.4778208546489834,1e-05
rbs_holdout,0,log_prot,B6_TSS_accessibility,sd_spacing,-0.6157664228380603,1e-05
rbs_holdout,0,log_prot,B6_TSS_accessibility,sd_spacing_optimal,-0.6028493237675848,1e-05
rbs_holdout,0,log_prot,B6_TSS_accessibility,sd_unpaired_probability,0.008614133743504913,1e-05
rbs_holdout,0,log_prot,B6_TSS_accessibility,start_unpaired_probability,0.00955688479818683,1e-05
rbs_holdout,0,log_prot,B6_TSS_accessibility,sd_start_opening_energy,-0.24801465706894216,1e-05
rbs_holdout,1,log_translation_proxy,B4_sequence_only,gc_promoter,0.32269764680239166,316.22776601683796
rbs_holdout,1,log_translation_proxy,B4_sequence_only,gc_rbs,-0.26689167685321563,316.22776601683796
rbs_holdout,1,log_translation_proxy,B4_sequence_only,score_minus10,-0.17312624256174777,316.22776601683796
rbs_holdout,1,log_translation_proxy,B4_sequence_only,score_minus35,-0.1351084983014044,316.22776601683796
rbs_holdout,1,log_translation_proxy,B4_sequence_only,spacer_length,0.0017119811894896737,316.22776601683796
rbs_holdout,1,log_translation_proxy,B4_sequence_only,spacer_optimal,0.04753373508331192,316.22776601683796
rbs_holdout,1,log_translation_proxy,B4_sequence_only,score_sd,0.3155217062364049,316.22776601683796
rbs_holdout,1,log_translation_proxy,B4_sequence_only,sd_spacing,-0.27938621341918923,316.22776601683796
rbs_holdout,1,log_translation_proxy,B4_sequence_only,sd_spacing_optimal,-0.24389809031753498,316.22776601683796
rbs_holdout,1,log_translation_proxy,B3_historical_MFE,gc_promoter,0.3559205932465761,1000.0
rbs_holdout,1,log_translation_proxy,B3_historical_MFE,gc_rbs,-0.24767553788496827,1000.0
rbs_holdout,1,log_translation_proxy,B3_historical_MFE,score_minus10,-0.14181440274341917,1000.0
rbs_holdout,1,log_translation_proxy,B3_historical_MFE,score_minus35,-0.11944507353584975,1000.0
rbs_holdout,1,log_translation_proxy,B3_historical_MFE,spacer_length,-0.005810826861645248,1000.0
rbs_holdout,1,log_translation_proxy,B3_historical_MFE,spacer_optimal,0.04238637181009033,1000.0
rbs_holdout,1,log_translation_proxy,B3_historical_MFE,score_sd,0.2996515043736365,1000.0
rbs_holdout,1,log_translation_proxy,B3_historical_MFE,sd_spacing,-0.196523508336477,1000.0
rbs_holdout,1,log_translation_proxy,B3_historical_MFE,sd_spacing_optimal,-0.14760283528259743,1000.0
rbs_holdout,1,log_translation_proxy,B3_historical_MFE,legacy_promoter_tail_mfe,0.1293174936372183,1000.0
rbs_holdout,1,log_translation_proxy,B6_TSS_accessibility,gc_promoter,0.3251339467447441,316.22776601683796
rbs_holdout,1,log_translation_proxy,B6_TSS_accessibility,gc_rbs,-0.2124531893341399,316.22776601683796
rbs_holdout,1,log_translation_proxy,B6_TSS_accessibility,score_minus10,-0.16924452653944747,316.22776601683796
rbs_holdout,1,log_translation_proxy,B6_TSS_accessibility,score_minus35,-0.14264689868335997,316.22776601683796
rbs_holdout,1,log_translation_proxy,B6_TSS_accessibility,spacer_length,0.009377837196753372,316.22776601683796
rbs_holdout,1,log_translation_proxy,B6_TSS_accessibility,spacer_optimal,0.03484268766149474,316.22776601683796
rbs_holdout,1,log_translation_proxy,B6_TSS_accessibility,score_sd,0.33191339407360815,316.22776601683796
rbs_holdout,1,log_translation_proxy,B6_TSS_accessibility,sd_spacing,-0.20410607638030612,316.22776601683796
rbs_holdout,1,log_translation_proxy,B6_TSS_accessibility,sd_spacing_optimal,-0.23406177230746075,316.22776601683796
rbs_holdout,1,log_translation_proxy,B6_TSS_accessibility,sd_unpaired_probability,-0.04174830149016053,316.22776601683796
rbs_holdout,1,log_translation_proxy,B6_TSS_accessibility,start_unpaired_probability,-0.11636209830112072,316.22776601683796
rbs_holdout,1,log_translation_proxy,B6_TSS_accessibility,sd_start_opening_energy,-0.2631809217255086,316.22776601683796
rbs_holdout,1,log_prot,B4_sequence_only,gc_promoter,-0.8845482431964853,1e-05
rbs_holdout,1,log_prot,B4_sequence_only,gc_rbs,-0.2885551045393427,1e-05
rbs_holdout,1,log_prot,B4_sequence_only,score_minus10,0.32907361148265374,1e-05
rbs_holdout,1,log_prot,B4_sequence_only,score_minus35,0.460877377011682,1e-05
rbs_holdout,1,log_prot,B4_sequence_only,spacer_length,-0.1845475019768413,1e-05
rbs_holdout,1,log_prot,B4_sequence_only,spacer_optimal,0.21086864385745308,1e-05
rbs_holdout,1,log_prot,B4_sequence_only,score_sd,0.42250737879814376,1e-05
rbs_holdout,1,log_prot,B4_sequence_only,sd_spacing,-0.4900343161790372,1e-05
rbs_holdout,1,log_prot,B4_sequence_only,sd_spacing_optimal,-0.39849789367479793,1e-05
rbs_holdout,1,log_prot,B3_historical_MFE,gc_promoter,-0.9096783917169347,1e-05
rbs_holdout,1,log_prot,B3_historical_MFE,gc_rbs,-0.29660392235744365,1e-05
rbs_holdout,1,log_prot,B3_historical_MFE,score_minus10,0.3182685097247811,1e-05
rbs_holdout,1,log_prot,B3_historical_MFE,score_minus35,0.4601086329323711,1e-05
rbs_holdout,1,log_prot,B3_historical_MFE,spacer_length,-0.18326676079130755,1e-05
rbs_holdout,1,log_prot,B3_historical_MFE,spacer_optimal,0.21436575667269717,1e-05
rbs_holdout,1,log_prot,B3_historical_MFE,score_sd,0.4219609146742429,1e-05
rbs_holdout,1,log_prot,B3_historical_MFE,sd_spacing,-0.48903299900958574,1e-05
rbs_holdout,1,log_prot,B3_historical_MFE,sd_spacing_optimal,-0.4007712070541185,1e-05
rbs_holdout,1,log_prot,B3_historical_MFE,legacy_promoter_tail_mfe,-0.05279587030479786,1e-05
rbs_holdout,1,log_prot,B6_TSS_accessibility,gc_promoter,-0.8843232513039171,1e-05
rbs_holdout,1,log_prot,B6_TSS_accessibility,gc_rbs,-0.23366151162579032,1e-05
rbs_holdout,1,log_prot,B6_TSS_accessibility,score_minus10,0.33462820728363063,1e-05
rbs_holdout,1,log_prot,B6_TSS_accessibility,score_minus35,0.4549902721881897,1e-05
rbs_holdout,1,log_prot,B6_TSS_accessibility,spacer_length,-0.18171535363484576,1e-05
rbs_holdout,1,log_prot,B6_TSS_accessibility,spacer_optimal,0.19834317825066086,1e-05
rbs_holdout,1,log_prot,B6_TSS_accessibility,score_sd,0.4319149312492143,1e-05
rbs_holdout,1,log_prot,B6_TSS_accessibility,sd_spacing,-0.49951281917886003,1e-05
rbs_holdout,1,log_prot,B6_TSS_accessibility,sd_spacing_optimal,-0.4226812633633113,1e-05
rbs_holdout,1,log_prot,B6_TSS_accessibility,sd_unpaired_probability,0.028160663524690106,1e-05
rbs_holdout,1,log_prot,B6_TSS_accessibility,start_unpaired_probability,-0.03142678539779615,1e-05
rbs_holdout,1,log_prot,B6_TSS_accessibility,sd_start_opening_energy,-0.24381786263818256,1e-05
rbs_holdout,2,log_translation_proxy,B4_sequence_only,gc_promoter,0.32129735036936247,316.22776601683796
rbs_holdout,2,log_translation_proxy,B4_sequence_only,gc_rbs,-0.2022556638605573,316.22776601683796
rbs_holdout,2,log_translation_proxy,B4_sequence_only,score_minus10,-0.1686204328171687,316.22776601683796
rbs_holdout,2,log_translation_proxy,B4_sequence_only,score_minus35,-0.1260032003351886,316.22776601683796
rbs_holdout,2,log_translation_proxy,B4_sequence_only,spacer_length,0.01619276632734038,316.22776601683796
rbs_holdout,2,log_translation_proxy,B4_sequence_only,spacer_optimal,0.04159082776614075,316.22776601683796
rbs_holdout,2,log_translation_proxy,B4_sequence_only,score_sd,0.3666409318360524,316.22776601683796
rbs_holdout,2,log_translation_proxy,B4_sequence_only,sd_spacing,-0.29942863539914294,316.22776601683796
rbs_holdout,2,log_translation_proxy,B4_sequence_only,sd_spacing_optimal,-0.3155678108310275,316.22776601683796
rbs_holdout,2,log_translation_proxy,B3_historical_MFE,gc_promoter,0.3448178161784758,1000.0
rbs_holdout,2,log_translation_proxy,B3_historical_MFE,gc_rbs,-0.189346179911818,1000.0
rbs_holdout,2,log_translation_proxy,B3_historical_MFE,score_minus10,-0.1424620204089229,1000.0
rbs_holdout,2,log_translation_proxy,B3_historical_MFE,score_minus35,-0.1123001070517287,1000.0
rbs_holdout,2,log_translation_proxy,B3_historical_MFE,spacer_length,0.0077752772066259,1000.0
rbs_holdout,2,log_translation_proxy,B3_historical_MFE,spacer_optimal,0.03908348663585411,1000.0
rbs_holdout,2,log_translation_proxy,B3_historical_MFE,score_sd,0.34983517080539916,1000.0
rbs_holdout,2,log_translation_proxy,B3_historical_MFE,sd_spacing,-0.20743776307671344,1000.0
rbs_holdout,2,log_translation_proxy,B3_historical_MFE,sd_spacing_optimal,-0.21093232840172485,1000.0
rbs_holdout,2,log_translation_proxy,B3_historical_MFE,legacy_promoter_tail_mfe,0.10720181286509203,1000.0
rbs_holdout,2,log_translation_proxy,B6_TSS_accessibility,gc_promoter,0.30350949211854433,1000.0
rbs_holdout,2,log_translation_proxy,B6_TSS_accessibility,gc_rbs,-0.16066128954543493,1000.0
rbs_holdout,2,log_translation_proxy,B6_TSS_accessibility,score_minus10,-0.1559604451631282,1000.0
rbs_holdout,2,log_translation_proxy,B6_TSS_accessibility,score_minus35,-0.11816554946733103,1000.0
rbs_holdout,2,log_translation_proxy,B6_TSS_accessibility,spacer_length,0.018654343840039785,1000.0
rbs_holdout,2,log_translation_proxy,B6_TSS_accessibility,spacer_optimal,0.031006282118057643,1000.0
rbs_holdout,2,log_translation_proxy,B6_TSS_accessibility,score_sd,0.3790021617468728,1000.0
rbs_holdout,2,log_translation_proxy,B6_TSS_accessibility,sd_spacing,-0.11359771864019787,1000.0
rbs_holdout,2,log_translation_proxy,B6_TSS_accessibility,sd_spacing_optimal,-0.20470322334312502,1000.0
rbs_holdout,2,log_translation_proxy,B6_TSS_accessibility,sd_unpaired_probability,-0.08263654186359229,1000.0
rbs_holdout,2,log_translation_proxy,B6_TSS_accessibility,start_unpaired_probability,-0.11673946465713635,1000.0
rbs_holdout,2,log_translation_proxy,B6_TSS_accessibility,sd_start_opening_energy,-0.2502621480627308,1000.0
rbs_holdout,2,log_prot,B4_sequence_only,gc_promoter,-0.8894981745245303,31.622776601683793
rbs_holdout,2,log_prot,B4_sequence_only,gc_rbs,-0.2090470545579368,31.622776601683793
rbs_holdout,2,log_prot,B4_sequence_only,score_minus10,0.3347441397527876,31.622776601683793
rbs_holdout,2,log_prot,B4_sequence_only,score_minus35,0.46290462816640127,31.622776601683793
rbs_holdout,2,log_prot,B4_sequence_only,spacer_length,-0.17488309728924517,31.622776601683793
rbs_holdout,2,log_prot,B4_sequence_only,spacer_optimal,0.20500894343889686,31.622776601683793
rbs_holdout,2,log_prot,B4_sequence_only,score_sd,0.4682441815561244,31.622776601683793
rbs_holdout,2,log_prot,B4_sequence_only,sd_spacing,-0.5574573104838948,31.622776601683793
rbs_holdout,2,log_prot,B4_sequence_only,sd_spacing_optimal,-0.5350793677537485,31.622776601683793
rbs_holdout,2,log_prot,B3_historical_MFE,gc_promoter,-0.9190768569097221,31.622776601683793
rbs_holdout,2,log_prot,B3_historical_MFE,gc_rbs,-0.22017142431592315,31.622776601683793
rbs_holdout,2,log_prot,B3_historical_MFE,score_minus10,0.32279276441414045,31.622776601683793
rbs_holdout,2,log_prot,B3_historical_MFE,score_minus35,0.46246182393055923,31.622776601683793
rbs_holdout,2,log_prot,B3_historical_MFE,spacer_length,-0.17350421373092614,31.622776601683793
rbs_holdout,2,log_prot,B3_historical_MFE,spacer_optimal,0.20872288802637443,31.622776601683793
rbs_holdout,2,log_prot,B3_historical_MFE,score_sd,0.4653823855183211,31.622776601683793
rbs_holdout,2,log_prot,B3_historical_MFE,sd_spacing,-0.5546154964287149,31.622776601683793
rbs_holdout,2,log_prot,B3_historical_MFE,sd_spacing_optimal,-0.5353366983296822,31.622776601683793
rbs_holdout,2,log_prot,B3_historical_MFE,legacy_promoter_tail_mfe,-0.06356722904709458,31.622776601683793
rbs_holdout,2,log_prot,B6_TSS_accessibility,gc_promoter,-0.8768649194364213,100.0
rbs_holdout,2,log_prot,B6_TSS_accessibility,gc_rbs,-0.1620638220680389,100.0
rbs_holdout,2,log_prot,B6_TSS_accessibility,score_minus10,0.3342705973861831,100.0
rbs_holdout,2,log_prot,B6_TSS_accessibility,score_minus35,0.4562273083562769,100.0
rbs_holdout,2,log_prot,B6_TSS_accessibility,spacer_length,-0.16096491863265802,100.0
rbs_holdout,2,log_prot,B6_TSS_accessibility,spacer_optimal,0.18597305288368177,100.0
rbs_holdout,2,log_prot,B6_TSS_accessibility,score_sd,0.49918888379221765,100.0
rbs_holdout,2,log_prot,B6_TSS_accessibility,sd_spacing,-0.43782310432550076,100.0
rbs_holdout,2,log_prot,B6_TSS_accessibility,sd_spacing_optimal,-0.49082820135996935,100.0
rbs_holdout,2,log_prot,B6_TSS_accessibility,sd_unpaired_probability,-0.07895483406718207,100.0
rbs_holdout,2,log_prot,B6_TSS_accessibility,start_unpaired_probability,-9.039178024266277e-05,100.0
rbs_holdout,2,log_prot,B6_TSS_accessibility,sd_start_opening_energy,-0.28824605761480265,100.0
rbs_holdout,3,log_translation_proxy,B4_sequence_only,gc_promoter,0.31648635941507725,31.622776601683793
rbs_holdout,3,log_translation_proxy,B4_sequence_only,gc_rbs,-0.18527617033802685,31.622776601683793
rbs_holdout,3,log_translation_proxy,B4_sequence_only,score_minus10,-0.1716659733543846,31.622776601683793
rbs_holdout,3,log_translation_proxy,B4_sequence_only,score_minus35,-0.1261663617251003,31.622776601683793
rbs_holdout,3,log_translation_proxy,B4_sequence_only,spacer_length,0.01428729399664354,31.622776601683793
rbs_holdout,3,log_translation_proxy,B4_sequence_only,spacer_optimal,0.0386027721314223,31.622776601683793
rbs_holdout,3,log_translation_proxy,B4_sequence_only,score_sd,0.2438945449956933,31.622776601683793
rbs_holdout,3,log_translation_proxy,B4_sequence_only,sd_spacing,-0.46618116515318625,31.622776601683793
rbs_holdout,3,log_translation_proxy,B4_sequence_only,sd_spacing_optimal,-0.4244361456228688,31.622776601683793
rbs_holdout,3,log_translation_proxy,B3_historical_MFE,gc_promoter,0.3976098863180291,100.0
rbs_holdout,3,log_translation_proxy,B3_historical_MFE,gc_rbs,-0.1513894036659298,100.0
rbs_holdout,3,log_translation_proxy,B3_historical_MFE,score_minus10,-0.14053254325087225,100.0
rbs_holdout,3,log_translation_proxy,B3_historical_MFE,score_minus35,-0.12310672378179481,100.0
rbs_holdout,3,log_translation_proxy,B3_historical_MFE,spacer_length,0.01078353253766178,100.0
rbs_holdout,3,log_translation_proxy,B3_historical_MFE,spacer_optimal,0.02898779012546504,100.0
rbs_holdout,3,log_translation_proxy,B3_historical_MFE,score_sd,0.24203150434997087,100.0
rbs_holdout,3,log_translation_proxy,B3_historical_MFE,sd_spacing,-0.45673853097608147,100.0
rbs_holdout,3,log_translation_proxy,B3_historical_MFE,sd_spacing_optimal,-0.3975840003513403,100.0
rbs_holdout,3,log_translation_proxy,B3_historical_MFE,legacy_promoter_tail_mfe,0.17486729328657954,100.0
rbs_holdout,3,log_translation_proxy,B6_TSS_accessibility,gc_promoter,0.313526123609947,100.0
rbs_holdout,3,log_translation_proxy,B6_TSS_accessibility,gc_rbs,-0.10126510028454357,100.0
rbs_holdout,3,log_translation_proxy,B6_TSS_accessibility,score_minus10,-0.1629432982994512,100.0
rbs_holdout,3,log_translation_proxy,B6_TSS_accessibility,score_minus35,-0.13512702510655927,100.0
rbs_holdout,3,log_translation_proxy,B6_TSS_accessibility,spacer_length,0.016078107248074187,100.0
rbs_holdout,3,log_translation_proxy,B6_TSS_accessibility,spacer_optimal,0.02622359796010752,100.0
rbs_holdout,3,log_translation_proxy,B6_TSS_accessibility,score_sd,0.2578310072898603,100.0
rbs_holdout,3,log_translation_proxy,B6_TSS_accessibility,sd_spacing,-0.49314734508919805,100.0
rbs_holdout,3,log_translation_proxy,B6_TSS_accessibility,sd_spacing_optimal,-0.46639359436226047,100.0
rbs_holdout,3,log_translation_proxy,B6_TSS_accessibility,sd_unpaired_probability,0.048662096040068895,100.0
rbs_holdout,3,log_translation_proxy,B6_TSS_accessibility,start_unpaired_probability,-0.08651761230024854,100.0
rbs_holdout,3,log_translation_proxy,B6_TSS_accessibility,sd_start_opening_energy,-0.26900014939603156,100.0
rbs_holdout,3,log_prot,B4_sequence_only,gc_promoter,-0.9048889328558889,1e-05
rbs_holdout,3,log_prot,B4_sequence_only,gc_rbs,-0.19070668629746323,1e-05
rbs_holdout,3,log_prot,B4_sequence_only,score_minus10,0.34115534968559,1e-05
rbs_holdout,3,log_prot,B4_sequence_only,score_minus35,0.4779656032606712,1e-05
rbs_holdout,3,log_prot,B4_sequence_only,spacer_length,-0.17759282319269498,1e-05
rbs_holdout,3,log_prot,B4_sequence_only,spacer_optimal,0.20350804396692093,1e-05
rbs_holdout,3,log_prot,B4_sequence_only,score_sd,0.2937133630572212,1e-05
rbs_holdout,3,log_prot,B4_sequence_only,sd_spacing,-0.7146966954503606,1e-05
rbs_holdout,3,log_prot,B4_sequence_only,sd_spacing_optimal,-0.6069707325607484,1e-05
rbs_holdout,3,log_prot,B3_historical_MFE,gc_promoter,-0.9228302695462319,1e-05
rbs_holdout,3,log_prot,B3_historical_MFE,gc_rbs,-0.1985686841073737,1e-05
rbs_holdout,3,log_prot,B3_historical_MFE,score_minus10,0.3345780348705075,1e-05
rbs_holdout,3,log_prot,B3_historical_MFE,score_minus35,0.4775948509396218,1e-05
rbs_holdout,3,log_prot,B3_historical_MFE,spacer_length,-0.1770635768752958,1e-05
rbs_holdout,3,log_prot,B3_historical_MFE,spacer_optimal,0.2058041752416863,1e-05
rbs_holdout,3,log_prot,B3_historical_MFE,score_sd,0.29427675488110094,1e-05
rbs_holdout,3,log_prot,B3_historical_MFE,sd_spacing,-0.7102761414312705,1e-05
rbs_holdout,3,log_prot,B3_historical_MFE,sd_spacing_optimal,-0.6065228186908319,1e-05
rbs_holdout,3,log_prot,B3_historical_MFE,legacy_promoter_tail_mfe,-0.037081614333849836,1e-05
rbs_holdout,3,log_prot,B6_TSS_accessibility,gc_promoter,-0.9080926609552186,1e-05
rbs_holdout,3,log_prot,B6_TSS_accessibility,gc_rbs,-0.07514629196644153,1e-05
rbs_holdout,3,log_prot,B6_TSS_accessibility,score_minus10,0.34868680601409496,1e-05
rbs_holdout,3,log_prot,B6_TSS_accessibility,score_minus35,0.46847833875641176,1e-05
rbs_holdout,3,log_prot,B6_TSS_accessibility,spacer_length,-0.18088707445313718,1e-05
rbs_holdout,3,log_prot,B6_TSS_accessibility,spacer_optimal,0.19155912637029077,1e-05
rbs_holdout,3,log_prot,B6_TSS_accessibility,score_sd,0.2887416096499872,1e-05
rbs_holdout,3,log_prot,B6_TSS_accessibility,sd_spacing,-0.8842659283830834,1e-05
rbs_holdout,3,log_prot,B6_TSS_accessibility,sd_spacing_optimal,-0.7201448745082348,1e-05
rbs_holdout,3,log_prot,B6_TSS_accessibility,sd_unpaired_probability,0.1104897735974346,1e-05
rbs_holdout,3,log_prot,B6_TSS_accessibility,start_unpaired_probability,0.027555277945621647,1e-05
rbs_holdout,3,log_prot,B6_TSS_accessibility,sd_start_opening_energy,-0.30047542944404587,1e-05
rbs_holdout,4,log_translation_proxy,B4_sequence_only,gc_promoter,0.29107758614055856,1000.0
rbs_holdout,4,log_translation_proxy,B4_sequence_only,gc_rbs,-0.2758850934330743,1000.0
rbs_holdout,4,log_translation_proxy,B4_sequence_only,score_minus10,-0.15923548333077106,1000.0
rbs_holdout,4,log_translation_proxy,B4_sequence_only,score_minus35,-0.10686455448585318,1000.0
rbs_holdout,4,log_translation_proxy,B4_sequence_only,spacer_length,0.008928762836184398,1000.0
rbs_holdout,4,log_translation_proxy,B4_sequence_only,spacer_optimal,0.03654106845654572,1000.0
rbs_holdout,4,log_translation_proxy,B4_sequence_only,score_sd,0.32898127057766746,1000.0
rbs_holdout,4,log_translation_proxy,B4_sequence_only,sd_spacing,-0.14081740431465561,1000.0
rbs_holdout,4,log_translation_proxy,B4_sequence_only,sd_spacing_optimal,-0.1453829980294613,1000.0
rbs_holdout,4,log_translation_proxy,B3_historical_MFE,gc_promoter,0.3459809337896497,1000.0
rbs_holdout,4,log_translation_proxy,B3_historical_MFE,gc_rbs,-0.2569081228461935,1000.0
rbs_holdout,4,log_translation_proxy,B3_historical_MFE,score_minus10,-0.1408192848523818,1000.0
rbs_holdout,4,log_translation_proxy,B3_historical_MFE,score_minus35,-0.107205395877302,1000.0
rbs_holdout,4,log_translation_proxy,B3_historical_MFE,spacer_length,0.004754951912925963,1000.0
rbs_holdout,4,log_translation_proxy,B3_historical_MFE,spacer_optimal,0.036611755956487906,1000.0
rbs_holdout,4,log_translation_proxy,B3_historical_MFE,score_sd,0.33500280612536076,1000.0
rbs_holdout,4,log_translation_proxy,B3_historical_MFE,sd_spacing,-0.13698817039899072,1000.0
rbs_holdout,4,log_translation_proxy,B3_historical_MFE,sd_spacing_optimal,-0.13876814356574668,1000.0
rbs_holdout,4,log_translation_proxy,B3_historical_MFE,legacy_promoter_tail_mfe,0.1337981523351361,1000.0
rbs_holdout,4,log_translation_proxy,B6_TSS_accessibility,gc_promoter,0.29211568347227934,1000.0
rbs_holdout,4,log_translation_proxy,B6_TSS_accessibility,gc_rbs,-0.2264182478249699,1000.0
rbs_holdout,4,log_translation_proxy,B6_TSS_accessibility,score_minus10,-0.15589990831994804,1000.0
rbs_holdout,4,log_translation_proxy,B6_TSS_accessibility,score_minus35,-0.11367964867025503,1000.0
rbs_holdout,4,log_translation_proxy,B6_TSS_accessibility,spacer_length,0.013122431323458472,1000.0
rbs_holdout,4,log_translation_proxy,B6_TSS_accessibility,spacer_optimal,0.0276285479238438,1000.0
rbs_holdout,4,log_translation_proxy,B6_TSS_accessibility,score_sd,0.3560258094055951,1000.0
rbs_holdout,4,log_translation_proxy,B6_TSS_accessibility,sd_spacing,-0.08763556383900316,1000.0
rbs_holdout,4,log_translation_proxy,B6_TSS_accessibility,sd_spacing_optimal,-0.15437527020078856,1000.0
rbs_holdout,4,log_translation_proxy,B6_TSS_accessibility,sd_unpaired_probability,-0.022690714667632256,1000.0
rbs_holdout,4,log_translation_proxy,B6_TSS_accessibility,start_unpaired_probability,-0.07958900879608802,1000.0
rbs_holdout,4,log_translation_proxy,B6_TSS_accessibility,sd_start_opening_energy,-0.24608547637385936,1000.0
rbs_holdout,4,log_prot,B4_sequence_only,gc_promoter,-0.9029009359192672,31.622776601683793
rbs_holdout,4,log_prot,B4_sequence_only,gc_rbs,-0.34034188482405653,31.622776601683793
rbs_holdout,4,log_prot,B4_sequence_only,score_minus10,0.327941030127329,31.622776601683793
rbs_holdout,4,log_prot,B4_sequence_only,score_minus35,0.4700935212688729,31.622776601683793
rbs_holdout,4,log_prot,B4_sequence_only,spacer_length,-0.17857047368773657,31.622776601683793
rbs_holdout,4,log_prot,B4_sequence_only,spacer_optimal,0.20737346890283903,31.622776601683793
rbs_holdout,4,log_prot,B4_sequence_only,score_sd,0.44855221755418,31.622776601683793
rbs_holdout,4,log_prot,B4_sequence_only,sd_spacing,-0.3521463818268109,31.622776601683793
rbs_holdout,4,log_prot,B4_sequence_only,sd_spacing_optimal,-0.30886200819807985,31.622776601683793
rbs_holdout,4,log_prot,B3_historical_MFE,gc_promoter,-0.9276381754303226,31.622776601683793
rbs_holdout,4,log_prot,B3_historical_MFE,gc_rbs,-0.34831180733663936,31.622776601683793
rbs_holdout,4,log_prot,B3_historical_MFE,score_minus10,0.3182802564028847,31.622776601683793
rbs_holdout,4,log_prot,B3_historical_MFE,score_minus35,0.46990092982508147,31.622776601683793
rbs_holdout,4,log_prot,B3_historical_MFE,spacer_length,-0.17753905815341214,31.622776601683793
rbs_holdout,4,log_prot,B3_historical_MFE,spacer_optimal,0.20991959970176083,31.622776601683793
rbs_holdout,4,log_prot,B3_historical_MFE,score_sd,0.44586440807162875,31.622776601683793
rbs_holdout,4,log_prot,B3_historical_MFE,sd_spacing,-0.35527773596323337,31.622776601683793
rbs_holdout,4,log_prot,B3_historical_MFE,sd_spacing_optimal,-0.31303622532849584,31.622776601683793
rbs_holdout,4,log_prot,B3_historical_MFE,legacy_promoter_tail_mfe,-0.051579016396095634,31.622776601683793
rbs_holdout,4,log_prot,B6_TSS_accessibility,gc_promoter,-0.9001434542082859,31.622776601683793
rbs_holdout,4,log_prot,B6_TSS_accessibility,gc_rbs,-0.2863420361645279,31.622776601683793
rbs_holdout,4,log_prot,B6_TSS_accessibility,score_minus10,0.3289599668840417,31.622776601683793
rbs_holdout,4,log_prot,B6_TSS_accessibility,score_minus35,0.4656249063287949,31.622776601683793
rbs_holdout,4,log_prot,B6_TSS_accessibility,spacer_length,-0.17562657282148453,31.622776601683793
rbs_holdout,4,log_prot,B6_TSS_accessibility,spacer_optimal,0.19634423739584894,31.622776601683793
rbs_holdout,4,log_prot,B6_TSS_accessibility,score_sd,0.4725485240385189,31.622776601683793
rbs_holdout,4,log_prot,B6_TSS_accessibility,sd_spacing,-0.32791745111459775,31.622776601683793
rbs_holdout,4,log_prot,B6_TSS_accessibility,sd_spacing_optimal,-0.31863928494737526,31.622776601683793
rbs_holdout,4,log_prot,B6_TSS_accessibility,sd_unpaired_probability,-0.01207140067575697,31.622776601683793
rbs_holdout,4,log_prot,B6_TSS_accessibility,start_unpaired_probability,0.05174987362726897,31.622776601683793
rbs_holdout,4,log_prot,B6_TSS_accessibility,sd_start_opening_energy,-0.2828958605390764,31.622776601683793
double_unseen,0,log_translation_proxy,B4_sequence_only,gc_promoter,0.2982355910689185,1000.0
double_unseen,0,log_translation_proxy,B4_sequence_only,gc_rbs,-0.21041146973183653,1000.0
double_unseen,0,log_translation_proxy,B4_sequence_only,score_minus10,-0.20085624398554244,1000.0
double_unseen,0,log_translation_proxy,B4_sequence_only,score_minus35,-0.1776144589248273,1000.0
double_unseen,0,log_translation_proxy,B4_sequence_only,spacer_length,0.046176573649687046,1000.0
double_unseen,0,log_translation_proxy,B4_sequence_only,spacer_optimal,-0.01487360496676921,1000.0
double_unseen,0,log_translation_proxy,B4_sequence_only,score_sd,0.3064120423089263,1000.0
double_unseen,0,log_translation_proxy,B4_sequence_only,sd_spacing,-0.19825165689929725,1000.0
double_unseen,0,log_translation_proxy,B4_sequence_only,sd_spacing_optimal,-0.20464768397215435,1000.0
double_unseen,0,log_translation_proxy,B3_historical_MFE,gc_promoter,0.3927840033442899,316.22776601683796
double_unseen,0,log_translation_proxy,B3_historical_MFE,gc_rbs,-0.18490585057308306,316.22776601683796
double_unseen,0,log_translation_proxy,B3_historical_MFE,score_minus10,-0.20294778726174978,316.22776601683796
double_unseen,0,log_translation_proxy,B3_historical_MFE,score_minus35,-0.19524889647870933,316.22776601683796
double_unseen,0,log_translation_proxy,B3_historical_MFE,spacer_length,0.06392386832703834,316.22776601683796
double_unseen,0,log_translation_proxy,B3_historical_MFE,spacer_optimal,-0.02517305238517978,316.22776601683796
double_unseen,0,log_translation_proxy,B3_historical_MFE,score_sd,0.3406759973611455,316.22776601683796
double_unseen,0,log_translation_proxy,B3_historical_MFE,sd_spacing,-0.3172393155861971,316.22776601683796
double_unseen,0,log_translation_proxy,B3_historical_MFE,sd_spacing_optimal,-0.32649288426522144,316.22776601683796
double_unseen,0,log_translation_proxy,B3_historical_MFE,legacy_promoter_tail_mfe,0.1683249250781291,316.22776601683796
double_unseen,0,log_translation_proxy,B6_TSS_accessibility,gc_promoter,0.30716030256591004,1000.0
double_unseen,0,log_translation_proxy,B6_TSS_accessibility,gc_rbs,-0.16355354939096,1000.0
double_unseen,0,log_translation_proxy,B6_TSS_accessibility,score_minus10,-0.19371277053799135,1000.0
double_unseen,0,log_translation_proxy,B6_TSS_accessibility,score_minus35,-0.17579812791155788,1000.0
double_unseen,0,log_translation_proxy,B6_TSS_accessibility,spacer_length,0.04709785025933054,1000.0
double_unseen,0,log_translation_proxy,B6_TSS_accessibility,spacer_optimal,-0.023284207930673366,1000.0
double_unseen,0,log_translation_proxy,B6_TSS_accessibility,score_sd,0.33173140739493534,1000.0
double_unseen,0,log_translation_proxy,B6_TSS_accessibility,sd_spacing,-0.15981039773217323,1000.0
double_unseen,0,log_translation_proxy,B6_TSS_accessibility,sd_spacing_optimal,-0.21894355671460763,1000.0
double_unseen,0,log_translation_proxy,B6_TSS_accessibility,sd_unpaired_probability,-0.021243325454485113,1000.0
double_unseen,0,log_translation_proxy,B6_TSS_accessibility,start_unpaired_probability,-0.09568371995970845,1000.0
double_unseen,0,log_translation_proxy,B6_TSS_accessibility,sd_start_opening_energy,-0.19164284793911424,1000.0
double_unseen,0,log_prot,B4_sequence_only,gc_promoter,-0.9083236837097297,1e-05
double_unseen,0,log_prot,B4_sequence_only,gc_rbs,-0.23744051436606797,1e-05
double_unseen,0,log_prot,B4_sequence_only,score_minus10,0.3453073980118075,1e-05
double_unseen,0,log_prot,B4_sequence_only,score_minus35,0.47324892532225343,1e-05
double_unseen,0,log_prot,B4_sequence_only,spacer_length,-0.3464704905891055,1e-05
double_unseen,0,log_prot,B4_sequence_only,spacer_optimal,0.3635580119938355,1e-05
double_unseen,0,log_prot,B4_sequence_only,score_sd,0.4328246857933065,1e-05
double_unseen,0,log_prot,B4_sequence_only,sd_spacing,-0.6177986319469428,1e-05
double_unseen,0,log_prot,B4_sequence_only,sd_spacing_optimal,-0.5650719558456634,1e-05
double_unseen,0,log_prot,B3_historical_MFE,gc_promoter,-0.9433249542398023,1e-05
double_unseen,0,log_prot,B3_historical_MFE,gc_rbs,-0.25148087920534506,1e-05
double_unseen,0,log_prot,B3_historical_MFE,score_minus10,0.33520345558580955,1e-05
double_unseen,0,log_prot,B3_historical_MFE,score_minus35,0.47167692088477786,1e-05
double_unseen,0,log_prot,B3_historical_MFE,spacer_length,-0.3468413314190933,1e-05
double_unseen,0,log_prot,B3_historical_MFE,spacer_optimal,0.3657645385520031,1e-05
double_unseen,0,log_prot,B3_historical_MFE,score_sd,0.4269777704162333,1e-05
double_unseen,0,log_prot,B3_historical_MFE,sd_spacing,-0.6172680519212603,1e-05
double_unseen,0,log_prot,B3_historical_MFE,sd_spacing_optimal,-0.5669268903779627,1e-05
double_unseen,0,log_prot,B3_historical_MFE,legacy_promoter_tail_mfe,-0.07915988328441888,1e-05
double_unseen,0,log_prot,B6_TSS_accessibility,gc_promoter,-0.8979620488856912,1e-05
double_unseen,0,log_prot,B6_TSS_accessibility,gc_rbs,-0.1726668276241582,1e-05
double_unseen,0,log_prot,B6_TSS_accessibility,score_minus10,0.350572996781108,1e-05
double_unseen,0,log_prot,B6_TSS_accessibility,score_minus35,0.47511421502655093,1e-05
double_unseen,0,log_prot,B6_TSS_accessibility,spacer_length,-0.3455464971944806,1e-05
double_unseen,0,log_prot,B6_TSS_accessibility,spacer_optimal,0.3535803317756167,1e-05
double_unseen,0,log_prot,B6_TSS_accessibility,score_sd,0.47479669259840546,1e-05
double_unseen,0,log_prot,B6_TSS_accessibility,sd_spacing,-0.6219342530638263,1e-05
double_unseen,0,log_prot,B6_TSS_accessibility,sd_spacing_optimal,-0.5988694389640915,1e-05
double_unseen,0,log_prot,B6_TSS_accessibility,sd_unpaired_probability,0.016185252190873013,1e-05
double_unseen,0,log_prot,B6_TSS_accessibility,start_unpaired_probability,0.023217448201291756,1e-05
double_unseen,0,log_prot,B6_TSS_accessibility,sd_start_opening_energy,-0.2484158896086684,1e-05
double_unseen,1,log_translation_proxy,B4_sequence_only,gc_promoter,0.32084722519091596,1000.0
double_unseen,1,log_translation_proxy,B4_sequence_only,gc_rbs,-0.2620994711207361,1000.0
double_unseen,1,log_translation_proxy,B4_sequence_only,score_minus10,-0.1521000844249444,1000.0
double_unseen,1,log_translation_proxy,B4_sequence_only,score_minus35,-0.11110215647845914,1000.0
double_unseen,1,log_translation_proxy,B4_sequence_only,spacer_length,-0.0035861630889298976,1000.0
double_unseen,1,log_translation_proxy,B4_sequence_only,spacer_optimal,0.0589917068716722,1000.0
double_unseen,1,log_translation_proxy,B4_sequence_only,score_sd,0.2751404382981503,1000.0
double_unseen,1,log_translation_proxy,B4_sequence_only,sd_spacing,-0.1727083337076427,1000.0
double_unseen,1,log_translation_proxy,B4_sequence_only,sd_spacing_optimal,-0.12773827343867478,1000.0
double_unseen,1,log_translation_proxy,B3_historical_MFE,gc_promoter,0.3647964061941909,1000.0
double_unseen,1,log_translation_proxy,B3_historical_MFE,gc_rbs,-0.24612610198238735,1000.0
double_unseen,1,log_translation_proxy,B3_historical_MFE,score_minus10,-0.1343033056139105,1000.0
double_unseen,1,log_translation_proxy,B3_historical_MFE,score_minus35,-0.10751082196687542,1000.0
double_unseen,1,log_translation_proxy,B3_historical_MFE,spacer_length,-0.005542216762093428,1000.0
double_unseen,1,log_translation_proxy,B3_historical_MFE,spacer_optimal,0.05856946520455076,1000.0
double_unseen,1,log_translation_proxy,B3_historical_MFE,score_sd,0.27715609609574254,1000.0
double_unseen,1,log_translation_proxy,B3_historical_MFE,sd_spacing,-0.17412973312228905,1000.0
double_unseen,1,log_translation_proxy,B3_historical_MFE,sd_spacing_optimal,-0.12418232361116667,1000.0
double_unseen,1,log_translation_proxy,B3_historical_MFE,legacy_promoter_tail_mfe,0.11635725121746436,1000.0
double_unseen,1,log_translation_proxy,B6_TSS_accessibility,gc_promoter,0.31749599771574305,1000.0
double_unseen,1,log_translation_proxy,B6_TSS_accessibility,gc_rbs,-0.21334080803406155,1000.0
double_unseen,1,log_translation_proxy,B6_TSS_accessibility,score_minus10,-0.15620913357588426,1000.0
double_unseen,1,log_translation_proxy,B6_TSS_accessibility,score_minus35,-0.12783932022978325,1000.0
double_unseen,1,log_translation_proxy,B6_TSS_accessibility,spacer_length,0.0003911858975492597,1000.0
double_unseen,1,log_translation_proxy,B6_TSS_accessibility,spacer_optimal,0.056297310730342394,1000.0
double_unseen,1,log_translation_proxy,B6_TSS_accessibility,score_sd,0.2894481209512941,1000.0
double_unseen,1,log_translation_proxy,B6_TSS_accessibility,sd_spacing,-0.12403238611078103,1000.0
double_unseen,1,log_translation_proxy,B6_TSS_accessibility,sd_spacing_optimal,-0.12961469864835873,1000.0
double_unseen,1,log_translation_proxy,B6_TSS_accessibility,sd_unpaired_probability,-0.02955984324261095,1000.0
double_unseen,1,log_translation_proxy,B6_TSS_accessibility,start_unpaired_probability,-0.1263744552187151,1000.0
double_unseen,1,log_translation_proxy,B6_TSS_accessibility,sd_start_opening_energy,-0.23287500535654157,1000.0
double_unseen,1,log_prot,B4_sequence_only,gc_promoter,-0.9748213236974091,3.1622776601683795
double_unseen,1,log_prot,B4_sequence_only,gc_rbs,-0.28463950084192013,3.1622776601683795
double_unseen,1,log_prot,B4_sequence_only,score_minus10,0.3170215833203315,3.1622776601683795
double_unseen,1,log_prot,B4_sequence_only,score_minus35,0.3958630402049569,3.1622776601683795
double_unseen,1,log_prot,B4_sequence_only,spacer_length,-0.23628386553282008,3.1622776601683795
double_unseen,1,log_prot,B4_sequence_only,spacer_optimal,0.25474159378609257,3.1622776601683795
double_unseen,1,log_prot,B4_sequence_only,score_sd,0.3987360224629231,3.1622776601683795
double_unseen,1,log_prot,B4_sequence_only,sd_spacing,-0.4672030892885718,3.1622776601683795
double_unseen,1,log_prot,B4_sequence_only,sd_spacing_optimal,-0.3739860082935286,3.1622776601683795
double_unseen,1,log_prot,B3_historical_MFE,gc_promoter,-1.0142865294831978,1e-05
double_unseen,1,log_prot,B3_historical_MFE,gc_rbs,-0.29752485932384426,1e-05
double_unseen,1,log_prot,B3_historical_MFE,score_minus10,0.29841447313009334,1e-05
double_unseen,1,log_prot,B3_historical_MFE,score_minus35,0.3912249590201797,1e-05
double_unseen,1,log_prot,B3_historical_MFE,spacer_length,-0.23721149241484535,1e-05
double_unseen,1,log_prot,B3_historical_MFE,spacer_optimal,0.26250958154439474,1e-05
double_unseen,1,log_prot,B3_historical_MFE,score_sd,0.3971496244882338,1e-05
double_unseen,1,log_prot,B3_historical_MFE,sd_spacing,-0.46788420862070923,1e-05
double_unseen,1,log_prot,B3_historical_MFE,sd_spacing_optimal,-0.37856977039466616,1e-05
double_unseen,1,log_prot,B3_historical_MFE,legacy_promoter_tail_mfe,-0.08099503705623465,1e-05
double_unseen,1,log_prot,B6_TSS_accessibility,gc_promoter,-0.977617761128588,1e-05
double_unseen,1,log_prot,B6_TSS_accessibility,gc_rbs,-0.23565558883961812,1e-05
double_unseen,1,log_prot,B6_TSS_accessibility,score_minus10,0.3131706874083406,1e-05
double_unseen,1,log_prot,B6_TSS_accessibility,score_minus35,0.3830884804105732,1e-05
double_unseen,1,log_prot,B6_TSS_accessibility,spacer_length,-0.23504429072944044,1e-05
double_unseen,1,log_prot,B6_TSS_accessibility,spacer_optimal,0.25110284855115983,1e-05
double_unseen,1,log_prot,B6_TSS_accessibility,score_sd,0.4111683502848678,1e-05
double_unseen,1,log_prot,B6_TSS_accessibility,sd_spacing,-0.4573313600521684,1e-05
double_unseen,1,log_prot,B6_TSS_accessibility,sd_spacing_optimal,-0.3878247691033965,1e-05
double_unseen,1,log_prot,B6_TSS_accessibility,sd_unpaired_probability,0.0020556488731381657,1e-05
double_unseen,1,log_prot,B6_TSS_accessibility,start_unpaired_probability,-0.011782663375073775,1e-05
double_unseen,1,log_prot,B6_TSS_accessibility,sd_start_opening_energy,-0.2546204544637438,1e-05
double_unseen,2,log_translation_proxy,B4_sequence_only,gc_promoter,0.3277771339188173,316.22776601683796
double_unseen,2,log_translation_proxy,B4_sequence_only,gc_rbs,-0.20002002264604826,316.22776601683796
double_unseen,2,log_translation_proxy,B4_sequence_only,score_minus10,-0.17785682858321933,316.22776601683796
double_unseen,2,log_translation_proxy,B4_sequence_only,score_minus35,-0.05827078716637237,316.22776601683796
double_unseen,2,log_translation_proxy,B4_sequence_only,spacer_length,0.06504686147489983,316.22776601683796
double_unseen,2,log_translation_proxy,B4_sequence_only,spacer_optimal,0.07510770405322885,316.22776601683796
double_unseen,2,log_translation_proxy,B4_sequence_only,score_sd,0.36651031890466707,316.22776601683796
double_unseen,2,log_translation_proxy,B4_sequence_only,sd_spacing,-0.2784784438341043,316.22776601683796
double_unseen,2,log_translation_proxy,B4_sequence_only,sd_spacing_optimal,-0.29610338871074776,316.22776601683796
double_unseen,2,log_translation_proxy,B3_historical_MFE,gc_promoter,0.3409057159709132,1000.0
double_unseen,2,log_translation_proxy,B3_historical_MFE,gc_rbs,-0.1873792131900052,1000.0
double_unseen,2,log_translation_proxy,B3_historical_MFE,score_minus10,-0.1453044151673887,1000.0
double_unseen,2,log_translation_proxy,B3_historical_MFE,score_minus35,-0.05232099199174542,1000.0
double_unseen,2,log_translation_proxy,B3_historical_MFE,spacer_length,0.048562840033738945,1000.0
double_unseen,2,log_translation_proxy,B3_historical_MFE,spacer_optimal,0.07189303651309602,1000.0
double_unseen,2,log_translation_proxy,B3_historical_MFE,score_sd,0.3428445574213198,1000.0
double_unseen,2,log_translation_proxy,B3_historical_MFE,sd_spacing,-0.18616842503710093,1000.0
double_unseen,2,log_translation_proxy,B3_historical_MFE,sd_spacing_optimal,-0.18757980153426215,1000.0
double_unseen,2,log_translation_proxy,B3_historical_MFE,legacy_promoter_tail_mfe,0.0953309965956691,1000.0
double_unseen,2,log_translation_proxy,B6_TSS_accessibility,gc_promoter,0.29976116797348834,1000.0
double_unseen,2,log_translation_proxy,B6_TSS_accessibility,gc_rbs,-0.1620359501117894,1000.0
double_unseen,2,log_translation_proxy,B6_TSS_accessibility,score_minus10,-0.15797933697267996,1000.0
double_unseen,2,log_translation_proxy,B6_TSS_accessibility,score_minus35,-0.05612283780853458,1000.0
double_unseen,2,log_translation_proxy,B6_TSS_accessibility,spacer_length,0.0629426104568062,1000.0
double_unseen,2,log_translation_proxy,B6_TSS_accessibility,spacer_optimal,0.06342172538357634,1000.0
double_unseen,2,log_translation_proxy,B6_TSS_accessibility,score_sd,0.36900376445255306,1000.0
double_unseen,2,log_translation_proxy,B6_TSS_accessibility,sd_spacing,-0.10463011457565011,1000.0
double_unseen,2,log_translation_proxy,B6_TSS_accessibility,sd_spacing_optimal,-0.1877420488251106,1000.0
double_unseen,2,log_translation_proxy,B6_TSS_accessibility,sd_unpaired_probability,-0.0796434257658768,1000.0
double_unseen,2,log_translation_proxy,B6_TSS_accessibility,start_unpaired_probability,-0.11055145257909418,1000.0
double_unseen,2,log_translation_proxy,B6_TSS_accessibility,sd_start_opening_energy,-0.22131556767989682,1000.0
double_unseen,2,log_prot,B4_sequence_only,gc_promoter,-0.8920631581013371,100.0
double_unseen,2,log_prot,B4_sequence_only,gc_rbs,-0.21594710059936667,100.0
double_unseen,2,log_prot,B4_sequence_only,score_minus10,0.3092114426387568,100.0
double_unseen,2,log_prot,B4_sequence_only,score_minus35,0.49463390960236897,100.0
double_unseen,2,log_prot,B4_sequence_only,spacer_length,-0.1838693835299463,100.0
double_unseen,2,log_prot,B4_sequence_only,spacer_optimal,0.20594643869668094,100.0
double_unseen,2,log_prot,B4_sequence_only,score_sd,0.46959534073711684,100.0
double_unseen,2,log_prot,B4_sequence_only,sd_spacing,-0.5058111890933934,100.0
double_unseen,2,log_prot,B4_sequence_only,sd_spacing_optimal,-0.4877904304834717,100.0
double_unseen,2,log_prot,B3_historical_MFE,gc_promoter,-0.9412227721215745,31.622776601683793
double_unseen,2,log_prot,B3_historical_MFE,gc_rbs,-0.22538079830458177,31.622776601683793
double_unseen,2,log_prot,B3_historical_MFE,score_minus10,0.2934041955211573,31.622776601683793
double_unseen,2,log_prot,B3_historical_MFE,score_minus35,0.5038847637108922,31.622776601683793
double_unseen,2,log_prot,B3_historical_MFE,spacer_length,-0.1891387032096728,31.622776601683793
double_unseen,2,log_prot,B3_historical_MFE,spacer_optimal,0.21930762726746067,31.622776601683793
double_unseen,2,log_prot,B3_historical_MFE,score_sd,0.4700209936297809,31.622776601683793
double_unseen,2,log_prot,B3_historical_MFE,sd_spacing,-0.540693616202206,31.622776601683793
double_unseen,2,log_prot,B3_historical_MFE,sd_spacing_optimal,-0.5284639354479616,31.622776601683793
double_unseen,2,log_prot,B3_historical_MFE,legacy_promoter_tail_mfe,-0.07712285371740234,31.622776601683793
double_unseen,2,log_prot,B6_TSS_accessibility,gc_promoter,-0.8947344218712817,100.0
double_unseen,2,log_prot,B6_TSS_accessibility,gc_rbs,-0.16048874837020685,100.0
double_unseen,2,log_prot,B6_TSS_accessibility,score_minus10,0.3091314160354189,100.0
double_unseen,2,log_prot,B6_TSS_accessibility,score_minus35,0.48373328892349177,100.0
double_unseen,2,log_prot,B6_TSS_accessibility,spacer_length,-0.17463402393697908,100.0
double_unseen,2,log_prot,B6_TSS_accessibility,spacer_optimal,0.19402836425693104,100.0
double_unseen,2,log_prot,B6_TSS_accessibility,score_sd,0.5026687304167358,100.0
double_unseen,2,log_prot,B6_TSS_accessibility,sd_spacing,-0.445186131917969,100.0
double_unseen,2,log_prot,B6_TSS_accessibility,sd_spacing_optimal,-0.4927662823438816,100.0
double_unseen,2,log_prot,B6_TSS_accessibility,sd_unpaired_probability,-0.058586510373682815,100.0
double_unseen,2,log_prot,B6_TSS_accessibility,start_unpaired_probability,-0.004079685983829052,100.0
double_unseen,2,log_prot,B6_TSS_accessibility,sd_start_opening_energy,-0.28460887882371394,100.0
double_unseen,3,log_translation_proxy,B4_sequence_only,gc_promoter,0.28176176276432047,1000.0
double_unseen,3,log_translation_proxy,B4_sequence_only,gc_rbs,-0.19820992551955105,1000.0
double_unseen,3,log_translation_proxy,B4_sequence_only,score_minus10,-0.09532038015209496,1000.0
double_unseen,3,log_translation_proxy,B4_sequence_only,score_minus35,-0.10782486911626742,1000.0
double_unseen,3,log_translation_proxy,B4_sequence_only,spacer_length,-0.03439333995061984,1000.0
double_unseen,3,log_translation_proxy,B4_sequence_only,spacer_optimal,0.018408559282070046,1000.0
double_unseen,3,log_translation_proxy,B4_sequence_only,score_sd,0.23928486036449936,1000.0
double_unseen,3,log_translation_proxy,B4_sequence_only,sd_spacing,-0.24369515403171735,1000.0
double_unseen,3,log_translation_proxy,B4_sequence_only,sd_spacing_optimal,-0.19300681311580167,1000.0
double_unseen,3,log_translation_proxy,B3_historical_MFE,gc_promoter,0.332029414614431,1000.0
double_unseen,3,log_translation_proxy,B3_historical_MFE,gc_rbs,-0.176078010798168,1000.0
double_unseen,3,log_translation_proxy,B3_historical_MFE,score_minus10,-0.08363577596675173,1000.0
double_unseen,3,log_translation_proxy,B3_historical_MFE,score_minus35,-0.10496283678864388,1000.0
double_unseen,3,log_translation_proxy,B3_historical_MFE,spacer_length,-0.03613528099419705,1000.0
double_unseen,3,log_translation_proxy,B3_historical_MFE,spacer_optimal,0.016186110728957516,1000.0
double_unseen,3,log_translation_proxy,B3_historical_MFE,score_sd,0.2378051564104495,1000.0
double_unseen,3,log_translation_proxy,B3_historical_MFE,sd_spacing,-0.24988480333792404,1000.0
double_unseen,3,log_translation_proxy,B3_historical_MFE,sd_spacing_optimal,-0.18924204735441258,1000.0
double_unseen,3,log_translation_proxy,B3_historical_MFE,legacy_promoter_tail_mfe,0.12626550419317575,1000.0
double_unseen,3,log_translation_proxy,B6_TSS_accessibility,gc_promoter,0.27789873072125576,1000.0
double_unseen,3,log_translation_proxy,B6_TSS_accessibility,gc_rbs,-0.1340100314889025,1000.0
double_unseen,3,log_translation_proxy,B6_TSS_accessibility,score_minus10,-0.0892884697642638,1000.0
double_unseen,3,log_translation_proxy,B6_TSS_accessibility,score_minus35,-0.11069839382429403,1000.0
double_unseen,3,log_translation_proxy,B6_TSS_accessibility,spacer_length,-0.03467063291786342,1000.0
double_unseen,3,log_translation_proxy,B6_TSS_accessibility,spacer_optimal,0.007907797141759139,1000.0
double_unseen,3,log_translation_proxy,B6_TSS_accessibility,score_sd,0.2508791355765621,1000.0
double_unseen,3,log_translation_proxy,B6_TSS_accessibility,sd_spacing,-0.2311540817899804,1000.0
double_unseen,3,log_translation_proxy,B6_TSS_accessibility,sd_spacing_optimal,-0.218917625062222,1000.0
double_unseen,3,log_translation_proxy,B6_TSS_accessibility,sd_unpaired_probability,-0.00780915489505671,1000.0
double_unseen,3,log_translation_proxy,B6_TSS_accessibility,start_unpaired_probability,-0.05115412108052004,1000.0
double_unseen,3,log_translation_proxy,B6_TSS_accessibility,sd_start_opening_energy,-0.26614615435181505,1000.0
double_unseen,3,log_prot,B4_sequence_only,gc_promoter,-0.8607987205704124,31.622776601683793
double_unseen,3,log_prot,B4_sequence_only,gc_rbs,-0.1957478602552473,31.622776601683793
double_unseen,3,log_prot,B4_sequence_only,score_minus10,0.2913757117691184,31.622776601683793
double_unseen,3,log_prot,B4_sequence_only,score_minus35,0.4665915810090345,31.622776601683793
double_unseen,3,log_prot,B4_sequence_only,spacer_length,-0.10211659412763577,31.622776601683793
double_unseen,3,log_prot,B4_sequence_only,spacer_optimal,0.23768677618798595,31.622776601683793
double_unseen,3,log_prot,B4_sequence_only,score_sd,0.3026159901058639,31.622776601683793
double_unseen,3,log_prot,B4_sequence_only,sd_spacing,-0.7159598503900275,31.622776601683793
double_unseen,3,log_prot,B4_sequence_only,sd_spacing_optimal,-0.6027654437668515,31.622776601683793
double_unseen,3,log_prot,B3_historical_MFE,gc_promoter,-0.8762066948269264,31.622776601683793
double_unseen,3,log_prot,B3_historical_MFE,gc_rbs,-0.20236153116208963,31.622776601683793
double_unseen,3,log_prot,B3_historical_MFE,score_minus10,0.2868534802510499,31.622776601683793
double_unseen,3,log_prot,B3_historical_MFE,score_minus35,0.465599350165586,31.622776601683793
double_unseen,3,log_prot,B3_historical_MFE,spacer_length,-0.10250487644031857,31.622776601683793
double_unseen,3,log_prot,B3_historical_MFE,spacer_optimal,0.24021433383549473,31.622776601683793
double_unseen,3,log_prot,B3_historical_MFE,score_sd,0.30323805458365155,31.622776601683793
double_unseen,3,log_prot,B3_historical_MFE,sd_spacing,-0.7132789273991635,31.622776601683793
double_unseen,3,log_prot,B3_historical_MFE,sd_spacing_optimal,-0.6031081330773519,31.622776601683793
double_unseen,3,log_prot,B3_historical_MFE,legacy_promoter_tail_mfe,-0.03214236992120887,31.622776601683793
double_unseen,3,log_prot,B6_TSS_accessibility,gc_promoter,-0.8557467308834021,100.0
double_unseen,3,log_prot,B6_TSS_accessibility,gc_rbs,-0.09189524953059391,100.0
double_unseen,3,log_prot,B6_TSS_accessibility,score_minus10,0.30399885262858584,100.0
double_unseen,3,log_prot,B6_TSS_accessibility,score_minus35,0.4598851674174702,100.0
double_unseen,3,log_prot,B6_TSS_accessibility,spacer_length,-0.09777624666193087,100.0
double_unseen,3,log_prot,B6_TSS_accessibility,spacer_optimal,0.21163168926718842,100.0
double_unseen,3,log_prot,B6_TSS_accessibility,score_sd,0.302483075293641,100.0
double_unseen,3,log_prot,B6_TSS_accessibility,sd_spacing,-0.785275952390523,100.0
double_unseen,3,log_prot,B6_TSS_accessibility,sd_spacing_optimal,-0.6408758254321736,100.0
double_unseen,3,log_prot,B6_TSS_accessibility,sd_unpaired_probability,0.10193644922286967,100.0
double_unseen,3,log_prot,B6_TSS_accessibility,start_unpaired_probability,-0.022624268801659454,100.0
double_unseen,3,log_prot,B6_TSS_accessibility,sd_start_opening_energy,-0.2939783541974108,100.0
double_unseen,4,log_translation_proxy,B4_sequence_only,gc_promoter,0.2636001191077316,316.22776601683796
double_unseen,4,log_translation_proxy,B4_sequence_only,gc_rbs,-0.28533149631098964,316.22776601683796
double_unseen,4,log_translation_proxy,B4_sequence_only,score_minus10,-0.19301818166551168,316.22776601683796
double_unseen,4,log_translation_proxy,B4_sequence_only,score_minus35,-0.1124880893572157,316.22776601683796
double_unseen,4,log_translation_proxy,B4_sequence_only,spacer_length,-0.020331448556459034,316.22776601683796
double_unseen,4,log_translation_proxy,B4_sequence_only,spacer_optimal,0.062213456169132805,316.22776601683796
double_unseen,4,log_translation_proxy,B4_sequence_only,score_sd,0.36660163355730757,316.22776601683796
double_unseen,4,log_translation_proxy,B4_sequence_only,sd_spacing,-0.19443634428358642,316.22776601683796
double_unseen,4,log_translation_proxy,B4_sequence_only,sd_spacing_optimal,-0.21979379674547692,316.22776601683796
double_unseen,4,log_translation_proxy,B3_historical_MFE,gc_promoter,0.34196282480416296,316.22776601683796
double_unseen,4,log_translation_proxy,B3_historical_MFE,gc_rbs,-0.26292154492839054,316.22776601683796
double_unseen,4,log_translation_proxy,B3_historical_MFE,score_minus10,-0.16005699368143564,316.22776601683796
double_unseen,4,log_translation_proxy,B3_historical_MFE,score_minus35,-0.11325879580612848,316.22776601683796
double_unseen,4,log_translation_proxy,B3_historical_MFE,spacer_length,-0.034595878901517524,316.22776601683796
double_unseen,4,log_translation_proxy,B3_historical_MFE,spacer_optimal,0.05723748006754615,316.22776601683796
double_unseen,4,log_translation_proxy,B3_historical_MFE,score_sd,0.3735156443646593,316.22776601683796
double_unseen,4,log_translation_proxy,B3_historical_MFE,sd_spacing,-0.18912565905675285,316.22776601683796
double_unseen,4,log_translation_proxy,B3_historical_MFE,sd_spacing_optimal,-0.20906361766355352,316.22776601683796
double_unseen,4,log_translation_proxy,B3_historical_MFE,legacy_promoter_tail_mfe,0.15851661451517673,316.22776601683796
double_unseen,4,log_translation_proxy,B6_TSS_accessibility,gc_promoter,0.24955464974155298,1000.0
double_unseen,4,log_translation_proxy,B6_TSS_accessibility,gc_rbs,-0.22177272654681807,1000.0
double_unseen,4,log_translation_proxy,B6_TSS_accessibility,score_minus10,-0.17000117311521817,1000.0
double_unseen,4,log_translation_proxy,B6_TSS_accessibility,score_minus35,-0.09925913136211058,1000.0
double_unseen,4,log_translation_proxy,B6_TSS_accessibility,spacer_length,-0.012274575249460948,1000.0
double_unseen,4,log_translation_proxy,B6_TSS_accessibility,spacer_optimal,0.03769937340062246,1000.0
double_unseen,4,log_translation_proxy,B6_TSS_accessibility,score_sd,0.36579643962357133,1000.0
double_unseen,4,log_translation_proxy,B6_TSS_accessibility,sd_spacing,-0.06698391302846236,1000.0
double_unseen,4,log_translation_proxy,B6_TSS_accessibility,sd_spacing_optimal,-0.15472084537681502,1000.0
double_unseen,4,log_translation_proxy,B6_TSS_accessibility,sd_unpaired_probability,-0.04278784656668613,1000.0
double_unseen,4,log_translation_proxy,B6_TSS_accessibility,start_unpaired_probability,-0.09100078827256922,1000.0
double_unseen,4,log_translation_proxy,B6_TSS_accessibility,sd_start_opening_energy,-0.27109777111546135,1000.0
double_unseen,4,log_prot,B4_sequence_only,gc_promoter,-0.820702142276578,100.0
double_unseen,4,log_prot,B4_sequence_only,gc_rbs,-0.3351672376275496,100.0
double_unseen,4,log_prot,B4_sequence_only,score_minus10,0.38178018862454005,100.0
double_unseen,4,log_prot,B4_sequence_only,score_minus35,0.4557468041839498,100.0
double_unseen,4,log_prot,B4_sequence_only,spacer_length,-0.05900789062303079,100.0
double_unseen,4,log_prot,B4_sequence_only,spacer_optimal,0.01901049006398622,100.0
double_unseen,4,log_prot,B4_sequence_only,score_sd,0.4640273901477677,100.0
double_unseen,4,log_prot,B4_sequence_only,sd_spacing,-0.32899329801419097,100.0
double_unseen,4,log_prot,B4_sequence_only,sd_spacing_optimal,-0.3024682617088852,100.0
double_unseen,4,log_prot,B3_historical_MFE,gc_promoter,-0.8208623939358232,100.0
double_unseen,4,log_prot,B3_historical_MFE,gc_rbs,-0.3352119867302318,100.0
double_unseen,4,log_prot,B3_historical_MFE,score_minus10,0.3817095505736875,100.0
double_unseen,4,log_prot,B3_historical_MFE,score_minus35,0.45574781816415494,100.0
double_unseen,4,log_prot,B3_historical_MFE,spacer_length,-0.05897992789788428,100.0
double_unseen,4,log_prot,B3_historical_MFE,spacer_optimal,0.01902544250637163,100.0
double_unseen,4,log_prot,B3_historical_MFE,score_sd,0.46401330002183583,100.0
double_unseen,4,log_prot,B3_historical_MFE,sd_spacing,-0.3290070699141056,100.0
double_unseen,4,log_prot,B3_historical_MFE,sd_spacing_optimal,-0.3024926199753913,100.0
double_unseen,4,log_prot,B3_historical_MFE,legacy_promoter_tail_mfe,-0.0003094052857291372,100.0
double_unseen,4,log_prot,B6_TSS_accessibility,gc_promoter,-0.8168540607592818,100.0
double_unseen,4,log_prot,B6_TSS_accessibility,gc_rbs,-0.2888370540191959,100.0
double_unseen,4,log_prot,B6_TSS_accessibility,score_minus10,0.38230852410294475,100.0
double_unseen,4,log_prot,B6_TSS_accessibility,score_minus35,0.45532508760251805,100.0
double_unseen,4,log_prot,B6_TSS_accessibility,spacer_length,-0.05125859543041108,100.0
double_unseen,4,log_prot,B6_TSS_accessibility,spacer_optimal,0.004455218507483758,100.0
double_unseen,4,log_prot,B6_TSS_accessibility,score_sd,0.4884428433350175,100.0
double_unseen,4,log_prot,B6_TSS_accessibility,sd_spacing,-0.2713952251993904,100.0
double_unseen,4,log_prot,B6_TSS_accessibility,sd_spacing_optimal,-0.29759644747072206,100.0
double_unseen,4,log_prot,B6_TSS_accessibility,sd_unpaired_probability,-0.04934229976594174,100.0
double_unseen,4,log_prot,B6_TSS_accessibility,start_unpaired_probability,0.053184396001985525,100.0
double_unseen,4,log_prot,B6_TSS_accessibility,sd_start_opening_energy,-0.28988700910997073,100.0
