scenario,fold,target,feature_set,feature,standardized_coefficient,selected_alpha
random,0,log_translation_proxy,B4_sequence_only,gc_promoter,0.31700965004423975,100.0
random,0,log_translation_proxy,B4_sequence_only,gc_rbs,-0.23132181718533085,100.0
random,0,log_translation_proxy,B4_sequence_only,score_minus10,-0.18107440552139487,100.0
random,0,log_translation_proxy,B4_sequence_only,score_minus35,-0.1362068233385589,100.0
random,0,log_translation_proxy,B4_sequence_only,spacer_length,0.01293001100946078,100.0
random,0,log_translation_proxy,B4_sequence_only,spacer_optimal,0.050787585621536534,100.0
random,0,log_translation_proxy,B4_sequence_only,score_sd,0.32662882968357276,100.0
random,0,log_translation_proxy,B4_sequence_only,sd_spacing,-0.35392537588545186,100.0
random,0,log_translation_proxy,B4_sequence_only,sd_spacing_optimal,-0.3467598874691988,100.0
random,0,log_translation_proxy,B3_historical_MFE,gc_promoter,0.3904507941909652,100.0
random,0,log_translation_proxy,B3_historical_MFE,gc_rbs,-0.2046846182592226,100.0
random,0,log_translation_proxy,B3_historical_MFE,score_minus10,-0.15201129416071135,100.0
random,0,log_translation_proxy,B3_historical_MFE,score_minus35,-0.13511477693083743,100.0
random,0,log_translation_proxy,B3_historical_MFE,spacer_length,0.008691551602837593,100.0
random,0,log_translation_proxy,B3_historical_MFE,spacer_optimal,0.04353107339010812,100.0
random,0,log_translation_proxy,B3_historical_MFE,score_sd,0.3311064336640776,100.0
random,0,log_translation_proxy,B3_historical_MFE,sd_spacing,-0.3578799325918319,100.0
random,0,log_translation_proxy,B3_historical_MFE,sd_spacing_optimal,-0.34109296581731247,100.0
random,0,log_translation_proxy,B3_historical_MFE,legacy_promoter_tail_mfe,0.1561464648466217,100.0
random,0,log_translation_proxy,B6_TSS_accessibility,gc_promoter,0.31993020280642986,31.622776601683793
random,0,log_translation_proxy,B6_TSS_accessibility,gc_rbs,-0.16676365716823513,31.622776601683793
random,0,log_translation_proxy,B6_TSS_accessibility,score_minus10,-0.17662094549282126,31.622776601683793
random,0,log_translation_proxy,B6_TSS_accessibility,score_minus35,-0.14493284266334644,31.622776601683793
random,0,log_translation_proxy,B6_TSS_accessibility,spacer_length,0.020878452104103388,31.622776601683793
random,0,log_translation_proxy,B6_TSS_accessibility,spacer_optimal,0.036233525242851616,31.622776601683793
random,0,log_translation_proxy,B6_TSS_accessibility,score_sd,0.36033048894935904,31.622776601683793
random,0,log_translation_proxy,B6_TSS_accessibility,sd_spacing,-0.31393752202725295,31.622776601683793
random,0,log_translation_proxy,B6_TSS_accessibility,sd_spacing_optimal,-0.3738047063865945,31.622776601683793
random,0,log_translation_proxy,B6_TSS_accessibility,sd_unpaired_probability,-0.026697661871046066,31.622776601683793
random,0,log_translation_proxy,B6_TSS_accessibility,start_unpaired_probability,-0.10012726159469405,31.622776601683793
random,0,log_translation_proxy,B6_TSS_accessibility,sd_start_opening_energy,-0.2642420906899019,31.622776601683793
random,0,log_prot,B4_sequence_only,gc_promoter,-0.9090038444490912,1e-05
random,0,log_prot,B4_sequence_only,gc_rbs,-0.25868567029272976,1e-05
random,0,log_prot,B4_sequence_only,score_minus10,0.32309070015180336,1e-05
random,0,log_prot,B4_sequence_only,score_minus35,0.4606738351284152,1e-05
random,0,log_prot,B4_sequence_only,spacer_length,-0.19771949940953545,1e-05
random,0,log_prot,B4_sequence_only,spacer_optimal,0.22938782141840544,1e-05
random,0,log_prot,B4_sequence_only,score_sd,0.4260950199488102,1e-05
random,0,log_prot,B4_sequence_only,sd_spacing,-0.5240101175751214,1e-05
random,0,log_prot,B4_sequence_only,sd_spacing_optimal,-0.4783780531323899,1e-05
random,0,log_prot,B3_historical_MFE,gc_promoter,-0.9373338052296968,1e-05
random,0,log_prot,B3_historical_MFE,gc_rbs,-0.26890117205485936,1e-05
random,0,log_prot,B3_historical_MFE,score_minus10,0.3116750806989316,1e-05
random,0,log_prot,B3_historical_MFE,score_minus35,0.46017979946327786,1e-05
random,0,log_prot,B3_historical_MFE,spacer_length,-0.19625206947695834,1e-05
random,0,log_prot,B3_historical_MFE,spacer_optimal,0.23260291653606757,1e-05
random,0,log_prot,B3_historical_MFE,score_sd,0.4243885858022884,1e-05
random,0,log_prot,B3_historical_MFE,sd_spacing,-0.5224736668131214,1e-05
random,0,log_prot,B3_historical_MFE,sd_spacing_optimal,-0.48051194306644834,1e-05
random,0,log_prot,B3_historical_MFE,legacy_promoter_tail_mfe,-0.05909290161399076,1e-05
random,0,log_prot,B6_TSS_accessibility,gc_promoter,-0.9099849241795531,1e-05
random,0,log_prot,B6_TSS_accessibility,gc_rbs,-0.19397196865087188,1e-05
random,0,log_prot,B6_TSS_accessibility,score_minus10,0.32576501438237343,1e-05
random,0,log_prot,B6_TSS_accessibility,score_minus35,0.4548612701922117,1e-05
random,0,log_prot,B6_TSS_accessibility,spacer_length,-0.19595090570381532,1e-05
random,0,log_prot,B6_TSS_accessibility,spacer_optimal,0.21906527095747536,1e-05
random,0,log_prot,B6_TSS_accessibility,score_sd,0.4495064415754936,1e-05
random,0,log_prot,B6_TSS_accessibility,sd_spacing,-0.5362130090983499,1e-05
random,0,log_prot,B6_TSS_accessibility,sd_spacing_optimal,-0.51439723366734,1e-05
random,0,log_prot,B6_TSS_accessibility,sd_unpaired_probability,0.01196476925010747,1e-05
random,0,log_prot,B6_TSS_accessibility,start_unpaired_probability,0.016608922451302806,1e-05
random,0,log_prot,B6_TSS_accessibility,sd_start_opening_energy,-0.26292086497505623,1e-05
random,1,log_translation_proxy,B4_sequence_only,gc_promoter,0.3275808219771296,10.0
random,1,log_translation_proxy,B4_sequence_only,gc_rbs,-0.23154325476826632,10.0
random,1,log_translation_proxy,B4_sequence_only,score_minus10,-0.17170874976436085,10.0
random,1,log_translation_proxy,B4_sequence_only,score_minus35,-0.1281818882899416,10.0
random,1,log_translation_proxy,B4_sequence_only,spacer_length,0.012580068369191686,10.0
random,1,log_translation_proxy,B4_sequence_only,spacer_optimal,0.04126733154584014,10.0
random,1,log_translation_proxy,B4_sequence_only,score_sd,0.3282460523164734,10.0
random,1,log_translation_proxy,B4_sequence_only,sd_spacing,-0.37755197130020374,10.0
random,1,log_translation_proxy,B4_sequence_only,sd_spacing_optimal,-0.3759162932012379,10.0
random,1,log_translation_proxy,B3_historical_MFE,gc_promoter,0.4004092584285356,31.622776601683793
random,1,log_translation_proxy,B3_historical_MFE,gc_rbs,-0.20474756788891854,31.622776601683793
random,1,log_translation_proxy,B3_historical_MFE,score_minus10,-0.14230702865512207,31.622776601683793
random,1,log_translation_proxy,B3_historical_MFE,score_minus35,-0.12600020779393895,31.622776601683793
random,1,log_translation_proxy,B3_historical_MFE,spacer_length,0.00882419039539353,31.622776601683793
random,1,log_translation_proxy,B3_historical_MFE,spacer_optimal,0.032038401628511085,31.622776601683793
random,1,log_translation_proxy,B3_historical_MFE,score_sd,0.33333809978206325,31.622776601683793
random,1,log_translation_proxy,B3_historical_MFE,sd_spacing,-0.37293940491693894,31.622776601683793
random,1,log_translation_proxy,B3_historical_MFE,sd_spacing_optimal,-0.3631911203846793,31.622776601683793
random,1,log_translation_proxy,B3_historical_MFE,legacy_promoter_tail_mfe,0.15564039096282506,31.622776601683793
random,1,log_translation_proxy,B6_TSS_accessibility,gc_promoter,0.3279330881530384,31.622776601683793
random,1,log_translation_proxy,B6_TSS_accessibility,gc_rbs,-0.16846830966084678,31.622776601683793
random,1,log_translation_proxy,B6_TSS_accessibility,score_minus10,-0.16687549158725729,31.622776601683793
random,1,log_translation_proxy,B6_TSS_accessibility,score_minus35,-0.13563079702444347,31.622776601683793
random,1,log_translation_proxy,B6_TSS_accessibility,spacer_length,0.017092040174380707,31.622776601683793
random,1,log_translation_proxy,B6_TSS_accessibility,spacer_optimal,0.029732993192233652,31.622776601683793
random,1,log_translation_proxy,B6_TSS_accessibility,score_sd,0.35955174120642514,31.622776601683793
random,1,log_translation_proxy,B6_TSS_accessibility,sd_spacing,-0.3124570240128675,31.622776601683793
random,1,log_translation_proxy,B6_TSS_accessibility,sd_spacing_optimal,-0.3755863303833232,31.622776601683793
random,1,log_translation_proxy,B6_TSS_accessibility,sd_unpaired_probability,-0.0202269935703103,31.622776601683793
random,1,log_translation_proxy,B6_TSS_accessibility,start_unpaired_probability,-0.10029344991771445,31.622776601683793
random,1,log_translation_proxy,B6_TSS_accessibility,sd_start_opening_energy,-0.2636916064742499,31.622776601683793
random,1,log_prot,B4_sequence_only,gc_promoter,-0.9072786346096237,1e-05
random,1,log_prot,B4_sequence_only,gc_rbs,-0.2559202038105619,1e-05
random,1,log_prot,B4_sequence_only,score_minus10,0.33235440062803945,1e-05
random,1,log_prot,B4_sequence_only,score_minus35,0.4656114685624756,1e-05
random,1,log_prot,B4_sequence_only,spacer_length,-0.18654599875398606,1e-05
random,1,log_prot,B4_sequence_only,spacer_optimal,0.2117020196810432,1e-05
random,1,log_prot,B4_sequence_only,score_sd,0.4134814958989175,1e-05
random,1,log_prot,B4_sequence_only,sd_spacing,-0.5328543949373974,1e-05
random,1,log_prot,B4_sequence_only,sd_spacing_optimal,-0.4695616952535055,1e-05
random,1,log_prot,B3_historical_MFE,gc_promoter,-0.936985424555607,1e-05
random,1,log_prot,B3_historical_MFE,gc_rbs,-0.2670022312143763,1e-05
random,1,log_prot,B3_historical_MFE,score_minus10,0.3205739704519611,1e-05
random,1,log_prot,B3_historical_MFE,score_minus35,0.4649121245642801,1e-05
random,1,log_prot,B3_historical_MFE,spacer_length,-0.18516736500605502,1e-05
random,1,log_prot,B3_historical_MFE,spacer_optimal,0.21553432900912636,1e-05
random,1,log_prot,B3_historical_MFE,score_sd,0.4112988981082803,1e-05
random,1,log_prot,B3_historical_MFE,sd_spacing,-0.5314470282303498,1e-05
random,1,log_prot,B3_historical_MFE,sd_spacing_optimal,-0.47141799882785435,1e-05
random,1,log_prot,B3_historical_MFE,legacy_promoter_tail_mfe,-0.06254424857424773,1e-05
random,1,log_prot,B6_TSS_accessibility,gc_promoter,-0.9063916645266885,1e-05
random,1,log_prot,B6_TSS_accessibility,gc_rbs,-0.19122673424396305,1e-05
random,1,log_prot,B6_TSS_accessibility,score_minus10,0.334713084126125,1e-05
random,1,log_prot,B6_TSS_accessibility,score_minus35,0.4595039586027164,1e-05
random,1,log_prot,B6_TSS_accessibility,spacer_length,-0.1853321856250917,1e-05
random,1,log_prot,B6_TSS_accessibility,spacer_optimal,0.20162741659498845,1e-05
random,1,log_prot,B6_TSS_accessibility,score_sd,0.43712452540005176,1e-05
random,1,log_prot,B6_TSS_accessibility,sd_spacing,-0.5352976117419438,1e-05
random,1,log_prot,B6_TSS_accessibility,sd_spacing_optimal,-0.5019128661061392,1e-05
random,1,log_prot,B6_TSS_accessibility,sd_unpaired_probability,0.005258493686801771,1e-05
random,1,log_prot,B6_TSS_accessibility,start_unpaired_probability,0.01116074509657762,1e-05
random,1,log_prot,B6_TSS_accessibility,sd_start_opening_energy,-0.2701955117537362,1e-05
random,2,log_translation_proxy,B4_sequence_only,gc_promoter,0.32171619097580756,31.622776601683793
random,2,log_translation_proxy,B4_sequence_only,gc_rbs,-0.2295216517120613,31.622776601683793
random,2,log_translation_proxy,B4_sequence_only,score_minus10,-0.17485298254101464,31.622776601683793
random,2,log_translation_proxy,B4_sequence_only,score_minus35,-0.1324102310935962,31.622776601683793
random,2,log_translation_proxy,B4_sequence_only,spacer_length,0.013570457291241969,31.622776601683793
random,2,log_translation_proxy,B4_sequence_only,spacer_optimal,0.04118091328256403,31.622776601683793
random,2,log_translation_proxy,B4_sequence_only,score_sd,0.3320249010797061,31.622776601683793
random,2,log_translation_proxy,B4_sequence_only,sd_spacing,-0.37504111667147444,31.622776601683793
random,2,log_translation_proxy,B4_sequence_only,sd_spacing_optimal,-0.3660662492619591,31.622776601683793
random,2,log_translation_proxy,B3_historical_MFE,gc_promoter,0.39689412921774914,31.622776601683793
random,2,log_translation_proxy,B3_historical_MFE,gc_rbs,-0.20248792792005918,31.622776601683793
random,2,log_translation_proxy,B3_historical_MFE,score_minus10,-0.14501076243991917,31.622776601683793
random,2,log_translation_proxy,B3_historical_MFE,score_minus35,-0.13161355858767765,31.622776601683793
random,2,log_translation_proxy,B3_historical_MFE,spacer_length,0.00998619933358394,31.622776601683793
random,2,log_translation_proxy,B3_historical_MFE,spacer_optimal,0.032617324860689564,31.622776601683793
random,2,log_translation_proxy,B3_historical_MFE,score_sd,0.33682116398668527,31.622776601683793
random,2,log_translation_proxy,B3_historical_MFE,sd_spacing,-0.38143903611617896,31.622776601683793
random,2,log_translation_proxy,B3_historical_MFE,sd_spacing_optimal,-0.3640387523061054,31.622776601683793
random,2,log_translation_proxy,B3_historical_MFE,legacy_promoter_tail_mfe,0.1571020689456751,31.622776601683793
random,2,log_translation_proxy,B6_TSS_accessibility,gc_promoter,0.3269490407995245,31.622776601683793
random,2,log_translation_proxy,B6_TSS_accessibility,gc_rbs,-0.16917101608386956,31.622776601683793
random,2,log_translation_proxy,B6_TSS_accessibility,score_minus10,-0.16977092558361223,31.622776601683793
random,2,log_translation_proxy,B6_TSS_accessibility,score_minus35,-0.14206766155070746,31.622776601683793
random,2,log_translation_proxy,B6_TSS_accessibility,spacer_length,0.022211492831808583,31.622776601683793
random,2,log_translation_proxy,B6_TSS_accessibility,spacer_optimal,0.024640680888826136,31.622776601683793
random,2,log_translation_proxy,B6_TSS_accessibility,score_sd,0.367414764270294,31.622776601683793
random,2,log_translation_proxy,B6_TSS_accessibility,sd_spacing,-0.3003756157898201,31.622776601683793
random,2,log_translation_proxy,B6_TSS_accessibility,sd_spacing_optimal,-0.36276739886638526,31.622776601683793
random,2,log_translation_proxy,B6_TSS_accessibility,sd_unpaired_probability,-0.031195541608043477,31.622776601683793
random,2,log_translation_proxy,B6_TSS_accessibility,start_unpaired_probability,-0.1063178432866946,31.622776601683793
random,2,log_translation_proxy,B6_TSS_accessibility,sd_start_opening_energy,-0.265516863247139,31.622776601683793
random,2,log_prot,B4_sequence_only,gc_promoter,-0.8971615871307557,1e-05
random,2,log_prot,B4_sequence_only,gc_rbs,-0.25540116163566345,1e-05
random,2,log_prot,B4_sequence_only,score_minus10,0.3431847117262295,1e-05
random,2,log_prot,B4_sequence_only,score_minus35,0.47504990375895967,1e-05
random,2,log_prot,B4_sequence_only,spacer_length,-0.16307272339439308,1e-05
random,2,log_prot,B4_sequence_only,spacer_optimal,0.18759682282924708,1e-05
random,2,log_prot,B4_sequence_only,score_sd,0.4079072805097812,1e-05
random,2,log_prot,B4_sequence_only,sd_spacing,-0.5578180084818783,1e-05
random,2,log_prot,B4_sequence_only,sd_spacing_optimal,-0.49131030814658105,1e-05
random,2,log_prot,B3_historical_MFE,gc_promoter,-0.923430093038954,1e-05
random,2,log_prot,B3_historical_MFE,gc_rbs,-0.2648351821059147,1e-05
random,2,log_prot,B3_historical_MFE,score_minus10,0.3326962949569638,1e-05
random,2,log_prot,B3_historical_MFE,score_minus35,0.4747480432259712,1e-05
random,2,log_prot,B3_historical_MFE,spacer_length,-0.16187200873464774,1e-05
random,2,log_prot,B3_historical_MFE,spacer_optimal,0.19071473316176907,1e-05
random,2,log_prot,B3_historical_MFE,score_sd,0.406238734390026,1e-05
random,2,log_prot,B3_historical_MFE,sd_spacing,-0.5555452175326092,1e-05
random,2,log_prot,B3_historical_MFE,sd_spacing_optimal,-0.49197390665780144,1e-05
random,2,log_prot,B3_historical_MFE,legacy_promoter_tail_mfe,-0.05455900581482962,1e-05
random,2,log_prot,B6_TSS_accessibility,gc_promoter,-0.8927859958743746,1e-05
random,2,log_prot,B6_TSS_accessibility,gc_rbs,-0.19316663166523826,1e-05
random,2,log_prot,B6_TSS_accessibility,score_minus10,0.3465162884611378,1e-05
random,2,log_prot,B6_TSS_accessibility,score_minus35,0.46812509762390414,1e-05
random,2,log_prot,B6_TSS_accessibility,spacer_length,-0.15697273499925937,1e-05
random,2,log_prot,B6_TSS_accessibility,spacer_optimal,0.1723458163191379,1e-05
random,2,log_prot,B6_TSS_accessibility,score_sd,0.4366063367403077,1e-05
random,2,log_prot,B6_TSS_accessibility,sd_spacing,-0.5352281075007441,1e-05
random,2,log_prot,B6_TSS_accessibility,sd_spacing_optimal,-0.5107045265524905,1e-05
random,2,log_prot,B6_TSS_accessibility,sd_unpaired_probability,-0.01351501031014366,1e-05
random,2,log_prot,B6_TSS_accessibility,start_unpaired_probability,0.006663380765454902,1e-05
random,2,log_prot,B6_TSS_accessibility,sd_start_opening_energy,-0.28167881301212966,1e-05
random,3,log_translation_proxy,B4_sequence_only,gc_promoter,0.3281056737520447,100.0
random,3,log_translation_proxy,B4_sequence_only,gc_rbs,-0.2253458236583585,100.0
random,3,log_translation_proxy,B4_sequence_only,score_minus10,-0.17841207511903537,100.0
random,3,log_translation_proxy,B4_sequence_only,score_minus35,-0.12840870898029796,100.0
random,3,log_translation_proxy,B4_sequence_only,spacer_length,0.013471883196604431,100.0
random,3,log_translation_proxy,B4_sequence_only,spacer_optimal,0.040868816142186855,100.0
random,3,log_translation_proxy,B4_sequence_only,score_sd,0.33424314525874876,100.0
random,3,log_translation_proxy,B4_sequence_only,sd_spacing,-0.3513216096851228,100.0
random,3,log_translation_proxy,B4_sequence_only,sd_spacing_optimal,-0.35336664369532866,100.0
random,3,log_translation_proxy,B3_historical_MFE,gc_promoter,0.40400878888586617,100.0
random,3,log_translation_proxy,B3_historical_MFE,gc_rbs,-0.19728603140729864,100.0
random,3,log_translation_proxy,B3_historical_MFE,score_minus10,-0.1504640287479735,100.0
random,3,log_translation_proxy,B3_historical_MFE,score_minus35,-0.12696200955547318,100.0
random,3,log_translation_proxy,B3_historical_MFE,spacer_length,0.011038214569744388,100.0
random,3,log_translation_proxy,B3_historical_MFE,spacer_optimal,0.032824008019096934,100.0
random,3,log_translation_proxy,B3_historical_MFE,score_sd,0.3414903814210995,100.0
random,3,log_translation_proxy,B3_historical_MFE,sd_spacing,-0.3538128502084067,100.0
random,3,log_translation_proxy,B3_historical_MFE,sd_spacing_optimal,-0.3486987098997842,100.0
random,3,log_translation_proxy,B3_historical_MFE,legacy_promoter_tail_mfe,0.16197086218067114,100.0
random,3,log_translation_proxy,B6_TSS_accessibility,gc_promoter,0.3301366495286922,100.0
random,3,log_translation_proxy,B6_TSS_accessibility,gc_rbs,-0.16699953992671304,100.0
random,3,log_translation_proxy,B6_TSS_accessibility,score_minus10,-0.17545768434235964,100.0
random,3,log_translation_proxy,B6_TSS_accessibility,score_minus35,-0.13513027556441548,100.0
random,3,log_translation_proxy,B6_TSS_accessibility,spacer_length,0.022846577352612724,100.0
random,3,log_translation_proxy,B6_TSS_accessibility,spacer_optimal,0.030100811526058487,100.0
random,3,log_translation_proxy,B6_TSS_accessibility,score_sd,0.37091965793330356,100.0
random,3,log_translation_proxy,B6_TSS_accessibility,sd_spacing,-0.269819847462096,100.0
random,3,log_translation_proxy,B6_TSS_accessibility,sd_spacing_optimal,-0.34899942804878986,100.0
random,3,log_translation_proxy,B6_TSS_accessibility,sd_unpaired_probability,-0.0377815880313522,100.0
random,3,log_translation_proxy,B6_TSS_accessibility,start_unpaired_probability,-0.10321725998635847,100.0
random,3,log_translation_proxy,B6_TSS_accessibility,sd_start_opening_energy,-0.2687068808658191,100.0
random,3,log_prot,B4_sequence_only,gc_promoter,-0.883938714413455,1e-05
random,3,log_prot,B4_sequence_only,gc_rbs,-0.2490767841200502,1e-05
random,3,log_prot,B4_sequence_only,score_minus10,0.32914393982946033,1e-05
random,3,log_prot,B4_sequence_only,score_minus35,0.4764950671351219,1e-05
random,3,log_prot,B4_sequence_only,spacer_length,-0.17749349805294254,1e-05
random,3,log_prot,B4_sequence_only,spacer_optimal,0.200770511217882,1e-05
random,3,log_prot,B4_sequence_only,score_sd,0.42501390887822166,1e-05
random,3,log_prot,B4_sequence_only,sd_spacing,-0.5731247435876293,1e-05
random,3,log_prot,B4_sequence_only,sd_spacing_optimal,-0.5153565670937481,1e-05
random,3,log_prot,B3_historical_MFE,gc_promoter,-0.9103701396943918,1e-05
random,3,log_prot,B3_historical_MFE,gc_rbs,-0.25878998312459517,1e-05
random,3,log_prot,B3_historical_MFE,score_minus10,0.3192199865266218,1e-05
random,3,log_prot,B3_historical_MFE,score_minus35,0.47592154307553775,1e-05
random,3,log_prot,B3_historical_MFE,spacer_length,-0.17680408081950466,1e-05
random,3,log_prot,B3_historical_MFE,spacer_optimal,0.20396528444814685,1e-05
random,3,log_prot,B3_historical_MFE,score_sd,0.42251042674618566,1e-05
random,3,log_prot,B3_historical_MFE,sd_spacing,-0.5722492102802538,1e-05
random,3,log_prot,B3_historical_MFE,sd_spacing_optimal,-0.516949080816259,1e-05
random,3,log_prot,B3_historical_MFE,legacy_promoter_tail_mfe,-0.055336306414863166,1e-05
random,3,log_prot,B6_TSS_accessibility,gc_promoter,-0.8827234800291491,1e-05
random,3,log_prot,B6_TSS_accessibility,gc_rbs,-0.1841209234782048,1e-05
random,3,log_prot,B6_TSS_accessibility,score_minus10,0.3318088021710156,1e-05
random,3,log_prot,B6_TSS_accessibility,score_minus35,0.47272572087901776,1e-05
random,3,log_prot,B6_TSS_accessibility,spacer_length,-0.1735108357525518,1e-05
random,3,log_prot,B6_TSS_accessibility,spacer_optimal,0.18998840807135312,1e-05
random,3,log_prot,B6_TSS_accessibility,score_sd,0.4544978475070218,1e-05
random,3,log_prot,B6_TSS_accessibility,sd_spacing,-0.5678224475524521,1e-05
random,3,log_prot,B6_TSS_accessibility,sd_spacing_optimal,-0.5422108550526005,1e-05
random,3,log_prot,B6_TSS_accessibility,sd_unpaired_probability,0.004224622707793638,1e-05
random,3,log_prot,B6_TSS_accessibility,start_unpaired_probability,0.02240918418613571,1e-05
random,3,log_prot,B6_TSS_accessibility,sd_start_opening_energy,-0.283156630685439,1e-05
random,4,log_translation_proxy,B4_sequence_only,gc_promoter,0.32296739318057954,31.622776601683793
random,4,log_translation_proxy,B4_sequence_only,gc_rbs,-0.21634041505439652,31.622776601683793
random,4,log_translation_proxy,B4_sequence_only,score_minus10,-0.17554467722051556,31.622776601683793
random,4,log_translation_proxy,B4_sequence_only,score_minus35,-0.14057077872246396,31.622776601683793
random,4,log_translation_proxy,B4_sequence_only,spacer_length,0.010778744889358451,31.622776601683793
random,4,log_translation_proxy,B4_sequence_only,spacer_optimal,0.03892504576519367,31.622776601683793
random,4,log_translation_proxy,B4_sequence_only,score_sd,0.3385502867692258,31.622776601683793
random,4,log_translation_proxy,B4_sequence_only,sd_spacing,-0.38029758313765905,31.622776601683793
random,4,log_translation_proxy,B4_sequence_only,sd_spacing_optimal,-0.3850481825179423,31.622776601683793
random,4,log_translation_proxy,B3_historical_MFE,gc_promoter,0.3938619728858907,100.0
random,4,log_translation_proxy,B3_historical_MFE,gc_rbs,-0.19220442714579605,100.0
random,4,log_translation_proxy,B3_historical_MFE,score_minus10,-0.1446367502873629,100.0
random,4,log_translation_proxy,B3_historical_MFE,score_minus35,-0.13779002379062655,100.0
random,4,log_translation_proxy,B3_historical_MFE,spacer_length,0.007097751106746515,100.0
random,4,log_translation_proxy,B3_historical_MFE,spacer_optimal,0.029405697217827646,100.0
random,4,log_translation_proxy,B3_historical_MFE,score_sd,0.34217920538860286,100.0
random,4,log_translation_proxy,B3_historical_MFE,sd_spacing,-0.3577172765877861,100.0
random,4,log_translation_proxy,B3_historical_MFE,sd_spacing_optimal,-0.35452524219806714,100.0
random,4,log_translation_proxy,B3_historical_MFE,legacy_promoter_tail_mfe,0.15461929151261428,100.0
random,4,log_translation_proxy,B6_TSS_accessibility,gc_promoter,0.32633272857599743,31.622776601683793
random,4,log_translation_proxy,B6_TSS_accessibility,gc_rbs,-0.15623745532800848,31.622776601683793
random,4,log_translation_proxy,B6_TSS_accessibility,score_minus10,-0.1716058326594347,31.622776601683793
random,4,log_translation_proxy,B6_TSS_accessibility,score_minus35,-0.14536767414120608,31.622776601683793
random,4,log_translation_proxy,B6_TSS_accessibility,spacer_length,0.01951140239093593,31.622776601683793
random,4,log_translation_proxy,B6_TSS_accessibility,spacer_optimal,0.023903330696385214,31.622776601683793
random,4,log_translation_proxy,B6_TSS_accessibility,score_sd,0.3705542207298105,31.622776601683793
random,4,log_translation_proxy,B6_TSS_accessibility,sd_spacing,-0.3036017145923651,31.622776601683793
random,4,log_translation_proxy,B6_TSS_accessibility,sd_spacing_optimal,-0.3790664683014875,31.622776601683793
random,4,log_translation_proxy,B6_TSS_accessibility,sd_unpaired_probability,-0.03812120422189677,31.622776601683793
random,4,log_translation_proxy,B6_TSS_accessibility,start_unpaired_probability,-0.10265810962514388,31.622776601683793
random,4,log_translation_proxy,B6_TSS_accessibility,sd_start_opening_energy,-0.2719254285337469,31.622776601683793
random,4,log_prot,B4_sequence_only,gc_promoter,-0.8938600913598084,1e-05
random,4,log_prot,B4_sequence_only,gc_rbs,-0.2391307417167233,1e-05
random,4,log_prot,B4_sequence_only,score_minus10,0.33305998696096417,1e-05
random,4,log_prot,B4_sequence_only,score_minus35,0.45221243562179336,1e-05
random,4,log_prot,B4_sequence_only,spacer_length,-0.17697421063216492,1e-05
random,4,log_prot,B4_sequence_only,spacer_optimal,0.2094839466715165,1e-05
random,4,log_prot,B4_sequence_only,score_sd,0.42703233205020924,1e-05
random,4,log_prot,B4_sequence_only,sd_spacing,-0.5456359905502063,1e-05
random,4,log_prot,B4_sequence_only,sd_spacing_optimal,-0.48755129659695173,1e-05
random,4,log_prot,B3_historical_MFE,gc_promoter,-0.9228376536976506,1e-05
random,4,log_prot,B3_historical_MFE,gc_rbs,-0.249441660813529,1e-05
random,4,log_prot,B3_historical_MFE,score_minus10,0.32109574159640825,1e-05
random,4,log_prot,B3_historical_MFE,score_minus35,0.45174136210544313,1e-05
random,4,log_prot,B3_historical_MFE,spacer_length,-0.17585842739536062,1e-05
random,4,log_prot,B3_historical_MFE,spacer_optimal,0.21356902186129348,1e-05
random,4,log_prot,B3_historical_MFE,score_sd,0.42514995358120455,1e-05
random,4,log_prot,B3_historical_MFE,sd_spacing,-0.545127787308892,1e-05
random,4,log_prot,B3_historical_MFE,sd_spacing_optimal,-0.49010461368919417,1e-05
random,4,log_prot,B3_historical_MFE,legacy_promoter_tail_mfe,-0.06030906610633196,1e-05
random,4,log_prot,B6_TSS_accessibility,gc_promoter,-0.892380843753846,1e-05
random,4,log_prot,B6_TSS_accessibility,gc_rbs,-0.17556137255550314,1e-05
random,4,log_prot,B6_TSS_accessibility,score_minus10,0.33809371065769084,1e-05
random,4,log_prot,B6_TSS_accessibility,score_minus35,0.45003778822027185,1e-05
random,4,log_prot,B6_TSS_accessibility,spacer_length,-0.17272240952398932,1e-05
random,4,log_prot,B6_TSS_accessibility,spacer_optimal,0.19457766098361443,1e-05
random,4,log_prot,B6_TSS_accessibility,score_sd,0.4505772149239171,1e-05
random,4,log_prot,B6_TSS_accessibility,sd_spacing,-0.550425741817998,1e-05
random,4,log_prot,B6_TSS_accessibility,sd_spacing_optimal,-0.5169520804872502,1e-05
random,4,log_prot,B6_TSS_accessibility,sd_unpaired_probability,0.00968475356282373,1e-05
random,4,log_prot,B6_TSS_accessibility,start_unpaired_probability,0.0013184094023338396,1e-05
random,4,log_prot,B6_TSS_accessibility,sd_start_opening_energy,-0.26379108007853413,1e-05
promoter_holdout,0,log_translation_proxy,B4_sequence_only,gc_promoter,0.28539129681831016,3162.2776601683795
promoter_holdout,0,log_translation_proxy,B4_sequence_only,gc_rbs,-0.19940960917982273,3162.2776601683795
promoter_holdout,0,log_translation_proxy,B4_sequence_only,score_minus10,-0.15879528451034997,3162.2776601683795
promoter_holdout,0,log_translation_proxy,B4_sequence_only,score_minus35,-0.08966367206840084,3162.2776601683795
promoter_holdout,0,log_translation_proxy,B4_sequence_only,spacer_length,0.02429056223839208,3162.2776601683795
promoter_holdout,0,log_translation_proxy,B4_sequence_only,spacer_optimal,0.03259769666091296,3162.2776601683795
promoter_holdout,0,log_translation_proxy,B4_sequence_only,score_sd,0.2532564567381729,3162.2776601683795
promoter_holdout,0,log_translation_proxy,B4_sequence_only,sd_spacing,-0.11532728289519394,3162.2776601683795
promoter_holdout,0,log_translation_proxy,B4_sequence_only,sd_spacing_optimal,-0.0851692438924709,3162.2776601683795
promoter_holdout,0,log_translation_proxy,B3_historical_MFE,gc_promoter,0.38350523010405263,1000.0
promoter_holdout,0,log_translation_proxy,B3_historical_MFE,gc_rbs,-0.20104332938770447,1000.0
promoter_holdout,0,log_translation_proxy,B3_historical_MFE,score_minus10,-0.17811472174744325,1000.0
promoter_holdout,0,log_translation_proxy,B3_historical_MFE,score_minus35,-0.12033785457256603,1000.0
promoter_holdout,0,log_translation_proxy,B3_historical_MFE,spacer_length,0.039562658750034216,1000.0
promoter_holdout,0,log_translation_proxy,B3_historical_MFE,spacer_optimal,0.033729040062214076,1000.0
promoter_holdout,0,log_translation_proxy,B3_historical_MFE,score_sd,0.30664300901265745,1000.0
promoter_holdout,0,log_translation_proxy,B3_historical_MFE,sd_spacing,-0.1987655526506759,1000.0
promoter_holdout,0,log_translation_proxy,B3_historical_MFE,sd_spacing_optimal,-0.1808707712276094,1000.0
promoter_holdout,0,log_translation_proxy,B3_historical_MFE,legacy_promoter_tail_mfe,0.13412297101099147,1000.0
promoter_holdout,0,log_translation_proxy,B6_TSS_accessibility,gc_promoter,0.2865136356137538,3162.2776601683795
promoter_holdout,0,log_translation_proxy,B6_TSS_accessibility,gc_rbs,-0.16894026471258108,3162.2776601683795
promoter_holdout,0,log_translation_proxy,B6_TSS_accessibility,score_minus10,-0.15615512313589167,3162.2776601683795
promoter_holdout,0,log_translation_proxy,B6_TSS_accessibility,score_minus35,-0.09247713405657108,3162.2776601683795
promoter_holdout,0,log_translation_proxy,B6_TSS_accessibility,spacer_length,0.02351861150034084,3162.2776601683795
promoter_holdout,0,log_translation_proxy,B6_TSS_accessibility,spacer_optimal,0.027976959344851258,3162.2776601683795
promoter_holdout,0,log_translation_proxy,B6_TSS_accessibility,score_sd,0.26508497672904713,3162.2776601683795
promoter_holdout,0,log_translation_proxy,B6_TSS_accessibility,sd_spacing,-0.09052902529461637,3162.2776601683795
promoter_holdout,0,log_translation_proxy,B6_TSS_accessibility,sd_spacing_optimal,-0.0968804814572893,3162.2776601683795
promoter_holdout,0,log_translation_proxy,B6_TSS_accessibility,sd_unpaired_probability,-0.018727239440098332,3162.2776601683795
promoter_holdout,0,log_translation_proxy,B6_TSS_accessibility,start_unpaired_probability,-0.07242950895339212,3162.2776601683795
promoter_holdout,0,log_translation_proxy,B6_TSS_accessibility,sd_start_opening_energy,-0.17139273389130055,3162.2776601683795
promoter_holdout,0,log_prot,B4_sequence_only,gc_promoter,-0.9895939436213813,1e-05
promoter_holdout,0,log_prot,B4_sequence_only,gc_rbs,-0.24994058775877745,1e-05
promoter_holdout,0,log_prot,B4_sequence_only,score_minus10,0.30701689937460525,1e-05
promoter_holdout,0,log_prot,B4_sequence_only,score_minus35,0.4264003644303138,1e-05
promoter_holdout,0,log_prot,B4_sequence_only,spacer_length,-0.2664057409105597,1e-05
promoter_holdout,0,log_prot,B4_sequence_only,spacer_optimal,0.28791813972248353,1e-05
promoter_holdout,0,log_prot,B4_sequence_only,score_sd,0.4166186621913025,1e-05
promoter_holdout,0,log_prot,B4_sequence_only,sd_spacing,-0.5297225496064247,1e-05
promoter_holdout,0,log_prot,B4_sequence_only,sd_spacing_optimal,-0.47375584027926815,1e-05
promoter_holdout,0,log_prot,B3_historical_MFE,gc_promoter,-1.0002913854610453,1e-05
promoter_holdout,0,log_prot,B3_historical_MFE,gc_rbs,-0.2549137773592464,1e-05
promoter_holdout,0,log_prot,B3_historical_MFE,score_minus10,0.30263919070322126,1e-05
promoter_holdout,0,log_prot,B3_historical_MFE,score_minus35,0.42591378412958875,1e-05
promoter_holdout,0,log_prot,B3_historical_MFE,spacer_length,-0.26660499777075614,1e-05
promoter_holdout,0,log_prot,B3_historical_MFE,spacer_optimal,0.2891660425417593,1e-05
promoter_holdout,0,log_prot,B3_historical_MFE,score_sd,0.41579516646260223,1e-05
promoter_holdout,0,log_prot,B3_historical_MFE,sd_spacing,-0.5288356782434815,1e-05
promoter_holdout,0,log_prot,B3_historical_MFE,sd_spacing_optimal,-0.4745013045966873,1e-05
promoter_holdout,0,log_prot,B3_historical_MFE,legacy_promoter_tail_mfe,-0.026508133351163712,1e-05
promoter_holdout,0,log_prot,B6_TSS_accessibility,gc_promoter,-0.9848740941877581,1e-05
promoter_holdout,0,log_prot,B6_TSS_accessibility,gc_rbs,-0.19407840022739317,1e-05
promoter_holdout,0,log_prot,B6_TSS_accessibility,score_minus10,0.312080760561084,1e-05
promoter_holdout,0,log_prot,B6_TSS_accessibility,score_minus35,0.4213779300095635,1e-05
promoter_holdout,0,log_prot,B6_TSS_accessibility,spacer_length,-0.27018259859686067,1e-05
promoter_holdout,0,log_prot,B6_TSS_accessibility,spacer_optimal,0.27904392665317523,1e-05
promoter_holdout,0,log_prot,B6_TSS_accessibility,score_sd,0.43661658639960066,1e-05
promoter_holdout,0,log_prot,B6_TSS_accessibility,sd_spacing,-0.5359610160985626,1e-05
promoter_holdout,0,log_prot,B6_TSS_accessibility,sd_spacing_optimal,-0.5023827704451598,1e-05
promoter_holdout,0,log_prot,B6_TSS_accessibility,sd_unpaired_probability,0.006487458126559764,1e-05
promoter_holdout,0,log_prot,B6_TSS_accessibility,start_unpaired_probability,0.024715146822995145,1e-05
promoter_holdout,0,log_prot,B6_TSS_accessibility,sd_start_opening_energy,-0.24062892276001807,1e-05
promoter_holdout,1,log_translation_proxy,B4_sequence_only,gc_promoter,0.2914318030250809,316.22776601683796
promoter_holdout,1,log_translation_proxy,B4_sequence_only,gc_rbs,-0.24178555532054077,316.22776601683796
promoter_holdout,1,log_translation_proxy,B4_sequence_only,score_minus10,-0.09741816770793214,316.22776601683796
promoter_holdout,1,log_translation_proxy,B4_sequence_only,score_minus35,-0.06031701075467926,316.22776601683796
promoter_holdout,1,log_translation_proxy,B4_sequence_only,spacer_length,-0.021264760648708865,316.22776601683796
promoter_holdout,1,log_translation_proxy,B4_sequence_only,spacer_optimal,0.02884174002748078,316.22776601683796
promoter_holdout,1,log_translation_proxy,B4_sequence_only,score_sd,0.3278988122591245,316.22776601683796
promoter_holdout,1,log_translation_proxy,B4_sequence_only,sd_spacing,-0.2997953784919629,316.22776601683796
promoter_holdout,1,log_translation_proxy,B4_sequence_only,sd_spacing_optimal,-0.2968253902387572,316.22776601683796
promoter_holdout,1,log_translation_proxy,B3_historical_MFE,gc_promoter,0.36107697691530233,316.22776601683796
promoter_holdout,1,log_translation_proxy,B3_historical_MFE,gc_rbs,-0.2134004255289484,316.22776601683796
promoter_holdout,1,log_translation_proxy,B3_historical_MFE,score_minus10,-0.06507919758964141,316.22776601683796
promoter_holdout,1,log_translation_proxy,B3_historical_MFE,score_minus35,-0.060973820910450484,316.22776601683796
promoter_holdout,1,log_translation_proxy,B3_historical_MFE,spacer_length,-0.050937063183580836,316.22776601683796
promoter_holdout,1,log_translation_proxy,B3_historical_MFE,spacer_optimal,0.042388641753948096,316.22776601683796
promoter_holdout,1,log_translation_proxy,B3_historical_MFE,score_sd,0.3330936552834596,316.22776601683796
promoter_holdout,1,log_translation_proxy,B3_historical_MFE,sd_spacing,-0.3021769632975597,316.22776601683796
promoter_holdout,1,log_translation_proxy,B3_historical_MFE,sd_spacing_optimal,-0.2904372373716224,316.22776601683796
promoter_holdout,1,log_translation_proxy,B3_historical_MFE,legacy_promoter_tail_mfe,0.1663953927808572,316.22776601683796
promoter_holdout,1,log_translation_proxy,B6_TSS_accessibility,gc_promoter,0.28817217842765724,316.22776601683796
promoter_holdout,1,log_translation_proxy,B6_TSS_accessibility,gc_rbs,-0.18305178090343469,316.22776601683796
promoter_holdout,1,log_translation_proxy,B6_TSS_accessibility,score_minus10,-0.10379240074332025,316.22776601683796
promoter_holdout,1,log_translation_proxy,B6_TSS_accessibility,score_minus35,-0.0679519705887781,316.22776601683796
promoter_holdout,1,log_translation_proxy,B6_TSS_accessibility,spacer_length,-0.004125654587447425,316.22776601683796
promoter_holdout,1,log_translation_proxy,B6_TSS_accessibility,spacer_optimal,0.019608540618821266,316.22776601683796
promoter_holdout,1,log_translation_proxy,B6_TSS_accessibility,score_sd,0.3613850312903363,316.22776601683796
promoter_holdout,1,log_translation_proxy,B6_TSS_accessibility,sd_spacing,-0.21388661787643862,316.22776601683796
promoter_holdout,1,log_translation_proxy,B6_TSS_accessibility,sd_spacing_optimal,-0.296307964596135,316.22776601683796
promoter_holdout,1,log_translation_proxy,B6_TSS_accessibility,sd_unpaired_probability,-0.0573480474442062,316.22776601683796
promoter_holdout,1,log_translation_proxy,B6_TSS_accessibility,start_unpaired_probability,-0.11978872057689614,316.22776601683796
promoter_holdout,1,log_translation_proxy,B6_TSS_accessibility,sd_start_opening_energy,-0.2693211989935736,316.22776601683796
promoter_holdout,1,log_prot,B4_sequence_only,gc_promoter,-0.8502379090505423,1e-05
promoter_holdout,1,log_prot,B4_sequence_only,gc_rbs,-0.2667332752458905,1e-05
promoter_holdout,1,log_prot,B4_sequence_only,score_minus10,0.2909547078927795,1e-05
promoter_holdout,1,log_prot,B4_sequence_only,score_minus35,0.3765238763366348,1e-05
promoter_holdout,1,log_prot,B4_sequence_only,spacer_length,-0.07300021627149048,1e-05
promoter_holdout,1,log_prot,B4_sequence_only,spacer_optimal,0.24808107606100657,1e-05
promoter_holdout,1,log_prot,B4_sequence_only,score_sd,0.42911593741619763,1e-05
promoter_holdout,1,log_prot,B4_sequence_only,sd_spacing,-0.5567434958844911,1e-05
promoter_holdout,1,log_prot,B4_sequence_only,sd_spacing_optimal,-0.5029975142876157,1e-05
promoter_holdout,1,log_prot,B3_historical_MFE,gc_promoter,-0.9001913492171889,1e-05
promoter_holdout,1,log_prot,B3_historical_MFE,gc_rbs,-0.2869905330568392,1e-05
promoter_holdout,1,log_prot,B3_historical_MFE,score_minus10,0.2665376013247909,1e-05
promoter_holdout,1,log_prot,B3_historical_MFE,score_minus35,0.3770552155292099,1e-05
promoter_holdout,1,log_prot,B3_historical_MFE,spacer_length,-0.05071901466119648,1e-05
promoter_holdout,1,log_prot,B3_historical_MFE,spacer_optimal,0.23872602787921973,1e-05
promoter_holdout,1,log_prot,B3_historical_MFE,score_sd,0.42541050069440633,1e-05
promoter_holdout,1,log_prot,B3_historical_MFE,sd_spacing,-0.5550899387401105,1e-05
promoter_holdout,1,log_prot,B3_historical_MFE,sd_spacing_optimal,-0.507543800877899,1e-05
promoter_holdout,1,log_prot,B3_historical_MFE,legacy_promoter_tail_mfe,-0.11434292969624098,1e-05
promoter_holdout,1,log_prot,B6_TSS_accessibility,gc_promoter,-0.8547794604346549,1e-05
promoter_holdout,1,log_prot,B6_TSS_accessibility,gc_rbs,-0.1972140586540911,1e-05
promoter_holdout,1,log_prot,B6_TSS_accessibility,score_minus10,0.27980449934570106,1e-05
promoter_holdout,1,log_prot,B6_TSS_accessibility,score_minus35,0.3706421221009604,1e-05
promoter_holdout,1,log_prot,B6_TSS_accessibility,spacer_length,-0.058462767385428965,1e-05
promoter_holdout,1,log_prot,B6_TSS_accessibility,spacer_optimal,0.238648117592814,1e-05
promoter_holdout,1,log_prot,B6_TSS_accessibility,score_sd,0.459800517366711,1e-05
promoter_holdout,1,log_prot,B6_TSS_accessibility,sd_spacing,-0.5399910749635147,1e-05
promoter_holdout,1,log_prot,B6_TSS_accessibility,sd_spacing_optimal,-0.5299623595156551,1e-05
promoter_holdout,1,log_prot,B6_TSS_accessibility,sd_unpaired_probability,-0.012728160964543588,1e-05
promoter_holdout,1,log_prot,B6_TSS_accessibility,start_unpaired_probability,0.0033384682081974205,1e-05
promoter_holdout,1,log_prot,B6_TSS_accessibility,sd_start_opening_energy,-0.3041287224729049,1e-05
promoter_holdout,2,log_translation_proxy,B4_sequence_only,gc_promoter,0.28479229622529517,100.0
promoter_holdout,2,log_translation_proxy,B4_sequence_only,gc_rbs,-0.22736518428478084,100.0
promoter_holdout,2,log_translation_proxy,B4_sequence_only,score_minus10,-0.16430609416753894,100.0
promoter_holdout,2,log_translation_proxy,B4_sequence_only,score_minus35,-0.162132960392202,100.0
promoter_holdout,2,log_translation_proxy,B4_sequence_only,spacer_length,-0.0009856373207619345,100.0
promoter_holdout,2,log_translation_proxy,B4_sequence_only,spacer_optimal,0.06502380615925635,100.0
promoter_holdout,2,log_translation_proxy,B4_sequence_only,score_sd,0.3515418277747757,100.0
promoter_holdout,2,log_translation_proxy,B4_sequence_only,sd_spacing,-0.3883680211426809,100.0
promoter_holdout,2,log_translation_proxy,B4_sequence_only,sd_spacing_optimal,-0.3854224029396324,100.0
promoter_holdout,2,log_translation_proxy,B3_historical_MFE,gc_promoter,0.3384102841672837,100.0
promoter_holdout,2,log_translation_proxy,B3_historical_MFE,gc_rbs,-0.20958950808357332,100.0
promoter_holdout,2,log_translation_proxy,B3_historical_MFE,score_minus10,-0.1480864070148489,100.0
promoter_holdout,2,log_translation_proxy,B3_historical_MFE,score_minus35,-0.15695177641425154,100.0
promoter_holdout,2,log_translation_proxy,B3_historical_MFE,spacer_length,0.0029805508409402374,100.0
promoter_holdout,2,log_translation_proxy,B3_historical_MFE,spacer_optimal,0.05157420629921633,100.0
promoter_holdout,2,log_translation_proxy,B3_historical_MFE,score_sd,0.3545327240764066,100.0
promoter_holdout,2,log_translation_proxy,B3_historical_MFE,sd_spacing,-0.39154351834522405,100.0
promoter_holdout,2,log_translation_proxy,B3_historical_MFE,sd_spacing_optimal,-0.382200351298062,100.0
promoter_holdout,2,log_translation_proxy,B3_historical_MFE,legacy_promoter_tail_mfe,0.10548321833014851,100.0
promoter_holdout,2,log_translation_proxy,B6_TSS_accessibility,gc_promoter,0.2910425177673656,100.0
promoter_holdout,2,log_translation_proxy,B6_TSS_accessibility,gc_rbs,-0.1631280645216377,100.0
promoter_holdout,2,log_translation_proxy,B6_TSS_accessibility,score_minus10,-0.15361701310027362,100.0
promoter_holdout,2,log_translation_proxy,B6_TSS_accessibility,score_minus35,-0.16082378708942574,100.0
promoter_holdout,2,log_translation_proxy,B6_TSS_accessibility,spacer_length,0.016092464271446748,100.0
promoter_holdout,2,log_translation_proxy,B6_TSS_accessibility,spacer_optimal,0.04497267801204632,100.0
promoter_holdout,2,log_translation_proxy,B6_TSS_accessibility,score_sd,0.38524742985533134,100.0
promoter_holdout,2,log_translation_proxy,B6_TSS_accessibility,sd_spacing,-0.3129895321989231,100.0
promoter_holdout,2,log_translation_proxy,B6_TSS_accessibility,sd_spacing_optimal,-0.3849884650725079,100.0
promoter_holdout,2,log_translation_proxy,B6_TSS_accessibility,sd_unpaired_probability,-0.03676373881103617,100.0
promoter_holdout,2,log_translation_proxy,B6_TSS_accessibility,start_unpaired_probability,-0.07930309536217013,100.0
promoter_holdout,2,log_translation_proxy,B6_TSS_accessibility,sd_start_opening_energy,-0.29370352361031465,100.0
promoter_holdout,2,log_prot,B4_sequence_only,gc_promoter,-0.804498693242235,1e-05
promoter_holdout,2,log_prot,B4_sequence_only,gc_rbs,-0.25055664126799154,1e-05
promoter_holdout,2,log_prot,B4_sequence_only,score_minus10,0.33675510533935077,1e-05
promoter_holdout,2,log_prot,B4_sequence_only,score_minus35,0.46227859692580464,1e-05
promoter_holdout,2,log_prot,B4_sequence_only,spacer_length,-0.20817821835317635,1e-05
promoter_holdout,2,log_prot,B4_sequence_only,spacer_optimal,0.16122198619930098,1e-05
promoter_holdout,2,log_prot,B4_sequence_only,score_sd,0.4455869207416137,1e-05
promoter_holdout,2,log_prot,B4_sequence_only,sd_spacing,-0.5782282820786001,1e-05
promoter_holdout,2,log_prot,B4_sequence_only,sd_spacing_optimal,-0.5245508008034854,1e-05
promoter_holdout,2,log_prot,B3_historical_MFE,gc_promoter,-0.8226140577335923,1e-05
promoter_holdout,2,log_prot,B3_historical_MFE,gc_rbs,-0.2565236462498999,1e-05
promoter_holdout,2,log_prot,B3_historical_MFE,score_minus10,0.3311402395506159,1e-05
promoter_holdout,2,log_prot,B3_historical_MFE,score_minus35,0.4604583539166449,1e-05
promoter_holdout,2,log_prot,B3_historical_MFE,spacer_length,-0.20967444695600135,1e-05
promoter_holdout,2,log_prot,B3_historical_MFE,spacer_optimal,0.1660599010403962,1e-05
promoter_holdout,2,log_prot,B3_historical_MFE,score_sd,0.44459085168588636,1e-05
promoter_holdout,2,log_prot,B3_historical_MFE,sd_spacing,-0.5771335186399984,1e-05
promoter_holdout,2,log_prot,B3_historical_MFE,sd_spacing_optimal,-0.525593646346873,1e-05
promoter_holdout,2,log_prot,B3_historical_MFE,legacy_promoter_tail_mfe,-0.03492138060320528,1e-05
promoter_holdout,2,log_prot,B6_TSS_accessibility,gc_promoter,-0.8015975325204456,1e-05
promoter_holdout,2,log_prot,B6_TSS_accessibility,gc_rbs,-0.18817614750104603,1e-05
promoter_holdout,2,log_prot,B6_TSS_accessibility,score_minus10,0.3474098621188013,1e-05
promoter_holdout,2,log_prot,B6_TSS_accessibility,score_minus35,0.4653799324943269,1e-05
promoter_holdout,2,log_prot,B6_TSS_accessibility,spacer_length,-0.19818543917929307,1e-05
promoter_holdout,2,log_prot,B6_TSS_accessibility,spacer_optimal,0.14218118149936088,1e-05
promoter_holdout,2,log_prot,B6_TSS_accessibility,score_sd,0.46899819884660726,1e-05
promoter_holdout,2,log_prot,B6_TSS_accessibility,sd_spacing,-0.5846108293205666,1e-05
promoter_holdout,2,log_prot,B6_TSS_accessibility,sd_spacing_optimal,-0.5542137183060724,1e-05
promoter_holdout,2,log_prot,B6_TSS_accessibility,sd_unpaired_probability,0.01972607766611502,1e-05
promoter_holdout,2,log_prot,B6_TSS_accessibility,start_unpaired_probability,0.007048689611455884,1e-05
promoter_holdout,2,log_prot,B6_TSS_accessibility,sd_start_opening_energy,-0.2535625849169322,1e-05
promoter_holdout,3,log_translation_proxy,B4_sequence_only,gc_promoter,0.291146992587074,1000.0
promoter_holdout,3,log_translation_proxy,B4_sequence_only,gc_rbs,-0.22841171486189946,1000.0
promoter_holdout,3,log_translation_proxy,B4_sequence_only,score_minus10,-0.17675259096233994,1000.0
promoter_holdout,3,log_translation_proxy,B4_sequence_only,score_minus35,-0.12834010136218685,1000.0
promoter_holdout,3,log_translation_proxy,B4_sequence_only,spacer_length,-0.005673003126626097,1000.0
promoter_holdout,3,log_translation_proxy,B4_sequence_only,spacer_optimal,0.013093797355841116,1000.0
promoter_holdout,3,log_translation_proxy,B4_sequence_only,score_sd,0.3046781641521963,1000.0
promoter_holdout,3,log_translation_proxy,B4_sequence_only,sd_spacing,-0.1894323823917329,1000.0
promoter_holdout,3,log_translation_proxy,B4_sequence_only,sd_spacing_optimal,-0.18575550242179428,1000.0
promoter_holdout,3,log_translation_proxy,B3_historical_MFE,gc_promoter,0.34520059928134356,1000.0
promoter_holdout,3,log_translation_proxy,B3_historical_MFE,gc_rbs,-0.20854606396020875,1000.0
promoter_holdout,3,log_translation_proxy,B3_historical_MFE,score_minus10,-0.15725966707411296,1000.0
promoter_holdout,3,log_translation_proxy,B3_historical_MFE,score_minus35,-0.12988301622822057,1000.0
promoter_holdout,3,log_translation_proxy,B3_historical_MFE,spacer_length,-0.008599631396795634,1000.0
promoter_holdout,3,log_translation_proxy,B3_historical_MFE,spacer_optimal,0.014849868070819837,1000.0
promoter_holdout,3,log_translation_proxy,B3_historical_MFE,score_sd,0.3088645752119045,1000.0
promoter_holdout,3,log_translation_proxy,B3_historical_MFE,sd_spacing,-0.19163642180087284,1000.0
promoter_holdout,3,log_translation_proxy,B3_historical_MFE,sd_spacing_optimal,-0.18197680598607482,1000.0
promoter_holdout,3,log_translation_proxy,B3_historical_MFE,legacy_promoter_tail_mfe,0.131778058441797,1000.0
promoter_holdout,3,log_translation_proxy,B6_TSS_accessibility,gc_promoter,0.2909248706864052,1000.0
promoter_holdout,3,log_translation_proxy,B6_TSS_accessibility,gc_rbs,-0.17522555567357567,1000.0
promoter_holdout,3,log_translation_proxy,B6_TSS_accessibility,score_minus10,-0.1741815963056655,1000.0
promoter_holdout,3,log_translation_proxy,B6_TSS_accessibility,score_minus35,-0.14062266016207717,1000.0
promoter_holdout,3,log_translation_proxy,B6_TSS_accessibility,spacer_length,-0.002684924090458828,1000.0
promoter_holdout,3,log_translation_proxy,B6_TSS_accessibility,spacer_optimal,0.0051541798808275585,1000.0
promoter_holdout,3,log_translation_proxy,B6_TSS_accessibility,score_sd,0.3312216499034837,1000.0
promoter_holdout,3,log_translation_proxy,B6_TSS_accessibility,sd_spacing,-0.13660451094663362,1000.0
promoter_holdout,3,log_translation_proxy,B6_TSS_accessibility,sd_spacing_optimal,-0.1951127185903833,1000.0
promoter_holdout,3,log_translation_proxy,B6_TSS_accessibility,sd_unpaired_probability,-0.03722735024747905,1000.0
promoter_holdout,3,log_translation_proxy,B6_TSS_accessibility,start_unpaired_probability,-0.11608999812033122,1000.0
promoter_holdout,3,log_translation_proxy,B6_TSS_accessibility,sd_start_opening_energy,-0.24543718009369558,1000.0
promoter_holdout,3,log_prot,B4_sequence_only,gc_promoter,-0.9402647481733726,1e-05
promoter_holdout,3,log_prot,B4_sequence_only,gc_rbs,-0.24973261001338054,1e-05
promoter_holdout,3,log_prot,B4_sequence_only,score_minus10,0.31266492695817905,1e-05
promoter_holdout,3,log_prot,B4_sequence_only,score_minus35,0.5134407824994147,1e-05
promoter_holdout,3,log_prot,B4_sequence_only,spacer_length,-0.14577661929430472,1e-05
promoter_holdout,3,log_prot,B4_sequence_only,spacer_optimal,0.24730842380413093,1e-05
promoter_holdout,3,log_prot,B4_sequence_only,score_sd,0.40350613936654,1e-05
promoter_holdout,3,log_prot,B4_sequence_only,sd_spacing,-0.5349882324252568,1e-05
promoter_holdout,3,log_prot,B4_sequence_only,sd_spacing_optimal,-0.47377509790453143,1e-05
promoter_holdout,3,log_prot,B3_historical_MFE,gc_promoter,-0.97976248441392,1e-05
promoter_holdout,3,log_prot,B3_historical_MFE,gc_rbs,-0.263504381545125,1e-05
promoter_holdout,3,log_prot,B3_historical_MFE,score_minus10,0.29627178607701876,1e-05
promoter_holdout,3,log_prot,B3_historical_MFE,score_minus35,0.5142915852812127,1e-05
promoter_holdout,3,log_prot,B3_historical_MFE,spacer_length,-0.14501894971587825,1e-05
promoter_holdout,3,log_prot,B3_historical_MFE,spacer_optimal,0.25076120366321986,1e-05
promoter_holdout,3,log_prot,B3_historical_MFE,score_sd,0.4006608560201612,1e-05
promoter_holdout,3,log_prot,B3_historical_MFE,sd_spacing,-0.5332486138821299,1e-05
promoter_holdout,3,log_prot,B3_historical_MFE,sd_spacing_optimal,-0.4760343390056358,1e-05
promoter_holdout,3,log_prot,B3_historical_MFE,legacy_promoter_tail_mfe,-0.08098790653218847,1e-05
promoter_holdout,3,log_prot,B6_TSS_accessibility,gc_promoter,-0.9408975308397332,1e-05
promoter_holdout,3,log_prot,B6_TSS_accessibility,gc_rbs,-0.18250437753272425,1e-05
promoter_holdout,3,log_prot,B6_TSS_accessibility,score_minus10,0.3153004150829868,1e-05
promoter_holdout,3,log_prot,B6_TSS_accessibility,score_minus35,0.5059837383820486,1e-05
promoter_holdout,3,log_prot,B6_TSS_accessibility,spacer_length,-0.14505933792058737,1e-05
promoter_holdout,3,log_prot,B6_TSS_accessibility,spacer_optimal,0.2368939438148761,1e-05
promoter_holdout,3,log_prot,B6_TSS_accessibility,score_sd,0.4319779418184302,1e-05
promoter_holdout,3,log_prot,B6_TSS_accessibility,sd_spacing,-0.5281803680646706,1e-05
promoter_holdout,3,log_prot,B6_TSS_accessibility,sd_spacing_optimal,-0.4994920695931753,1e-05
promoter_holdout,3,log_prot,B6_TSS_accessibility,sd_unpaired_probability,-0.010647068942115248,1e-05
promoter_holdout,3,log_prot,B6_TSS_accessibility,start_unpaired_probability,0.01901982785987318,1e-05
promoter_holdout,3,log_prot,B6_TSS_accessibility,sd_start_opening_energy,-0.29953294226072746,1e-05
promoter_holdout,4,log_translation_proxy,B4_sequence_only,gc_promoter,0.3401982800864536,316.22776601683796
promoter_holdout,4,log_translation_proxy,B4_sequence_only,gc_rbs,-0.23067929411110816,316.22776601683796
promoter_holdout,4,log_translation_proxy,B4_sequence_only,score_minus10,-0.17642867803046103,316.22776601683796
promoter_holdout,4,log_translation_proxy,B4_sequence_only,score_minus35,-0.13310663769816714,316.22776601683796
promoter_holdout,4,log_translation_proxy,B4_sequence_only,spacer_length,0.010120099192923265,316.22776601683796
promoter_holdout,4,log_translation_proxy,B4_sequence_only,spacer_optimal,0.06637850838604868,316.22776601683796
promoter_holdout,4,log_translation_proxy,B4_sequence_only,score_sd,0.3153410551651593,316.22776601683796
promoter_holdout,4,log_translation_proxy,B4_sequence_only,sd_spacing,-0.29155726384113684,316.22776601683796
promoter_holdout,4,log_translation_proxy,B4_sequence_only,sd_spacing_optimal,-0.28050725122760023,316.22776601683796
promoter_holdout,4,log_translation_proxy,B3_historical_MFE,gc_promoter,0.43997371676561503,100.0
promoter_holdout,4,log_translation_proxy,B3_historical_MFE,gc_rbs,-0.19840570180341532,100.0
promoter_holdout,4,log_translation_proxy,B3_historical_MFE,score_minus10,-0.14454698747186523,100.0
promoter_holdout,4,log_translation_proxy,B3_historical_MFE,score_minus35,-0.13957808294275298,100.0
promoter_holdout,4,log_translation_proxy,B3_historical_MFE,spacer_length,0.009337209889212621,100.0
promoter_holdout,4,log_translation_proxy,B3_historical_MFE,spacer_optimal,0.05329747928839605,100.0
promoter_holdout,4,log_translation_proxy,B3_historical_MFE,score_sd,0.32751648187567256,100.0
promoter_holdout,4,log_translation_proxy,B3_historical_MFE,sd_spacing,-0.3491836140560575,100.0
promoter_holdout,4,log_translation_proxy,B3_historical_MFE,sd_spacing_optimal,-0.33244918371296467,100.0
promoter_holdout,4,log_translation_proxy,B3_historical_MFE,legacy_promoter_tail_mfe,0.1777763402454368,100.0
promoter_holdout,4,log_translation_proxy,B6_TSS_accessibility,gc_promoter,0.3441357989224334,316.22776601683796
promoter_holdout,4,log_translation_proxy,B6_TSS_accessibility,gc_rbs,-0.17318888888874084,316.22776601683796
promoter_holdout,4,log_translation_proxy,B6_TSS_accessibility,score_minus10,-0.17130857032564276,316.22776601683796
promoter_holdout,4,log_translation_proxy,B6_TSS_accessibility,score_minus35,-0.14362470149946038,316.22776601683796
promoter_holdout,4,log_translation_proxy,B6_TSS_accessibility,spacer_length,0.01200765368250457,316.22776601683796
promoter_holdout,4,log_translation_proxy,B6_TSS_accessibility,spacer_optimal,0.052870281972900356,316.22776601683796
promoter_holdout,4,log_translation_proxy,B6_TSS_accessibility,score_sd,0.3466391704882802,316.22776601683796
promoter_holdout,4,log_translation_proxy,B6_TSS_accessibility,sd_spacing,-0.22782248493367707,316.22776601683796
promoter_holdout,4,log_translation_proxy,B6_TSS_accessibility,sd_spacing_optimal,-0.287142953211599,316.22776601683796
promoter_holdout,4,log_translation_proxy,B6_TSS_accessibility,sd_unpaired_probability,-0.03196389355195915,316.22776601683796
promoter_holdout,4,log_translation_proxy,B6_TSS_accessibility,start_unpaired_probability,-0.09639661692871353,316.22776601683796
promoter_holdout,4,log_translation_proxy,B6_TSS_accessibility,sd_start_opening_energy,-0.2545395676069703,316.22776601683796
promoter_holdout,4,log_prot,B4_sequence_only,gc_promoter,-0.9190873392057494,1e-05
promoter_holdout,4,log_prot,B4_sequence_only,gc_rbs,-0.24236469890180323,1e-05
promoter_holdout,4,log_prot,B4_sequence_only,score_minus10,0.3701125794912956,1e-05
promoter_holdout,4,log_prot,B4_sequence_only,score_minus35,0.5537318067498063,1e-05
promoter_holdout,4,log_prot,B4_sequence_only,spacer_length,-0.16695990237735203,1e-05
promoter_holdout,4,log_prot,B4_sequence_only,spacer_optimal,0.07165242352922295,1e-05
promoter_holdout,4,log_prot,B4_sequence_only,score_sd,0.40506404060312895,1e-05
promoter_holdout,4,log_prot,B4_sequence_only,sd_spacing,-0.5346825417231633,1e-05
promoter_holdout,4,log_prot,B4_sequence_only,sd_spacing_optimal,-0.46806404999609713,1e-05
promoter_holdout,4,log_prot,B3_historical_MFE,gc_promoter,-0.9346795716698413,1e-05
promoter_holdout,4,log_prot,B3_historical_MFE,gc_rbs,-0.2471847441612972,1e-05
promoter_holdout,4,log_prot,B3_historical_MFE,score_minus10,0.36405983241295103,1e-05
promoter_holdout,4,log_prot,B3_historical_MFE,score_minus35,0.5538270554604846,1e-05
promoter_holdout,4,log_prot,B3_historical_MFE,spacer_length,-0.16680318172174532,1e-05
promoter_holdout,4,log_prot,B3_historical_MFE,spacer_optimal,0.07439211901856396,1e-05
promoter_holdout,4,log_prot,B3_historical_MFE,score_sd,0.4037633366449171,1e-05
promoter_holdout,4,log_prot,B3_historical_MFE,sd_spacing,-0.5342108147714076,1e-05
promoter_holdout,4,log_prot,B3_historical_MFE,sd_spacing_optimal,-0.4687150890177994,1e-05
promoter_holdout,4,log_prot,B3_historical_MFE,legacy_promoter_tail_mfe,-0.02913608700303532,1e-05
promoter_holdout,4,log_prot,B6_TSS_accessibility,gc_promoter,-0.9154213755038596,1e-05
promoter_holdout,4,log_prot,B6_TSS_accessibility,gc_rbs,-0.17795281382097444,1e-05
promoter_holdout,4,log_prot,B6_TSS_accessibility,score_minus10,0.37584552295018603,1e-05
promoter_holdout,4,log_prot,B6_TSS_accessibility,score_minus35,0.5423508561549335,1e-05
promoter_holdout,4,log_prot,B6_TSS_accessibility,spacer_length,-0.16847133670344575,1e-05
promoter_holdout,4,log_prot,B6_TSS_accessibility,spacer_optimal,0.06031724656266249,1e-05
promoter_holdout,4,log_prot,B6_TSS_accessibility,score_sd,0.43144513526726214,1e-05
promoter_holdout,4,log_prot,B6_TSS_accessibility,sd_spacing,-0.5325281746924809,1e-05
promoter_holdout,4,log_prot,B6_TSS_accessibility,sd_spacing_optimal,-0.4988374420526874,1e-05
promoter_holdout,4,log_prot,B6_TSS_accessibility,sd_unpaired_probability,0.009568053966810559,1e-05
promoter_holdout,4,log_prot,B6_TSS_accessibility,start_unpaired_probability,5.2812780412661633e-05,1e-05
promoter_holdout,4,log_prot,B6_TSS_accessibility,sd_start_opening_energy,-0.26336649843996374,1e-05
rbs_holdout,0,log_translation_proxy,B4_sequence_only,gc_promoter,0.31249860372545885,316.22776601683796
rbs_holdout,0,log_translation_proxy,B4_sequence_only,gc_rbs,-0.21506730339869823,316.22776601683796
rbs_holdout,0,log_translation_proxy,B4_sequence_only,score_minus10,-0.17271048564289126,316.22776601683796
rbs_holdout,0,log_translation_proxy,B4_sequence_only,score_minus35,-0.12570629297364272,316.22776601683796
rbs_holdout,0,log_translation_proxy,B4_sequence_only,spacer_length,0.012678409049941563,316.22776601683796
rbs_holdout,0,log_translation_proxy,B4_sequence_only,spacer_optimal,0.04019648148197909,316.22776601683796
rbs_holdout,0,log_translation_proxy,B4_sequence_only,score_sd,0.327048117732314,316.22776601683796
rbs_holdout,0,log_translation_proxy,B4_sequence_only,sd_spacing,-0.23952924420874822,316.22776601683796
rbs_holdout,0,log_translation_proxy,B4_sequence_only,sd_spacing_optimal,-0.21520899735191001,316.22776601683796
rbs_holdout,0,log_translation_proxy,B3_historical_MFE,gc_promoter,0.3723755849348007,316.22776601683796
rbs_holdout,0,log_translation_proxy,B3_historical_MFE,gc_rbs,-0.19639494791931775,316.22776601683796
rbs_holdout,0,log_translation_proxy,B3_historical_MFE,score_minus10,-0.1512042327680563,316.22776601683796
rbs_holdout,0,log_translation_proxy,B3_historical_MFE,score_minus35,-0.12539164614533346,316.22776601683796
rbs_holdout,0,log_translation_proxy,B3_historical_MFE,spacer_length,0.009431099985474882,316.22776601683796
rbs_holdout,0,log_translation_proxy,B3_historical_MFE,spacer_optimal,0.0356647427649157,316.22776601683796
rbs_holdout,0,log_translation_proxy,B3_historical_MFE,score_sd,0.3325159182614152,316.22776601683796
rbs_holdout,0,log_translation_proxy,B3_historical_MFE,sd_spacing,-0.24508289796090743,316.22776601683796
rbs_holdout,0,log_translation_proxy,B3_historical_MFE,sd_spacing_optimal,-0.2117041356713942,316.22776601683796
rbs_holdout,0,log_translation_proxy,B3_historical_MFE,legacy_promoter_tail_mfe,0.1337457739827327,316.22776601683796
rbs_holdout,0,log_translation_proxy,B6_TSS_accessibility,gc_promoter,0.2947124104502916,1000.0
rbs_holdout,0,log_translation_proxy,B6_TSS_accessibility,gc_rbs,-0.1770437134508303,1000.0
rbs_holdout,0,log_translation_proxy,B6_TSS_accessibility,score_minus10,-0.16025734934390085,1000.0
rbs_holdout,0,log_translation_proxy,B6_TSS_accessibility,score_minus35,-0.11662373082206853,1000.0
rbs_holdout,0,log_translation_proxy,B6_TSS_accessibility,spacer_length,0.014969939003993835,1000.0
rbs_holdout,0,log_translation_proxy,B6_TSS_accessibility,spacer_optimal,0.03052962616086322,1000.0
rbs_holdout,0,log_translation_proxy,B6_TSS_accessibility,score_sd,0.33405588379996803,1000.0
rbs_holdout,0,log_translation_proxy,B6_TSS_accessibility,sd_spacing,-0.10712502987059375,1000.0
rbs_holdout,0,log_translation_proxy,B6_TSS_accessibility,sd_spacing_optimal,-0.14737011036163103,1000.0
rbs_holdout,0,log_translation_proxy,B6_TSS_accessibility,sd_unpaired_probability,-0.07080016588128335,1000.0
rbs_holdout,0,log_translation_proxy,B6_TSS_accessibility,start_unpaired_probability,-0.06894851568810127,1000.0
rbs_holdout,0,log_translation_proxy,B6_TSS_accessibility,sd_start_opening_energy,-0.22460104827787808,1000.0
rbs_holdout,0,log_prot,B4_sequence_only,gc_promoter,-0.9092863664639763,1e-05
rbs_holdout,0,log_prot,B4_sequence_only,gc_rbs,-0.25051385022151346,1e-05
rbs_holdout,0,log_prot,B4_sequence_only,score_minus10,0.33088594337972793,1e-05
rbs_holdout,0,log_prot,B4_sequence_only,score_minus35,0.46589947808328463,1e-05
rbs_holdout,0,log_prot,B4_sequence_only,spacer_length,-0.18195473643645255,1e-05
rbs_holdout,0,log_prot,B4_sequence_only,spacer_optimal,0.20781617723826257,1e-05
rbs_holdout,0,log_prot,B4_sequence_only,score_sd,0.412250992570786,1e-05
rbs_holdout,0,log_prot,B4_sequence_only,sd_spacing,-0.4628997732545564,1e-05
rbs_holdout,0,log_prot,B4_sequence_only,sd_spacing_optimal,-0.3816173746674694,1e-05
rbs_holdout,0,log_prot,B3_historical_MFE,gc_promoter,-0.9376415177798486,1e-05
rbs_holdout,0,log_prot,B3_historical_MFE,gc_rbs,-0.25921431464166467,1e-05
rbs_holdout,0,log_prot,B3_historical_MFE,score_minus10,0.32008468246157784,1e-05
rbs_holdout,0,log_prot,B3_historical_MFE,score_minus35,0.4655465666685295,1e-05
rbs_holdout,0,log_prot,B3_historical_MFE,spacer_length,-0.18088650054391459,1e-05
rbs_holdout,0,log_prot,B3_historical_MFE,spacer_optimal,0.2111685582849635,1e-05
rbs_holdout,0,log_prot,B3_historical_MFE,score_sd,0.4097558144979397,1e-05
rbs_holdout,0,log_prot,B3_historical_MFE,sd_spacing,-0.4601553497674303,1e-05
rbs_holdout,0,log_prot,B3_historical_MFE,sd_spacing_optimal,-0.3829959214735075,1e-05
rbs_holdout,0,log_prot,B3_historical_MFE,legacy_promoter_tail_mfe,-0.05981638691644997,1e-05
rbs_holdout,0,log_prot,B6_TSS_accessibility,gc_promoter,-0.9032010965013503,31.622776601683793
rbs_holdout,0,log_prot,B6_TSS_accessibility,gc_rbs,-0.21271954119724706,31.622776601683793
rbs_holdout,0,log_prot,B6_TSS_accessibility,score_minus10,0.33042782791743974,31.622776601683793
rbs_holdout,0,log_prot,B6_TSS_accessibility,score_minus35,0.4610555948319478,31.622776601683793
rbs_holdout,0,log_prot,B6_TSS_accessibility,spacer_length,-0.1725113677434615,31.622776601683793
rbs_holdout,0,log_prot,B6_TSS_accessibility,spacer_optimal,0.19483429789607373,31.622776601683793
rbs_holdout,0,log_prot,B6_TSS_accessibility,score_sd,0.4390248090195814,31.622776601683793
rbs_holdout,0,log_prot,B6_TSS_accessibility,sd_spacing,-0.40008567727626615,31.622776601683793
rbs_holdout,0,log_prot,B6_TSS_accessibility,sd_spacing_optimal,-0.3677426130951224,31.622776601683793
rbs_holdout,0,log_prot,B6_TSS_accessibility,sd_unpaired_probability,-0.054644598829462446,31.622776601683793
rbs_holdout,0,log_prot,B6_TSS_accessibility,start_unpaired_probability,0.032007526650923844,31.622776601683793
rbs_holdout,0,log_prot,B6_TSS_accessibility,sd_start_opening_energy,-0.26132765381559914,31.622776601683793
rbs_holdout,1,log_translation_proxy,B4_sequence_only,gc_promoter,0.31671935550382835,100.0
rbs_holdout,1,log_translation_proxy,B4_sequence_only,gc_rbs,-0.23602947025048046,100.0
rbs_holdout,1,log_translation_proxy,B4_sequence_only,score_minus10,-0.17760229188344098,100.0
rbs_holdout,1,log_translation_proxy,B4_sequence_only,score_minus35,-0.13525416664889045,100.0
rbs_holdout,1,log_translation_proxy,B4_sequence_only,spacer_length,0.006091951162643142,100.0
rbs_holdout,1,log_translation_proxy,B4_sequence_only,spacer_optimal,0.054061903922614396,100.0
rbs_holdout,1,log_translation_proxy,B4_sequence_only,score_sd,0.22744818972568143,100.0
rbs_holdout,1,log_translation_proxy,B4_sequence_only,sd_spacing,-0.5006896086523039,100.0
rbs_holdout,1,log_translation_proxy,B4_sequence_only,sd_spacing_optimal,-0.4067549032034557,100.0
rbs_holdout,1,log_translation_proxy,B3_historical_MFE,gc_promoter,0.40698012077503204,100.0
rbs_holdout,1,log_translation_proxy,B3_historical_MFE,gc_rbs,-0.2016436295313134,100.0
rbs_holdout,1,log_translation_proxy,B3_historical_MFE,score_minus10,-0.13999523000342148,100.0
rbs_holdout,1,log_translation_proxy,B3_historical_MFE,score_minus35,-0.1323720340728404,100.0
rbs_holdout,1,log_translation_proxy,B3_historical_MFE,spacer_length,0.001302879588016929,100.0
rbs_holdout,1,log_translation_proxy,B3_historical_MFE,spacer_optimal,0.042510905566101605,100.0
rbs_holdout,1,log_translation_proxy,B3_historical_MFE,score_sd,0.2234326106962341,100.0
rbs_holdout,1,log_translation_proxy,B3_historical_MFE,sd_spacing,-0.5152525220393943,100.0
rbs_holdout,1,log_translation_proxy,B3_historical_MFE,sd_spacing_optimal,-0.40409906075974916,100.0
rbs_holdout,1,log_translation_proxy,B3_historical_MFE,legacy_promoter_tail_mfe,0.1931745167378369,100.0
rbs_holdout,1,log_translation_proxy,B6_TSS_accessibility,gc_promoter,0.32032540480559213,31.622776601683793
rbs_holdout,1,log_translation_proxy,B6_TSS_accessibility,gc_rbs,-0.15664159080326878,31.622776601683793
rbs_holdout,1,log_translation_proxy,B6_TSS_accessibility,score_minus10,-0.1726646888230624,31.622776601683793
rbs_holdout,1,log_translation_proxy,B6_TSS_accessibility,score_minus35,-0.14483101439986942,31.622776601683793
rbs_holdout,1,log_translation_proxy,B6_TSS_accessibility,spacer_length,0.011785568611210042,31.622776601683793
rbs_holdout,1,log_translation_proxy,B6_TSS_accessibility,spacer_optimal,0.03825011877205495,31.622776601683793
rbs_holdout,1,log_translation_proxy,B6_TSS_accessibility,score_sd,0.248312072264645,31.622776601683793
rbs_holdout,1,log_translation_proxy,B6_TSS_accessibility,sd_spacing,-0.504300967252583,31.622776601683793
rbs_holdout,1,log_translation_proxy,B6_TSS_accessibility,sd_spacing_optimal,-0.4555216612134771,31.622776601683793
rbs_holdout,1,log_translation_proxy,B6_TSS_accessibility,sd_unpaired_probability,-0.004536712450516764,31.622776601683793
rbs_holdout,1,log_translation_proxy,B6_TSS_accessibility,start_unpaired_probability,-0.09542762287181022,31.622776601683793
rbs_holdout,1,log_translation_proxy,B6_TSS_accessibility,sd_start_opening_energy,-0.30230525717430595,31.622776601683793
rbs_holdout,1,log_prot,B4_sequence_only,gc_promoter,-0.9012373692056391,1e-05
rbs_holdout,1,log_prot,B4_sequence_only,gc_rbs,-0.24695844241404308,1e-05
rbs_holdout,1,log_prot,B4_sequence_only,score_minus10,0.33500135516190893,1e-05
rbs_holdout,1,log_prot,B4_sequence_only,score_minus35,0.46839445595814355,1e-05
rbs_holdout,1,log_prot,B4_sequence_only,spacer_length,-0.18228460224344584,1e-05
rbs_holdout,1,log_prot,B4_sequence_only,spacer_optimal,0.21620118131868607,1e-05
rbs_holdout,1,log_prot,B4_sequence_only,score_sd,0.30868435760873153,1e-05
rbs_holdout,1,log_prot,B4_sequence_only,sd_spacing,-0.738537109700854,1e-05
rbs_holdout,1,log_prot,B4_sequence_only,sd_spacing_optimal,-0.5658928834294272,1e-05
rbs_holdout,1,log_prot,B3_historical_MFE,gc_promoter,-0.9076001912089,1e-05
rbs_holdout,1,log_prot,B3_historical_MFE,gc_rbs,-0.2493774579858586,1e-05
rbs_holdout,1,log_prot,B3_historical_MFE,score_minus10,0.33230378169734215,1e-05
rbs_holdout,1,log_prot,B3_historical_MFE,score_minus35,0.46817338972406003,1e-05
rbs_holdout,1,log_prot,B3_historical_MFE,spacer_length,-0.18198768397878795,1e-05
rbs_holdout,1,log_prot,B3_historical_MFE,spacer_optimal,0.21711244204646088,1e-05
rbs_holdout,1,log_prot,B3_historical_MFE,score_sd,0.3089763934748472,1e-05
rbs_holdout,1,log_prot,B3_historical_MFE,sd_spacing,-0.7374558897349145,1e-05
rbs_holdout,1,log_prot,B3_historical_MFE,sd_spacing_optimal,-0.5660251149878933,1e-05
rbs_holdout,1,log_prot,B3_historical_MFE,legacy_promoter_tail_mfe,-0.013354956407525148,1e-05
rbs_holdout,1,log_prot,B6_TSS_accessibility,gc_promoter,-0.9018250602203248,1e-05
rbs_holdout,1,log_prot,B6_TSS_accessibility,gc_rbs,-0.17045607661615456,1e-05
rbs_holdout,1,log_prot,B6_TSS_accessibility,score_minus10,0.3415009975740942,1e-05
rbs_holdout,1,log_prot,B6_TSS_accessibility,score_minus35,0.46276963660403164,1e-05
rbs_holdout,1,log_prot,B6_TSS_accessibility,spacer_length,-0.1820933200583447,1e-05
rbs_holdout,1,log_prot,B6_TSS_accessibility,spacer_optimal,0.20073287054343913,1e-05
rbs_holdout,1,log_prot,B6_TSS_accessibility,score_sd,0.3217266819760613,1e-05
rbs_holdout,1,log_prot,B6_TSS_accessibility,sd_spacing,-0.8056933202246579,1e-05
rbs_holdout,1,log_prot,B6_TSS_accessibility,sd_spacing_optimal,-0.6359552845134594,1e-05
rbs_holdout,1,log_prot,B6_TSS_accessibility,sd_unpaired_probability,0.05021065892302389,1e-05
rbs_holdout,1,log_prot,B6_TSS_accessibility,start_unpaired_probability,0.012285056693832678,1e-05
rbs_holdout,1,log_prot,B6_TSS_accessibility,sd_start_opening_energy,-0.30506826743543947,1e-05
rbs_holdout,2,log_translation_proxy,B4_sequence_only,gc_promoter,0.31057018851785895,316.22776601683796
rbs_holdout,2,log_translation_proxy,B4_sequence_only,gc_rbs,-0.23376276423282463,316.22776601683796
rbs_holdout,2,log_translation_proxy,B4_sequence_only,score_minus10,-0.1646321122329897,316.22776601683796
rbs_holdout,2,log_translation_proxy,B4_sequence_only,score_minus35,-0.11942323108023546,316.22776601683796
rbs_holdout,2,log_translation_proxy,B4_sequence_only,spacer_length,0.013902066238478618,316.22776601683796
rbs_holdout,2,log_translation_proxy,B4_sequence_only,spacer_optimal,0.035832834672158365,316.22776601683796
rbs_holdout,2,log_translation_proxy,B4_sequence_only,score_sd,0.3392652803152893,316.22776601683796
rbs_holdout,2,log_translation_proxy,B4_sequence_only,sd_spacing,-0.18501959582852615,316.22776601683796
rbs_holdout,2,log_translation_proxy,B4_sequence_only,sd_spacing_optimal,-0.24332852919022047,316.22776601683796
rbs_holdout,2,log_translation_proxy,B3_historical_MFE,gc_promoter,0.3742201400639572,316.22776601683796
rbs_holdout,2,log_translation_proxy,B3_historical_MFE,gc_rbs,-0.2081043672099969,316.22776601683796
rbs_holdout,2,log_translation_proxy,B3_historical_MFE,score_minus10,-0.14059304481924728,316.22776601683796
rbs_holdout,2,log_translation_proxy,B3_historical_MFE,score_minus35,-0.11962164505520866,316.22776601683796
rbs_holdout,2,log_translation_proxy,B3_historical_MFE,spacer_length,0.009900998815101068,316.22776601683796
rbs_holdout,2,log_translation_proxy,B3_historical_MFE,spacer_optimal,0.03087170067387132,316.22776601683796
rbs_holdout,2,log_translation_proxy,B3_historical_MFE,score_sd,0.3445768531383456,316.22776601683796
rbs_holdout,2,log_translation_proxy,B3_historical_MFE,sd_spacing,-0.18363295103935867,316.22776601683796
rbs_holdout,2,log_translation_proxy,B3_historical_MFE,sd_spacing_optimal,-0.23653864510509012,316.22776601683796
rbs_holdout,2,log_translation_proxy,B3_historical_MFE,legacy_promoter_tail_mfe,0.1388892659768783,316.22776601683796
rbs_holdout,2,log_translation_proxy,B6_TSS_accessibility,gc_promoter,0.2907960970050741,1000.0
rbs_holdout,2,log_translation_proxy,B6_TSS_accessibility,gc_rbs,-0.16442817056625386,1000.0
rbs_holdout,2,log_translation_proxy,B6_TSS_accessibility,score_minus10,-0.1494051870287397,1000.0
rbs_holdout,2,log_translation_proxy,B6_TSS_accessibility,score_minus35,-0.11627055667307547,1000.0
rbs_holdout,2,log_translation_proxy,B6_TSS_accessibility,spacer_length,0.012502547937770244,1000.0
rbs_holdout,2,log_translation_proxy,B6_TSS_accessibility,spacer_optimal,0.026611938522615675,1000.0
rbs_holdout,2,log_translation_proxy,B6_TSS_accessibility,score_sd,0.34762870123526013,1000.0
rbs_holdout,2,log_translation_proxy,B6_TSS_accessibility,sd_spacing,-0.0709230303819926,1000.0
rbs_holdout,2,log_translation_proxy,B6_TSS_accessibility,sd_spacing_optimal,-0.17924270372096218,1000.0
rbs_holdout,2,log_translation_proxy,B6_TSS_accessibility,sd_unpaired_probability,-0.0017860099517484054,1000.0
rbs_holdout,2,log_translation_proxy,B6_TSS_accessibility,start_unpaired_probability,-0.13905936708106809,1000.0
rbs_holdout,2,log_translation_proxy,B6_TSS_accessibility,sd_start_opening_energy,-0.23313523131921454,1000.0
rbs_holdout,2,log_prot,B4_sequence_only,gc_promoter,-0.909156299668479,1e-05
rbs_holdout,2,log_prot,B4_sequence_only,gc_rbs,-0.26195821713564227,1e-05
rbs_holdout,2,log_prot,B4_sequence_only,score_minus10,0.32977414444839576,1e-05
rbs_holdout,2,log_prot,B4_sequence_only,score_minus35,0.4684225933807841,1e-05
rbs_holdout,2,log_prot,B4_sequence_only,spacer_length,-0.1797392897740716,1e-05
rbs_holdout,2,log_prot,B4_sequence_only,spacer_optimal,0.2031318123400267,1e-05
rbs_holdout,2,log_prot,B4_sequence_only,score_sd,0.43118199883559005,1e-05
rbs_holdout,2,log_prot,B4_sequence_only,sd_spacing,-0.3000388661736393,1e-05
rbs_holdout,2,log_prot,B4_sequence_only,sd_spacing_optimal,-0.31218100076503164,1e-05
rbs_holdout,2,log_prot,B3_historical_MFE,gc_promoter,-0.9454603552488934,1e-05
rbs_holdout,2,log_prot,B3_historical_MFE,gc_rbs,-0.27624546645754927,1e-05
rbs_holdout,2,log_prot,B3_historical_MFE,score_minus10,0.3152982215755278,1e-05
rbs_holdout,2,log_prot,B3_historical_MFE,score_minus35,0.4682705046998596,1e-05
rbs_holdout,2,log_prot,B3_historical_MFE,spacer_length,-0.17804434941589622,1e-05
rbs_holdout,2,log_prot,B3_historical_MFE,spacer_optimal,0.20748657682885352,1e-05
rbs_holdout,2,log_prot,B3_historical_MFE,score_sd,0.4281796178248882,1e-05
rbs_holdout,2,log_prot,B3_historical_MFE,sd_spacing,-0.30140099552913235,1e-05
rbs_holdout,2,log_prot,B3_historical_MFE,sd_spacing_optimal,-0.3165361158683572,1e-05
rbs_holdout,2,log_prot,B3_historical_MFE,legacy_promoter_tail_mfe,-0.07483177906464757,1e-05
rbs_holdout,2,log_prot,B6_TSS_accessibility,gc_promoter,-0.9065589044484379,10.0
rbs_holdout,2,log_prot,B6_TSS_accessibility,gc_rbs,-0.1726967945007116,10.0
rbs_holdout,2,log_prot,B6_TSS_accessibility,score_minus10,0.3331853426562103,10.0
rbs_holdout,2,log_prot,B6_TSS_accessibility,score_minus35,0.4587428755258713,10.0
rbs_holdout,2,log_prot,B6_TSS_accessibility,spacer_length,-0.17628923026142249,10.0
rbs_holdout,2,log_prot,B6_TSS_accessibility,spacer_optimal,0.19153271060910274,10.0
rbs_holdout,2,log_prot,B6_TSS_accessibility,score_sd,0.4609672622844595,10.0
rbs_holdout,2,log_prot,B6_TSS_accessibility,sd_spacing,-0.2868522697850945,10.0
rbs_holdout,2,log_prot,B6_TSS_accessibility,sd_spacing_optimal,-0.3339075745079476,10.0
rbs_holdout,2,log_prot,B6_TSS_accessibility,sd_unpaired_probability,0.018547146359293047,10.0
rbs_holdout,2,log_prot,B6_TSS_accessibility,start_unpaired_probability,-0.029898847490818562,10.0
rbs_holdout,2,log_prot,B6_TSS_accessibility,sd_start_opening_energy,-0.2813955253067295,10.0
rbs_holdout,3,log_translation_proxy,B4_sequence_only,gc_promoter,0.3324859455997606,100.0
rbs_holdout,3,log_translation_proxy,B4_sequence_only,gc_rbs,-0.2174671706922012,100.0
rbs_holdout,3,log_translation_proxy,B4_sequence_only,score_minus10,-0.1805457787811114,100.0
rbs_holdout,3,log_translation_proxy,B4_sequence_only,score_minus35,-0.13825947424700277,100.0
rbs_holdout,3,log_translation_proxy,B4_sequence_only,spacer_length,0.017910151769417175,100.0
rbs_holdout,3,log_translation_proxy,B4_sequence_only,spacer_optimal,0.03719430819357966,100.0
rbs_holdout,3,log_translation_proxy,B4_sequence_only,score_sd,0.4068189210781067,100.0
rbs_holdout,3,log_translation_proxy,B4_sequence_only,sd_spacing,-0.3117798195462728,100.0
rbs_holdout,3,log_translation_proxy,B4_sequence_only,sd_spacing_optimal,-0.34587874322384854,100.0
rbs_holdout,3,log_translation_proxy,B3_historical_MFE,gc_promoter,0.39864087539860193,316.22776601683796
rbs_holdout,3,log_translation_proxy,B3_historical_MFE,gc_rbs,-0.19990395848847425,316.22776601683796
rbs_holdout,3,log_translation_proxy,B3_historical_MFE,score_minus10,-0.15002933975250363,316.22776601683796
rbs_holdout,3,log_translation_proxy,B3_historical_MFE,score_minus35,-0.132085673007799,316.22776601683796
rbs_holdout,3,log_translation_proxy,B3_historical_MFE,spacer_length,0.012063697253271678,316.22776601683796
rbs_holdout,3,log_translation_proxy,B3_historical_MFE,spacer_optimal,0.030324650094385026,316.22776601683796
rbs_holdout,3,log_translation_proxy,B3_historical_MFE,score_sd,0.4058630664814861,316.22776601683796
rbs_holdout,3,log_translation_proxy,B3_historical_MFE,sd_spacing,-0.2624484663251272,316.22776601683796
rbs_holdout,3,log_translation_proxy,B3_historical_MFE,sd_spacing_optimal,-0.28858771619283163,316.22776601683796
rbs_holdout,3,log_translation_proxy,B3_historical_MFE,legacy_promoter_tail_mfe,0.15868980412102293,316.22776601683796
rbs_holdout,3,log_translation_proxy,B6_TSS_accessibility,gc_promoter,0.3296979986950015,316.22776601683796
rbs_holdout,3,log_translation_proxy,B6_TSS_accessibility,gc_rbs,-0.17593839036155068,316.22776601683796
rbs_holdout,3,log_translation_proxy,B6_TSS_accessibility,score_minus10,-0.17209222606086896,316.22776601683796
rbs_holdout,3,log_translation_proxy,B6_TSS_accessibility,score_minus35,-0.13908418173814763,316.22776601683796
rbs_holdout,3,log_translation_proxy,B6_TSS_accessibility,spacer_length,0.02393903787705306,316.22776601683796
rbs_holdout,3,log_translation_proxy,B6_TSS_accessibility,spacer_optimal,0.022882769505721223,316.22776601683796
rbs_holdout,3,log_translation_proxy,B6_TSS_accessibility,score_sd,0.42740856960844503,316.22776601683796
rbs_holdout,3,log_translation_proxy,B6_TSS_accessibility,sd_spacing,-0.17283897760813371,316.22776601683796
rbs_holdout,3,log_translation_proxy,B6_TSS_accessibility,sd_spacing_optimal,-0.282599519711862,316.22776601683796
rbs_holdout,3,log_translation_proxy,B6_TSS_accessibility,sd_unpaired_probability,-0.050153943267754963,316.22776601683796
rbs_holdout,3,log_translation_proxy,B6_TSS_accessibility,start_unpaired_probability,-0.10823791888699512,316.22776601683796
rbs_holdout,3,log_translation_proxy,B6_TSS_accessibility,sd_start_opening_energy,-0.27256635316550804,316.22776601683796
rbs_holdout,3,log_prot,B4_sequence_only,gc_promoter,-0.8784925297419743,1e-05
rbs_holdout,3,log_prot,B4_sequence_only,gc_rbs,-0.23449492592613022,1e-05
rbs_holdout,3,log_prot,B4_sequence_only,score_minus10,0.33136032659463766,1e-05
rbs_holdout,3,log_prot,B4_sequence_only,score_minus35,0.46217934611437056,1e-05
rbs_holdout,3,log_prot,B4_sequence_only,spacer_length,-0.17413984854929748,1e-05
rbs_holdout,3,log_prot,B4_sequence_only,spacer_optimal,0.20172950136294365,1e-05
rbs_holdout,3,log_prot,B4_sequence_only,score_sd,0.5343798917877525,1e-05
rbs_holdout,3,log_prot,B4_sequence_only,sd_spacing,-0.48953924551853234,1e-05
rbs_holdout,3,log_prot,B4_sequence_only,sd_spacing_optimal,-0.4694203503386795,1e-05
rbs_holdout,3,log_prot,B3_historical_MFE,gc_promoter,-0.9008230291349991,1e-05
rbs_holdout,3,log_prot,B3_historical_MFE,gc_rbs,-0.2412076090568334,1e-05
rbs_holdout,3,log_prot,B3_historical_MFE,score_minus10,0.3228180553499652,1e-05
rbs_holdout,3,log_prot,B3_historical_MFE,score_minus35,0.46169233171744783,1e-05
rbs_holdout,3,log_prot,B3_historical_MFE,spacer_length,-0.17336585972444266,1e-05
rbs_holdout,3,log_prot,B3_historical_MFE,spacer_optimal,0.20469364519408692,1e-05
rbs_holdout,3,log_prot,B3_historical_MFE,score_sd,0.5322421420184866,1e-05
rbs_holdout,3,log_prot,B3_historical_MFE,sd_spacing,-0.490041417001646,1e-05
rbs_holdout,3,log_prot,B3_historical_MFE,sd_spacing_optimal,-0.4713577296084077,1e-05
rbs_holdout,3,log_prot,B3_historical_MFE,legacy_promoter_tail_mfe,-0.045925809513057095,1e-05
rbs_holdout,3,log_prot,B6_TSS_accessibility,gc_promoter,-0.875116183352882,1e-05
rbs_holdout,3,log_prot,B6_TSS_accessibility,gc_rbs,-0.1909630168835686,1e-05
rbs_holdout,3,log_prot,B6_TSS_accessibility,score_minus10,0.3348637447945814,1e-05
rbs_holdout,3,log_prot,B6_TSS_accessibility,score_minus35,0.45829816708348076,1e-05
rbs_holdout,3,log_prot,B6_TSS_accessibility,spacer_length,-0.1692452389072285,1e-05
rbs_holdout,3,log_prot,B6_TSS_accessibility,spacer_optimal,0.18815368234592988,1e-05
rbs_holdout,3,log_prot,B6_TSS_accessibility,score_sd,0.5557174564925641,1e-05
rbs_holdout,3,log_prot,B6_TSS_accessibility,sd_spacing,-0.44320538793927566,1e-05
rbs_holdout,3,log_prot,B6_TSS_accessibility,sd_spacing_optimal,-0.4687144543030095,1e-05
rbs_holdout,3,log_prot,B6_TSS_accessibility,sd_unpaired_probability,-0.022365023507124885,1e-05
rbs_holdout,3,log_prot,B6_TSS_accessibility,start_unpaired_probability,0.0020945685514614943,1e-05
rbs_holdout,3,log_prot,B6_TSS_accessibility,sd_start_opening_energy,-0.27922930229802756,1e-05
rbs_holdout,4,log_translation_proxy,B4_sequence_only,gc_promoter,0.32826916589580324,31.622776601683793
rbs_holdout,4,log_translation_proxy,B4_sequence_only,gc_rbs,-0.21924950208119018,31.622776601683793
rbs_holdout,4,log_translation_proxy,B4_sequence_only,score_minus10,-0.17525835975759493,31.622776601683793
rbs_holdout,4,log_translation_proxy,B4_sequence_only,score_minus35,-0.13368728207948355,31.622776601683793
rbs_holdout,4,log_translation_proxy,B4_sequence_only,spacer_length,0.00793944404479535,31.622776601683793
rbs_holdout,4,log_translation_proxy,B4_sequence_only,spacer_optimal,0.04375012147669696,31.622776601683793
rbs_holdout,4,log_translation_proxy,B4_sequence_only,score_sd,0.3306737531564387,31.622776601683793
rbs_holdout,4,log_translation_proxy,B4_sequence_only,sd_spacing,-0.4693969927495084,31.622776601683793
rbs_holdout,4,log_translation_proxy,B4_sequence_only,sd_spacing_optimal,-0.4615599379447671,31.622776601683793
rbs_holdout,4,log_translation_proxy,B3_historical_MFE,gc_promoter,0.39591592356687405,31.622776601683793
rbs_holdout,4,log_translation_proxy,B3_historical_MFE,gc_rbs,-0.18975045169504168,31.622776601683793
rbs_holdout,4,log_translation_proxy,B3_historical_MFE,score_minus10,-0.1483131092209608,31.622776601683793
rbs_holdout,4,log_translation_proxy,B3_historical_MFE,score_minus35,-0.132591071963968,31.622776601683793
rbs_holdout,4,log_translation_proxy,B3_historical_MFE,spacer_length,0.004948765671967772,31.622776601683793
rbs_holdout,4,log_translation_proxy,B3_historical_MFE,spacer_optimal,0.0366990294019548,31.622776601683793
rbs_holdout,4,log_translation_proxy,B3_historical_MFE,score_sd,0.3385967602339657,31.622776601683793
rbs_holdout,4,log_translation_proxy,B3_historical_MFE,sd_spacing,-0.47212166357166235,31.622776601683793
rbs_holdout,4,log_translation_proxy,B3_historical_MFE,sd_spacing_optimal,-0.45784899836794013,31.622776601683793
rbs_holdout,4,log_translation_proxy,B3_historical_MFE,legacy_promoter_tail_mfe,0.14412321433129377,31.622776601683793
rbs_holdout,4,log_translation_proxy,B6_TSS_accessibility,gc_promoter,0.32277877990076537,316.22776601683796
rbs_holdout,4,log_translation_proxy,B6_TSS_accessibility,gc_rbs,-0.16649379869812903,316.22776601683796
rbs_holdout,4,log_translation_proxy,B6_TSS_accessibility,score_minus10,-0.16633214754185585,316.22776601683796
rbs_holdout,4,log_translation_proxy,B6_TSS_accessibility,score_minus35,-0.1327196370403793,316.22776601683796
rbs_holdout,4,log_translation_proxy,B6_TSS_accessibility,spacer_length,0.013821548307661405,316.22776601683796
rbs_holdout,4,log_translation_proxy,B6_TSS_accessibility,spacer_optimal,0.0305758132872774,316.22776601683796
rbs_holdout,4,log_translation_proxy,B6_TSS_accessibility,score_sd,0.3624547837355907,316.22776601683796
rbs_holdout,4,log_translation_proxy,B6_TSS_accessibility,sd_spacing,-0.3071353078009589,316.22776601683796
rbs_holdout,4,log_translation_proxy,B6_TSS_accessibility,sd_spacing_optimal,-0.3684930203455026,316.22776601683796
rbs_holdout,4,log_translation_proxy,B6_TSS_accessibility,sd_unpaired_probability,-0.033953472853618355,316.22776601683796
rbs_holdout,4,log_translation_proxy,B6_TSS_accessibility,start_unpaired_probability,-0.08500476028893052,316.22776601683796
rbs_holdout,4,log_translation_proxy,B6_TSS_accessibility,sd_start_opening_energy,-0.2416571162718867,316.22776601683796
rbs_holdout,4,log_prot,B4_sequence_only,gc_promoter,-0.8925673315997145,1e-05
rbs_holdout,4,log_prot,B4_sequence_only,gc_rbs,-0.2410691414850403,1e-05
rbs_holdout,4,log_prot,B4_sequence_only,score_minus10,0.3331851536303271,1e-05
rbs_holdout,4,log_prot,B4_sequence_only,score_minus35,0.46558600761088775,1e-05
rbs_holdout,4,log_prot,B4_sequence_only,spacer_length,-0.18355054249072772,1e-05
rbs_holdout,4,log_prot,B4_sequence_only,spacer_optimal,0.21015323907879035,1e-05
rbs_holdout,4,log_prot,B4_sequence_only,score_sd,0.3970195080859004,1e-05
rbs_holdout,4,log_prot,B4_sequence_only,sd_spacing,-0.7333527731311285,1e-05
rbs_holdout,4,log_prot,B4_sequence_only,sd_spacing_optimal,-0.685692027142005,1e-05
rbs_holdout,4,log_prot,B3_historical_MFE,gc_promoter,-0.9342714218804952,1e-05
rbs_holdout,4,log_prot,B3_historical_MFE,gc_rbs,-0.2592209587272664,1e-05
rbs_holdout,4,log_prot,B3_historical_MFE,score_minus10,0.3164780846086899,1e-05
rbs_holdout,4,log_prot,B3_historical_MFE,score_minus35,0.46487392172998593,1e-05
rbs_holdout,4,log_prot,B3_historical_MFE,spacer_length,-0.181787371114965,1e-05
rbs_holdout,4,log_prot,B3_historical_MFE,spacer_optimal,0.21469973291628922,1e-05
rbs_holdout,4,log_prot,B3_historical_MFE,score_sd,0.3921481102870684,1e-05
rbs_holdout,4,log_prot,B3_historical_MFE,sd_spacing,-0.7316508926820573,1e-05
rbs_holdout,4,log_prot,B3_historical_MFE,sd_spacing_optimal,-0.6879434955352011,1e-05
rbs_holdout,4,log_prot,B3_historical_MFE,legacy_promoter_tail_mfe,-0.088309749007507,1e-05
rbs_holdout,4,log_prot,B6_TSS_accessibility,gc_promoter,-0.8911424726545512,1e-05
rbs_holdout,4,log_prot,B6_TSS_accessibility,gc_rbs,-0.16462120945139103,1e-05
rbs_holdout,4,log_prot,B6_TSS_accessibility,score_minus10,0.33654220796605455,1e-05
rbs_holdout,4,log_prot,B6_TSS_accessibility,score_minus35,0.46223636693567377,1e-05
rbs_holdout,4,log_prot,B6_TSS_accessibility,spacer_length,-0.18047486820942465,1e-05
rbs_holdout,4,log_prot,B6_TSS_accessibility,spacer_optimal,0.19710041985271332,1e-05
rbs_holdout,4,log_prot,B6_TSS_accessibility,score_sd,0.43108178239124584,1e-05
rbs_holdout,4,log_prot,B6_TSS_accessibility,sd_spacing,-0.7682211080374807,1e-05
rbs_holdout,4,log_prot,B6_TSS_accessibility,sd_spacing_optimal,-0.7366724950688762,1e-05
rbs_holdout,4,log_prot,B6_TSS_accessibility,sd_unpaired_probability,0.028289049466925932,1e-05
rbs_holdout,4,log_prot,B6_TSS_accessibility,start_unpaired_probability,0.03468786873087389,1e-05
rbs_holdout,4,log_prot,B6_TSS_accessibility,sd_start_opening_energy,-0.24552259300249238,1e-05
double_unseen,0,log_translation_proxy,B4_sequence_only,gc_promoter,0.32664448928521844,1000.0
double_unseen,0,log_translation_proxy,B4_sequence_only,gc_rbs,-0.19831635926465158,1000.0
double_unseen,0,log_translation_proxy,B4_sequence_only,score_minus10,-0.1903231442532865,1000.0
double_unseen,0,log_translation_proxy,B4_sequence_only,score_minus35,-0.1164150259469519,1000.0
double_unseen,0,log_translation_proxy,B4_sequence_only,spacer_length,0.03704675264176256,1000.0
double_unseen,0,log_translation_proxy,B4_sequence_only,spacer_optimal,0.03397208878368831,1000.0
double_unseen,0,log_translation_proxy,B4_sequence_only,score_sd,0.2957369060315198,1000.0
double_unseen,0,log_translation_proxy,B4_sequence_only,sd_spacing,-0.1515101824107169,1000.0
double_unseen,0,log_translation_proxy,B4_sequence_only,sd_spacing_optimal,-0.12120424807863264,1000.0
double_unseen,0,log_translation_proxy,B3_historical_MFE,gc_promoter,0.36403705658708435,1000.0
double_unseen,0,log_translation_proxy,B3_historical_MFE,gc_rbs,-0.18284547470858903,1000.0
double_unseen,0,log_translation_proxy,B3_historical_MFE,score_minus10,-0.17834868410336838,1000.0
double_unseen,0,log_translation_proxy,B3_historical_MFE,score_minus35,-0.11597341020985563,1000.0
double_unseen,0,log_translation_proxy,B3_historical_MFE,spacer_length,0.03640783700470893,1000.0
double_unseen,0,log_translation_proxy,B3_historical_MFE,spacer_optimal,0.03489533425116551,1000.0
double_unseen,0,log_translation_proxy,B3_historical_MFE,score_sd,0.29978907379813013,1000.0
double_unseen,0,log_translation_proxy,B3_historical_MFE,sd_spacing,-0.15616291320683773,1000.0
double_unseen,0,log_translation_proxy,B3_historical_MFE,sd_spacing_optimal,-0.11769166213474642,1000.0
double_unseen,0,log_translation_proxy,B3_historical_MFE,legacy_promoter_tail_mfe,0.11342053242931076,1000.0
double_unseen,0,log_translation_proxy,B6_TSS_accessibility,gc_promoter,0.32921516044523713,1000.0
double_unseen,0,log_translation_proxy,B6_TSS_accessibility,gc_rbs,-0.1728336793324841,1000.0
double_unseen,0,log_translation_proxy,B6_TSS_accessibility,score_minus10,-0.1890940643858701,1000.0
double_unseen,0,log_translation_proxy,B6_TSS_accessibility,score_minus35,-0.11915178472412384,1000.0
double_unseen,0,log_translation_proxy,B6_TSS_accessibility,spacer_length,0.03840233813952183,1000.0
double_unseen,0,log_translation_proxy,B6_TSS_accessibility,spacer_optimal,0.02877678692737226,1000.0
double_unseen,0,log_translation_proxy,B6_TSS_accessibility,score_sd,0.3162674430343201,1000.0
double_unseen,0,log_translation_proxy,B6_TSS_accessibility,sd_spacing,-0.1001889014229673,1000.0
double_unseen,0,log_translation_proxy,B6_TSS_accessibility,sd_spacing_optimal,-0.1284623341416998,1000.0
double_unseen,0,log_translation_proxy,B6_TSS_accessibility,sd_unpaired_probability,-0.06100474582931029,1000.0
double_unseen,0,log_translation_proxy,B6_TSS_accessibility,start_unpaired_probability,-0.0567065271640038,1000.0
double_unseen,0,log_translation_proxy,B6_TSS_accessibility,sd_start_opening_energy,-0.19021269525843607,1000.0
double_unseen,0,log_prot,B4_sequence_only,gc_promoter,-1.0005456779700734,1e-05
double_unseen,0,log_prot,B4_sequence_only,gc_rbs,-0.24875796828032168,1e-05
double_unseen,0,log_prot,B4_sequence_only,score_minus10,0.3041949201421429,1e-05
double_unseen,0,log_prot,B4_sequence_only,score_minus35,0.42531297593844297,1e-05
double_unseen,0,log_prot,B4_sequence_only,spacer_length,-0.27107010283042354,1e-05
double_unseen,0,log_prot,B4_sequence_only,spacer_optimal,0.28949574393485733,1e-05
double_unseen,0,log_prot,B4_sequence_only,score_sd,0.40989707920332497,1e-05
double_unseen,0,log_prot,B4_sequence_only,sd_spacing,-0.45150508300377684,1e-05
double_unseen,0,log_prot,B4_sequence_only,sd_spacing_optimal,-0.3743273514301831,1e-05
double_unseen,0,log_prot,B3_historical_MFE,gc_promoter,-1.0112971072102488,1e-05
double_unseen,0,log_prot,B3_historical_MFE,gc_rbs,-0.253035201124605,1e-05
double_unseen,0,log_prot,B3_historical_MFE,score_minus10,0.3000287168070043,1e-05
double_unseen,0,log_prot,B3_historical_MFE,score_minus35,0.42486203172897125,1e-05
double_unseen,0,log_prot,B3_historical_MFE,spacer_length,-0.2713453448172593,1e-05
double_unseen,0,log_prot,B3_historical_MFE,spacer_optimal,0.29066326708813967,1e-05
double_unseen,0,log_prot,B3_historical_MFE,score_sd,0.4088637920059868,1e-05
double_unseen,0,log_prot,B3_historical_MFE,sd_spacing,-0.45000684485189213,1e-05
double_unseen,0,log_prot,B3_historical_MFE,sd_spacing_optimal,-0.3749111941783347,1e-05
double_unseen,0,log_prot,B3_historical_MFE,legacy_promoter_tail_mfe,-0.026952880844649738,1e-05
double_unseen,0,log_prot,B6_TSS_accessibility,gc_promoter,-0.9966657979230968,1e-05
double_unseen,0,log_prot,B6_TSS_accessibility,gc_rbs,-0.21627008721762098,1e-05
double_unseen,0,log_prot,B6_TSS_accessibility,score_minus10,0.30454630248962483,1e-05
double_unseen,0,log_prot,B6_TSS_accessibility,score_minus35,0.42076710167497966,1e-05
double_unseen,0,log_prot,B6_TSS_accessibility,spacer_length,-0.2724744652281173,1e-05
double_unseen,0,log_prot,B6_TSS_accessibility,spacer_optimal,0.284808405095505,1e-05
double_unseen,0,log_prot,B6_TSS_accessibility,score_sd,0.4323406279883493,1e-05
double_unseen,0,log_prot,B6_TSS_accessibility,sd_spacing,-0.4064514235155488,1e-05
double_unseen,0,log_prot,B6_TSS_accessibility,sd_spacing_optimal,-0.371533303510737,1e-05
double_unseen,0,log_prot,B6_TSS_accessibility,sd_unpaired_probability,-0.05222629092295446,1e-05
double_unseen,0,log_prot,B6_TSS_accessibility,start_unpaired_probability,0.0456167900151333,1e-05
double_unseen,0,log_prot,B6_TSS_accessibility,sd_start_opening_energy,-0.23390326742733875,1e-05
double_unseen,1,log_translation_proxy,B4_sequence_only,gc_promoter,0.29348131146182393,31.622776601683793
double_unseen,1,log_translation_proxy,B4_sequence_only,gc_rbs,-0.24416214292077806,31.622776601683793
double_unseen,1,log_translation_proxy,B4_sequence_only,score_minus10,-0.100208959688909,31.622776601683793
double_unseen,1,log_translation_proxy,B4_sequence_only,score_minus35,-0.06603423426319674,31.622776601683793
double_unseen,1,log_translation_proxy,B4_sequence_only,spacer_length,-0.030124413727529737,31.622776601683793
double_unseen,1,log_translation_proxy,B4_sequence_only,spacer_optimal,0.04128642721861716,31.622776601683793
double_unseen,1,log_translation_proxy,B4_sequence_only,score_sd,0.22865811010725146,31.622776601683793
double_unseen,1,log_translation_proxy,B4_sequence_only,sd_spacing,-0.5320553429091434,31.622776601683793
double_unseen,1,log_translation_proxy,B4_sequence_only,sd_spacing_optimal,-0.4376447468098316,31.622776601683793
double_unseen,1,log_translation_proxy,B3_historical_MFE,gc_promoter,0.38617921851043596,31.622776601683793
double_unseen,1,log_translation_proxy,B3_historical_MFE,gc_rbs,-0.20450169352917616,31.622776601683793
double_unseen,1,log_translation_proxy,B3_historical_MFE,score_minus10,-0.05218555904676346,31.622776601683793
double_unseen,1,log_translation_proxy,B3_historical_MFE,score_minus35,-0.06576208399707871,31.622776601683793
double_unseen,1,log_translation_proxy,B3_historical_MFE,spacer_length,-0.07306965100528057,31.622776601683793
double_unseen,1,log_translation_proxy,B3_historical_MFE,spacer_optimal,0.05773053445546539,31.622776601683793
double_unseen,1,log_translation_proxy,B3_historical_MFE,score_sd,0.22294364038916034,31.622776601683793
double_unseen,1,log_translation_proxy,B3_historical_MFE,sd_spacing,-0.5471302531289042,31.622776601683793
double_unseen,1,log_translation_proxy,B3_historical_MFE,sd_spacing_optimal,-0.4324325925705519,31.622776601683793
double_unseen,1,log_translation_proxy,B3_historical_MFE,legacy_promoter_tail_mfe,0.21570044421068985,31.622776601683793
double_unseen,1,log_translation_proxy,B6_TSS_accessibility,gc_promoter,0.28997221646000415,31.622776601683793
double_unseen,1,log_translation_proxy,B6_TSS_accessibility,gc_rbs,-0.16741831401616392,31.622776601683793
double_unseen,1,log_translation_proxy,B6_TSS_accessibility,score_minus10,-0.10809489367011779,31.622776601683793
double_unseen,1,log_translation_proxy,B6_TSS_accessibility,score_minus35,-0.07493384517594778,31.622776601683793
double_unseen,1,log_translation_proxy,B6_TSS_accessibility,spacer_length,-0.01037405766046956,31.622776601683793
double_unseen,1,log_translation_proxy,B6_TSS_accessibility,spacer_optimal,0.026955804695790453,31.622776601683793
double_unseen,1,log_translation_proxy,B6_TSS_accessibility,score_sd,0.25351885633572613,31.622776601683793
double_unseen,1,log_translation_proxy,B6_TSS_accessibility,sd_spacing,-0.47824888272443467,31.622776601683793
double_unseen,1,log_translation_proxy,B6_TSS_accessibility,sd_spacing_optimal,-0.4464851815261574,31.622776601683793
double_unseen,1,log_translation_proxy,B6_TSS_accessibility,sd_unpaired_probability,-0.02818243946039972,31.622776601683793
double_unseen,1,log_translation_proxy,B6_TSS_accessibility,start_unpaired_probability,-0.11093604799785836,31.622776601683793
double_unseen,1,log_translation_proxy,B6_TSS_accessibility,sd_start_opening_energy,-0.3103468372918428,31.622776601683793
double_unseen,1,log_prot,B4_sequence_only,gc_promoter,-0.8538361086833078,1e-05
double_unseen,1,log_prot,B4_sequence_only,gc_rbs,-0.26302393321845935,1e-05
double_unseen,1,log_prot,B4_sequence_only,score_minus10,0.2945672627187178,1e-05
double_unseen,1,log_prot,B4_sequence_only,score_minus35,0.3797944787051383,1e-05
double_unseen,1,log_prot,B4_sequence_only,spacer_length,-0.0807871928407821,1e-05
double_unseen,1,log_prot,B4_sequence_only,spacer_optimal,0.2583744974458518,1e-05
double_unseen,1,log_prot,B4_sequence_only,score_sd,0.3199542167164061,1e-05
double_unseen,1,log_prot,B4_sequence_only,sd_spacing,-0.7456749727965287,1e-05
double_unseen,1,log_prot,B4_sequence_only,sd_spacing_optimal,-0.5792096875318311,1e-05
double_unseen,1,log_prot,B3_historical_MFE,gc_promoter,-0.8833054033062617,1e-05
double_unseen,1,log_prot,B3_historical_MFE,gc_rbs,-0.27564328976538016,1e-05
double_unseen,1,log_prot,B3_historical_MFE,score_minus10,0.2792010083203659,1e-05
double_unseen,1,log_prot,B3_historical_MFE,score_minus35,0.3797102873054286,1e-05
double_unseen,1,log_prot,B3_historical_MFE,spacer_length,-0.06705595642877386,1e-05
double_unseen,1,log_prot,B3_historical_MFE,spacer_optimal,0.2531768970667985,1e-05
double_unseen,1,log_prot,B3_historical_MFE,score_sd,0.3217894251484361,1e-05
double_unseen,1,log_prot,B3_historical_MFE,sd_spacing,-0.7407748443057935,1e-05
double_unseen,1,log_prot,B3_historical_MFE,sd_spacing_optimal,-0.5807712736994468,1e-05
double_unseen,1,log_prot,B3_historical_MFE,legacy_promoter_tail_mfe,-0.06819064980469923,1e-05
double_unseen,1,log_prot,B6_TSS_accessibility,gc_promoter,-0.8599382097578946,1e-05
double_unseen,1,log_prot,B6_TSS_accessibility,gc_rbs,-0.1814719396136137,1e-05
double_unseen,1,log_prot,B6_TSS_accessibility,score_minus10,0.28337120741682464,1e-05
double_unseen,1,log_prot,B6_TSS_accessibility,score_minus35,0.37297250916436075,1e-05
double_unseen,1,log_prot,B6_TSS_accessibility,spacer_length,-0.06682674496278478,1e-05
double_unseen,1,log_prot,B6_TSS_accessibility,spacer_optimal,0.2451402922936612,1e-05
double_unseen,1,log_prot,B6_TSS_accessibility,score_sd,0.3374590829905868,1e-05
double_unseen,1,log_prot,B6_TSS_accessibility,sd_spacing,-0.7977972229842794,1e-05
double_unseen,1,log_prot,B6_TSS_accessibility,sd_spacing_optimal,-0.6464899279236316,1e-05
double_unseen,1,log_prot,B6_TSS_accessibility,sd_unpaired_probability,0.033619057133850626,1e-05
double_unseen,1,log_prot,B6_TSS_accessibility,start_unpaired_probability,0.008096360512843036,1e-05
double_unseen,1,log_prot,B6_TSS_accessibility,sd_start_opening_energy,-0.33582390219908825,1e-05
double_unseen,2,log_translation_proxy,B4_sequence_only,gc_promoter,0.2793813792053586,100.0
double_unseen,2,log_translation_proxy,B4_sequence_only,gc_rbs,-0.23185216790835522,100.0
double_unseen,2,log_translation_proxy,B4_sequence_only,score_minus10,-0.15890948037602767,100.0
double_unseen,2,log_translation_proxy,B4_sequence_only,score_minus35,-0.15295937864188644,100.0
double_unseen,2,log_translation_proxy,B4_sequence_only,spacer_length,0.0038851678254671015,100.0
double_unseen,2,log_translation_proxy,B4_sequence_only,spacer_optimal,0.056780923686584245,100.0
double_unseen,2,log_translation_proxy,B4_sequence_only,score_sd,0.3652693349023121,100.0
double_unseen,2,log_translation_proxy,B4_sequence_only,sd_spacing,-0.2614935829602021,100.0
double_unseen,2,log_translation_proxy,B4_sequence_only,sd_spacing_optimal,-0.3242098099468481,100.0
double_unseen,2,log_translation_proxy,B3_historical_MFE,gc_promoter,0.31466847874818277,316.22776601683796
double_unseen,2,log_translation_proxy,B3_historical_MFE,gc_rbs,-0.2187372475164573,316.22776601683796
double_unseen,2,log_translation_proxy,B3_historical_MFE,score_minus10,-0.14200379318354617,316.22776601683796
double_unseen,2,log_translation_proxy,B3_historical_MFE,score_minus35,-0.14353538248912168,316.22776601683796
double_unseen,2,log_translation_proxy,B3_historical_MFE,spacer_length,0.0052582722677477515,316.22776601683796
double_unseen,2,log_translation_proxy,B3_historical_MFE,spacer_optimal,0.045473668657904635,316.22776601683796
double_unseen,2,log_translation_proxy,B3_historical_MFE,score_sd,0.3606647668797054,316.22776601683796
double_unseen,2,log_translation_proxy,B3_historical_MFE,sd_spacing,-0.1977169248534046,316.22776601683796
double_unseen,2,log_translation_proxy,B3_historical_MFE,sd_spacing_optimal,-0.2534333053556561,316.22776601683796
double_unseen,2,log_translation_proxy,B3_historical_MFE,legacy_promoter_tail_mfe,0.08446159580304491,316.22776601683796
double_unseen,2,log_translation_proxy,B6_TSS_accessibility,gc_promoter,0.25654783505806394,1000.0
double_unseen,2,log_translation_proxy,B6_TSS_accessibility,gc_rbs,-0.16193404162068376,1000.0
double_unseen,2,log_translation_proxy,B6_TSS_accessibility,score_minus10,-0.13017891556250716,1000.0
double_unseen,2,log_translation_proxy,B6_TSS_accessibility,score_minus35,-0.13483441171450408,1000.0
double_unseen,2,log_translation_proxy,B6_TSS_accessibility,spacer_length,0.010074131162476204,1000.0
double_unseen,2,log_translation_proxy,B6_TSS_accessibility,spacer_optimal,0.03799908892810051,1000.0
double_unseen,2,log_translation_proxy,B6_TSS_accessibility,score_sd,0.3572381407832722,1000.0
double_unseen,2,log_translation_proxy,B6_TSS_accessibility,sd_spacing,-0.07142016423083769,1000.0
double_unseen,2,log_translation_proxy,B6_TSS_accessibility,sd_spacing_optimal,-0.17841408704090622,1000.0
double_unseen,2,log_translation_proxy,B6_TSS_accessibility,sd_unpaired_probability,-0.006582693645825128,1000.0
double_unseen,2,log_translation_proxy,B6_TSS_accessibility,start_unpaired_probability,-0.11381414087926844,1000.0
double_unseen,2,log_translation_proxy,B6_TSS_accessibility,sd_start_opening_energy,-0.2486561036172718,1000.0
double_unseen,2,log_prot,B4_sequence_only,gc_promoter,-0.8139218782112769,1e-05
double_unseen,2,log_prot,B4_sequence_only,gc_rbs,-0.2593526357036709,1e-05
double_unseen,2,log_prot,B4_sequence_only,score_minus10,0.3337027222217097,1e-05
double_unseen,2,log_prot,B4_sequence_only,score_minus35,0.4655464814866662,1e-05
double_unseen,2,log_prot,B4_sequence_only,spacer_length,-0.20369525921165085,1e-05
double_unseen,2,log_prot,B4_sequence_only,spacer_optimal,0.15436537150015217,1e-05
double_unseen,2,log_prot,B4_sequence_only,score_sd,0.456790412122949,1e-05
double_unseen,2,log_prot,B4_sequence_only,sd_spacing,-0.33457058516502736,1e-05
double_unseen,2,log_prot,B4_sequence_only,sd_spacing_optimal,-0.3531217551437717,1e-05
double_unseen,2,log_prot,B3_historical_MFE,gc_promoter,-0.8441117906733825,1e-05
double_unseen,2,log_prot,B3_historical_MFE,gc_rbs,-0.2702308078323742,1e-05
double_unseen,2,log_prot,B3_historical_MFE,score_minus10,0.3244368130860793,1e-05
double_unseen,2,log_prot,B3_historical_MFE,score_minus35,0.4629088262859961,1e-05
double_unseen,2,log_prot,B3_historical_MFE,spacer_length,-0.20609033905025947,1e-05
double_unseen,2,log_prot,B3_historical_MFE,spacer_optimal,0.1622417022780882,1e-05
double_unseen,2,log_prot,B3_historical_MFE,score_sd,0.45494978697263755,1e-05
double_unseen,2,log_prot,B3_historical_MFE,sd_spacing,-0.33541244893949196,1e-05
double_unseen,2,log_prot,B3_historical_MFE,sd_spacing_optimal,-0.3567563368812441,1e-05
double_unseen,2,log_prot,B3_historical_MFE,legacy_promoter_tail_mfe,-0.057531734034718715,1e-05
double_unseen,2,log_prot,B6_TSS_accessibility,gc_promoter,-0.8094524096063849,10.0
double_unseen,2,log_prot,B6_TSS_accessibility,gc_rbs,-0.17441732814757918,10.0
double_unseen,2,log_prot,B6_TSS_accessibility,score_minus10,0.34542042352033187,10.0
double_unseen,2,log_prot,B6_TSS_accessibility,score_minus35,0.4625987071019724,10.0
double_unseen,2,log_prot,B6_TSS_accessibility,spacer_length,-0.1938961115842081,10.0
double_unseen,2,log_prot,B6_TSS_accessibility,spacer_optimal,0.13705342095891498,10.0
double_unseen,2,log_prot,B6_TSS_accessibility,score_sd,0.4829816317178749,10.0
double_unseen,2,log_prot,B6_TSS_accessibility,sd_spacing,-0.3268026266368041,10.0
double_unseen,2,log_prot,B6_TSS_accessibility,sd_spacing_optimal,-0.3714458884899784,10.0
double_unseen,2,log_prot,B6_TSS_accessibility,sd_unpaired_probability,0.036970225594125015,10.0
double_unseen,2,log_prot,B6_TSS_accessibility,start_unpaired_probability,-0.034615162042098364,10.0
double_unseen,2,log_prot,B6_TSS_accessibility,sd_start_opening_energy,-0.2578405209226952,10.0
double_unseen,3,log_translation_proxy,B4_sequence_only,gc_promoter,0.2947014941410726,1000.0
double_unseen,3,log_translation_proxy,B4_sequence_only,gc_rbs,-0.21836690789771726,1000.0
double_unseen,3,log_translation_proxy,B4_sequence_only,score_minus10,-0.17879509530024312,1000.0
double_unseen,3,log_translation_proxy,B4_sequence_only,score_minus35,-0.1294998635669981,1000.0
double_unseen,3,log_translation_proxy,B4_sequence_only,spacer_length,-0.0028629270600713267,1000.0
double_unseen,3,log_translation_proxy,B4_sequence_only,spacer_optimal,0.007976378644315087,1000.0
double_unseen,3,log_translation_proxy,B4_sequence_only,score_sd,0.3612385573045763,1000.0
double_unseen,3,log_translation_proxy,B4_sequence_only,sd_spacing,-0.15384402243266754,1000.0
double_unseen,3,log_translation_proxy,B4_sequence_only,sd_spacing_optimal,-0.17687381249041229,1000.0
double_unseen,3,log_translation_proxy,B3_historical_MFE,gc_promoter,0.34788809280001476,1000.0
double_unseen,3,log_translation_proxy,B3_historical_MFE,gc_rbs,-0.20195264864598406,1000.0
double_unseen,3,log_translation_proxy,B3_historical_MFE,score_minus10,-0.16101875298335516,1000.0
double_unseen,3,log_translation_proxy,B3_historical_MFE,score_minus35,-0.13076671070167376,1000.0
double_unseen,3,log_translation_proxy,B3_historical_MFE,spacer_length,-0.005709003698821152,1000.0
double_unseen,3,log_translation_proxy,B3_historical_MFE,spacer_optimal,0.010616665455408502,1000.0
double_unseen,3,log_translation_proxy,B3_historical_MFE,score_sd,0.36646755482137083,1000.0
double_unseen,3,log_translation_proxy,B3_historical_MFE,sd_spacing,-0.153702101493675,1000.0
double_unseen,3,log_translation_proxy,B3_historical_MFE,sd_spacing_optimal,-0.17322004168767097,1000.0
double_unseen,3,log_translation_proxy,B3_historical_MFE,legacy_promoter_tail_mfe,0.13298513313754354,1000.0
double_unseen,3,log_translation_proxy,B6_TSS_accessibility,gc_promoter,0.2961865092243562,1000.0
double_unseen,3,log_translation_proxy,B6_TSS_accessibility,gc_rbs,-0.17650479995183538,1000.0
double_unseen,3,log_translation_proxy,B6_TSS_accessibility,score_minus10,-0.17512331548844887,1000.0
double_unseen,3,log_translation_proxy,B6_TSS_accessibility,score_minus35,-0.14061473602471602,1000.0
double_unseen,3,log_translation_proxy,B6_TSS_accessibility,spacer_length,-0.0001212447123078133,1000.0
double_unseen,3,log_translation_proxy,B6_TSS_accessibility,spacer_optimal,-0.0013275316370280554,1000.0
double_unseen,3,log_translation_proxy,B6_TSS_accessibility,score_sd,0.3828894436986809,1000.0
double_unseen,3,log_translation_proxy,B6_TSS_accessibility,sd_spacing,-0.09477333424451867,1000.0
double_unseen,3,log_translation_proxy,B6_TSS_accessibility,sd_spacing_optimal,-0.18003081337500426,1000.0
double_unseen,3,log_translation_proxy,B6_TSS_accessibility,sd_unpaired_probability,-0.04274085404476866,1000.0
double_unseen,3,log_translation_proxy,B6_TSS_accessibility,start_unpaired_probability,-0.1170589436028681,1000.0
double_unseen,3,log_translation_proxy,B6_TSS_accessibility,sd_start_opening_energy,-0.24819957324299757,1000.0
double_unseen,3,log_prot,B4_sequence_only,gc_promoter,-0.9202461632406254,1e-05
double_unseen,3,log_prot,B4_sequence_only,gc_rbs,-0.22967971114917676,1e-05
double_unseen,3,log_prot,B4_sequence_only,score_minus10,0.310424680579914,1e-05
double_unseen,3,log_prot,B4_sequence_only,score_minus35,0.5065589817733729,1e-05
double_unseen,3,log_prot,B4_sequence_only,spacer_length,-0.1396626192160059,1e-05
double_unseen,3,log_prot,B4_sequence_only,spacer_optimal,0.24080463984185238,1e-05
double_unseen,3,log_prot,B4_sequence_only,score_sd,0.5158625129623219,1e-05
double_unseen,3,log_prot,B4_sequence_only,sd_spacing,-0.4818088039747083,1e-05
double_unseen,3,log_prot,B4_sequence_only,sd_spacing_optimal,-0.4582683744382251,1e-05
double_unseen,3,log_prot,B3_historical_MFE,gc_promoter,-0.9534649209315806,1e-05
double_unseen,3,log_prot,B3_historical_MFE,gc_rbs,-0.23932226643009336,1e-05
double_unseen,3,log_prot,B3_historical_MFE,score_minus10,0.29715978240910995,1e-05
double_unseen,3,log_prot,B3_historical_MFE,score_minus35,0.507170115902388,1e-05
double_unseen,3,log_prot,B3_historical_MFE,spacer_length,-0.13922695121701478,1e-05
double_unseen,3,log_prot,B3_historical_MFE,spacer_optimal,0.2438367500844939,1e-05
double_unseen,3,log_prot,B3_historical_MFE,score_sd,0.5126704931217311,1e-05
double_unseen,3,log_prot,B3_historical_MFE,sd_spacing,-0.4823883935849804,1e-05
double_unseen,3,log_prot,B3_historical_MFE,sd_spacing_optimal,-0.4607001650697767,1e-05
double_unseen,3,log_prot,B3_historical_MFE,legacy_promoter_tail_mfe,-0.06738313821890343,1e-05
double_unseen,3,log_prot,B6_TSS_accessibility,gc_promoter,-0.8958334077877107,100.0
double_unseen,3,log_prot,B6_TSS_accessibility,gc_rbs,-0.19219319827011816,100.0
double_unseen,3,log_prot,B6_TSS_accessibility,score_minus10,0.3143254797441716,100.0
double_unseen,3,log_prot,B6_TSS_accessibility,score_minus35,0.49154278337394225,100.0
double_unseen,3,log_prot,B6_TSS_accessibility,spacer_length,-0.12648626133384488,100.0
double_unseen,3,log_prot,B6_TSS_accessibility,spacer_optimal,0.21348274253209684,100.0
double_unseen,3,log_prot,B6_TSS_accessibility,score_sd,0.5339247917188412,100.0
double_unseen,3,log_prot,B6_TSS_accessibility,sd_spacing,-0.3691809189928934,100.0
double_unseen,3,log_prot,B6_TSS_accessibility,sd_spacing_optimal,-0.40025626525646746,100.0
double_unseen,3,log_prot,B6_TSS_accessibility,sd_unpaired_probability,-0.04960056702860212,100.0
double_unseen,3,log_prot,B6_TSS_accessibility,start_unpaired_probability,0.0031618551509390237,100.0
double_unseen,3,log_prot,B6_TSS_accessibility,sd_start_opening_energy,-0.3056473460453452,100.0
double_unseen,4,log_translation_proxy,B4_sequence_only,gc_promoter,0.3503458628513534,100.0
double_unseen,4,log_translation_proxy,B4_sequence_only,gc_rbs,-0.22085206988649686,100.0
double_unseen,4,log_translation_proxy,B4_sequence_only,score_minus10,-0.17734805446992855,100.0
double_unseen,4,log_translation_proxy,B4_sequence_only,score_minus35,-0.13900085885367064,100.0
double_unseen,4,log_translation_proxy,B4_sequence_only,spacer_length,0.005797784747395733,100.0
double_unseen,4,log_translation_proxy,B4_sequence_only,spacer_optimal,0.06911511544668425,100.0
double_unseen,4,log_translation_proxy,B4_sequence_only,score_sd,0.31979040239980716,100.0
double_unseen,4,log_translation_proxy,B4_sequence_only,sd_spacing,-0.42122297770263983,100.0
double_unseen,4,log_translation_proxy,B4_sequence_only,sd_spacing_optimal,-0.4084369546539689,100.0
double_unseen,4,log_translation_proxy,B3_historical_MFE,gc_promoter,0.4353705698607024,100.0
double_unseen,4,log_translation_proxy,B3_historical_MFE,gc_rbs,-0.18944531817558347,100.0
double_unseen,4,log_translation_proxy,B3_historical_MFE,score_minus10,-0.14491671159275302,100.0
double_unseen,4,log_translation_proxy,B3_historical_MFE,score_minus35,-0.13988912472075438,100.0
double_unseen,4,log_translation_proxy,B3_historical_MFE,spacer_length,0.004418477810096522,100.0
double_unseen,4,log_translation_proxy,B3_historical_MFE,spacer_optimal,0.056789959921830724,100.0
double_unseen,4,log_translation_proxy,B3_historical_MFE,score_sd,0.3296289094443416,100.0
double_unseen,4,log_translation_proxy,B3_historical_MFE,sd_spacing,-0.4228014564689713,100.0
double_unseen,4,log_translation_proxy,B3_historical_MFE,sd_spacing_optimal,-0.4047037627354547,100.0
double_unseen,4,log_translation_proxy,B3_historical_MFE,legacy_promoter_tail_mfe,0.16492785194485618,100.0
double_unseen,4,log_translation_proxy,B6_TSS_accessibility,gc_promoter,0.34683813147763154,316.22776601683796
double_unseen,4,log_translation_proxy,B6_TSS_accessibility,gc_rbs,-0.16637510296997238,316.22776601683796
double_unseen,4,log_translation_proxy,B6_TSS_accessibility,score_minus10,-0.1676766107623029,316.22776601683796
double_unseen,4,log_translation_proxy,B6_TSS_accessibility,score_minus35,-0.14112939830592872,316.22776601683796
double_unseen,4,log_translation_proxy,B6_TSS_accessibility,spacer_length,0.0077912933953764195,316.22776601683796
double_unseen,4,log_translation_proxy,B6_TSS_accessibility,spacer_optimal,0.053943297506571605,316.22776601683796
double_unseen,4,log_translation_proxy,B6_TSS_accessibility,score_sd,0.3503190338133043,316.22776601683796
double_unseen,4,log_translation_proxy,B6_TSS_accessibility,sd_spacing,-0.28602198862157113,316.22776601683796
double_unseen,4,log_translation_proxy,B6_TSS_accessibility,sd_spacing_optimal,-0.34051158030694445,316.22776601683796
double_unseen,4,log_translation_proxy,B6_TSS_accessibility,sd_unpaired_probability,-0.029471980910578253,316.22776601683796
double_unseen,4,log_translation_proxy,B6_TSS_accessibility,start_unpaired_probability,-0.08049392827004762,316.22776601683796
double_unseen,4,log_translation_proxy,B6_TSS_accessibility,sd_start_opening_energy,-0.23489043199539258,316.22776601683796
double_unseen,4,log_prot,B4_sequence_only,gc_promoter,-0.9123482436517301,1e-05
double_unseen,4,log_prot,B4_sequence_only,gc_rbs,-0.22763646779682303,1e-05
double_unseen,4,log_prot,B4_sequence_only,score_minus10,0.37270354004403955,1e-05
double_unseen,4,log_prot,B4_sequence_only,score_minus35,0.5533951748666976,1e-05
double_unseen,4,log_prot,B4_sequence_only,spacer_length,-0.1687495650287334,1e-05
double_unseen,4,log_prot,B4_sequence_only,spacer_optimal,0.07338338419489612,1e-05
double_unseen,4,log_prot,B4_sequence_only,score_sd,0.38220034641078526,1e-05
double_unseen,4,log_prot,B4_sequence_only,sd_spacing,-0.7220098052139535,1e-05
double_unseen,4,log_prot,B4_sequence_only,sd_spacing_optimal,-0.6696146088680747,1e-05
double_unseen,4,log_prot,B3_historical_MFE,gc_promoter,-0.941870136281338,1e-05
double_unseen,4,log_prot,B3_historical_MFE,gc_rbs,-0.23845034171712437,1e-05
double_unseen,4,log_prot,B3_historical_MFE,score_minus10,0.3611724787566319,1e-05
double_unseen,4,log_prot,B3_historical_MFE,score_minus35,0.553598829924246,1e-05
double_unseen,4,log_prot,B3_historical_MFE,spacer_length,-0.16846883017705588,1e-05
double_unseen,4,log_prot,B3_historical_MFE,spacer_optimal,0.07814399096833562,1e-05
double_unseen,4,log_prot,B3_historical_MFE,score_sd,0.37882053732208465,1e-05
double_unseen,4,log_prot,B3_historical_MFE,sd_spacing,-0.7214365217003047,1e-05
double_unseen,4,log_prot,B3_historical_MFE,sd_spacing_optimal,-0.6708555871684203,1e-05
double_unseen,4,log_prot,B3_historical_MFE,legacy_promoter_tail_mfe,-0.05586536172542209,1e-05
double_unseen,4,log_prot,B6_TSS_accessibility,gc_promoter,-0.9083320028850104,1e-05
double_unseen,4,log_prot,B6_TSS_accessibility,gc_rbs,-0.1521673319211533,1e-05
double_unseen,4,log_prot,B6_TSS_accessibility,score_minus10,0.378971736552248,1e-05
double_unseen,4,log_prot,B6_TSS_accessibility,score_minus35,0.5434555791837615,1e-05
double_unseen,4,log_prot,B6_TSS_accessibility,spacer_length,-0.1704820609593539,1e-05
double_unseen,4,log_prot,B6_TSS_accessibility,spacer_optimal,0.062002474667719416,1e-05
double_unseen,4,log_prot,B6_TSS_accessibility,score_sd,0.4160653306627047,1e-05
double_unseen,4,log_prot,B6_TSS_accessibility,sd_spacing,-0.753912768219469,1e-05
double_unseen,4,log_prot,B6_TSS_accessibility,sd_spacing_optimal,-0.7205421674667963,1e-05
double_unseen,4,log_prot,B6_TSS_accessibility,sd_unpaired_probability,0.031790099997054774,1e-05
double_unseen,4,log_prot,B6_TSS_accessibility,start_unpaired_probability,0.02331005556135364,1e-05
double_unseen,4,log_prot,B6_TSS_accessibility,sd_start_opening_energy,-0.23763263841205837,1e-05
