scenario,fold,target,feature_set,feature,standardized_coefficient,selected_alpha
random,0,log_translation_proxy,B4_sequence_only,gc_promoter,0.32540771318562406,31.622776601683793
random,0,log_translation_proxy,B4_sequence_only,gc_rbs,-0.23197421010944852,31.622776601683793
random,0,log_translation_proxy,B4_sequence_only,score_minus10,-0.17264201173691207,31.622776601683793
random,0,log_translation_proxy,B4_sequence_only,score_minus35,-0.13622959376129246,31.622776601683793
random,0,log_translation_proxy,B4_sequence_only,spacer_length,0.003500332648519975,31.622776601683793
random,0,log_translation_proxy,B4_sequence_only,spacer_optimal,0.04332023656684881,31.622776601683793
random,0,log_translation_proxy,B4_sequence_only,score_sd,0.32870712122990875,31.622776601683793
random,0,log_translation_proxy,B4_sequence_only,sd_spacing,-0.35366934459339905,31.622776601683793
random,0,log_translation_proxy,B4_sequence_only,sd_spacing_optimal,-0.35884431002553746,31.622776601683793
random,0,log_translation_proxy,B3_historical_MFE,gc_promoter,0.40213640281754864,31.622776601683793
random,0,log_translation_proxy,B3_historical_MFE,gc_rbs,-0.2032939833405486,31.622776601683793
random,0,log_translation_proxy,B3_historical_MFE,score_minus10,-0.14167712268396382,31.622776601683793
random,0,log_translation_proxy,B3_historical_MFE,score_minus35,-0.1343669213313874,31.622776601683793
random,0,log_translation_proxy,B3_historical_MFE,spacer_length,0.0002828270177840369,31.622776601683793
random,0,log_translation_proxy,B3_historical_MFE,spacer_optimal,0.033071164216065374,31.622776601683793
random,0,log_translation_proxy,B3_historical_MFE,score_sd,0.33420186907272637,31.622776601683793
random,0,log_translation_proxy,B3_historical_MFE,sd_spacing,-0.3565206869135387,31.622776601683793
random,0,log_translation_proxy,B3_historical_MFE,sd_spacing_optimal,-0.35384539272398713,31.622776601683793
random,0,log_translation_proxy,B3_historical_MFE,legacy_promoter_tail_mfe,0.16061278316378488,31.622776601683793
random,0,log_translation_proxy,B6_TSS_accessibility,gc_promoter,0.3254689061732524,100.0
random,0,log_translation_proxy,B6_TSS_accessibility,gc_rbs,-0.17437981447530437,100.0
random,0,log_translation_proxy,B6_TSS_accessibility,score_minus10,-0.16891410669652043,100.0
random,0,log_translation_proxy,B6_TSS_accessibility,score_minus35,-0.1417031143461817,100.0
random,0,log_translation_proxy,B6_TSS_accessibility,spacer_length,0.013172096400242536,100.0
random,0,log_translation_proxy,B6_TSS_accessibility,spacer_optimal,0.028205523392325207,100.0
random,0,log_translation_proxy,B6_TSS_accessibility,score_sd,0.36189149416806815,100.0
random,0,log_translation_proxy,B6_TSS_accessibility,sd_spacing,-0.24890826414105852,100.0
random,0,log_translation_proxy,B6_TSS_accessibility,sd_spacing_optimal,-0.33310473198263807,100.0
random,0,log_translation_proxy,B6_TSS_accessibility,sd_unpaired_probability,-0.048685595614563315,100.0
random,0,log_translation_proxy,B6_TSS_accessibility,start_unpaired_probability,-0.10334771217557141,100.0
random,0,log_translation_proxy,B6_TSS_accessibility,sd_start_opening_energy,-0.27091987614572816,100.0
random,0,log_prot,B4_sequence_only,gc_promoter,-0.8905575323191749,1e-05
random,0,log_prot,B4_sequence_only,gc_rbs,-0.2555531738787046,1e-05
random,0,log_prot,B4_sequence_only,score_minus10,0.33994355413902516,1e-05
random,0,log_prot,B4_sequence_only,score_minus35,0.4713921296727249,1e-05
random,0,log_prot,B4_sequence_only,spacer_length,-0.1577762271641965,1e-05
random,0,log_prot,B4_sequence_only,spacer_optimal,0.19552053306270048,1e-05
random,0,log_prot,B4_sequence_only,score_sd,0.41267818510054005,1e-05
random,0,log_prot,B4_sequence_only,sd_spacing,-0.5351680507167361,1e-05
random,0,log_prot,B4_sequence_only,sd_spacing_optimal,-0.48635058932695535,1e-05
random,0,log_prot,B3_historical_MFE,gc_promoter,-0.9163680859407383,1e-05
random,0,log_prot,B3_historical_MFE,gc_rbs,-0.26518124434917606,1e-05
random,0,log_prot,B3_historical_MFE,score_minus10,0.3294662212205547,1e-05
random,0,log_prot,B3_historical_MFE,score_minus35,0.4707407073346244,1e-05
random,0,log_prot,B3_historical_MFE,spacer_length,-0.15674833176958944,1e-05
random,0,log_prot,B3_historical_MFE,spacer_optimal,0.19909456306194012,1e-05
random,0,log_prot,B3_historical_MFE,score_sd,0.4108365484311362,1e-05
random,0,log_prot,B3_historical_MFE,sd_spacing,-0.5342055140046693,1e-05
random,0,log_prot,B3_historical_MFE,sd_spacing_optimal,-0.4880205976924888,1e-05
random,0,log_prot,B3_historical_MFE,legacy_promoter_tail_mfe,-0.05369301906953166,1e-05
random,0,log_prot,B6_TSS_accessibility,gc_promoter,-0.8900749580768735,1e-05
random,0,log_prot,B6_TSS_accessibility,gc_rbs,-0.19021668101687522,1e-05
random,0,log_prot,B6_TSS_accessibility,score_minus10,0.3415613872465771,1e-05
random,0,log_prot,B6_TSS_accessibility,score_minus35,0.4669576456827258,1e-05
random,0,log_prot,B6_TSS_accessibility,spacer_length,-0.15040315171321822,1e-05
random,0,log_prot,B6_TSS_accessibility,spacer_optimal,0.18027980496126814,1e-05
random,0,log_prot,B6_TSS_accessibility,score_sd,0.4408339902774764,1e-05
random,0,log_prot,B6_TSS_accessibility,sd_spacing,-0.5243502893909798,1e-05
random,0,log_prot,B6_TSS_accessibility,sd_spacing_optimal,-0.5143968471881256,1e-05
random,0,log_prot,B6_TSS_accessibility,sd_unpaired_probability,-0.007825008509065251,1e-05
random,0,log_prot,B6_TSS_accessibility,start_unpaired_probability,0.006717186435589559,1e-05
random,0,log_prot,B6_TSS_accessibility,sd_start_opening_energy,-0.28189283811573723,1e-05
random,1,log_translation_proxy,B4_sequence_only,gc_promoter,0.3255994095781643,31.622776601683793
random,1,log_translation_proxy,B4_sequence_only,gc_rbs,-0.22423660611964058,31.622776601683793
random,1,log_translation_proxy,B4_sequence_only,score_minus10,-0.1789027267215499,31.622776601683793
random,1,log_translation_proxy,B4_sequence_only,score_minus35,-0.1330307856327497,31.622776601683793
random,1,log_translation_proxy,B4_sequence_only,spacer_length,0.009183675266182256,31.622776601683793
random,1,log_translation_proxy,B4_sequence_only,spacer_optimal,0.051457330266118484,31.622776601683793
random,1,log_translation_proxy,B4_sequence_only,score_sd,0.3230832206359244,31.622776601683793
random,1,log_translation_proxy,B4_sequence_only,sd_spacing,-0.3639527482621528,31.622776601683793
random,1,log_translation_proxy,B4_sequence_only,sd_spacing_optimal,-0.35959357077479,31.622776601683793
random,1,log_translation_proxy,B3_historical_MFE,gc_promoter,0.39359171822158395,100.0
random,1,log_translation_proxy,B3_historical_MFE,gc_rbs,-0.20080025092945564,100.0
random,1,log_translation_proxy,B3_historical_MFE,score_minus10,-0.15064666277362723,100.0
random,1,log_translation_proxy,B3_historical_MFE,score_minus35,-0.13069255169752983,100.0
random,1,log_translation_proxy,B3_historical_MFE,spacer_length,0.004666596364822652,100.0
random,1,log_translation_proxy,B3_historical_MFE,spacer_optimal,0.04471572294515196,100.0
random,1,log_translation_proxy,B3_historical_MFE,score_sd,0.32580169389957975,100.0
random,1,log_translation_proxy,B3_historical_MFE,sd_spacing,-0.3445267394175551,100.0
random,1,log_translation_proxy,B3_historical_MFE,sd_spacing_optimal,-0.33058103378884535,100.0
random,1,log_translation_proxy,B3_historical_MFE,legacy_promoter_tail_mfe,0.15045497236634245,100.0
random,1,log_translation_proxy,B6_TSS_accessibility,gc_promoter,0.32779833395581315,31.622776601683793
random,1,log_translation_proxy,B6_TSS_accessibility,gc_rbs,-0.16069550053967133,31.622776601683793
random,1,log_translation_proxy,B6_TSS_accessibility,score_minus10,-0.1746183113913422,31.622776601683793
random,1,log_translation_proxy,B6_TSS_accessibility,score_minus35,-0.14029219285918473,31.622776601683793
random,1,log_translation_proxy,B6_TSS_accessibility,spacer_length,0.016931753702875876,31.622776601683793
random,1,log_translation_proxy,B6_TSS_accessibility,spacer_optimal,0.03807593134851958,31.622776601683793
random,1,log_translation_proxy,B6_TSS_accessibility,score_sd,0.35625274303597354,31.622776601683793
random,1,log_translation_proxy,B6_TSS_accessibility,sd_spacing,-0.3016174949764109,31.622776601683793
random,1,log_translation_proxy,B6_TSS_accessibility,sd_spacing_optimal,-0.36266732776213106,31.622776601683793
random,1,log_translation_proxy,B6_TSS_accessibility,sd_unpaired_probability,-0.025603344225568193,31.622776601683793
random,1,log_translation_proxy,B6_TSS_accessibility,start_unpaired_probability,-0.10370790024159925,31.622776601683793
random,1,log_translation_proxy,B6_TSS_accessibility,sd_start_opening_energy,-0.26372044699082936,31.622776601683793
random,1,log_prot,B4_sequence_only,gc_promoter,-0.912699659105001,1e-05
random,1,log_prot,B4_sequence_only,gc_rbs,-0.25154471288852576,1e-05
random,1,log_prot,B4_sequence_only,score_minus10,0.33307568685721645,1e-05
random,1,log_prot,B4_sequence_only,score_minus35,0.47211231129210296,1e-05
random,1,log_prot,B4_sequence_only,spacer_length,-0.20167654051576792,1e-05
random,1,log_prot,B4_sequence_only,spacer_optimal,0.21186625507807236,1e-05
random,1,log_prot,B4_sequence_only,score_sd,0.40846585901791455,1e-05
random,1,log_prot,B4_sequence_only,sd_spacing,-0.5625706940111471,1e-05
random,1,log_prot,B4_sequence_only,sd_spacing_optimal,-0.49612108688836076,1e-05
random,1,log_prot,B3_historical_MFE,gc_promoter,-0.9411001217507055,1e-05
random,1,log_prot,B3_historical_MFE,gc_rbs,-0.26176559922105636,1e-05
random,1,log_prot,B3_historical_MFE,score_minus10,0.3219298606233604,1e-05
random,1,log_prot,B3_historical_MFE,score_minus35,0.471778054720132,1e-05
random,1,log_prot,B3_historical_MFE,spacer_length,-0.20014957226852437,1e-05
random,1,log_prot,B3_historical_MFE,spacer_optimal,0.21484737802618295,1e-05
random,1,log_prot,B3_historical_MFE,score_sd,0.4069515302574813,1e-05
random,1,log_prot,B3_historical_MFE,sd_spacing,-0.5612653845216801,1e-05
random,1,log_prot,B3_historical_MFE,sd_spacing_optimal,-0.4986186490874279,1e-05
random,1,log_prot,B3_historical_MFE,legacy_promoter_tail_mfe,-0.059941003383690725,1e-05
random,1,log_prot,B6_TSS_accessibility,gc_promoter,-0.9124362898436533,1e-05
random,1,log_prot,B6_TSS_accessibility,gc_rbs,-0.1864919890643847,1e-05
random,1,log_prot,B6_TSS_accessibility,score_minus10,0.3357394313557803,1e-05
random,1,log_prot,B6_TSS_accessibility,score_minus35,0.46661894841558116,1e-05
random,1,log_prot,B6_TSS_accessibility,spacer_length,-0.1990297024540581,1e-05
random,1,log_prot,B6_TSS_accessibility,spacer_optimal,0.2010975821358498,1e-05
random,1,log_prot,B6_TSS_accessibility,score_sd,0.4323442886794786,1e-05
random,1,log_prot,B6_TSS_accessibility,sd_spacing,-0.5689972013505779,1e-05
random,1,log_prot,B6_TSS_accessibility,sd_spacing_optimal,-0.5283145422325476,1e-05
random,1,log_prot,B6_TSS_accessibility,sd_unpaired_probability,0.006465302609052744,1e-05
random,1,log_prot,B6_TSS_accessibility,start_unpaired_probability,0.012236829867151256,1e-05
random,1,log_prot,B6_TSS_accessibility,sd_start_opening_energy,-0.2677662219994389,1e-05
random,2,log_translation_proxy,B4_sequence_only,gc_promoter,0.31677122981005346,31.622776601683793
random,2,log_translation_proxy,B4_sequence_only,gc_rbs,-0.22317548246352004,31.622776601683793
random,2,log_translation_proxy,B4_sequence_only,score_minus10,-0.17470517974999566,31.622776601683793
random,2,log_translation_proxy,B4_sequence_only,score_minus35,-0.13409178858765092,31.622776601683793
random,2,log_translation_proxy,B4_sequence_only,spacer_length,0.001797245389085659,31.622776601683793
random,2,log_translation_proxy,B4_sequence_only,spacer_optimal,0.05129114086296946,31.622776601683793
random,2,log_translation_proxy,B4_sequence_only,score_sd,0.33486614395327596,31.622776601683793
random,2,log_translation_proxy,B4_sequence_only,sd_spacing,-0.37627463687142426,31.622776601683793
random,2,log_translation_proxy,B4_sequence_only,sd_spacing_optimal,-0.3654071726706583,31.622776601683793
random,2,log_translation_proxy,B3_historical_MFE,gc_promoter,0.39773345569398477,31.622776601683793
random,2,log_translation_proxy,B3_historical_MFE,gc_rbs,-0.19314930925071694,31.622776601683793
random,2,log_translation_proxy,B3_historical_MFE,score_minus10,-0.1433793072607338,31.622776601683793
random,2,log_translation_proxy,B3_historical_MFE,score_minus35,-0.1334092702075813,31.622776601683793
random,2,log_translation_proxy,B3_historical_MFE,spacer_length,-0.000600032356809695,31.622776601683793
random,2,log_translation_proxy,B3_historical_MFE,spacer_optimal,0.0409203634602968,31.622776601683793
random,2,log_translation_proxy,B3_historical_MFE,score_sd,0.34166933907719627,31.622776601683793
random,2,log_translation_proxy,B3_historical_MFE,sd_spacing,-0.38213245203142504,31.622776601683793
random,2,log_translation_proxy,B3_historical_MFE,sd_spacing_optimal,-0.3617508855815319,31.622776601683793
random,2,log_translation_proxy,B3_historical_MFE,legacy_promoter_tail_mfe,0.1678791076524304,31.622776601683793
random,2,log_translation_proxy,B6_TSS_accessibility,gc_promoter,0.32094140560251794,31.622776601683793
random,2,log_translation_proxy,B6_TSS_accessibility,gc_rbs,-0.1613612755849418,31.622776601683793
random,2,log_translation_proxy,B6_TSS_accessibility,score_minus10,-0.16947279750428096,31.622776601683793
random,2,log_translation_proxy,B6_TSS_accessibility,score_minus35,-0.14093468113506663,31.622776601683793
random,2,log_translation_proxy,B6_TSS_accessibility,spacer_length,0.008961327744127825,31.622776601683793
random,2,log_translation_proxy,B6_TSS_accessibility,spacer_optimal,0.036618922863820895,31.622776601683793
random,2,log_translation_proxy,B6_TSS_accessibility,score_sd,0.369212409820333,31.622776601683793
random,2,log_translation_proxy,B6_TSS_accessibility,sd_spacing,-0.3090456740070747,31.622776601683793
random,2,log_translation_proxy,B6_TSS_accessibility,sd_spacing_optimal,-0.364931329247656,31.622776601683793
random,2,log_translation_proxy,B6_TSS_accessibility,sd_unpaired_probability,-0.02032114200241114,31.622776601683793
random,2,log_translation_proxy,B6_TSS_accessibility,start_unpaired_probability,-0.10590626619415429,31.622776601683793
random,2,log_translation_proxy,B6_TSS_accessibility,sd_start_opening_energy,-0.2683229977843584,31.622776601683793
random,2,log_prot,B4_sequence_only,gc_promoter,-0.9010234819972964,1e-05
random,2,log_prot,B4_sequence_only,gc_rbs,-0.2483788644081907,1e-05
random,2,log_prot,B4_sequence_only,score_minus10,0.3272600453257131,1e-05
random,2,log_prot,B4_sequence_only,score_minus35,0.4603338997632041,1e-05
random,2,log_prot,B4_sequence_only,spacer_length,-0.18973453511882257,1e-05
random,2,log_prot,B4_sequence_only,spacer_optimal,0.21424331579620431,1e-05
random,2,log_prot,B4_sequence_only,score_sd,0.41995466580831153,1e-05
random,2,log_prot,B4_sequence_only,sd_spacing,-0.542865335588424,1e-05
random,2,log_prot,B4_sequence_only,sd_spacing_optimal,-0.46873233434277767,1e-05
random,2,log_prot,B3_historical_MFE,gc_promoter,-0.9262096200473662,1e-05
random,2,log_prot,B3_historical_MFE,gc_rbs,-0.25770294185464543,1e-05
random,2,log_prot,B3_historical_MFE,score_minus10,0.31745606211082594,1e-05
random,2,log_prot,B3_historical_MFE,score_minus35,0.46009764770851885,1e-05
random,2,log_prot,B3_historical_MFE,spacer_length,-0.18904114680464398,1e-05
random,2,log_prot,B3_historical_MFE,spacer_optimal,0.21759403722234172,1e-05
random,2,log_prot,B3_historical_MFE,score_sd,0.4178461576479122,1e-05
random,2,log_prot,B3_historical_MFE,sd_spacing,-0.5410222791497487,1e-05
random,2,log_prot,B3_historical_MFE,sd_spacing_optimal,-0.4698403432162745,1e-05
random,2,log_prot,B3_historical_MFE,legacy_promoter_tail_mfe,-0.051900485010718526,1e-05
random,2,log_prot,B6_TSS_accessibility,gc_promoter,-0.8968613796587169,1e-05
random,2,log_prot,B6_TSS_accessibility,gc_rbs,-0.18395548929935746,1e-05
random,2,log_prot,B6_TSS_accessibility,score_minus10,0.33198023016750794,1e-05
random,2,log_prot,B6_TSS_accessibility,score_minus35,0.45553903484452074,1e-05
random,2,log_prot,B6_TSS_accessibility,spacer_length,-0.18623854944072574,1e-05
random,2,log_prot,B6_TSS_accessibility,spacer_optimal,0.20056720222042185,1e-05
random,2,log_prot,B6_TSS_accessibility,score_sd,0.4464864025428285,1e-05
random,2,log_prot,B6_TSS_accessibility,sd_spacing,-0.5421755279289472,1e-05
random,2,log_prot,B6_TSS_accessibility,sd_spacing_optimal,-0.4961887710087798,1e-05
random,2,log_prot,B6_TSS_accessibility,sd_unpaired_probability,0.011948186403777022,1e-05
random,2,log_prot,B6_TSS_accessibility,start_unpaired_probability,0.002241845371660489,1e-05
random,2,log_prot,B6_TSS_accessibility,sd_start_opening_energy,-0.2694976101240055,1e-05
random,3,log_translation_proxy,B4_sequence_only,gc_promoter,0.32628913167966145,31.622776601683793
random,3,log_translation_proxy,B4_sequence_only,gc_rbs,-0.23038845025795565,31.622776601683793
random,3,log_translation_proxy,B4_sequence_only,score_minus10,-0.17517995704271278,31.622776601683793
random,3,log_translation_proxy,B4_sequence_only,score_minus35,-0.1405074917470586,31.622776601683793
random,3,log_translation_proxy,B4_sequence_only,spacer_length,0.018480307865705373,31.622776601683793
random,3,log_translation_proxy,B4_sequence_only,spacer_optimal,0.03827730798928906,31.622776601683793
random,3,log_translation_proxy,B4_sequence_only,score_sd,0.34094432558630894,31.622776601683793
random,3,log_translation_proxy,B4_sequence_only,sd_spacing,-0.3814654633893616,31.622776601683793
random,3,log_translation_proxy,B4_sequence_only,sd_spacing_optimal,-0.38496297796393364,31.622776601683793
random,3,log_translation_proxy,B3_historical_MFE,gc_promoter,0.3938639439869414,100.0
random,3,log_translation_proxy,B3_historical_MFE,gc_rbs,-0.2073687302843498,100.0
random,3,log_translation_proxy,B3_historical_MFE,score_minus10,-0.14723391449972653,100.0
random,3,log_translation_proxy,B3_historical_MFE,score_minus35,-0.1376171711081948,100.0
random,3,log_translation_proxy,B3_historical_MFE,spacer_length,0.01364759627883142,100.0
random,3,log_translation_proxy,B3_historical_MFE,spacer_optimal,0.031196269166563196,100.0
random,3,log_translation_proxy,B3_historical_MFE,score_sd,0.3458509616383004,100.0
random,3,log_translation_proxy,B3_historical_MFE,sd_spacing,-0.35988557476907945,100.0
random,3,log_translation_proxy,B3_historical_MFE,sd_spacing_optimal,-0.35662258233420235,100.0
random,3,log_translation_proxy,B3_historical_MFE,legacy_promoter_tail_mfe,0.14807671204371234,100.0
random,3,log_translation_proxy,B6_TSS_accessibility,gc_promoter,0.32926502187260803,10.0
random,3,log_translation_proxy,B6_TSS_accessibility,gc_rbs,-0.16906803425549502,10.0
random,3,log_translation_proxy,B6_TSS_accessibility,score_minus10,-0.17173285973590252,10.0
random,3,log_translation_proxy,B6_TSS_accessibility,score_minus35,-0.14703668242998574,10.0
random,3,log_translation_proxy,B6_TSS_accessibility,spacer_length,0.023679310218009616,10.0
random,3,log_translation_proxy,B6_TSS_accessibility,spacer_optimal,0.026963861410922097,10.0
random,3,log_translation_proxy,B6_TSS_accessibility,score_sd,0.37539664385605553,10.0
random,3,log_translation_proxy,B6_TSS_accessibility,sd_spacing,-0.3222647930167284,10.0
random,3,log_translation_proxy,B6_TSS_accessibility,sd_spacing_optimal,-0.3952571933434373,10.0
random,3,log_translation_proxy,B6_TSS_accessibility,sd_unpaired_probability,-0.030812744502141304,10.0
random,3,log_translation_proxy,B6_TSS_accessibility,start_unpaired_probability,-0.09355802407880123,10.0
random,3,log_translation_proxy,B6_TSS_accessibility,sd_start_opening_energy,-0.2656262395127902,10.0
random,3,log_prot,B4_sequence_only,gc_promoter,-0.8909289007544223,1e-05
random,3,log_prot,B4_sequence_only,gc_rbs,-0.23967252301122222,1e-05
random,3,log_prot,B4_sequence_only,score_minus10,0.33884174162080455,1e-05
random,3,log_prot,B4_sequence_only,score_minus35,0.4579502099730297,1e-05
random,3,log_prot,B4_sequence_only,spacer_length,-0.1891160637149051,1e-05
random,3,log_prot,B4_sequence_only,spacer_optimal,0.2096692809637756,1e-05
random,3,log_prot,B4_sequence_only,score_sd,0.4358579371626685,1e-05
random,3,log_prot,B4_sequence_only,sd_spacing,-0.5499567562786492,1e-05
random,3,log_prot,B4_sequence_only,sd_spacing_optimal,-0.5078322423646762,1e-05
random,3,log_prot,B3_historical_MFE,gc_promoter,-0.921874998661699,1e-05
random,3,log_prot,B3_historical_MFE,gc_rbs,-0.2506983490493573,1e-05
random,3,log_prot,B3_historical_MFE,score_minus10,0.3267699940203428,1e-05
random,3,log_prot,B3_historical_MFE,score_minus35,0.4573194892644433,1e-05
random,3,log_prot,B3_historical_MFE,spacer_length,-0.1874434545823947,1e-05
random,3,log_prot,B3_historical_MFE,spacer_optimal,0.2132082134211061,1e-05
random,3,log_prot,B3_historical_MFE,score_sd,0.4331474472007026,1e-05
random,3,log_prot,B3_historical_MFE,sd_spacing,-0.5487434927539502,1e-05
random,3,log_prot,B3_historical_MFE,sd_spacing_optimal,-0.5094964204541871,1e-05
random,3,log_prot,B3_historical_MFE,legacy_promoter_tail_mfe,-0.06455139241518403,1e-05
random,3,log_prot,B6_TSS_accessibility,gc_promoter,-0.8904823261822583,1e-05
random,3,log_prot,B6_TSS_accessibility,gc_rbs,-0.1773960269459253,1e-05
random,3,log_prot,B6_TSS_accessibility,score_minus10,0.34103672932358575,1e-05
random,3,log_prot,B6_TSS_accessibility,score_minus35,0.4540945640209268,1e-05
random,3,log_prot,B6_TSS_accessibility,spacer_length,-0.18958000022099902,1e-05
random,3,log_prot,B6_TSS_accessibility,spacer_optimal,0.20066156605344004,1e-05
random,3,log_prot,B6_TSS_accessibility,score_sd,0.46136284818262735,1e-05
random,3,log_prot,B6_TSS_accessibility,sd_spacing,-0.5547643152895797,1e-05
random,3,log_prot,B6_TSS_accessibility,sd_spacing_optimal,-0.539569156315724,1e-05
random,3,log_prot,B6_TSS_accessibility,sd_unpaired_probability,0.007752769175523841,1e-05
random,3,log_prot,B6_TSS_accessibility,start_unpaired_probability,0.015593810784495564,1e-05
random,3,log_prot,B6_TSS_accessibility,sd_start_opening_energy,-0.2640100209212008,1e-05
random,4,log_translation_proxy,B4_sequence_only,gc_promoter,0.3268593800811484,31.622776601683793
random,4,log_translation_proxy,B4_sequence_only,gc_rbs,-0.2213859644891927,31.622776601683793
random,4,log_translation_proxy,B4_sequence_only,score_minus10,-0.182555363180364,31.622776601683793
random,4,log_translation_proxy,B4_sequence_only,score_minus35,-0.12486880526300086,31.622776601683793
random,4,log_translation_proxy,B4_sequence_only,spacer_length,0.03174184851357315,31.622776601683793
random,4,log_translation_proxy,B4_sequence_only,spacer_optimal,0.028500912874009608,31.622776601683793
random,4,log_translation_proxy,B4_sequence_only,score_sd,0.33359363391640284,31.622776601683793
random,4,log_translation_proxy,B4_sequence_only,sd_spacing,-0.4019830710535538,31.622776601683793
random,4,log_translation_proxy,B4_sequence_only,sd_spacing_optimal,-0.3975510593327225,31.622776601683793
random,4,log_translation_proxy,B3_historical_MFE,gc_promoter,0.3987971942521874,100.0
random,4,log_translation_proxy,B3_historical_MFE,gc_rbs,-0.19704576560848439,100.0
random,4,log_translation_proxy,B3_historical_MFE,score_minus10,-0.15132943688815553,100.0
random,4,log_translation_proxy,B3_historical_MFE,score_minus35,-0.12179370239857175,100.0
random,4,log_translation_proxy,B3_historical_MFE,spacer_length,0.02800133615420649,100.0
random,4,log_translation_proxy,B3_historical_MFE,spacer_optimal,0.019859876950734903,100.0
random,4,log_translation_proxy,B3_historical_MFE,score_sd,0.33696866444281404,100.0
random,4,log_translation_proxy,B3_historical_MFE,sd_spacing,-0.3797792402905252,100.0
random,4,log_translation_proxy,B3_historical_MFE,sd_spacing_optimal,-0.3674712201871897,100.0
random,4,log_translation_proxy,B3_historical_MFE,legacy_promoter_tail_mfe,0.15864990244886223,100.0
random,4,log_translation_proxy,B6_TSS_accessibility,gc_promoter,0.32955209704763266,10.0
random,4,log_translation_proxy,B6_TSS_accessibility,gc_rbs,-0.15982917114416836,10.0
random,4,log_translation_proxy,B6_TSS_accessibility,score_minus10,-0.1762263282351339,10.0
random,4,log_translation_proxy,B6_TSS_accessibility,score_minus35,-0.1342184251155126,10.0
random,4,log_translation_proxy,B6_TSS_accessibility,spacer_length,0.041059585544600825,10.0
random,4,log_translation_proxy,B6_TSS_accessibility,spacer_optimal,0.013252753593530526,10.0
random,4,log_translation_proxy,B6_TSS_accessibility,score_sd,0.36642203048670124,10.0
random,4,log_translation_proxy,B6_TSS_accessibility,sd_spacing,-0.3395654855384068,10.0
random,4,log_translation_proxy,B6_TSS_accessibility,sd_spacing_optimal,-0.4030771024706986,10.0
random,4,log_translation_proxy,B6_TSS_accessibility,sd_unpaired_probability,-0.024502170059194004,10.0
random,4,log_translation_proxy,B6_TSS_accessibility,start_unpaired_probability,-0.10633109911596758,10.0
random,4,log_translation_proxy,B6_TSS_accessibility,sd_start_opening_energy,-0.26525034893832433,10.0
random,4,log_prot,B4_sequence_only,gc_promoter,-0.8952905366148881,1e-05
random,4,log_prot,B4_sequence_only,gc_rbs,-0.26302207208292705,1e-05
random,4,log_prot,B4_sequence_only,score_minus10,0.3218589773164931,1e-05
random,4,log_prot,B4_sequence_only,score_minus35,0.469429565458013,1e-05
random,4,log_prot,B4_sequence_only,spacer_length,-0.16332480561569984,1e-05
random,4,log_prot,B4_sequence_only,spacer_optimal,0.20742432358777105,1e-05
random,4,log_prot,B4_sequence_only,score_sd,0.42233521621810466,1e-05
random,4,log_prot,B4_sequence_only,sd_spacing,-0.5443885904447737,1e-05
random,4,log_prot,B4_sequence_only,sd_spacing_optimal,-0.4840590803711223,1e-05
random,4,log_prot,B3_historical_MFE,gc_promoter,-0.9245362888519278,1e-05
random,4,log_prot,B3_historical_MFE,gc_rbs,-0.27342594412106463,1e-05
random,4,log_prot,B3_historical_MFE,score_minus10,0.3098797977724727,1e-05
random,4,log_prot,B3_historical_MFE,score_minus35,0.4687408300780416,1e-05
random,4,log_prot,B3_historical_MFE,spacer_length,-0.16236563577226573,1e-05
random,4,log_prot,B3_historical_MFE,spacer_optimal,0.2113122508134024,1e-05
random,4,log_prot,B3_historical_MFE,score_sd,0.4205961596261228,1e-05
random,4,log_prot,B3_historical_MFE,sd_spacing,-0.54312340819381,1e-05
random,4,log_prot,B3_historical_MFE,sd_spacing_optimal,-0.485864169324962,1e-05
random,4,log_prot,B3_historical_MFE,legacy_promoter_tail_mfe,-0.061542830599227244,1e-05
random,4,log_prot,B6_TSS_accessibility,gc_promoter,-0.8939051302063971,1e-05
random,4,log_prot,B6_TSS_accessibility,gc_rbs,-0.19965971766090465,1e-05
random,4,log_prot,B6_TSS_accessibility,score_minus10,0.32683859686262495,1e-05
random,4,log_prot,B6_TSS_accessibility,score_minus35,0.46312109268584867,1e-05
random,4,log_prot,B6_TSS_accessibility,spacer_length,-0.1591278867835909,1e-05
random,4,log_prot,B6_TSS_accessibility,spacer_optimal,0.19473700686704762,1e-05
random,4,log_prot,B6_TSS_accessibility,score_sd,0.44686920878251807,1e-05
random,4,log_prot,B6_TSS_accessibility,sd_spacing,-0.5375320418512072,1e-05
random,4,log_prot,B6_TSS_accessibility,sd_spacing_optimal,-0.5095114130389912,1e-05
random,4,log_prot,B6_TSS_accessibility,sd_unpaired_probability,-0.0001712811239655201,1e-05
random,4,log_prot,B6_TSS_accessibility,start_unpaired_probability,0.021079346662945222,1e-05
random,4,log_prot,B6_TSS_accessibility,sd_start_opening_energy,-0.2790194016653091,1e-05
promoter_holdout,0,log_translation_proxy,B4_sequence_only,gc_promoter,0.38651045206065904,316.22776601683796
promoter_holdout,0,log_translation_proxy,B4_sequence_only,gc_rbs,-0.2344216453679896,316.22776601683796
promoter_holdout,0,log_translation_proxy,B4_sequence_only,score_minus10,-0.16659415934140467,316.22776601683796
promoter_holdout,0,log_translation_proxy,B4_sequence_only,score_minus35,-0.16225165263346747,316.22776601683796
promoter_holdout,0,log_translation_proxy,B4_sequence_only,spacer_length,-0.040963470309790466,316.22776601683796
promoter_holdout,0,log_translation_proxy,B4_sequence_only,spacer_optimal,0.08242883853244345,316.22776601683796
promoter_holdout,0,log_translation_proxy,B4_sequence_only,score_sd,0.32419906821336025,316.22776601683796
promoter_holdout,0,log_translation_proxy,B4_sequence_only,sd_spacing,-0.2796035396551069,316.22776601683796
promoter_holdout,0,log_translation_proxy,B4_sequence_only,sd_spacing_optimal,-0.27597445039686735,316.22776601683796
promoter_holdout,0,log_translation_proxy,B3_historical_MFE,gc_promoter,0.4459685749487847,316.22776601683796
promoter_holdout,0,log_translation_proxy,B3_historical_MFE,gc_rbs,-0.20960248690329109,316.22776601683796
promoter_holdout,0,log_translation_proxy,B3_historical_MFE,score_minus10,-0.13952844630861239,316.22776601683796
promoter_holdout,0,log_translation_proxy,B3_historical_MFE,score_minus35,-0.1621077894031438,316.22776601683796
promoter_holdout,0,log_translation_proxy,B3_historical_MFE,spacer_length,-0.04926249430690594,316.22776601683796
promoter_holdout,0,log_translation_proxy,B3_historical_MFE,spacer_optimal,0.0806429307659484,316.22776601683796
promoter_holdout,0,log_translation_proxy,B3_historical_MFE,score_sd,0.3297390403760929,316.22776601683796
promoter_holdout,0,log_translation_proxy,B3_historical_MFE,sd_spacing,-0.28317920320011325,316.22776601683796
promoter_holdout,0,log_translation_proxy,B3_historical_MFE,sd_spacing_optimal,-0.27184178958918814,316.22776601683796
promoter_holdout,0,log_translation_proxy,B3_historical_MFE,legacy_promoter_tail_mfe,0.1441669722130747,316.22776601683796
promoter_holdout,0,log_translation_proxy,B6_TSS_accessibility,gc_promoter,0.3863097941048567,316.22776601683796
promoter_holdout,0,log_translation_proxy,B6_TSS_accessibility,gc_rbs,-0.17662329193588647,316.22776601683796
promoter_holdout,0,log_translation_proxy,B6_TSS_accessibility,score_minus10,-0.15931298334520402,316.22776601683796
promoter_holdout,0,log_translation_proxy,B6_TSS_accessibility,score_minus35,-0.17559457087503827,316.22776601683796
promoter_holdout,0,log_translation_proxy,B6_TSS_accessibility,spacer_length,-0.02758363815831443,316.22776601683796
promoter_holdout,0,log_translation_proxy,B6_TSS_accessibility,spacer_optimal,0.055805376993392664,316.22776601683796
promoter_holdout,0,log_translation_proxy,B6_TSS_accessibility,score_sd,0.3576430424475904,316.22776601683796
promoter_holdout,0,log_translation_proxy,B6_TSS_accessibility,sd_spacing,-0.21108775489130127,316.22776601683796
promoter_holdout,0,log_translation_proxy,B6_TSS_accessibility,sd_spacing_optimal,-0.2835627659127371,316.22776601683796
promoter_holdout,0,log_translation_proxy,B6_TSS_accessibility,sd_unpaired_probability,-0.0547901845897855,316.22776601683796
promoter_holdout,0,log_translation_proxy,B6_TSS_accessibility,start_unpaired_probability,-0.06440139579227921,316.22776601683796
promoter_holdout,0,log_translation_proxy,B6_TSS_accessibility,sd_start_opening_energy,-0.2821131428917364,316.22776601683796
promoter_holdout,0,log_prot,B4_sequence_only,gc_promoter,-0.8981252009391085,316.22776601683796
promoter_holdout,0,log_prot,B4_sequence_only,gc_rbs,-0.2722909739919289,316.22776601683796
promoter_holdout,0,log_prot,B4_sequence_only,score_minus10,0.291004003676323,316.22776601683796
promoter_holdout,0,log_prot,B4_sequence_only,score_minus35,0.47867574508679267,316.22776601683796
promoter_holdout,0,log_prot,B4_sequence_only,spacer_length,-0.11066013304082552,316.22776601683796
promoter_holdout,0,log_prot,B4_sequence_only,spacer_optimal,0.11959751845588097,316.22776601683796
promoter_holdout,0,log_prot,B4_sequence_only,score_sd,0.41214021412677854,316.22776601683796
promoter_holdout,0,log_prot,B4_sequence_only,sd_spacing,-0.4006048812377701,316.22776601683796
promoter_holdout,0,log_prot,B4_sequence_only,sd_spacing_optimal,-0.34359645533350663,316.22776601683796
promoter_holdout,0,log_prot,B3_historical_MFE,gc_promoter,-0.8986970964469615,316.22776601683796
promoter_holdout,0,log_prot,B3_historical_MFE,gc_rbs,-0.2725296960461277,316.22776601683796
promoter_holdout,0,log_prot,B3_historical_MFE,score_minus10,0.2907436732294736,316.22776601683796
promoter_holdout,0,log_prot,B3_historical_MFE,score_minus35,0.4786743613442328,316.22776601683796
promoter_holdout,0,log_prot,B3_historical_MFE,spacer_length,-0.11058030922007617,316.22776601683796
promoter_holdout,0,log_prot,B3_historical_MFE,spacer_optimal,0.11961469613622953,316.22776601683796
promoter_holdout,0,log_prot,B3_historical_MFE,score_sd,0.4120869281325425,316.22776601683796
promoter_holdout,0,log_prot,B3_historical_MFE,sd_spacing,-0.40057048886512775,316.22776601683796
promoter_holdout,0,log_prot,B3_historical_MFE,sd_spacing_optimal,-0.34363620516139537,316.22776601683796
promoter_holdout,0,log_prot,B3_historical_MFE,legacy_promoter_tail_mfe,-0.001386664088682285,316.22776601683796
promoter_holdout,0,log_prot,B6_TSS_accessibility,gc_promoter,-0.8990197326325469,316.22776601683796
promoter_holdout,0,log_prot,B6_TSS_accessibility,gc_rbs,-0.21405669854614098,316.22776601683796
promoter_holdout,0,log_prot,B6_TSS_accessibility,score_minus10,0.2995968924645146,316.22776601683796
promoter_holdout,0,log_prot,B6_TSS_accessibility,score_minus35,0.4672019242807692,316.22776601683796
promoter_holdout,0,log_prot,B6_TSS_accessibility,spacer_length,-0.09996320226999278,316.22776601683796
promoter_holdout,0,log_prot,B6_TSS_accessibility,spacer_optimal,0.09258330038034321,316.22776601683796
promoter_holdout,0,log_prot,B6_TSS_accessibility,score_sd,0.44136970007943277,316.22776601683796
promoter_holdout,0,log_prot,B6_TSS_accessibility,sd_spacing,-0.3664314761673913,316.22776601683796
promoter_holdout,0,log_prot,B6_TSS_accessibility,sd_spacing_optimal,-0.36151211066101996,316.22776601683796
promoter_holdout,0,log_prot,B6_TSS_accessibility,sd_unpaired_probability,-0.027195817892460814,316.22776601683796
promoter_holdout,0,log_prot,B6_TSS_accessibility,start_unpaired_probability,-0.01816540274030644,316.22776601683796
promoter_holdout,0,log_prot,B6_TSS_accessibility,sd_start_opening_energy,-0.2727670549057466,316.22776601683796
promoter_holdout,1,log_translation_proxy,B4_sequence_only,gc_promoter,0.26835176538856326,1000.0
promoter_holdout,1,log_translation_proxy,B4_sequence_only,gc_rbs,-0.22882896351294604,1000.0
promoter_holdout,1,log_translation_proxy,B4_sequence_only,score_minus10,-0.1502905784999155,1000.0
promoter_holdout,1,log_translation_proxy,B4_sequence_only,score_minus35,-0.09685961153616006,1000.0
promoter_holdout,1,log_translation_proxy,B4_sequence_only,spacer_length,0.016167705988792313,1000.0
promoter_holdout,1,log_translation_proxy,B4_sequence_only,spacer_optimal,0.007328073125146255,1000.0
promoter_holdout,1,log_translation_proxy,B4_sequence_only,score_sd,0.3115864664578765,1000.0
promoter_holdout,1,log_translation_proxy,B4_sequence_only,sd_spacing,-0.21144208342694262,1000.0
promoter_holdout,1,log_translation_proxy,B4_sequence_only,sd_spacing_optimal,-0.19456922797931023,1000.0
promoter_holdout,1,log_translation_proxy,B3_historical_MFE,gc_promoter,0.3167633137110587,1000.0
promoter_holdout,1,log_translation_proxy,B3_historical_MFE,gc_rbs,-0.20968823558145958,1000.0
promoter_holdout,1,log_translation_proxy,B3_historical_MFE,score_minus10,-0.134514506473267,1000.0
promoter_holdout,1,log_translation_proxy,B3_historical_MFE,score_minus35,-0.09507016142871529,1000.0
promoter_holdout,1,log_translation_proxy,B3_historical_MFE,spacer_length,0.012845724399335347,1000.0
promoter_holdout,1,log_translation_proxy,B3_historical_MFE,spacer_optimal,0.011945347788972103,1000.0
promoter_holdout,1,log_translation_proxy,B3_historical_MFE,score_sd,0.31543857171413653,1000.0
promoter_holdout,1,log_translation_proxy,B3_historical_MFE,sd_spacing,-0.21322640724842684,1000.0
promoter_holdout,1,log_translation_proxy,B3_historical_MFE,sd_spacing_optimal,-0.19135520520056243,1000.0
promoter_holdout,1,log_translation_proxy,B3_historical_MFE,legacy_promoter_tail_mfe,0.1232896843849085,1000.0
promoter_holdout,1,log_translation_proxy,B6_TSS_accessibility,gc_promoter,0.2674828741935547,1000.0
promoter_holdout,1,log_translation_proxy,B6_TSS_accessibility,gc_rbs,-0.17854432182560534,1000.0
promoter_holdout,1,log_translation_proxy,B6_TSS_accessibility,score_minus10,-0.14976793431251217,1000.0
promoter_holdout,1,log_translation_proxy,B6_TSS_accessibility,score_minus35,-0.10735811330249995,1000.0
promoter_holdout,1,log_translation_proxy,B6_TSS_accessibility,spacer_length,0.0193807387335406,1000.0
promoter_holdout,1,log_translation_proxy,B6_TSS_accessibility,spacer_optimal,0.001574119888634275,1000.0
promoter_holdout,1,log_translation_proxy,B6_TSS_accessibility,score_sd,0.3362863596415298,1000.0
promoter_holdout,1,log_translation_proxy,B6_TSS_accessibility,sd_spacing,-0.16739489390129256,1000.0
promoter_holdout,1,log_translation_proxy,B6_TSS_accessibility,sd_spacing_optimal,-0.20641839721779298,1000.0
promoter_holdout,1,log_translation_proxy,B6_TSS_accessibility,sd_unpaired_probability,-0.021740384338511304,1000.0
promoter_holdout,1,log_translation_proxy,B6_TSS_accessibility,start_unpaired_probability,-0.1074296920111993,1000.0
promoter_holdout,1,log_translation_proxy,B6_TSS_accessibility,sd_start_opening_energy,-0.22637774110205022,1000.0
promoter_holdout,1,log_prot,B4_sequence_only,gc_promoter,-0.8745331588817091,1e-05
promoter_holdout,1,log_prot,B4_sequence_only,gc_rbs,-0.24508190682095948,1e-05
promoter_holdout,1,log_prot,B4_sequence_only,score_minus10,0.31055565630268483,1e-05
promoter_holdout,1,log_prot,B4_sequence_only,score_minus35,0.44673803190080963,1e-05
promoter_holdout,1,log_prot,B4_sequence_only,spacer_length,-0.15569127924484963,1e-05
promoter_holdout,1,log_prot,B4_sequence_only,spacer_optimal,0.24625904323759829,1e-05
promoter_holdout,1,log_prot,B4_sequence_only,score_sd,0.41776083476390735,1e-05
promoter_holdout,1,log_prot,B4_sequence_only,sd_spacing,-0.5663706102517091,1e-05
promoter_holdout,1,log_prot,B4_sequence_only,sd_spacing_optimal,-0.49969170857951634,1e-05
promoter_holdout,1,log_prot,B3_historical_MFE,gc_promoter,-0.9016359903571772,1e-05
promoter_holdout,1,log_prot,B3_historical_MFE,gc_rbs,-0.2553149869086668,1e-05
promoter_holdout,1,log_prot,B3_historical_MFE,score_minus10,0.30002307822904833,1e-05
promoter_holdout,1,log_prot,B3_historical_MFE,score_minus35,0.44543027383810324,1e-05
promoter_holdout,1,log_prot,B3_historical_MFE,spacer_length,-0.15437026359545752,1e-05
promoter_holdout,1,log_prot,B3_historical_MFE,spacer_optimal,0.24678003399443793,1e-05
promoter_holdout,1,log_prot,B3_historical_MFE,score_sd,0.415743512172333,1e-05
promoter_holdout,1,log_prot,B3_historical_MFE,sd_spacing,-0.5652351574915705,1e-05
promoter_holdout,1,log_prot,B3_historical_MFE,sd_spacing_optimal,-0.5011472604705371,1e-05
promoter_holdout,1,log_prot,B3_historical_MFE,legacy_promoter_tail_mfe,-0.05835511547918293,1e-05
promoter_holdout,1,log_prot,B6_TSS_accessibility,gc_promoter,-0.871485158383364,1e-05
promoter_holdout,1,log_prot,B6_TSS_accessibility,gc_rbs,-0.1892691424655943,1e-05
promoter_holdout,1,log_prot,B6_TSS_accessibility,score_minus10,0.3104940825847263,1e-05
promoter_holdout,1,log_prot,B6_TSS_accessibility,score_minus35,0.44196152764342345,1e-05
promoter_holdout,1,log_prot,B6_TSS_accessibility,spacer_length,-0.15395756369537283,1e-05
promoter_holdout,1,log_prot,B6_TSS_accessibility,spacer_optimal,0.23588397892154886,1e-05
promoter_holdout,1,log_prot,B6_TSS_accessibility,score_sd,0.4421553721150203,1e-05
promoter_holdout,1,log_prot,B6_TSS_accessibility,sd_spacing,-0.5476164420541619,1e-05
promoter_holdout,1,log_prot,B6_TSS_accessibility,sd_spacing_optimal,-0.5186165837532964,1e-05
promoter_holdout,1,log_prot,B6_TSS_accessibility,sd_unpaired_probability,-0.02443229742552082,1e-05
promoter_holdout,1,log_prot,B6_TSS_accessibility,start_unpaired_probability,0.04281724428701058,1e-05
promoter_holdout,1,log_prot,B6_TSS_accessibility,sd_start_opening_energy,-0.269830929248417,1e-05
promoter_holdout,2,log_translation_proxy,B4_sequence_only,gc_promoter,0.2848410164852863,1000.0
promoter_holdout,2,log_translation_proxy,B4_sequence_only,gc_rbs,-0.2289006474125503,1000.0
promoter_holdout,2,log_translation_proxy,B4_sequence_only,score_minus10,-0.1521684206558614,1000.0
promoter_holdout,2,log_translation_proxy,B4_sequence_only,score_minus35,-0.09710460614531144,1000.0
promoter_holdout,2,log_translation_proxy,B4_sequence_only,spacer_length,0.03474474564155965,1000.0
promoter_holdout,2,log_translation_proxy,B4_sequence_only,spacer_optimal,0.03689059521089663,1000.0
promoter_holdout,2,log_translation_proxy,B4_sequence_only,score_sd,0.3134401278950496,1000.0
promoter_holdout,2,log_translation_proxy,B4_sequence_only,sd_spacing,-0.20443505693861286,1000.0
promoter_holdout,2,log_translation_proxy,B4_sequence_only,sd_spacing_optimal,-0.20561949470452312,1000.0
promoter_holdout,2,log_translation_proxy,B3_historical_MFE,gc_promoter,0.33580921823337606,1000.0
promoter_holdout,2,log_translation_proxy,B3_historical_MFE,gc_rbs,-0.21028237838574548,1000.0
promoter_holdout,2,log_translation_proxy,B3_historical_MFE,score_minus10,-0.1341806334004697,1000.0
promoter_holdout,2,log_translation_proxy,B3_historical_MFE,score_minus35,-0.10003998058526171,1000.0
promoter_holdout,2,log_translation_proxy,B3_historical_MFE,spacer_length,0.022575704901265283,1000.0
promoter_holdout,2,log_translation_proxy,B3_historical_MFE,spacer_optimal,0.03678647914976148,1000.0
promoter_holdout,2,log_translation_proxy,B3_historical_MFE,score_sd,0.3167426582303358,1000.0
promoter_holdout,2,log_translation_proxy,B3_historical_MFE,sd_spacing,-0.20694499079504286,1000.0
promoter_holdout,2,log_translation_proxy,B3_historical_MFE,sd_spacing_optimal,-0.20101972132795842,1000.0
promoter_holdout,2,log_translation_proxy,B3_historical_MFE,legacy_promoter_tail_mfe,0.1266064397875163,1000.0
promoter_holdout,2,log_translation_proxy,B6_TSS_accessibility,gc_promoter,0.2846279550315563,1000.0
promoter_holdout,2,log_translation_proxy,B6_TSS_accessibility,gc_rbs,-0.17812999590558015,1000.0
promoter_holdout,2,log_translation_proxy,B6_TSS_accessibility,score_minus10,-0.15368342309533306,1000.0
promoter_holdout,2,log_translation_proxy,B6_TSS_accessibility,score_minus35,-0.0972793133588346,1000.0
promoter_holdout,2,log_translation_proxy,B6_TSS_accessibility,spacer_length,0.045097007132191856,1000.0
promoter_holdout,2,log_translation_proxy,B6_TSS_accessibility,spacer_optimal,0.028811472705963646,1000.0
promoter_holdout,2,log_translation_proxy,B6_TSS_accessibility,score_sd,0.339666874394439,1000.0
promoter_holdout,2,log_translation_proxy,B6_TSS_accessibility,sd_spacing,-0.11573386662124778,1000.0
promoter_holdout,2,log_translation_proxy,B6_TSS_accessibility,sd_spacing_optimal,-0.20991003540804032,1000.0
promoter_holdout,2,log_translation_proxy,B6_TSS_accessibility,sd_unpaired_probability,-0.08612768274765022,1000.0
promoter_holdout,2,log_translation_proxy,B6_TSS_accessibility,start_unpaired_probability,-0.11113956918981448,1000.0
promoter_holdout,2,log_translation_proxy,B6_TSS_accessibility,sd_start_opening_energy,-0.2713036758555942,1000.0
promoter_holdout,2,log_prot,B4_sequence_only,gc_promoter,-0.9059823460065635,1e-05
promoter_holdout,2,log_prot,B4_sequence_only,gc_rbs,-0.2489216568214532,1e-05
promoter_holdout,2,log_prot,B4_sequence_only,score_minus10,0.3790982764721606,1e-05
promoter_holdout,2,log_prot,B4_sequence_only,score_minus35,0.470859745993578,1e-05
promoter_holdout,2,log_prot,B4_sequence_only,spacer_length,-0.2910366343394446,1e-05
promoter_holdout,2,log_prot,B4_sequence_only,spacer_optimal,0.23387831873776244,1e-05
promoter_holdout,2,log_prot,B4_sequence_only,score_sd,0.42836992251873474,1e-05
promoter_holdout,2,log_prot,B4_sequence_only,sd_spacing,-0.5484454305381394,1e-05
promoter_holdout,2,log_prot,B4_sequence_only,sd_spacing_optimal,-0.5076335638528858,1e-05
promoter_holdout,2,log_prot,B3_historical_MFE,gc_promoter,-0.9499852346355218,1e-05
promoter_holdout,2,log_prot,B3_historical_MFE,gc_rbs,-0.2646217890558605,1e-05
promoter_holdout,2,log_prot,B3_historical_MFE,score_minus10,0.36130252741862623,1e-05
promoter_holdout,2,log_prot,B3_historical_MFE,score_minus35,0.4734305320768681,1e-05
promoter_holdout,2,log_prot,B3_historical_MFE,spacer_length,-0.28156555590157184,1e-05
promoter_holdout,2,log_prot,B3_historical_MFE,spacer_optimal,0.23728959255413445,1e-05
promoter_holdout,2,log_prot,B3_historical_MFE,score_sd,0.4256770218293797,1e-05
promoter_holdout,2,log_prot,B3_historical_MFE,sd_spacing,-0.5463183144655039,1e-05
promoter_holdout,2,log_prot,B3_historical_MFE,sd_spacing_optimal,-0.5112970958010729,1e-05
promoter_holdout,2,log_prot,B3_historical_MFE,legacy_promoter_tail_mfe,-0.09476793999282195,1e-05
promoter_holdout,2,log_prot,B6_TSS_accessibility,gc_promoter,-0.9051735154683452,1e-05
promoter_holdout,2,log_prot,B6_TSS_accessibility,gc_rbs,-0.1811732926869312,1e-05
promoter_holdout,2,log_prot,B6_TSS_accessibility,score_minus10,0.37330301353964845,1e-05
promoter_holdout,2,log_prot,B6_TSS_accessibility,score_minus35,0.4705676875225346,1e-05
promoter_holdout,2,log_prot,B6_TSS_accessibility,spacer_length,-0.2820297172781816,1e-05
promoter_holdout,2,log_prot,B6_TSS_accessibility,spacer_optimal,0.22513175244458905,1e-05
promoter_holdout,2,log_prot,B6_TSS_accessibility,score_sd,0.45722367911552153,1e-05
promoter_holdout,2,log_prot,B6_TSS_accessibility,sd_spacing,-0.5217562788929244,1e-05
promoter_holdout,2,log_prot,B6_TSS_accessibility,sd_spacing_optimal,-0.5256245576808021,1e-05
promoter_holdout,2,log_prot,B6_TSS_accessibility,sd_unpaired_probability,-0.011750405333649808,1e-05
promoter_holdout,2,log_prot,B6_TSS_accessibility,start_unpaired_probability,0.0024612101134619175,1e-05
promoter_holdout,2,log_prot,B6_TSS_accessibility,sd_start_opening_energy,-0.30701534543526365,1e-05
promoter_holdout,3,log_translation_proxy,B4_sequence_only,gc_promoter,0.28935901773756745,316.22776601683796
promoter_holdout,3,log_translation_proxy,B4_sequence_only,gc_rbs,-0.23116365690886836,316.22776601683796
promoter_holdout,3,log_translation_proxy,B4_sequence_only,score_minus10,-0.1839952407790994,316.22776601683796
promoter_holdout,3,log_translation_proxy,B4_sequence_only,score_minus35,-0.11147837246929085,316.22776601683796
promoter_holdout,3,log_translation_proxy,B4_sequence_only,spacer_length,0.04089582543620055,316.22776601683796
promoter_holdout,3,log_translation_proxy,B4_sequence_only,spacer_optimal,0.047935612446651676,316.22776601683796
promoter_holdout,3,log_translation_proxy,B4_sequence_only,score_sd,0.32550863983158496,316.22776601683796
promoter_holdout,3,log_translation_proxy,B4_sequence_only,sd_spacing,-0.29204285796702656,316.22776601683796
promoter_holdout,3,log_translation_proxy,B4_sequence_only,sd_spacing_optimal,-0.28722623576788214,316.22776601683796
promoter_holdout,3,log_translation_proxy,B3_historical_MFE,gc_promoter,0.36335640333751495,316.22776601683796
promoter_holdout,3,log_translation_proxy,B3_historical_MFE,gc_rbs,-0.20478652676308265,316.22776601683796
promoter_holdout,3,log_translation_proxy,B3_historical_MFE,score_minus10,-0.15316607585581246,316.22776601683796
promoter_holdout,3,log_translation_proxy,B3_historical_MFE,score_minus35,-0.11203924206730559,316.22776601683796
promoter_holdout,3,log_translation_proxy,B3_historical_MFE,spacer_length,0.04333333595735816,316.22776601683796
promoter_holdout,3,log_translation_proxy,B3_historical_MFE,spacer_optimal,0.03549008250343224,316.22776601683796
promoter_holdout,3,log_translation_proxy,B3_historical_MFE,score_sd,0.33134520032744996,316.22776601683796
promoter_holdout,3,log_translation_proxy,B3_historical_MFE,sd_spacing,-0.2960436580524117,316.22776601683796
promoter_holdout,3,log_translation_proxy,B3_historical_MFE,sd_spacing_optimal,-0.2835395396743887,316.22776601683796
promoter_holdout,3,log_translation_proxy,B3_historical_MFE,legacy_promoter_tail_mfe,0.1546809120556309,316.22776601683796
promoter_holdout,3,log_translation_proxy,B6_TSS_accessibility,gc_promoter,0.2904348346555852,316.22776601683796
promoter_holdout,3,log_translation_proxy,B6_TSS_accessibility,gc_rbs,-0.17233207713709425,316.22776601683796
promoter_holdout,3,log_translation_proxy,B6_TSS_accessibility,score_minus10,-0.1793376179651361,316.22776601683796
promoter_holdout,3,log_translation_proxy,B6_TSS_accessibility,score_minus35,-0.12092480052971315,316.22776601683796
promoter_holdout,3,log_translation_proxy,B6_TSS_accessibility,spacer_length,0.04097243068847381,316.22776601683796
promoter_holdout,3,log_translation_proxy,B6_TSS_accessibility,spacer_optimal,0.044176334494874375,316.22776601683796
promoter_holdout,3,log_translation_proxy,B6_TSS_accessibility,score_sd,0.3576593408020195,316.22776601683796
promoter_holdout,3,log_translation_proxy,B6_TSS_accessibility,sd_spacing,-0.23627979982659064,316.22776601683796
promoter_holdout,3,log_translation_proxy,B6_TSS_accessibility,sd_spacing_optimal,-0.29229425079641647,316.22776601683796
promoter_holdout,3,log_translation_proxy,B6_TSS_accessibility,sd_unpaired_probability,-0.02390319709774544,316.22776601683796
promoter_holdout,3,log_translation_proxy,B6_TSS_accessibility,start_unpaired_probability,-0.10010546861780191,316.22776601683796
promoter_holdout,3,log_translation_proxy,B6_TSS_accessibility,sd_start_opening_energy,-0.25721029754306013,316.22776601683796
promoter_holdout,3,log_prot,B4_sequence_only,gc_promoter,-0.834490059480669,1e-05
promoter_holdout,3,log_prot,B4_sequence_only,gc_rbs,-0.25412082700128613,1e-05
promoter_holdout,3,log_prot,B4_sequence_only,score_minus10,0.36817228761391996,1e-05
promoter_holdout,3,log_prot,B4_sequence_only,score_minus35,0.45200060567355393,1e-05
promoter_holdout,3,log_prot,B4_sequence_only,spacer_length,-0.2058110725191457,1e-05
promoter_holdout,3,log_prot,B4_sequence_only,spacer_optimal,0.2119410106810648,1e-05
promoter_holdout,3,log_prot,B4_sequence_only,score_sd,0.42364356093850214,1e-05
promoter_holdout,3,log_prot,B4_sequence_only,sd_spacing,-0.5548342874741475,1e-05
promoter_holdout,3,log_prot,B4_sequence_only,sd_spacing_optimal,-0.49104154546072987,1e-05
promoter_holdout,3,log_prot,B3_historical_MFE,gc_promoter,-0.8581717225666045,1e-05
promoter_holdout,3,log_prot,B3_historical_MFE,gc_rbs,-0.2623941907129776,1e-05
promoter_holdout,3,log_prot,B3_historical_MFE,score_minus10,0.35787472483205895,1e-05
promoter_holdout,3,log_prot,B3_historical_MFE,score_minus35,0.4518643170054237,1e-05
promoter_holdout,3,log_prot,B3_historical_MFE,spacer_length,-0.20711783844653092,1e-05
promoter_holdout,3,log_prot,B3_historical_MFE,spacer_optimal,0.21708149440747565,1e-05
promoter_holdout,3,log_prot,B3_historical_MFE,score_sd,0.4218388536838374,1e-05
promoter_holdout,3,log_prot,B3_historical_MFE,sd_spacing,-0.5534286720270537,1e-05
promoter_holdout,3,log_prot,B3_historical_MFE,sd_spacing_optimal,-0.4920151494352906,1e-05
promoter_holdout,3,log_prot,B3_historical_MFE,legacy_promoter_tail_mfe,-0.04650981160658666,1e-05
promoter_holdout,3,log_prot,B6_TSS_accessibility,gc_promoter,-0.8345717612052298,1e-05
promoter_holdout,3,log_prot,B6_TSS_accessibility,gc_rbs,-0.1845992335367591,1e-05
promoter_holdout,3,log_prot,B6_TSS_accessibility,score_minus10,0.37324278065494804,1e-05
promoter_holdout,3,log_prot,B6_TSS_accessibility,score_minus35,0.44350137177169047,1e-05
promoter_holdout,3,log_prot,B6_TSS_accessibility,spacer_length,-0.20973245901229493,1e-05
promoter_holdout,3,log_prot,B6_TSS_accessibility,spacer_optimal,0.20841468714973646,1e-05
promoter_holdout,3,log_prot,B6_TSS_accessibility,score_sd,0.45225750247033175,1e-05
promoter_holdout,3,log_prot,B6_TSS_accessibility,sd_spacing,-0.5624995401122435,1e-05
promoter_holdout,3,log_prot,B6_TSS_accessibility,sd_spacing_optimal,-0.5231140937925279,1e-05
promoter_holdout,3,log_prot,B6_TSS_accessibility,sd_unpaired_probability,0.019187322819013614,1e-05
promoter_holdout,3,log_prot,B6_TSS_accessibility,start_unpaired_probability,-0.005983538418833813,1e-05
promoter_holdout,3,log_prot,B6_TSS_accessibility,sd_start_opening_energy,-0.2810006265932571,1e-05
promoter_holdout,4,log_translation_proxy,B4_sequence_only,gc_promoter,0.3080112169174329,316.22776601683796
promoter_holdout,4,log_translation_proxy,B4_sequence_only,gc_rbs,-0.233217619832024,316.22776601683796
promoter_holdout,4,log_translation_proxy,B4_sequence_only,score_minus10,-0.18959786528195852,316.22776601683796
promoter_holdout,4,log_translation_proxy,B4_sequence_only,score_minus35,-0.15849050996677763,316.22776601683796
promoter_holdout,4,log_translation_proxy,B4_sequence_only,spacer_length,-0.020932572218649602,316.22776601683796
promoter_holdout,4,log_translation_proxy,B4_sequence_only,spacer_optimal,0.05503568617675677,316.22776601683796
promoter_holdout,4,log_translation_proxy,B4_sequence_only,score_sd,0.32159177071163375,316.22776601683796
promoter_holdout,4,log_translation_proxy,B4_sequence_only,sd_spacing,-0.2969965703389417,316.22776601683796
promoter_holdout,4,log_translation_proxy,B4_sequence_only,sd_spacing_optimal,-0.28915612102539806,316.22776601683796
promoter_holdout,4,log_translation_proxy,B3_historical_MFE,gc_promoter,0.3796717742884404,316.22776601683796
promoter_holdout,4,log_translation_proxy,B3_historical_MFE,gc_rbs,-0.20924405808371183,316.22776601683796
promoter_holdout,4,log_translation_proxy,B3_historical_MFE,score_minus10,-0.17149841636453644,316.22776601683796
promoter_holdout,4,log_translation_proxy,B3_historical_MFE,score_minus35,-0.1521198092228447,316.22776601683796
promoter_holdout,4,log_translation_proxy,B3_historical_MFE,spacer_length,-0.013033150301350532,316.22776601683796
promoter_holdout,4,log_translation_proxy,B3_historical_MFE,spacer_optimal,0.041766098498832525,316.22776601683796
promoter_holdout,4,log_translation_proxy,B3_historical_MFE,score_sd,0.3258824158703276,316.22776601683796
promoter_holdout,4,log_translation_proxy,B3_historical_MFE,sd_spacing,-0.29915950330219,316.22776601683796
promoter_holdout,4,log_translation_proxy,B3_historical_MFE,sd_spacing_optimal,-0.2839243193854209,316.22776601683796
promoter_holdout,4,log_translation_proxy,B3_historical_MFE,legacy_promoter_tail_mfe,0.1462364491694794,316.22776601683796
promoter_holdout,4,log_translation_proxy,B6_TSS_accessibility,gc_promoter,0.3157805148530177,316.22776601683796
promoter_holdout,4,log_translation_proxy,B6_TSS_accessibility,gc_rbs,-0.17538862677678033,316.22776601683796
promoter_holdout,4,log_translation_proxy,B6_TSS_accessibility,score_minus10,-0.18151810390654416,316.22776601683796
promoter_holdout,4,log_translation_proxy,B6_TSS_accessibility,score_minus35,-0.15750081864861684,316.22776601683796
promoter_holdout,4,log_translation_proxy,B6_TSS_accessibility,spacer_length,-0.011527105826062456,316.22776601683796
promoter_holdout,4,log_translation_proxy,B6_TSS_accessibility,spacer_optimal,0.03768515614345144,316.22776601683796
promoter_holdout,4,log_translation_proxy,B6_TSS_accessibility,score_sd,0.3468692824515462,316.22776601683796
promoter_holdout,4,log_translation_proxy,B6_TSS_accessibility,sd_spacing,-0.2503307625889403,316.22776601683796
promoter_holdout,4,log_translation_proxy,B6_TSS_accessibility,sd_spacing_optimal,-0.29927254243748597,316.22776601683796
promoter_holdout,4,log_translation_proxy,B6_TSS_accessibility,sd_unpaired_probability,-0.008853465639500664,316.22776601683796
promoter_holdout,4,log_translation_proxy,B6_TSS_accessibility,start_unpaired_probability,-0.11099736889807986,316.22776601683796
promoter_holdout,4,log_translation_proxy,B6_TSS_accessibility,sd_start_opening_energy,-0.2281972478992195,316.22776601683796
promoter_holdout,4,log_prot,B4_sequence_only,gc_promoter,-0.9236518820731389,1e-05
promoter_holdout,4,log_prot,B4_sequence_only,gc_rbs,-0.24641131572389305,1e-05
promoter_holdout,4,log_prot,B4_sequence_only,score_minus10,0.31772539505644104,1e-05
promoter_holdout,4,log_prot,B4_sequence_only,score_minus35,0.4781790486898153,1e-05
promoter_holdout,4,log_prot,B4_sequence_only,spacer_length,-0.0986363545599723,1e-05
promoter_holdout,4,log_prot,B4_sequence_only,spacer_optimal,0.17122538744011503,1e-05
promoter_holdout,4,log_prot,B4_sequence_only,score_sd,0.40993177834417094,1e-05
promoter_holdout,4,log_prot,B4_sequence_only,sd_spacing,-0.544401554139568,1e-05
promoter_holdout,4,log_prot,B4_sequence_only,sd_spacing_optimal,-0.4805776771529639,1e-05
promoter_holdout,4,log_prot,B3_historical_MFE,gc_promoter,-0.9566989213640144,1e-05
promoter_holdout,4,log_prot,B3_historical_MFE,gc_rbs,-0.2571858393789108,1e-05
promoter_holdout,4,log_prot,B3_historical_MFE,score_minus10,0.30854931576109224,1e-05
promoter_holdout,4,log_prot,B3_historical_MFE,score_minus35,0.4748147443275108,1e-05
promoter_holdout,4,log_prot,B3_historical_MFE,spacer_length,-0.10340037184779449,1e-05
promoter_holdout,4,log_prot,B3_historical_MFE,spacer_optimal,0.1793653726195562,1e-05
promoter_holdout,4,log_prot,B3_historical_MFE,score_sd,0.40802149316984265,1e-05
promoter_holdout,4,log_prot,B3_historical_MFE,sd_spacing,-0.5434634724564077,1e-05
promoter_holdout,4,log_prot,B3_historical_MFE,sd_spacing_optimal,-0.48291696528897715,1e-05
promoter_holdout,4,log_prot,B3_historical_MFE,legacy_promoter_tail_mfe,-0.06313501264922755,1e-05
promoter_holdout,4,log_prot,B6_TSS_accessibility,gc_promoter,-0.9203948557378777,1e-05
promoter_holdout,4,log_prot,B6_TSS_accessibility,gc_rbs,-0.1844995423105857,1e-05
promoter_holdout,4,log_prot,B6_TSS_accessibility,score_minus10,0.32314177318459597,1e-05
promoter_holdout,4,log_prot,B6_TSS_accessibility,score_minus35,0.47810938284094173,1e-05
promoter_holdout,4,log_prot,B6_TSS_accessibility,spacer_length,-0.09764945579849209,1e-05
promoter_holdout,4,log_prot,B6_TSS_accessibility,spacer_optimal,0.16202668107576104,1e-05
promoter_holdout,4,log_prot,B6_TSS_accessibility,score_sd,0.42715618286482704,1e-05
promoter_holdout,4,log_prot,B6_TSS_accessibility,sd_spacing,-0.5807849617287129,1e-05
promoter_holdout,4,log_prot,B6_TSS_accessibility,sd_spacing_optimal,-0.524613877169287,1e-05
promoter_holdout,4,log_prot,B6_TSS_accessibility,sd_unpaired_probability,0.03511154773139465,1e-05
promoter_holdout,4,log_prot,B6_TSS_accessibility,start_unpaired_probability,0.029249870731881625,1e-05
promoter_holdout,4,log_prot,B6_TSS_accessibility,sd_start_opening_energy,-0.23182074118940585,1e-05
rbs_holdout,0,log_translation_proxy,B4_sequence_only,gc_promoter,0.31275670796694327,316.22776601683796
rbs_holdout,0,log_translation_proxy,B4_sequence_only,gc_rbs,-0.19000181435196722,316.22776601683796
rbs_holdout,0,log_translation_proxy,B4_sequence_only,score_minus10,-0.1770248541629204,316.22776601683796
rbs_holdout,0,log_translation_proxy,B4_sequence_only,score_minus35,-0.13128121669151274,316.22776601683796
rbs_holdout,0,log_translation_proxy,B4_sequence_only,spacer_length,0.00462544173261771,316.22776601683796
rbs_holdout,0,log_translation_proxy,B4_sequence_only,spacer_optimal,0.04526071849851357,316.22776601683796
rbs_holdout,0,log_translation_proxy,B4_sequence_only,score_sd,0.3656083897323675,316.22776601683796
rbs_holdout,0,log_translation_proxy,B4_sequence_only,sd_spacing,-0.28725308179670717,316.22776601683796
rbs_holdout,0,log_translation_proxy,B4_sequence_only,sd_spacing_optimal,-0.3258601645612946,316.22776601683796
rbs_holdout,0,log_translation_proxy,B3_historical_MFE,gc_promoter,0.3809474094059428,316.22776601683796
rbs_holdout,0,log_translation_proxy,B3_historical_MFE,gc_rbs,-0.16519701422930613,316.22776601683796
rbs_holdout,0,log_translation_proxy,B3_historical_MFE,score_minus10,-0.1505001540995194,316.22776601683796
rbs_holdout,0,log_translation_proxy,B3_historical_MFE,score_minus35,-0.13155617882068954,316.22776601683796
rbs_holdout,0,log_translation_proxy,B3_historical_MFE,spacer_length,0.0003819346678151379,316.22776601683796
rbs_holdout,0,log_translation_proxy,B3_historical_MFE,spacer_optimal,0.04026629287584455,316.22776601683796
rbs_holdout,0,log_translation_proxy,B3_historical_MFE,score_sd,0.3742038502663242,316.22776601683796
rbs_holdout,0,log_translation_proxy,B3_historical_MFE,sd_spacing,-0.2909178944557186,316.22776601683796
rbs_holdout,0,log_translation_proxy,B3_historical_MFE,sd_spacing_optimal,-0.3255823359041869,316.22776601683796
rbs_holdout,0,log_translation_proxy,B3_historical_MFE,legacy_promoter_tail_mfe,0.14908288883855408,316.22776601683796
rbs_holdout,0,log_translation_proxy,B6_TSS_accessibility,gc_promoter,0.29691400826686815,1000.0
rbs_holdout,0,log_translation_proxy,B6_TSS_accessibility,gc_rbs,-0.1437735643031939,1000.0
rbs_holdout,0,log_translation_proxy,B6_TSS_accessibility,score_minus10,-0.16281674903483231,1000.0
rbs_holdout,0,log_translation_proxy,B6_TSS_accessibility,score_minus35,-0.12129018023367259,1000.0
rbs_holdout,0,log_translation_proxy,B6_TSS_accessibility,spacer_length,0.007625693326042117,1000.0
rbs_holdout,0,log_translation_proxy,B6_TSS_accessibility,spacer_optimal,0.032706431511344634,1000.0
rbs_holdout,0,log_translation_proxy,B6_TSS_accessibility,score_sd,0.3731390461663363,1000.0
rbs_holdout,0,log_translation_proxy,B6_TSS_accessibility,sd_spacing,-0.13226205026924456,1000.0
rbs_holdout,0,log_translation_proxy,B6_TSS_accessibility,sd_spacing_optimal,-0.23768188190203396,1000.0
rbs_holdout,0,log_translation_proxy,B6_TSS_accessibility,sd_unpaired_probability,-0.03980437948732806,1000.0
rbs_holdout,0,log_translation_proxy,B6_TSS_accessibility,start_unpaired_probability,-0.07083654432200504,1000.0
rbs_holdout,0,log_translation_proxy,B6_TSS_accessibility,sd_start_opening_energy,-0.24132591398916495,1000.0
rbs_holdout,0,log_prot,B4_sequence_only,gc_promoter,-0.9057842649949817,31.622776601683793
rbs_holdout,0,log_prot,B4_sequence_only,gc_rbs,-0.19612791313350986,31.622776601683793
rbs_holdout,0,log_prot,B4_sequence_only,score_minus10,0.3190141754846274,31.622776601683793
rbs_holdout,0,log_prot,B4_sequence_only,score_minus35,0.45702722829436215,31.622776601683793
rbs_holdout,0,log_prot,B4_sequence_only,spacer_length,-0.18091205239423158,31.622776601683793
rbs_holdout,0,log_prot,B4_sequence_only,spacer_optimal,0.20815477630719645,31.622776601683793
rbs_holdout,0,log_prot,B4_sequence_only,score_sd,0.4888456568394862,31.622776601683793
rbs_holdout,0,log_prot,B4_sequence_only,sd_spacing,-0.48222014275424946,31.622776601683793
rbs_holdout,0,log_prot,B4_sequence_only,sd_spacing_optimal,-0.4815932905637823,31.622776601683793
rbs_holdout,0,log_prot,B3_historical_MFE,gc_promoter,-0.9316180526489257,31.622776601683793
rbs_holdout,0,log_prot,B3_historical_MFE,gc_rbs,-0.20542412458414425,31.622776601683793
rbs_holdout,0,log_prot,B3_historical_MFE,score_minus10,0.3084729414514874,31.622776601683793
rbs_holdout,0,log_prot,B3_historical_MFE,score_minus35,0.456960960604966,31.622776601683793
rbs_holdout,0,log_prot,B3_historical_MFE,spacer_length,-0.1796667805459336,31.622776601683793
rbs_holdout,0,log_prot,B3_historical_MFE,spacer_optimal,0.21102077693837684,31.622776601683793
rbs_holdout,0,log_prot,B3_historical_MFE,score_sd,0.4856420992653579,31.622776601683793
rbs_holdout,0,log_prot,B3_historical_MFE,sd_spacing,-0.48052761647179165,31.622776601683793
rbs_holdout,0,log_prot,B3_historical_MFE,sd_spacing_optimal,-0.4813420407120744,31.622776601683793
rbs_holdout,0,log_prot,B3_historical_MFE,legacy_promoter_tail_mfe,-0.05366460549552489,31.622776601683793
rbs_holdout,0,log_prot,B6_TSS_accessibility,gc_promoter,-0.9038338745931267,31.622776601683793
rbs_holdout,0,log_prot,B6_TSS_accessibility,gc_rbs,-0.12471221856664416,31.622776601683793
rbs_holdout,0,log_prot,B6_TSS_accessibility,score_minus10,0.32261693074095316,31.622776601683793
rbs_holdout,0,log_prot,B6_TSS_accessibility,score_minus35,0.4529616880077115,31.622776601683793
rbs_holdout,0,log_prot,B6_TSS_accessibility,spacer_length,-0.17650685446849768,31.622776601683793
rbs_holdout,0,log_prot,B6_TSS_accessibility,spacer_optimal,0.19545516973356172,31.622776601683793
rbs_holdout,0,log_prot,B6_TSS_accessibility,score_sd,0.5251055458778713,31.622776601683793
rbs_holdout,0,log_prot,B6_TSS_accessibility,sd_spacing,-0.5123183703860483,31.622776601683793
rbs_holdout,0,log_prot,B6_TSS_accessibility,sd_spacing_optimal,-0.5513780899310501,31.622776601683793
rbs_holdout,0,log_prot,B6_TSS_accessibility,sd_unpaired_probability,0.022175665295363172,31.622776601683793
rbs_holdout,0,log_prot,B6_TSS_accessibility,start_unpaired_probability,0.015789530450515128,31.622776601683793
rbs_holdout,0,log_prot,B6_TSS_accessibility,sd_start_opening_energy,-0.27585075994776265,31.622776601683793
rbs_holdout,1,log_translation_proxy,B4_sequence_only,gc_promoter,0.28415310400768123,1000.0
rbs_holdout,1,log_translation_proxy,B4_sequence_only,gc_rbs,-0.2829588935491745,1000.0
rbs_holdout,1,log_translation_proxy,B4_sequence_only,score_minus10,-0.14702001268041076,1000.0
rbs_holdout,1,log_translation_proxy,B4_sequence_only,score_minus35,-0.10330723538070653,1000.0
rbs_holdout,1,log_translation_proxy,B4_sequence_only,spacer_length,0.004187224870284996,1000.0
rbs_holdout,1,log_translation_proxy,B4_sequence_only,spacer_optimal,0.036990372329086994,1000.0
rbs_holdout,1,log_translation_proxy,B4_sequence_only,score_sd,0.2761847003479903,1000.0
rbs_holdout,1,log_translation_proxy,B4_sequence_only,sd_spacing,-0.1912081074224595,1000.0
rbs_holdout,1,log_translation_proxy,B4_sequence_only,sd_spacing_optimal,-0.13422157984329272,1000.0
rbs_holdout,1,log_translation_proxy,B3_historical_MFE,gc_promoter,0.33357230479711936,1000.0
rbs_holdout,1,log_translation_proxy,B3_historical_MFE,gc_rbs,-0.26657478432787013,1000.0
rbs_holdout,1,log_translation_proxy,B3_historical_MFE,score_minus10,-0.13110021451649806,1000.0
rbs_holdout,1,log_translation_proxy,B3_historical_MFE,score_minus35,-0.1031086642951044,1000.0
rbs_holdout,1,log_translation_proxy,B3_historical_MFE,spacer_length,0.0002753242158729256,1000.0
rbs_holdout,1,log_translation_proxy,B3_historical_MFE,spacer_optimal,0.03729160239271196,1000.0
rbs_holdout,1,log_translation_proxy,B3_historical_MFE,score_sd,0.279846398056922,1000.0
rbs_holdout,1,log_translation_proxy,B3_historical_MFE,sd_spacing,-0.19098482127614028,1000.0
rbs_holdout,1,log_translation_proxy,B3_historical_MFE,sd_spacing_optimal,-0.1289639107200801,1000.0
rbs_holdout,1,log_translation_proxy,B3_historical_MFE,legacy_promoter_tail_mfe,0.12261264370489607,1000.0
rbs_holdout,1,log_translation_proxy,B6_TSS_accessibility,gc_promoter,0.28662069026489445,1000.0
rbs_holdout,1,log_translation_proxy,B6_TSS_accessibility,gc_rbs,-0.24131629699750012,1000.0
rbs_holdout,1,log_translation_proxy,B6_TSS_accessibility,score_minus10,-0.1456017892133066,1000.0
rbs_holdout,1,log_translation_proxy,B6_TSS_accessibility,score_minus35,-0.11004567740806463,1000.0
rbs_holdout,1,log_translation_proxy,B6_TSS_accessibility,spacer_length,0.010623354822347835,1000.0
rbs_holdout,1,log_translation_proxy,B6_TSS_accessibility,spacer_optimal,0.029551442593470464,1000.0
rbs_holdout,1,log_translation_proxy,B6_TSS_accessibility,score_sd,0.30478799952012675,1000.0
rbs_holdout,1,log_translation_proxy,B6_TSS_accessibility,sd_spacing,-0.10411619736039186,1000.0
rbs_holdout,1,log_translation_proxy,B6_TSS_accessibility,sd_spacing_optimal,-0.13034043295694334,1000.0
rbs_holdout,1,log_translation_proxy,B6_TSS_accessibility,sd_unpaired_probability,-0.07539170705592625,1000.0
rbs_holdout,1,log_translation_proxy,B6_TSS_accessibility,start_unpaired_probability,-0.0896900287081479,1000.0
rbs_holdout,1,log_translation_proxy,B6_TSS_accessibility,sd_start_opening_energy,-0.24214247263360555,1000.0
rbs_holdout,1,log_prot,B4_sequence_only,gc_promoter,-0.8965959175473996,100.0
rbs_holdout,1,log_prot,B4_sequence_only,gc_rbs,-0.34644662892615136,100.0
rbs_holdout,1,log_prot,B4_sequence_only,score_minus10,0.3461383496367083,100.0
rbs_holdout,1,log_prot,B4_sequence_only,score_minus35,0.4732624314793336,100.0
rbs_holdout,1,log_prot,B4_sequence_only,spacer_length,-0.17647740319957983,100.0
rbs_holdout,1,log_prot,B4_sequence_only,spacer_optimal,0.1954058652821095,100.0
rbs_holdout,1,log_prot,B4_sequence_only,score_sd,0.36871526860748927,100.0
rbs_holdout,1,log_prot,B4_sequence_only,sd_spacing,-0.43665289779278543,100.0
rbs_holdout,1,log_prot,B4_sequence_only,sd_spacing_optimal,-0.3142985321960596,100.0
rbs_holdout,1,log_prot,B3_historical_MFE,gc_promoter,-0.9370715875703892,31.622776601683793
rbs_holdout,1,log_prot,B3_historical_MFE,gc_rbs,-0.3544894200091943,31.622776601683793
rbs_holdout,1,log_prot,B3_historical_MFE,score_minus10,0.3354380363918425,31.622776601683793
rbs_holdout,1,log_prot,B3_historical_MFE,score_minus35,0.47614596619302885,31.622776601683793
rbs_holdout,1,log_prot,B3_historical_MFE,spacer_length,-0.18195594752477193,31.622776601683793
rbs_holdout,1,log_prot,B3_historical_MFE,spacer_optimal,0.20607575246873247,31.622776601683793
rbs_holdout,1,log_prot,B3_historical_MFE,score_sd,0.3680320725137774,31.622776601683793
rbs_holdout,1,log_prot,B3_historical_MFE,sd_spacing,-0.4621905211177791,31.622776601683793
rbs_holdout,1,log_prot,B3_historical_MFE,sd_spacing_optimal,-0.3422792959616994,31.622776601683793
rbs_holdout,1,log_prot,B3_historical_MFE,legacy_promoter_tail_mfe,-0.06424945024161507,31.622776601683793
rbs_holdout,1,log_prot,B6_TSS_accessibility,gc_promoter,-0.8935896038184881,100.0
rbs_holdout,1,log_prot,B6_TSS_accessibility,gc_rbs,-0.3029516016731212,100.0
rbs_holdout,1,log_prot,B6_TSS_accessibility,score_minus10,0.34556940809172165,100.0
rbs_holdout,1,log_prot,B6_TSS_accessibility,score_minus35,0.4691579354568488,100.0
rbs_holdout,1,log_prot,B6_TSS_accessibility,spacer_length,-0.1714832501386703,100.0
rbs_holdout,1,log_prot,B6_TSS_accessibility,spacer_optimal,0.18620606249991728,100.0
rbs_holdout,1,log_prot,B6_TSS_accessibility,score_sd,0.4000489302964238,100.0
rbs_holdout,1,log_prot,B6_TSS_accessibility,sd_spacing,-0.3703728133476118,100.0
rbs_holdout,1,log_prot,B6_TSS_accessibility,sd_spacing_optimal,-0.30389217282656955,100.0
rbs_holdout,1,log_prot,B6_TSS_accessibility,sd_unpaired_probability,-0.06565756463891448,100.0
rbs_holdout,1,log_prot,B6_TSS_accessibility,start_unpaired_probability,0.0369686783939034,100.0
rbs_holdout,1,log_prot,B6_TSS_accessibility,sd_start_opening_energy,-0.27881094927716205,100.0
rbs_holdout,2,log_translation_proxy,B4_sequence_only,gc_promoter,0.3208437062075867,31.622776601683793
rbs_holdout,2,log_translation_proxy,B4_sequence_only,gc_rbs,-0.20409124972977857,31.622776601683793
rbs_holdout,2,log_translation_proxy,B4_sequence_only,score_minus10,-0.1768986891125666,31.622776601683793
rbs_holdout,2,log_translation_proxy,B4_sequence_only,score_minus35,-0.13656934586013292,31.622776601683793
rbs_holdout,2,log_translation_proxy,B4_sequence_only,spacer_length,0.01742710776356871,31.622776601683793
rbs_holdout,2,log_translation_proxy,B4_sequence_only,spacer_optimal,0.045055688755983314,31.622776601683793
rbs_holdout,2,log_translation_proxy,B4_sequence_only,score_sd,0.2483850502436187,31.622776601683793
rbs_holdout,2,log_translation_proxy,B4_sequence_only,sd_spacing,-0.5231609562795652,31.622776601683793
rbs_holdout,2,log_translation_proxy,B4_sequence_only,sd_spacing_optimal,-0.47495800792698023,31.622776601683793
rbs_holdout,2,log_translation_proxy,B3_historical_MFE,gc_promoter,0.39829803411597564,100.0
rbs_holdout,2,log_translation_proxy,B3_historical_MFE,gc_rbs,-0.17769416536321878,100.0
rbs_holdout,2,log_translation_proxy,B3_historical_MFE,score_minus10,-0.14400217788064226,100.0
rbs_holdout,2,log_translation_proxy,B3_historical_MFE,score_minus35,-0.13289803200704378,100.0
rbs_holdout,2,log_translation_proxy,B3_historical_MFE,spacer_length,0.01309713655483418,100.0
rbs_holdout,2,log_translation_proxy,B3_historical_MFE,spacer_optimal,0.034712799875098795,100.0
rbs_holdout,2,log_translation_proxy,B3_historical_MFE,score_sd,0.2429802151718487,100.0
rbs_holdout,2,log_translation_proxy,B3_historical_MFE,sd_spacing,-0.5032040842629281,100.0
rbs_holdout,2,log_translation_proxy,B3_historical_MFE,sd_spacing_optimal,-0.4391274717162279,100.0
rbs_holdout,2,log_translation_proxy,B3_historical_MFE,legacy_promoter_tail_mfe,0.17115841126957104,100.0
rbs_holdout,2,log_translation_proxy,B6_TSS_accessibility,gc_promoter,0.31743242884609907,100.0
rbs_holdout,2,log_translation_proxy,B6_TSS_accessibility,gc_rbs,-0.1409738446799891,100.0
rbs_holdout,2,log_translation_proxy,B6_TSS_accessibility,score_minus10,-0.170793254635224,100.0
rbs_holdout,2,log_translation_proxy,B6_TSS_accessibility,score_minus35,-0.14354176616925945,100.0
rbs_holdout,2,log_translation_proxy,B6_TSS_accessibility,spacer_length,0.02080813387383112,100.0
rbs_holdout,2,log_translation_proxy,B6_TSS_accessibility,spacer_optimal,0.03088417180887847,100.0
rbs_holdout,2,log_translation_proxy,B6_TSS_accessibility,score_sd,0.25388036368953204,100.0
rbs_holdout,2,log_translation_proxy,B6_TSS_accessibility,sd_spacing,-0.4975646409521923,100.0
rbs_holdout,2,log_translation_proxy,B6_TSS_accessibility,sd_spacing_optimal,-0.4669035241348314,100.0
rbs_holdout,2,log_translation_proxy,B6_TSS_accessibility,sd_unpaired_probability,0.02558708657361332,100.0
rbs_holdout,2,log_translation_proxy,B6_TSS_accessibility,start_unpaired_probability,-0.09236729680484095,100.0
rbs_holdout,2,log_translation_proxy,B6_TSS_accessibility,sd_start_opening_energy,-0.25012343634185985,100.0
rbs_holdout,2,log_prot,B4_sequence_only,gc_promoter,-0.8946731273084327,1e-05
rbs_holdout,2,log_prot,B4_sequence_only,gc_rbs,-0.20844380730403148,1e-05
rbs_holdout,2,log_prot,B4_sequence_only,score_minus10,0.3340176172160886,1e-05
rbs_holdout,2,log_prot,B4_sequence_only,score_minus35,0.46447766476291974,1e-05
rbs_holdout,2,log_prot,B4_sequence_only,spacer_length,-0.17572929802606438,1e-05
rbs_holdout,2,log_prot,B4_sequence_only,spacer_optimal,0.21182937599768542,1e-05
rbs_holdout,2,log_prot,B4_sequence_only,score_sd,0.3361561489794345,1e-05
rbs_holdout,2,log_prot,B4_sequence_only,sd_spacing,-0.7306621336950159,1e-05
rbs_holdout,2,log_prot,B4_sequence_only,sd_spacing_optimal,-0.6290811983018804,1e-05
rbs_holdout,2,log_prot,B3_historical_MFE,gc_promoter,-0.9083857774637994,1e-05
rbs_holdout,2,log_prot,B3_historical_MFE,gc_rbs,-0.21357280672127812,1e-05
rbs_holdout,2,log_prot,B3_historical_MFE,score_minus10,0.3284761703459127,1e-05
rbs_holdout,2,log_prot,B3_historical_MFE,score_minus35,0.46409496486612883,1e-05
rbs_holdout,2,log_prot,B3_historical_MFE,spacer_length,-0.17515555885003178,1e-05
rbs_holdout,2,log_prot,B3_historical_MFE,spacer_optimal,0.21376062649319508,1e-05
rbs_holdout,2,log_prot,B3_historical_MFE,score_sd,0.3372106233978136,1e-05
rbs_holdout,2,log_prot,B3_historical_MFE,sd_spacing,-0.7285680975875782,1e-05
rbs_holdout,2,log_prot,B3_historical_MFE,sd_spacing_optimal,-0.6299067313532699,1e-05
rbs_holdout,2,log_prot,B3_historical_MFE,legacy_promoter_tail_mfe,-0.029020964864563587,1e-05
rbs_holdout,2,log_prot,B6_TSS_accessibility,gc_promoter,-0.8980742905420371,1e-05
rbs_holdout,2,log_prot,B6_TSS_accessibility,gc_rbs,-0.13641075455624163,1e-05
rbs_holdout,2,log_prot,B6_TSS_accessibility,score_minus10,0.33796797856571553,1e-05
rbs_holdout,2,log_prot,B6_TSS_accessibility,score_minus35,0.4581816676357684,1e-05
rbs_holdout,2,log_prot,B6_TSS_accessibility,spacer_length,-0.176749855525397,1e-05
rbs_holdout,2,log_prot,B6_TSS_accessibility,spacer_optimal,0.19909315525664986,1e-05
rbs_holdout,2,log_prot,B6_TSS_accessibility,score_sd,0.3260733843729508,1e-05
rbs_holdout,2,log_prot,B6_TSS_accessibility,sd_spacing,-0.8182432882448646,1e-05
rbs_holdout,2,log_prot,B6_TSS_accessibility,sd_spacing_optimal,-0.6886453624947342,1e-05
rbs_holdout,2,log_prot,B6_TSS_accessibility,sd_unpaired_probability,0.07042120930812888,1e-05
rbs_holdout,2,log_prot,B6_TSS_accessibility,start_unpaired_probability,0.029636589414288986,1e-05
rbs_holdout,2,log_prot,B6_TSS_accessibility,sd_start_opening_energy,-0.2652124426156265,1e-05
rbs_holdout,3,log_translation_proxy,B4_sequence_only,gc_promoter,0.3074074955270165,1000.0
rbs_holdout,3,log_translation_proxy,B4_sequence_only,gc_rbs,-0.23431803321964537,1000.0
rbs_holdout,3,log_translation_proxy,B4_sequence_only,score_minus10,-0.16264413015277537,1000.0
rbs_holdout,3,log_translation_proxy,B4_sequence_only,score_minus35,-0.11655230849394328,1000.0
rbs_holdout,3,log_translation_proxy,B4_sequence_only,spacer_length,0.009249085136768575,1000.0
rbs_holdout,3,log_translation_proxy,B4_sequence_only,spacer_optimal,0.03685287823492198,1000.0
rbs_holdout,3,log_translation_proxy,B4_sequence_only,score_sd,0.3496651684387795,1000.0
rbs_holdout,3,log_translation_proxy,B4_sequence_only,sd_spacing,-0.14070977340491908,1000.0
rbs_holdout,3,log_translation_proxy,B4_sequence_only,sd_spacing_optimal,-0.1664327537392293,1000.0
rbs_holdout,3,log_translation_proxy,B3_historical_MFE,gc_promoter,0.3620162539003786,1000.0
rbs_holdout,3,log_translation_proxy,B3_historical_MFE,gc_rbs,-0.2132022512202022,1000.0
rbs_holdout,3,log_translation_proxy,B3_historical_MFE,score_minus10,-0.1440510567237403,1000.0
rbs_holdout,3,log_translation_proxy,B3_historical_MFE,score_minus35,-0.11620729771292511,1000.0
rbs_holdout,3,log_translation_proxy,B3_historical_MFE,spacer_length,0.004898985564956863,1000.0
rbs_holdout,3,log_translation_proxy,B3_historical_MFE,spacer_optimal,0.03615639903481585,1000.0
rbs_holdout,3,log_translation_proxy,B3_historical_MFE,score_sd,0.35706586474614965,1000.0
rbs_holdout,3,log_translation_proxy,B3_historical_MFE,sd_spacing,-0.14207868711552452,1000.0
rbs_holdout,3,log_translation_proxy,B3_historical_MFE,sd_spacing_optimal,-0.1615066686178362,1000.0
rbs_holdout,3,log_translation_proxy,B3_historical_MFE,legacy_promoter_tail_mfe,0.13210090471662772,1000.0
rbs_holdout,3,log_translation_proxy,B6_TSS_accessibility,gc_promoter,0.3077295034295854,1000.0
rbs_holdout,3,log_translation_proxy,B6_TSS_accessibility,gc_rbs,-0.1860852030918184,1000.0
rbs_holdout,3,log_translation_proxy,B6_TSS_accessibility,score_minus10,-0.15957941717381002,1000.0
rbs_holdout,3,log_translation_proxy,B6_TSS_accessibility,score_minus35,-0.12368505581096788,1000.0
rbs_holdout,3,log_translation_proxy,B6_TSS_accessibility,spacer_length,0.013143870367047816,1000.0
rbs_holdout,3,log_translation_proxy,B6_TSS_accessibility,spacer_optimal,0.027526551270740163,1000.0
rbs_holdout,3,log_translation_proxy,B6_TSS_accessibility,score_sd,0.3858736932666491,1000.0
rbs_holdout,3,log_translation_proxy,B6_TSS_accessibility,sd_spacing,-0.09727659796753273,1000.0
rbs_holdout,3,log_translation_proxy,B6_TSS_accessibility,sd_spacing_optimal,-0.18234827756646513,1000.0
rbs_holdout,3,log_translation_proxy,B6_TSS_accessibility,sd_unpaired_probability,-0.028970788710215224,1000.0
rbs_holdout,3,log_translation_proxy,B6_TSS_accessibility,start_unpaired_probability,-0.08833225895695829,1000.0
rbs_holdout,3,log_translation_proxy,B6_TSS_accessibility,sd_start_opening_energy,-0.2554540416227088,1000.0
rbs_holdout,3,log_prot,B4_sequence_only,gc_promoter,-0.8856982389613176,1e-05
rbs_holdout,3,log_prot,B4_sequence_only,gc_rbs,-0.28047008809822943,1e-05
rbs_holdout,3,log_prot,B4_sequence_only,score_minus10,0.3296564434602195,1e-05
rbs_holdout,3,log_prot,B4_sequence_only,score_minus35,0.46356863796670095,1e-05
rbs_holdout,3,log_prot,B4_sequence_only,spacer_length,-0.17722944943568547,1e-05
rbs_holdout,3,log_prot,B4_sequence_only,spacer_optimal,0.20588791669131506,1e-05
rbs_holdout,3,log_prot,B4_sequence_only,score_sd,0.47878669217713077,1e-05
rbs_holdout,3,log_prot,B4_sequence_only,sd_spacing,-0.40318358268498894,1e-05
rbs_holdout,3,log_prot,B4_sequence_only,sd_spacing_optimal,-0.3909605053703786,1e-05
rbs_holdout,3,log_prot,B3_historical_MFE,gc_promoter,-0.9149573067214172,1e-05
rbs_holdout,3,log_prot,B3_historical_MFE,gc_rbs,-0.2913001077630673,1e-05
rbs_holdout,3,log_prot,B3_historical_MFE,score_minus10,0.3179731053211969,1e-05
rbs_holdout,3,log_prot,B3_historical_MFE,score_minus35,0.4629424120324998,1e-05
rbs_holdout,3,log_prot,B3_historical_MFE,spacer_length,-0.17601649287568816,1e-05
rbs_holdout,3,log_prot,B3_historical_MFE,spacer_optimal,0.20950735176661547,1e-05
rbs_holdout,3,log_prot,B3_historical_MFE,score_sd,0.47505290894287094,1e-05
rbs_holdout,3,log_prot,B3_historical_MFE,sd_spacing,-0.4029314794073824,1e-05
rbs_holdout,3,log_prot,B3_historical_MFE,sd_spacing_optimal,-0.3938638619255348,1e-05
rbs_holdout,3,log_prot,B3_historical_MFE,legacy_promoter_tail_mfe,-0.060111110584805734,1e-05
rbs_holdout,3,log_prot,B6_TSS_accessibility,gc_promoter,-0.8835424279262869,1e-05
rbs_holdout,3,log_prot,B6_TSS_accessibility,gc_rbs,-0.21622523465875135,1e-05
rbs_holdout,3,log_prot,B6_TSS_accessibility,score_minus10,0.33218124619979283,1e-05
rbs_holdout,3,log_prot,B6_TSS_accessibility,score_minus35,0.45762701517767684,1e-05
rbs_holdout,3,log_prot,B6_TSS_accessibility,spacer_length,-0.17449656309525702,1e-05
rbs_holdout,3,log_prot,B6_TSS_accessibility,spacer_optimal,0.19327115227300484,1e-05
rbs_holdout,3,log_prot,B6_TSS_accessibility,score_sd,0.521014690622585,1e-05
rbs_holdout,3,log_prot,B6_TSS_accessibility,sd_spacing,-0.38711301094326844,1e-05
rbs_holdout,3,log_prot,B6_TSS_accessibility,sd_spacing_optimal,-0.4111346822933616,1e-05
rbs_holdout,3,log_prot,B6_TSS_accessibility,sd_unpaired_probability,-0.006101818956376883,1e-05
rbs_holdout,3,log_prot,B6_TSS_accessibility,start_unpaired_probability,0.018874364061417202,1e-05
rbs_holdout,3,log_prot,B6_TSS_accessibility,sd_start_opening_energy,-0.3003808660381648,1e-05
rbs_holdout,4,log_translation_proxy,B4_sequence_only,gc_promoter,0.3246964232071784,316.22776601683796
rbs_holdout,4,log_translation_proxy,B4_sequence_only,gc_rbs,-0.22429969478585007,316.22776601683796
rbs_holdout,4,log_translation_proxy,B4_sequence_only,score_minus10,-0.17619085281464902,316.22776601683796
rbs_holdout,4,log_translation_proxy,B4_sequence_only,score_minus35,-0.12732487262146572,316.22776601683796
rbs_holdout,4,log_translation_proxy,B4_sequence_only,spacer_length,0.011513220828286513,316.22776601683796
rbs_holdout,4,log_translation_proxy,B4_sequence_only,spacer_optimal,0.04150205823733238,316.22776601683796
rbs_holdout,4,log_translation_proxy,B4_sequence_only,score_sd,0.3474465552055352,316.22776601683796
rbs_holdout,4,log_translation_proxy,B4_sequence_only,sd_spacing,-0.31474271787536395,316.22776601683796
rbs_holdout,4,log_translation_proxy,B4_sequence_only,sd_spacing_optimal,-0.310342991639313,316.22776601683796
rbs_holdout,4,log_translation_proxy,B3_historical_MFE,gc_promoter,0.3550076248045954,1000.0
rbs_holdout,4,log_translation_proxy,B3_historical_MFE,gc_rbs,-0.2038633781437267,1000.0
rbs_holdout,4,log_translation_proxy,B3_historical_MFE,score_minus10,-0.1478794331712317,1000.0
rbs_holdout,4,log_translation_proxy,B3_historical_MFE,score_minus35,-0.1130933812586521,1000.0
rbs_holdout,4,log_translation_proxy,B3_historical_MFE,spacer_length,0.0033540229240578397,1000.0
rbs_holdout,4,log_translation_proxy,B3_historical_MFE,spacer_optimal,0.03780671128378365,1000.0
rbs_holdout,4,log_translation_proxy,B3_historical_MFE,score_sd,0.33448606557940946,1000.0
rbs_holdout,4,log_translation_proxy,B3_historical_MFE,sd_spacing,-0.22198773374863684,1000.0
rbs_holdout,4,log_translation_proxy,B3_historical_MFE,sd_spacing_optimal,-0.20581502341516505,1000.0
rbs_holdout,4,log_translation_proxy,B3_historical_MFE,legacy_promoter_tail_mfe,0.12166983332801708,1000.0
rbs_holdout,4,log_translation_proxy,B6_TSS_accessibility,gc_promoter,0.30679559210483515,1000.0
rbs_holdout,4,log_translation_proxy,B6_TSS_accessibility,gc_rbs,-0.15941890223041363,1000.0
rbs_holdout,4,log_translation_proxy,B6_TSS_accessibility,score_minus10,-0.15916989541070942,1000.0
rbs_holdout,4,log_translation_proxy,B6_TSS_accessibility,score_minus35,-0.1200420328388696,1000.0
rbs_holdout,4,log_translation_proxy,B6_TSS_accessibility,spacer_length,0.014011351823280897,1000.0
rbs_holdout,4,log_translation_proxy,B6_TSS_accessibility,spacer_optimal,0.0286077491926551,1000.0
rbs_holdout,4,log_translation_proxy,B6_TSS_accessibility,score_sd,0.3467226668527713,1000.0
rbs_holdout,4,log_translation_proxy,B6_TSS_accessibility,sd_spacing,-0.15454935408485088,1000.0
rbs_holdout,4,log_translation_proxy,B6_TSS_accessibility,sd_spacing_optimal,-0.21068417441176895,1000.0
rbs_holdout,4,log_translation_proxy,B6_TSS_accessibility,sd_unpaired_probability,-0.04258438949453533,1000.0
rbs_holdout,4,log_translation_proxy,B6_TSS_accessibility,start_unpaired_probability,-0.1476939202397649,1000.0
rbs_holdout,4,log_translation_proxy,B6_TSS_accessibility,sd_start_opening_energy,-0.2451192216205849,1000.0
rbs_holdout,4,log_prot,B4_sequence_only,gc_promoter,-0.8892514358604484,1e-05
rbs_holdout,4,log_prot,B4_sequence_only,gc_rbs,-0.2300019563732681,1e-05
rbs_holdout,4,log_prot,B4_sequence_only,score_minus10,0.3307939522432038,1e-05
rbs_holdout,4,log_prot,B4_sequence_only,score_minus35,0.46564457359980405,1e-05
rbs_holdout,4,log_prot,B4_sequence_only,spacer_length,-0.17828761161298134,1e-05
rbs_holdout,4,log_prot,B4_sequence_only,spacer_optimal,0.20276371585316008,1e-05
rbs_holdout,4,log_prot,B4_sequence_only,score_sd,0.41318112427583387,1e-05
rbs_holdout,4,log_prot,B4_sequence_only,sd_spacing,-0.6195585735373252,1e-05
rbs_holdout,4,log_prot,B4_sequence_only,sd_spacing_optimal,-0.5596782273218932,1e-05
rbs_holdout,4,log_prot,B3_historical_MFE,gc_promoter,-0.9226108835695953,1e-05
rbs_holdout,4,log_prot,B3_historical_MFE,gc_rbs,-0.2431728629473145,1e-05
rbs_holdout,4,log_prot,B3_historical_MFE,score_minus10,0.31773007543531423,1e-05
rbs_holdout,4,log_prot,B3_historical_MFE,score_minus35,0.4649923039961534,1e-05
rbs_holdout,4,log_prot,B3_historical_MFE,spacer_length,-0.17712205342968848,1e-05
rbs_holdout,4,log_prot,B3_historical_MFE,spacer_optimal,0.20746189636356746,1e-05
rbs_holdout,4,log_prot,B3_historical_MFE,score_sd,0.41040875460869874,1e-05
rbs_holdout,4,log_prot,B3_historical_MFE,sd_spacing,-0.6172042243834174,1e-05
rbs_holdout,4,log_prot,B3_historical_MFE,sd_spacing_optimal,-0.5609628515303822,1e-05
rbs_holdout,4,log_prot,B3_historical_MFE,legacy_promoter_tail_mfe,-0.06990670957968456,1e-05
rbs_holdout,4,log_prot,B6_TSS_accessibility,gc_promoter,-0.8721377450130079,100.0
rbs_holdout,4,log_prot,B6_TSS_accessibility,gc_rbs,-0.16195247914732772,100.0
rbs_holdout,4,log_prot,B6_TSS_accessibility,score_minus10,0.3359492083746542,100.0
rbs_holdout,4,log_prot,B6_TSS_accessibility,score_minus35,0.4558961320951492,100.0
rbs_holdout,4,log_prot,B6_TSS_accessibility,spacer_length,-0.16221963024734493,100.0
rbs_holdout,4,log_prot,B6_TSS_accessibility,spacer_optimal,0.17772909888467006,100.0
rbs_holdout,4,log_prot,B6_TSS_accessibility,score_sd,0.42699529912180484,100.0
rbs_holdout,4,log_prot,B6_TSS_accessibility,sd_spacing,-0.5349012485224393,100.0
rbs_holdout,4,log_prot,B6_TSS_accessibility,sd_spacing_optimal,-0.5189136025215865,100.0
rbs_holdout,4,log_prot,B6_TSS_accessibility,sd_unpaired_probability,-0.009004132136288069,100.0
rbs_holdout,4,log_prot,B6_TSS_accessibility,start_unpaired_probability,-0.05612457237905957,100.0
rbs_holdout,4,log_prot,B6_TSS_accessibility,sd_start_opening_energy,-0.2587897935177074,100.0
double_unseen,0,log_translation_proxy,B4_sequence_only,gc_promoter,0.3800578232685378,316.22776601683796
double_unseen,0,log_translation_proxy,B4_sequence_only,gc_rbs,-0.1957669314769278,316.22776601683796
double_unseen,0,log_translation_proxy,B4_sequence_only,score_minus10,-0.17207496926570545,316.22776601683796
double_unseen,0,log_translation_proxy,B4_sequence_only,score_minus35,-0.16252910271139118,316.22776601683796
double_unseen,0,log_translation_proxy,B4_sequence_only,spacer_length,-0.04569312334938343,316.22776601683796
double_unseen,0,log_translation_proxy,B4_sequence_only,spacer_optimal,0.0861470306452556,316.22776601683796
double_unseen,0,log_translation_proxy,B4_sequence_only,score_sd,0.36326779874453224,316.22776601683796
double_unseen,0,log_translation_proxy,B4_sequence_only,sd_spacing,-0.2543240084002159,316.22776601683796
double_unseen,0,log_translation_proxy,B4_sequence_only,sd_spacing_optimal,-0.2931478371253524,316.22776601683796
double_unseen,0,log_translation_proxy,B3_historical_MFE,gc_promoter,0.439372112046789,316.22776601683796
double_unseen,0,log_translation_proxy,B3_historical_MFE,gc_rbs,-0.1713588521987753,316.22776601683796
double_unseen,0,log_translation_proxy,B3_historical_MFE,score_minus10,-0.1444806906322572,316.22776601683796
double_unseen,0,log_translation_proxy,B3_historical_MFE,score_minus35,-0.1634469763799812,316.22776601683796
double_unseen,0,log_translation_proxy,B3_historical_MFE,spacer_length,-0.05406624966298792,316.22776601683796
double_unseen,0,log_translation_proxy,B3_historical_MFE,spacer_optimal,0.08500577690343566,316.22776601683796
double_unseen,0,log_translation_proxy,B3_historical_MFE,score_sd,0.3718896654885123,316.22776601683796
double_unseen,0,log_translation_proxy,B3_historical_MFE,sd_spacing,-0.25828121197703097,316.22776601683796
double_unseen,0,log_translation_proxy,B3_historical_MFE,sd_spacing_optimal,-0.2931162039808962,316.22776601683796
double_unseen,0,log_translation_proxy,B3_historical_MFE,legacy_promoter_tail_mfe,0.14305858766357346,316.22776601683796
double_unseen,0,log_translation_proxy,B6_TSS_accessibility,gc_promoter,0.3810026538829748,316.22776601683796
double_unseen,0,log_translation_proxy,B6_TSS_accessibility,gc_rbs,-0.13785810194567885,316.22776601683796
double_unseen,0,log_translation_proxy,B6_TSS_accessibility,score_minus10,-0.16620228048488717,316.22776601683796
double_unseen,0,log_translation_proxy,B6_TSS_accessibility,score_minus35,-0.1737470182859797,316.22776601683796
double_unseen,0,log_translation_proxy,B6_TSS_accessibility,spacer_length,-0.031617691774351336,316.22776601683796
double_unseen,0,log_translation_proxy,B6_TSS_accessibility,spacer_optimal,0.059932355806087856,316.22776601683796
double_unseen,0,log_translation_proxy,B6_TSS_accessibility,score_sd,0.40182590594811984,316.22776601683796
double_unseen,0,log_translation_proxy,B6_TSS_accessibility,sd_spacing,-0.1966158571779072,316.22776601683796
double_unseen,0,log_translation_proxy,B6_TSS_accessibility,sd_spacing_optimal,-0.3249539984783631,316.22776601683796
double_unseen,0,log_translation_proxy,B6_TSS_accessibility,sd_unpaired_probability,-0.05469782163090085,316.22776601683796
double_unseen,0,log_translation_proxy,B6_TSS_accessibility,start_unpaired_probability,-0.039489065022298486,316.22776601683796
double_unseen,0,log_translation_proxy,B6_TSS_accessibility,sd_start_opening_energy,-0.2837327143569106,316.22776601683796
double_unseen,0,log_prot,B4_sequence_only,gc_promoter,-0.9374296203780452,100.0
double_unseen,0,log_prot,B4_sequence_only,gc_rbs,-0.2138809059053102,100.0
double_unseen,0,log_prot,B4_sequence_only,score_minus10,0.27730969957962465,100.0
double_unseen,0,log_prot,B4_sequence_only,score_minus35,0.4831033047749511,100.0
double_unseen,0,log_prot,B4_sequence_only,spacer_length,-0.12773584717733216,100.0
double_unseen,0,log_prot,B4_sequence_only,spacer_optimal,0.1404988980014763,100.0
double_unseen,0,log_prot,B4_sequence_only,score_sd,0.4870851411164881,100.0
double_unseen,0,log_prot,B4_sequence_only,sd_spacing,-0.4152817202622012,100.0
double_unseen,0,log_prot,B4_sequence_only,sd_spacing_optimal,-0.41773450513649524,100.0
double_unseen,0,log_prot,B3_historical_MFE,gc_promoter,-0.9407091661464835,100.0
double_unseen,0,log_prot,B3_historical_MFE,gc_rbs,-0.21522078392205377,100.0
double_unseen,0,log_prot,B3_historical_MFE,score_minus10,0.2757247329974353,100.0
double_unseen,0,log_prot,B3_historical_MFE,score_minus35,0.4831403493785119,100.0
double_unseen,0,log_prot,B3_historical_MFE,spacer_length,-0.1273003205172123,100.0
double_unseen,0,log_prot,B3_historical_MFE,spacer_optimal,0.1406635841162182,100.0
double_unseen,0,log_prot,B3_historical_MFE,score_sd,0.48661417619017694,100.0
double_unseen,0,log_prot,B3_historical_MFE,sd_spacing,-0.41502143541801745,100.0
double_unseen,0,log_prot,B3_historical_MFE,sd_spacing_optimal,-0.41768808722850603,100.0
double_unseen,0,log_prot,B3_historical_MFE,legacy_promoter_tail_mfe,-0.007560569486241842,100.0
double_unseen,0,log_prot,B6_TSS_accessibility,gc_promoter,-0.9371341563618758,100.0
double_unseen,0,log_prot,B6_TSS_accessibility,gc_rbs,-0.14296389939999435,100.0
double_unseen,0,log_prot,B6_TSS_accessibility,score_minus10,0.28751911078772335,100.0
double_unseen,0,log_prot,B6_TSS_accessibility,score_minus35,0.47175138213645434,100.0
double_unseen,0,log_prot,B6_TSS_accessibility,spacer_length,-0.11575727575791557,100.0
double_unseen,0,log_prot,B6_TSS_accessibility,spacer_optimal,0.11031633091159705,100.0
double_unseen,0,log_prot,B6_TSS_accessibility,score_sd,0.5267739439087723,100.0
double_unseen,0,log_prot,B6_TSS_accessibility,sd_spacing,-0.4254681730901737,100.0
double_unseen,0,log_prot,B6_TSS_accessibility,sd_spacing_optimal,-0.481544843342381,100.0
double_unseen,0,log_prot,B6_TSS_accessibility,sd_unpaired_probability,0.011107394211526138,100.0
double_unseen,0,log_prot,B6_TSS_accessibility,start_unpaired_probability,-0.009598982523593218,100.0
double_unseen,0,log_prot,B6_TSS_accessibility,sd_start_opening_energy,-0.2792088746349637,100.0
double_unseen,1,log_translation_proxy,B4_sequence_only,gc_promoter,0.24977208300565928,1000.0
double_unseen,1,log_translation_proxy,B4_sequence_only,gc_rbs,-0.2792542240812216,1000.0
double_unseen,1,log_translation_proxy,B4_sequence_only,score_minus10,-0.13572463051623357,1000.0
double_unseen,1,log_translation_proxy,B4_sequence_only,score_minus35,-0.08419248867210605,1000.0
double_unseen,1,log_translation_proxy,B4_sequence_only,spacer_length,0.012227482712218539,1000.0
double_unseen,1,log_translation_proxy,B4_sequence_only,spacer_optimal,0.006660678602822838,1000.0
double_unseen,1,log_translation_proxy,B4_sequence_only,score_sd,0.2738586477320835,1000.0
double_unseen,1,log_translation_proxy,B4_sequence_only,sd_spacing,-0.18302891829506288,1000.0
double_unseen,1,log_translation_proxy,B4_sequence_only,sd_spacing_optimal,-0.11838601609316568,1000.0
double_unseen,1,log_translation_proxy,B3_historical_MFE,gc_promoter,0.2926860299229599,1000.0
double_unseen,1,log_translation_proxy,B3_historical_MFE,gc_rbs,-0.26438637421619526,1000.0
double_unseen,1,log_translation_proxy,B3_historical_MFE,score_minus10,-0.12300588801539952,1000.0
double_unseen,1,log_translation_proxy,B3_historical_MFE,score_minus35,-0.08237379960475955,1000.0
double_unseen,1,log_translation_proxy,B3_historical_MFE,spacer_length,0.009115934060847514,1000.0
double_unseen,1,log_translation_proxy,B3_historical_MFE,spacer_optimal,0.012419620086603444,1000.0
double_unseen,1,log_translation_proxy,B3_historical_MFE,score_sd,0.2768874545623432,1000.0
double_unseen,1,log_translation_proxy,B3_historical_MFE,sd_spacing,-0.18280198944647366,1000.0
double_unseen,1,log_translation_proxy,B3_historical_MFE,sd_spacing_optimal,-0.11413985799612715,1000.0
double_unseen,1,log_translation_proxy,B3_historical_MFE,legacy_promoter_tail_mfe,0.11357620030260508,1000.0
double_unseen,1,log_translation_proxy,B6_TSS_accessibility,gc_promoter,0.25099882333915474,1000.0
double_unseen,1,log_translation_proxy,B6_TSS_accessibility,gc_rbs,-0.23923647764266545,1000.0
double_unseen,1,log_translation_proxy,B6_TSS_accessibility,score_minus10,-0.13543712396917237,1000.0
double_unseen,1,log_translation_proxy,B6_TSS_accessibility,score_minus35,-0.09445908879365285,1000.0
double_unseen,1,log_translation_proxy,B6_TSS_accessibility,spacer_length,0.015797806016866527,1000.0
double_unseen,1,log_translation_proxy,B6_TSS_accessibility,spacer_optimal,0.0025589225795657096,1000.0
double_unseen,1,log_translation_proxy,B6_TSS_accessibility,score_sd,0.30014082565766353,1000.0
double_unseen,1,log_translation_proxy,B6_TSS_accessibility,sd_spacing,-0.11344598233898373,1000.0
double_unseen,1,log_translation_proxy,B6_TSS_accessibility,sd_spacing_optimal,-0.11938947255335186,1000.0
double_unseen,1,log_translation_proxy,B6_TSS_accessibility,sd_unpaired_probability,-0.05523514960936157,1000.0
double_unseen,1,log_translation_proxy,B6_TSS_accessibility,start_unpaired_probability,-0.09854218196748894,1000.0
double_unseen,1,log_translation_proxy,B6_TSS_accessibility,sd_start_opening_energy,-0.21955398750554783,1000.0
double_unseen,1,log_prot,B4_sequence_only,gc_promoter,-0.8677326078008879,100.0
double_unseen,1,log_prot,B4_sequence_only,gc_rbs,-0.34311664288056937,100.0
double_unseen,1,log_prot,B4_sequence_only,score_minus10,0.32559957319812227,100.0
double_unseen,1,log_prot,B4_sequence_only,score_minus35,0.45261930450247,100.0
double_unseen,1,log_prot,B4_sequence_only,spacer_length,-0.151491824578575,100.0
double_unseen,1,log_prot,B4_sequence_only,spacer_optimal,0.2299081773907156,100.0
double_unseen,1,log_prot,B4_sequence_only,score_sd,0.3652847866858018,100.0
double_unseen,1,log_prot,B4_sequence_only,sd_spacing,-0.4411230859090263,100.0
double_unseen,1,log_prot,B4_sequence_only,sd_spacing_optimal,-0.31019550471369883,100.0
double_unseen,1,log_prot,B3_historical_MFE,gc_promoter,-0.893082968915134,100.0
double_unseen,1,log_prot,B3_historical_MFE,gc_rbs,-0.3514334553216627,100.0
double_unseen,1,log_prot,B3_historical_MFE,score_minus10,0.31645806927310166,100.0
double_unseen,1,log_prot,B3_historical_MFE,score_minus35,0.4513555377057856,100.0
double_unseen,1,log_prot,B3_historical_MFE,spacer_length,-0.15004721094567694,100.0
double_unseen,1,log_prot,B3_historical_MFE,spacer_optimal,0.2293820123006464,100.0
double_unseen,1,log_prot,B3_historical_MFE,score_sd,0.36355231886304407,100.0
double_unseen,1,log_prot,B3_historical_MFE,sd_spacing,-0.4417948702264698,100.0
double_unseen,1,log_prot,B3_historical_MFE,sd_spacing_optimal,-0.31300594566718476,100.0
double_unseen,1,log_prot,B3_historical_MFE,legacy_promoter_tail_mfe,-0.056302202947021006,100.0
double_unseen,1,log_prot,B6_TSS_accessibility,gc_promoter,-0.8604422911718783,100.0
double_unseen,1,log_prot,B6_TSS_accessibility,gc_rbs,-0.306299654925184,100.0
double_unseen,1,log_prot,B6_TSS_accessibility,score_minus10,0.32394898111998244,100.0
double_unseen,1,log_prot,B6_TSS_accessibility,score_minus35,0.44953278090571064,100.0
double_unseen,1,log_prot,B6_TSS_accessibility,spacer_length,-0.1485829475082041,100.0
double_unseen,1,log_prot,B6_TSS_accessibility,spacer_optimal,0.21979451207120818,100.0
double_unseen,1,log_prot,B6_TSS_accessibility,score_sd,0.39259655653946574,100.0
double_unseen,1,log_prot,B6_TSS_accessibility,sd_spacing,-0.36544799141214673,100.0
double_unseen,1,log_prot,B6_TSS_accessibility,sd_spacing_optimal,-0.2954094746707006,100.0
double_unseen,1,log_prot,B6_TSS_accessibility,sd_unpaired_probability,-0.095423393687922,100.0
double_unseen,1,log_prot,B6_TSS_accessibility,start_unpaired_probability,0.06940070239031175,100.0
double_unseen,1,log_prot,B6_TSS_accessibility,sd_start_opening_energy,-0.2802375712978762,100.0
double_unseen,2,log_translation_proxy,B4_sequence_only,gc_promoter,0.30504041461119685,100.0
double_unseen,2,log_translation_proxy,B4_sequence_only,gc_rbs,-0.20715003772218776,100.0
double_unseen,2,log_translation_proxy,B4_sequence_only,score_minus10,-0.16849787578730618,100.0
double_unseen,2,log_translation_proxy,B4_sequence_only,score_minus35,-0.11544029163111265,100.0
double_unseen,2,log_translation_proxy,B4_sequence_only,spacer_length,0.04568063532527252,100.0
double_unseen,2,log_translation_proxy,B4_sequence_only,spacer_optimal,0.04429447219439347,100.0
double_unseen,2,log_translation_proxy,B4_sequence_only,score_sd,0.2550325609253058,100.0
double_unseen,2,log_translation_proxy,B4_sequence_only,sd_spacing,-0.4853191170330757,100.0
double_unseen,2,log_translation_proxy,B4_sequence_only,sd_spacing_optimal,-0.45228726240340483,100.0
double_unseen,2,log_translation_proxy,B3_historical_MFE,gc_promoter,0.38146151940896694,100.0
double_unseen,2,log_translation_proxy,B3_historical_MFE,gc_rbs,-0.17902148463935888,100.0
double_unseen,2,log_translation_proxy,B3_historical_MFE,score_minus10,-0.13817408056758038,100.0
double_unseen,2,log_translation_proxy,B3_historical_MFE,score_minus35,-0.11906326352693418,100.0
double_unseen,2,log_translation_proxy,B3_historical_MFE,spacer_length,0.02896451548385505,100.0
double_unseen,2,log_translation_proxy,B3_historical_MFE,spacer_optimal,0.038146755416496675,100.0
double_unseen,2,log_translation_proxy,B3_historical_MFE,score_sd,0.2475608529860325,100.0
double_unseen,2,log_translation_proxy,B3_historical_MFE,sd_spacing,-0.49712071358469123,100.0
double_unseen,2,log_translation_proxy,B3_historical_MFE,sd_spacing_optimal,-0.4455499313237784,100.0
double_unseen,2,log_translation_proxy,B3_historical_MFE,legacy_promoter_tail_mfe,0.17007260296405746,100.0
double_unseen,2,log_translation_proxy,B6_TSS_accessibility,gc_promoter,0.29584909532987735,316.22776601683796
double_unseen,2,log_translation_proxy,B6_TSS_accessibility,gc_rbs,-0.1574680458065514,316.22776601683796
double_unseen,2,log_translation_proxy,B6_TSS_accessibility,score_minus10,-0.16508790235087786,316.22776601683796
double_unseen,2,log_translation_proxy,B6_TSS_accessibility,score_minus35,-0.11138125308660607,316.22776601683796
double_unseen,2,log_translation_proxy,B6_TSS_accessibility,spacer_length,0.05306487656062373,316.22776601683796
double_unseen,2,log_translation_proxy,B6_TSS_accessibility,spacer_optimal,0.03109871783306166,316.22776601683796
double_unseen,2,log_translation_proxy,B6_TSS_accessibility,score_sd,0.26858661621372126,316.22776601683796
double_unseen,2,log_translation_proxy,B6_TSS_accessibility,sd_spacing,-0.3302602267719118,316.22776601683796
double_unseen,2,log_translation_proxy,B6_TSS_accessibility,sd_spacing_optimal,-0.3592492448543785,316.22776601683796
double_unseen,2,log_translation_proxy,B6_TSS_accessibility,sd_unpaired_probability,-0.04614437842091526,316.22776601683796
double_unseen,2,log_translation_proxy,B6_TSS_accessibility,start_unpaired_probability,-0.10801092906827277,316.22776601683796
double_unseen,2,log_translation_proxy,B6_TSS_accessibility,sd_start_opening_energy,-0.2801058637845393,316.22776601683796
double_unseen,2,log_prot,B4_sequence_only,gc_promoter,-0.9032132380704316,1e-05
double_unseen,2,log_prot,B4_sequence_only,gc_rbs,-0.20702797082351246,1e-05
double_unseen,2,log_prot,B4_sequence_only,score_minus10,0.38221150586696084,1e-05
double_unseen,2,log_prot,B4_sequence_only,score_minus35,0.46999858701640657,1e-05
double_unseen,2,log_prot,B4_sequence_only,spacer_length,-0.2884526419514831,1e-05
double_unseen,2,log_prot,B4_sequence_only,spacer_optimal,0.23986296785543657,1e-05
double_unseen,2,log_prot,B4_sequence_only,score_sd,0.344821875211924,1e-05
double_unseen,2,log_prot,B4_sequence_only,sd_spacing,-0.731723033017616,1e-05
double_unseen,2,log_prot,B4_sequence_only,sd_spacing_optimal,-0.6479408988863472,1e-05
double_unseen,2,log_prot,B3_historical_MFE,gc_promoter,-0.9338045504994222,1e-05
double_unseen,2,log_prot,B3_historical_MFE,gc_rbs,-0.21827365065526178,1e-05
double_unseen,2,log_prot,B3_historical_MFE,score_minus10,0.3698323700162338,1e-05
double_unseen,2,log_prot,B3_historical_MFE,score_minus35,0.4714244260201545,1e-05
double_unseen,2,log_prot,B3_historical_MFE,spacer_length,-0.2819208011306048,1e-05
double_unseen,2,log_prot,B3_historical_MFE,spacer_optimal,0.24271726245357375,1e-05
double_unseen,2,log_prot,B3_historical_MFE,score_sd,0.34785059668666635,1e-05
double_unseen,2,log_prot,B3_historical_MFE,sd_spacing,-0.7267726651425666,1e-05
double_unseen,2,log_prot,B3_historical_MFE,sd_spacing_optimal,-0.6503947704165359,1e-05
double_unseen,2,log_prot,B3_historical_MFE,legacy_promoter_tail_mfe,-0.06670355375845866,1e-05
double_unseen,2,log_prot,B6_TSS_accessibility,gc_promoter,-0.9064863625253402,1e-05
double_unseen,2,log_prot,B6_TSS_accessibility,gc_rbs,-0.13152220064413278,1e-05
double_unseen,2,log_prot,B6_TSS_accessibility,score_minus10,0.3754607049502572,1e-05
double_unseen,2,log_prot,B6_TSS_accessibility,score_minus35,0.46775590925471194,1e-05
double_unseen,2,log_prot,B6_TSS_accessibility,spacer_length,-0.2840311733976392,1e-05
double_unseen,2,log_prot,B6_TSS_accessibility,spacer_optimal,0.23060129293255618,1e-05
double_unseen,2,log_prot,B6_TSS_accessibility,score_sd,0.3360832926490792,1e-05
double_unseen,2,log_prot,B6_TSS_accessibility,sd_spacing,-0.8007971194779399,1e-05
double_unseen,2,log_prot,B6_TSS_accessibility,sd_spacing_optimal,-0.6979615705476507,1e-05
double_unseen,2,log_prot,B6_TSS_accessibility,sd_unpaired_probability,0.05970817816130969,1e-05
double_unseen,2,log_prot,B6_TSS_accessibility,start_unpaired_probability,0.02489563496634852,1e-05
double_unseen,2,log_prot,B6_TSS_accessibility,sd_start_opening_energy,-0.29981048007396677,1e-05
double_unseen,3,log_translation_proxy,B4_sequence_only,gc_promoter,0.27796031409425354,1000.0
double_unseen,3,log_translation_proxy,B4_sequence_only,gc_rbs,-0.23273532727473378,1000.0
double_unseen,3,log_translation_proxy,B4_sequence_only,score_minus10,-0.16797207358379967,1000.0
double_unseen,3,log_translation_proxy,B4_sequence_only,score_minus35,-0.09894962922677256,1000.0
double_unseen,3,log_translation_proxy,B4_sequence_only,spacer_length,0.03441295781561775,1000.0
double_unseen,3,log_translation_proxy,B4_sequence_only,spacer_optimal,0.040499954700392735,1000.0
double_unseen,3,log_translation_proxy,B4_sequence_only,score_sd,0.3402552877447129,1000.0
double_unseen,3,log_translation_proxy,B4_sequence_only,sd_spacing,-0.1250958797839724,1000.0
double_unseen,3,log_translation_proxy,B4_sequence_only,sd_spacing_optimal,-0.14494930599924113,1000.0
double_unseen,3,log_translation_proxy,B3_historical_MFE,gc_promoter,0.3338718911159192,1000.0
double_unseen,3,log_translation_proxy,B3_historical_MFE,gc_rbs,-0.21162676957081547,1000.0
double_unseen,3,log_translation_proxy,B3_historical_MFE,score_minus10,-0.14716225457713836,1000.0
double_unseen,3,log_translation_proxy,B3_historical_MFE,score_minus35,-0.1005111048615969,1000.0
double_unseen,3,log_translation_proxy,B3_historical_MFE,spacer_length,0.03432607631346267,1000.0
double_unseen,3,log_translation_proxy,B3_historical_MFE,spacer_optimal,0.03657379506007742,1000.0
double_unseen,3,log_translation_proxy,B3_historical_MFE,score_sd,0.3481054898989609,1000.0
double_unseen,3,log_translation_proxy,B3_historical_MFE,sd_spacing,-0.12683771941079977,1000.0
double_unseen,3,log_translation_proxy,B3_historical_MFE,sd_spacing_optimal,-0.1408715901571982,1000.0
double_unseen,3,log_translation_proxy,B3_historical_MFE,legacy_promoter_tail_mfe,0.133307192136182,1000.0
double_unseen,3,log_translation_proxy,B6_TSS_accessibility,gc_promoter,0.29977595835950516,316.22776601683796
double_unseen,3,log_translation_proxy,B6_TSS_accessibility,gc_rbs,-0.18856865581280308,316.22776601683796
double_unseen,3,log_translation_proxy,B6_TSS_accessibility,score_minus10,-0.17899713975080292,316.22776601683796
double_unseen,3,log_translation_proxy,B6_TSS_accessibility,score_minus35,-0.12322934920187659,316.22776601683796
double_unseen,3,log_translation_proxy,B6_TSS_accessibility,spacer_length,0.043829020352370233,316.22776601683796
double_unseen,3,log_translation_proxy,B6_TSS_accessibility,spacer_optimal,0.036567445990121496,316.22776601683796
double_unseen,3,log_translation_proxy,B6_TSS_accessibility,score_sd,0.41451225308004297,316.22776601683796
double_unseen,3,log_translation_proxy,B6_TSS_accessibility,sd_spacing,-0.14123800175321288,316.22776601683796
double_unseen,3,log_translation_proxy,B6_TSS_accessibility,sd_spacing_optimal,-0.23659773155081204,316.22776601683796
double_unseen,3,log_translation_proxy,B6_TSS_accessibility,sd_unpaired_probability,-0.022078629864103697,316.22776601683796
double_unseen,3,log_translation_proxy,B6_TSS_accessibility,start_unpaired_probability,-0.09621201427617562,316.22776601683796
double_unseen,3,log_translation_proxy,B6_TSS_accessibility,sd_start_opening_energy,-0.27667027530011584,316.22776601683796
double_unseen,3,log_prot,B4_sequence_only,gc_promoter,-0.8162961089995898,31.622776601683793
double_unseen,3,log_prot,B4_sequence_only,gc_rbs,-0.2867436611494459,31.622776601683793
double_unseen,3,log_prot,B4_sequence_only,score_minus10,0.3657511397621561,31.622776601683793
double_unseen,3,log_prot,B4_sequence_only,score_minus35,0.44750907292223496,31.622776601683793
double_unseen,3,log_prot,B4_sequence_only,spacer_length,-0.19804423463298101,31.622776601683793
double_unseen,3,log_prot,B4_sequence_only,spacer_optimal,0.20310501387589955,31.622776601683793
double_unseen,3,log_prot,B4_sequence_only,score_sd,0.47987130033619674,31.622776601683793
double_unseen,3,log_prot,B4_sequence_only,sd_spacing,-0.3914126848305908,31.622776601683793
double_unseen,3,log_prot,B4_sequence_only,sd_spacing_optimal,-0.3718959173248686,31.622776601683793
double_unseen,3,log_prot,B3_historical_MFE,gc_promoter,-0.8450630530461696,10.0
double_unseen,3,log_prot,B3_historical_MFE,gc_rbs,-0.29549319876889557,10.0
double_unseen,3,log_prot,B3_historical_MFE,score_minus10,0.3554066503141956,10.0
double_unseen,3,log_prot,B3_historical_MFE,score_minus35,0.44838297687309037,10.0
double_unseen,3,log_prot,B3_historical_MFE,spacer_length,-0.20238531127489356,10.0
double_unseen,3,log_prot,B3_historical_MFE,spacer_optimal,0.21149200859469622,10.0
double_unseen,3,log_prot,B3_historical_MFE,score_sd,0.47765150501845166,10.0
double_unseen,3,log_prot,B3_historical_MFE,sd_spacing,-0.40102833216786177,10.0
double_unseen,3,log_prot,B3_historical_MFE,sd_spacing_optimal,-0.3841506814238294,10.0
double_unseen,3,log_prot,B3_historical_MFE,legacy_promoter_tail_mfe,-0.04849691641991388,10.0
double_unseen,3,log_prot,B6_TSS_accessibility,gc_promoter,-0.8159843833952936,31.622776601683793
double_unseen,3,log_prot,B6_TSS_accessibility,gc_rbs,-0.2184832962767903,31.622776601683793
double_unseen,3,log_prot,B6_TSS_accessibility,score_minus10,0.36909034054728324,31.622776601683793
double_unseen,3,log_prot,B6_TSS_accessibility,score_minus35,0.43807857633020264,31.622776601683793
double_unseen,3,log_prot,B6_TSS_accessibility,spacer_length,-0.20274030440373886,31.622776601683793
double_unseen,3,log_prot,B6_TSS_accessibility,spacer_optimal,0.19963925060715537,31.622776601683793
double_unseen,3,log_prot,B6_TSS_accessibility,score_sd,0.5265384575226126,31.622776601683793
double_unseen,3,log_prot,B6_TSS_accessibility,sd_spacing,-0.3801265500643932,31.622776601683793
double_unseen,3,log_prot,B6_TSS_accessibility,sd_spacing_optimal,-0.39336324659239136,31.622776601683793
double_unseen,3,log_prot,B6_TSS_accessibility,sd_unpaired_probability,0.005591236576862284,31.622776601683793
double_unseen,3,log_prot,B6_TSS_accessibility,start_unpaired_probability,-4.469089004742002e-05,31.622776601683793
double_unseen,3,log_prot,B6_TSS_accessibility,sd_start_opening_energy,-0.3106150642696823,31.622776601683793
double_unseen,4,log_translation_proxy,B4_sequence_only,gc_promoter,0.31586505532493886,316.22776601683796
double_unseen,4,log_translation_proxy,B4_sequence_only,gc_rbs,-0.22639150097720456,316.22776601683796
double_unseen,4,log_translation_proxy,B4_sequence_only,score_minus10,-0.19283338131519512,316.22776601683796
double_unseen,4,log_translation_proxy,B4_sequence_only,score_minus35,-0.15820142764762296,316.22776601683796
double_unseen,4,log_translation_proxy,B4_sequence_only,spacer_length,-0.020452265522060257,316.22776601683796
double_unseen,4,log_translation_proxy,B4_sequence_only,spacer_optimal,0.052444259575093646,316.22776601683796
double_unseen,4,log_translation_proxy,B4_sequence_only,score_sd,0.3410687296257701,316.22776601683796
double_unseen,4,log_translation_proxy,B4_sequence_only,sd_spacing,-0.29807674279178203,316.22776601683796
double_unseen,4,log_translation_proxy,B4_sequence_only,sd_spacing_optimal,-0.2900697937184688,316.22776601683796
double_unseen,4,log_translation_proxy,B3_historical_MFE,gc_promoter,0.3842430221452355,316.22776601683796
double_unseen,4,log_translation_proxy,B3_historical_MFE,gc_rbs,-0.20149614986539202,316.22776601683796
double_unseen,4,log_translation_proxy,B3_historical_MFE,score_minus10,-0.17587247463085587,316.22776601683796
double_unseen,4,log_translation_proxy,B3_historical_MFE,score_minus35,-0.15200735742278573,316.22776601683796
double_unseen,4,log_translation_proxy,B3_historical_MFE,spacer_length,-0.012914487521551483,316.22776601683796
double_unseen,4,log_translation_proxy,B3_historical_MFE,spacer_optimal,0.039521901176538976,316.22776601683796
double_unseen,4,log_translation_proxy,B3_historical_MFE,score_sd,0.34613918374384467,316.22776601683796
double_unseen,4,log_translation_proxy,B3_historical_MFE,sd_spacing,-0.30132541600506524,316.22776601683796
double_unseen,4,log_translation_proxy,B3_historical_MFE,sd_spacing_optimal,-0.28642872904067646,316.22776601683796
double_unseen,4,log_translation_proxy,B3_historical_MFE,legacy_promoter_tail_mfe,0.14197975832074958,316.22776601683796
double_unseen,4,log_translation_proxy,B6_TSS_accessibility,gc_promoter,0.30175127073989877,1000.0
double_unseen,4,log_translation_proxy,B6_TSS_accessibility,gc_rbs,-0.1617795873522867,1000.0
double_unseen,4,log_translation_proxy,B6_TSS_accessibility,score_minus10,-0.167356943894264,1000.0
double_unseen,4,log_translation_proxy,B6_TSS_accessibility,score_minus35,-0.13714460713580626,1000.0
double_unseen,4,log_translation_proxy,B6_TSS_accessibility,spacer_length,-0.012694782782217414,1000.0
double_unseen,4,log_translation_proxy,B6_TSS_accessibility,spacer_optimal,0.029941295187951137,1000.0
double_unseen,4,log_translation_proxy,B6_TSS_accessibility,score_sd,0.3330542695156278,1000.0
double_unseen,4,log_translation_proxy,B6_TSS_accessibility,sd_spacing,-0.15206156222226824,1000.0
double_unseen,4,log_translation_proxy,B6_TSS_accessibility,sd_spacing_optimal,-0.1895744515850004,1000.0
double_unseen,4,log_translation_proxy,B6_TSS_accessibility,sd_unpaired_probability,-0.016288433631966817,1000.0
double_unseen,4,log_translation_proxy,B6_TSS_accessibility,start_unpaired_probability,-0.15265874219006692,1000.0
double_unseen,4,log_translation_proxy,B6_TSS_accessibility,sd_start_opening_energy,-0.2168851866544991,1000.0
double_unseen,4,log_prot,B4_sequence_only,gc_promoter,-0.9103581952380925,1e-05
double_unseen,4,log_prot,B4_sequence_only,gc_rbs,-0.2239084043439848,1e-05
double_unseen,4,log_prot,B4_sequence_only,score_minus10,0.31690176240179396,1e-05
double_unseen,4,log_prot,B4_sequence_only,score_minus35,0.4795109330131582,1e-05
double_unseen,4,log_prot,B4_sequence_only,spacer_length,-0.09157427141605406,1e-05
double_unseen,4,log_prot,B4_sequence_only,spacer_optimal,0.1587818758059088,1e-05
double_unseen,4,log_prot,B4_sequence_only,score_sd,0.40427193065953887,1e-05
double_unseen,4,log_prot,B4_sequence_only,sd_spacing,-0.6132517119364068,1e-05
double_unseen,4,log_prot,B4_sequence_only,sd_spacing_optimal,-0.5501016235623534,1e-05
double_unseen,4,log_prot,B3_historical_MFE,gc_promoter,-0.9458554471872557,1e-05
double_unseen,4,log_prot,B3_historical_MFE,gc_rbs,-0.23644195939259077,1e-05
double_unseen,4,log_prot,B3_historical_MFE,score_minus10,0.30699591220115946,1e-05
double_unseen,4,log_prot,B3_historical_MFE,score_minus35,0.47573560534180326,1e-05
double_unseen,4,log_prot,B3_historical_MFE,spacer_length,-0.09696886689920968,1e-05
double_unseen,4,log_prot,B3_historical_MFE,spacer_optimal,0.16814622282953237,1e-05
double_unseen,4,log_prot,B3_historical_MFE,score_sd,0.4017786183563512,1e-05
double_unseen,4,log_prot,B3_historical_MFE,sd_spacing,-0.6114408926916198,1e-05
double_unseen,4,log_prot,B3_historical_MFE,sd_spacing_optimal,-0.551683985904531,1e-05
double_unseen,4,log_prot,B3_historical_MFE,legacy_promoter_tail_mfe,-0.06794214334714843,1e-05
double_unseen,4,log_prot,B6_TSS_accessibility,gc_promoter,-0.8989684375141325,31.622776601683793
double_unseen,4,log_prot,B6_TSS_accessibility,gc_rbs,-0.1559104564792997,31.622776601683793
double_unseen,4,log_prot,B6_TSS_accessibility,score_minus10,0.32698348031557023,31.622776601683793
double_unseen,4,log_prot,B6_TSS_accessibility,score_minus35,0.4797351651250614,31.622776601683793
double_unseen,4,log_prot,B6_TSS_accessibility,spacer_length,-0.08306617420457167,31.622776601683793
double_unseen,4,log_prot,B6_TSS_accessibility,spacer_optimal,0.1399422534770593,31.622776601683793
double_unseen,4,log_prot,B6_TSS_accessibility,score_sd,0.41322792183320906,31.622776601683793
double_unseen,4,log_prot,B6_TSS_accessibility,sd_spacing,-0.6017314304465643,31.622776601683793
double_unseen,4,log_prot,B6_TSS_accessibility,sd_spacing_optimal,-0.5580360063931217,31.622776601683793
double_unseen,4,log_prot,B6_TSS_accessibility,sd_unpaired_probability,0.027741100862488727,31.622776601683793
double_unseen,4,log_prot,B6_TSS_accessibility,start_unpaired_probability,-0.03457117069172228,31.622776601683793
double_unseen,4,log_prot,B6_TSS_accessibility,sd_start_opening_energy,-0.221306792796614,31.622776601683793
